{"id": 3, "class": "person", "kpt3d_body": [[250.97514342296304, -73.16655695312164, 2810.9824977212343], [392.2402756838366, -207.40630082124923, 2843.2305283740734], [306.3797370707025, 394.23688059011386, 2999.612477685784], [187.5968531652856, -112.85681479861779, 2946.068311248859], [62.2373946650619, -23.81906078690804, 3121.287927739676], [244.38089157897895, 142.10141922341535, 3149.1742467092877], [266.4424505960771, 365.19221915086433, 3095.1110451941495], [245.03289030009125, 679.36376542528, 3155.1316006668685], [142.96891740274364, 1019.7592929633139, 3207.5964141918216], [318.7296750490468, -38.955747562043825, 2670.410956063073], [324.1042107571678, 151.30114716437618, 2518.22469157542], [347.48972257069727, 283.63358636868793, 2724.9671643627084], [346.3171057138036, 423.28258266609, 2904.11392816478], [328.9084636434401, 738.2849122916627, 2997.5822434114116], [225.4758330010955, 1060.9175862519287, 3059.2639901731905], [364.4851307432566, -245.82598041977988, 2851.6064957101034], [269.6254252351462, -245.98715656286927, 2859.8844867345633], [389.3224893853454, -225.4498918108773, 2799.8686132591006], [335.0501860223942, -200.5786757529647, 2728.6086708789644]], "kpt2d_body": [[1081.9636901157273, 521.7384669723127], [1154.7252463056566, 451.4482954836305], [1100.6653947404584, 758.072970542244], [1043.3391992524134, 503.19019058318645], [977.2279671423554, 549.4451945074185], [1064.321826247016, 628.9778848866279], [1076.718968728654, 738.1986297345388], [1063.1736604138905, 881.9055247329646], [1012.9979704538285, 1029.2267266561153], [1127.1541749149906, 539.0104821546508], [1140.981880914639, 651.2493413421718], [1138.8711013786951, 717.0985548650171], [1126.064694175432, 779.1364617386024], [1110.3366619631515, 926.3142698201459], [1055.5143310982512, 1069.226383251098], [1139.4897891107935, 431.5262702117979], [1089.248901789208, 431.58221533919686], [1156.298785971974, 440.1207714277167], [1132.0696183384014, 450.5010760400204]], "kpt2d_body_mask": [true, true, true, true, true, true, true, true, true, true, true, true, true, true, true, true, true, true, true], "kpt3d_body_mask": [true, true, true, true, true, true, true, true, true, true, true, true, true, true, true, true, true, true, true], "kpt_list": ["Thorax", "Nose", "Pelvis", "L_Shoulder", "L_Elbow", "L_Wrist", "L_Hip", "L_Knee", "L_Ankle", "R_Shoulder", "R_Elbow", "R_Wrist", "R_Hip", "R_Knee", "R_Ankle", "L_Eye", "L_Ear", "R_Eye", "R_Ear"]}