{"id": 2, "class": "person", "kpt3d_body": [[-196.4955438787844, -52.13163854602982, 2740.4309130666593], [-341.46177324941476, -105.94928185823335, 2562.8193535275705], [-230.9830704882625, 301.81338468324907, 3125.159837553246], [-131.17885729188166, 64.66923102196887, 2634.446059129223], [-87.16459758627771, 281.05521407039396, 2803.7247784899373], [-159.63288576210266, 449.46824256550076, 2974.103561600034], [-190.86817696968615, 370.8153570433027, 3068.664290570928], [-213.502738767732, 608.1323559388122, 3341.6317154292597], [-185.10088663880316, 802.0693239664786, 3651.4870488000997], [-267.32297828769043, -171.00564337185105, 2841.7807301618154], [-306.2804953415714, -33.384951654018664, 3096.334157719934], [-380.92196063397364, 166.72615339794064, 3245.577755809613], [-271.0987340988764, 232.8119976351311, 3181.654823850097], [-294.2640081072399, 473.43447602050077, 3461.779084562929], [-234.03749318427927, 707.859186532228, 3738.281920624191], [-309.7286884678177, -114.9198670034761, 2526.340458111042], [-205.2418747240634, -103.77011134494225, 2539.912321891725], [-336.2148142963763, -155.2388486626009, 2563.775213753575], [-272.7311541439348, -205.7941272723707, 2635.62892366072]], "kpt2d_body": [[850.6013498609778, 521.6913602305045], [765.5867894028273, 490.8899760065109], [847.8104568431772, 682.0586437050623], [881.0911267334529, 582.2961375770105], [907.2956045820173, 687.306629451121], [876.1899663575903, 757.0721339962536], [864.1879038427974, 715.5353742511056], [862.3267139853597, 798.9308108807808], [880.8459257238499, 849.7261314681814], [819.6923608510417, 464.6392810665118], [812.8471753792621, 533.1680054734431], [787.47858563229, 619.3344957374351], [832.0305442188386, 649.6676867642282], [832.7746185994191, 737.186183701881], [864.1688160163196, 808.9000634077381], [780.2360471776035, 485.1037869444506], [838.0001954772775, 491.3790479119053], [768.5686733016647, 464.32014429273295], [806.7836943647812, 439.9246410337954]], "kpt2d_body_mask": [true, true, true, true, true, true, true, true, true, true, true, true, true, true, true, true, true, true, true], "kpt3d_body_mask": [true, true, true, true, true, true, true, true, true, true, true, true, true, true, true, true, true, true, true], "kpt_list": ["Thorax", "Nose", "Pelvis", "L_Shoulder", "L_Elbow", "L_Wrist", "L_Hip", "L_Knee", "L_Ankle", "R_Shoulder", "R_Elbow", "R_Wrist", "R_Hip", "R_Knee", "R_Ankle", "L_Eye", "L_Ear", "R_Eye", "R_Ear"]}