{"id": 2, "class": "person", "kpt3d_body": [[-130.6864210606435, -4.40329474317636, 2702.8506145427423], [-297.36631704155377, -29.3917857612891, 2548.0223880330136], [-210.30322344342574, 307.1696735973193, 3059.5127181765038], [-68.47028704542329, 116.23983379487541, 2598.042170415472], [-0.16811245953132214, 334.3126651716386, 2755.3522410298615], [-71.19938976058161, 518.8464625840616, 2903.7940328662453], [-150.83311039002584, 383.9145930307004, 3027.1803423692472], [-199.72972967286802, 600.5728527561117, 3319.5591759582], [-193.9171574884392, 802.359745548136, 3656.657554149035], [-198.89658812474153, -124.96926738187966, 2803.1628611399647], [-194.45749058287487, -34.98921108016589, 3077.0138820335806], [-238.2660695690348, 99.69114755202156, 3292.480960448239], [-269.7743588937359, 230.42556418579017, 3091.8456494737757], [-550.4912774486468, 453.38172262950826, 3158.295141605562], [-670.9809759160363, 731.1686143754744, 3410.3557875202923], [-272.38799634769794, -36.9894008915449, 2507.900194640757], [-166.16465899484126, -39.60721404683824, 2500.778316456663], [-294.2573692857814, -79.56333360588957, 2545.117851009632], [-228.65927113091314, -146.2341239853606, 2594.670352812477]], "kpt2d_body": [[883.0872838064208, 545.8742069304257], [788.2694319313282, 532.1393703731053], [855.0030255678406, 687.3606800352668], [913.7854775481483, 610.4030067749663], [950.4935675089542, 716.4187086571345], [916.6785034137663, 794.7116403449401], [881.3743332155722, 723.8236894164161], [867.4515101939015, 797.5204979739425], [877.6286429611308, 849.3956302034464], [851.6880082663828, 486.18115888863247], [862.4212462066037, 532.3244108228048], [849.6966399961609, 590.2304138435933], [829.2034166874296, 651.5291753192536], [710.7422315983024, 745.1743857215023], [682.3325212400507, 839.7667055976301], [799.445119042877, 527.6715454307258], [857.9063889217769, 526.1147378249453], [789.8091192862761, 504.78581621507124], [827.9036908531892, 469.90041284165807]], "kpt2d_body_mask": [true, true, true, true, true, true, true, true, true, true, true, true, true, true, true, true, true, true, true], "kpt3d_body_mask": [true, true, true, true, true, true, true, true, true, true, true, true, true, true, true, true, true, true, true], "kpt_list": ["Thorax", "Nose", "Pelvis", "L_Shoulder", "L_Elbow", "L_Wrist", "L_Hip", "L_Knee", "L_Ankle", "R_Shoulder", "R_Elbow", "R_Wrist", "R_Hip", "R_Knee", "R_Ankle", "L_Eye", "L_Ear", "R_Eye", "R_Ear"]}