{"id": 2, "class": "person", "kpt3d_body": [[-118.1520884821187, -94.92349266900163, 2708.360964303916], [-269.85394028400333, -94.51648753295586, 2572.942638906223], [-176.20052416019155, 278.61011431484474, 3128.8215093917875], [-54.59074754921019, -1.6551471628545755, 2628.104725389763], [62.850426617367425, 173.27517238840557, 2446.4493849866367], [130.83459006032206, 295.93092405741265, 2252.944123811953], [-140.62841421668057, 356.26080298962813, 3078.303392805119], [-125.11311319496826, 591.7168487909829, 3360.221301765454], [-124.541679613594, 818.5880688289491, 3649.118350689028], [-180.282358860312, -196.3754986999473, 2785.738494352347], [-313.5094853365224, -419.8946242074725, 2903.526882499575], [-442.71230731880905, -635.8403008049528, 2975.1918086038745], [-211.77094328667783, 200.95781437120323, 3179.339812928866], [-237.84963565533403, 443.9989731734556, 3479.507901207117], [-231.68880856994903, 693.5641169553751, 3755.107257481721], [-240.2853786959734, -101.34409873803904, 2535.79543706609], [-136.96050715756596, -105.76847871731076, 2544.1840917003547], [-267.2794891969502, -143.95045965933946, 2570.901105348049], [-206.94168090103472, -204.12552029029243, 2629.1925272510834]], "kpt2d_body": [[889.6962076479545, 499.3748910804601], [804.6479103756901, 497.1656999828617], [872.1856295967362, 671.7520822030729], [921.5522217844684, 547.264902987487], [986.3849476592668, 646.6310481670304], [1031.2261451994225, 730.0393590021134], [887.0680110585337, 708.6022494847258], [899.0849479285129, 791.1474380129365], [903.6563324945776, 856.0927646039966], [860.4366844408848, 450.225398329703], [801.2119939634267, 348.58257506093025], [746.7471420391695, 256.0408521390441], [857.7857966112576, 635.948060052332], [855.7052011449877, 724.7806573698338], [865.3734051724776, 802.6193536505184], [818.6623514919613, 492.65435455655654], [875.4903146822222, 490.32219206867927], [805.9911561891829, 470.4776133986553], [841.0504370892651, 440.3963288818026]], "kpt2d_body_mask": [true, true, true, true, true, true, true, true, true, true, true, true, true, true, true, true, true, true, true], "kpt3d_body_mask": [true, true, true, true, true, true, true, true, true, true, true, true, true, true, true, true, true, true, true], "kpt_list": ["Thorax", "Nose", "Pelvis", "L_Shoulder", "L_Elbow", "L_Wrist", "L_Hip", "L_Knee", "L_Ankle", "R_Shoulder", "R_Elbow", "R_Wrist", "R_Hip", "R_Knee", "R_Ankle", "L_Eye", "L_Ear", "R_Eye", "R_Ear"]}