{"id": 3, "class": "person", "kpt3d_body": [[-199.04012013976518, 8.680559983095435, 2795.086447068245], [-346.37605802369524, -16.17693310842313, 2663.683085908857], [-238.08294097260318, 365.25673002194543, 3178.8765875313625], [-119.28992979927536, 85.87385088074427, 2712.3818205316275], [-12.034688465054115, 313.5852742862539, 2721.33738824278], [111.76158623907725, 524.2487783282793, 2725.2351848056687], [-186.0133972566437, 440.6813971915903, 3113.616588290465], [-183.75865688384374, 639.8699280187798, 3370.9821268827227], [-166.50176125449883, 870.1532945604595, 3643.0946826035006], [-246.78620086851072, -94.37573658518829, 2884.963034269872], [-270.19066584141177, -106.00105728875334, 3128.0684140852945], [-299.8607110425022, -143.1019909454973, 3360.741551156052], [-290.15251857920373, 289.8319908739441, 3244.136647357246], [-259.53059935636566, 506.7719654725673, 3486.8152408657575], [-248.21013710876883, 737.2025747613266, 3748.7196365195364], [-321.93179591719223, -28.586572079207855, 2623.4058845345453], [-228.80943673027375, -27.748761853064394, 2615.6591195989763], [-344.06137991585877, -62.83293219260827, 2666.4688219085633], [-286.1937394320177, -117.94406671142767, 2711.5594075293875]], "kpt2d_body": [[851.2749809176196, 552.4592937542124], [769.9005723542963, 539.7222303969746], [846.565719992043, 707.2898497868496], [889.1989248843661, 592.1944481735969], [944.423671695116, 708.0210820548169], [1007.2756270026846, 813.1921451066964], [867.7275884882914, 743.9220537130416], [875.3265954727369, 809.5976685422822], [887.8674294758844, 875.3476635635054], [831.4115639911229, 502.6948434749305], [830.2579259975536, 501.06674588401967], [826.333520205428, 489.0098469415312], [826.2668671106137, 671.9802039031972], [847.4477437095318, 749.0086422976076], [859.2769458585349, 818.7078219316587], [779.9830481678085, 533.030724801159], [828.6959356196166, 533.4000316303137], [771.3073320923239, 515.4865529817005], [803.752591800301, 487.79406643732574]], "kpt2d_body_mask": [true, true, true, true, true, true, true, true, true, true, true, true, true, true, true, true, true, true, true], "kpt3d_body_mask": [true, true, true, true, true, true, true, true, true, true, true, true, true, true, true, true, true, true, true], "kpt_list": ["Thorax", "Nose", "Pelvis", "L_Shoulder", "L_Elbow", "L_Wrist", "L_Hip", "L_Knee", "L_Ankle", "R_Shoulder", "R_Elbow", "R_Wrist", "R_Hip", "R_Knee", "R_Ankle", "L_Eye", "L_Ear", "R_Eye", "R_Ear"]}