{"id": 3, "class": "person", "kpt3d_body": [[115.18336893220457, 39.757190246409806, 2653.5657630840105], [109.22855190993101, -82.96263357373462, 2482.4596769502227], [131.38546076567326, 528.5995238875329, 2674.2233113844813], [272.5424376190554, 24.768595581166863, 2640.5279591355293], [348.18449826222934, 261.89890946440823, 2634.811693710245], [354.1266876774486, 500.5511590860175, 2583.297428204718], [233.41752351197866, 518.664530899646, 2685.9733749883817], [232.85258406508814, 845.4796219244961, 2730.9934422732777], [235.21051118531886, 1193.2527268339036, 2799.936496948075], [-50.746222814681765, 48.72994067722203, 2663.252914480049], [-104.62395388346351, 291.5413023704933, 2667.1586712918233], [-104.24885479221572, 519.0266653432486, 2614.5171932236713], [29.353837120336657, 538.5354233025296, 2662.474188833308], [52.2961202713487, 850.2902967140747, 2742.5149668459844], [86.87126016123307, 1199.8691636023555, 2782.228725248137], [132.9184617467347, -125.3638620591012, 2492.817237538689], [177.4464984668347, -142.6181740942313, 2572.8153237472293], [74.4573373939316, -113.48421607518375, 2494.637989035266], [30.51836612892277, -125.722258382727, 2574.1013772903243]], "kpt2d_body": [[1013.1287179219133, 581.7387273408355], [1014.0828319485183, 502.9426743377827], [1021.8520157145592, 876.5021836111544], [1110.4840811337156, 572.5905916249254], [1156.903957592137, 718.3325164397845], [1163.6297419228952, 869.2998669717447], [1082.922590658592, 868.9358079478474], [1078.7830962102664, 1051.2641386474386], [1074.964739745145, 1227.6053285859468], [911.1403963647709, 587.1418740310454], [878.3929592873926, 734.8591567173213], [877.7499198404537, 877.8686960470401], [960.1566222696695, 883.9482692764462], [972.9128465259282, 1052.5468524547819], [991.7317478624773, 1235.7338853066176], [1029.2564484100403, 475.52120300306444], [1054.7335655794527, 467.2006293655866], [990.979806593421, 483.2919805927752], [961.6132277553539, 477.83328547355023]], "kpt2d_body_mask": [true, true, true, true, true, true, true, true, true, true, true, true, true, true, true, true, true, true, true], "kpt3d_body_mask": [true, true, true, true, true, true, true, true, true, true, true, true, true, true, true, true, true, true, true], "kpt_list": ["Thorax", "Nose", "Pelvis", "L_Shoulder", "L_Elbow", "L_Wrist", "L_Hip", "L_Knee", "L_Ankle", "R_Shoulder", "R_Elbow", "R_Wrist", "R_Hip", "R_Knee", "R_Ankle", "L_Eye", "L_Ear", "R_Eye", "R_Ear"]}