{"id": 5, "class": "person", "kpt3d_body": [[-39.78592952177866, -82.62972244934247, 2649.580303694436], [40.7943169793333, -234.20820778923257, 2500.28660196413], [-70.96559113300201, 433.5651923748428, 2609.0006891452767], [109.22826856933509, -70.59748894473017, 2719.4873942955473], [213.36326417794515, 139.08962074862828, 2899.7609530688937], [110.60460860287115, 319.257299997367, 2767.3754686266484], [15.022129981420544, 450.7999154657467, 2660.1564431105144], [-22.2776959795849, 851.0759964294548, 2650.7729152113147], [-88.71692140937526, 1232.5491229823765, 2699.1700798821003], [-190.74481636660641, -94.89584332668329, 2583.8491353241934], [-420.65150085802884, 95.95304477049496, 2563.3756058728572], [-270.7387167012534, 308.9298054150886, 2536.4709501431307], [-156.9533332283785, 416.32947689220646, 2557.845169099788], [-195.15997833324147, 840.7529005425151, 2541.276601476924], [-255.91159580547247, 1217.3369601605227, 2576.720468366024], [61.05725565465111, -268.20742304793555, 2531.1646944911377], [63.28938771897377, -261.5867453120623, 2635.2402940074967], [6.178604357385655, -269.6169820731845, 2506.504779261583], [-74.85408357343681, -265.9218227591185, 2569.6918445980955]], "kpt2d_body": [[934.939331923975, 501.71350805210267], [978.7299768918473, 414.8129498082792], [918.1989117111241, 775.3232772841968], [1012.1300312590595, 509.0156522840905], [1058.7135954548482, 612.0372689296497], [1011.6584062951216, 705.5787860902217], [963.8023500032975, 779.848891205633], [944.5655612993469, 980.9262693773464], [912.4746710503407, 1149.0711194544247], [852.8353124713612, 494.06690740960005], [728.1528622712269, 597.0527517436066], [807.6906317723826, 713.9579283996677], [870.8193434410824, 770.4694546079841], [851.8420160080067, 992.7623439804814], [825.078749695727, 1166.6434149338434], [989.6028465159222, 397.81839601974605], [989.4679378818173, 407.0810276039784], [959.3926917684669, 395.57823228907125], [915.31894494785, 401.26118922973654]], "kpt2d_body_mask": [true, true, true, true, true, true, true, true, true, true, true, true, true, true, true, true, true, true, true], "kpt3d_body_mask": [true, true, true, true, true, true, true, true, true, true, true, true, true, true, true, true, true, true, true], "kpt_list": ["Thorax", "Nose", "Pelvis", "L_Shoulder", "L_Elbow", "L_Wrist", "L_Hip", "L_Knee", "L_Ankle", "R_Shoulder", "R_Elbow", "R_Wrist", "R_Hip", "R_Knee", "R_Ankle", "L_Eye", "L_Ear", "R_Eye", "R_Ear"]}