{"id": 5, "class": "person", "kpt3d_body": [[-92.69829920214693, -109.12674656615764, 2693.3863542196386], [6.556493347416303, -262.37953084007273, 2623.8797138924606], [-57.66145315396887, 412.55860115685596, 2642.531958270352], [-51.98692348143969, -107.85946490381662, 2829.9526060662683], [195.07389501672907, -113.2668235097455, 2671.0817690027407], [352.57904800511983, -228.15969433058967, 2731.299315014341], [8.359073178297525, 419.71228206904937, 2717.4677749223342], [-16.015203237892965, 839.0239321260259, 2701.3124021617396], [-88.00027321407788, 1233.415263730337, 2702.7079978389543], [-138.93739276349433, -106.71905180261973, 2564.127477813914], [198.64768304280597, -68.97102099962552, 2572.497402222879], [357.5439931641788, -226.79549708429363, 2729.0617414533717], [-123.68219636644722, 405.40486930045375, 2567.5953930412784], [-160.54512404764944, 821.4343544346099, 2552.251678337812], [-249.47681242952413, 1220.5408465478956, 2575.0960576631205], [8.757401197008594, -292.74634417471987, 2658.8831827746067], [-30.88523025952904, -267.77319994224456, 2751.965540052677], [-26.57122498377703, -292.8444263128094, 2615.1307239544008], [-121.04477083891167, -269.2040531948325, 2642.222005248418]], "kpt2d_body": [[907.8187396767885, 488.7212719352028], [959.4405235102932, 406.0477426157438], [925.6361944795268, 761.6104857148483], [930.2509552153409, 492.05628702800016], [1057.9655198510745, 486.1559522470729], [1135.4408115681706, 429.3973288330351], [960.2364738115876, 759.355523360488], [947.9167142558915, 967.4477582201899], [912.880465877128, 1148.7422065442488], [880.2161237330783, 487.2138073535263], [1063.8294199680452, 507.87447158397663], [1138.095952062048, 430.0092272058421], [889.0645930363643, 763.9124272721567], [870.5104704818309, 981.4737734648722], [828.3199129292835, 1168.5375329872181], [960.5481655580636, 392.07655569405875], [940.2882247426436, 409.7832222606836], [941.7849765545307, 389.4862098199426], [892.0658499633196, 403.5239266613486]], "kpt2d_body_mask": [true, true, true, true, true, true, true, true, true, true, true, true, true, true, true, true, true, true, true], "kpt3d_body_mask": [true, true, true, true, true, true, true, true, true, true, true, true, true, true, true, true, true, true, true], "kpt_list": ["Thorax", "Nose", "Pelvis", "L_Shoulder", "L_Elbow", "L_Wrist", "L_Hip", "L_Knee", "L_Ankle", "R_Shoulder", "R_Elbow", "R_Wrist", "R_Hip", "R_Knee", "R_Ankle", "L_Eye", "L_Ear", "R_Eye", "R_Ear"]}