{"id": 5, "class": "person", "kpt3d_body": [[-44.245726875098306, -75.9076258213608, 2660.9241185177093], [38.43847191072612, -222.83492686365804, 2508.922564056192], [-81.65889709541887, 432.6395615770507, 2627.9166460460965], [106.78394132417665, -63.10257716969318, 2728.8853359981886], [211.51655439598926, 149.93134918763815, 2906.621664670468], [108.04708961450025, 324.97001536668495, 2772.0396849621598], [12.161015139612363, 451.7984065418052, 2663.3626083593913], [-29.93662483576161, 832.7398102505017, 2677.929360218789], [-89.17229598558887, 1233.8519385690188, 2699.8459579333708], [-194.95602586890936, -87.24206734480049, 2590.937159406339], [-425.3773532161688, 102.56650250098133, 2583.9353487158414], [-275.17304141024204, 313.4209848450258, 2549.3399489618682], [-175.4784549131038, 413.48073438358756, 2592.470619916458], [-196.96589965211479, 841.317846169473, 2543.1693763258286], [-255.79968982992793, 1218.0780703586443, 2576.957898201751], [59.76156915258027, -258.2098360312955, 2538.3378295876555], [60.90466509780455, -256.066387650487, 2641.245445579254], [5.145372813625055, -259.90459761943526, 2512.6949870458857], [-76.40274327297811, -261.87228083418347, 2575.188770678573]], "kpt2d_body": [[932.6831556406964, 505.4228168209663], [977.3458468635921, 421.540808296972], [912.8178576312247, 773.1969960872943], [1010.6869806586143, 512.9696535107644], [1057.57673722627, 617.0698301171697], [1010.2734786090106, 708.1568087186749], [962.3015350846194, 780.0822232880979], [940.7616620400834, 967.9080458703079], [912.2655863047612, 1149.5101841000733], [850.8470999207277, 498.32203763252977], [727.4489564294432, 600.1785541768911], [806.0459569578275, 715.5208706358977], [862.035282957489, 765.9541665700964], [850.9587218696594, 992.7198864253814], [825.1545894553626, 1166.9341268703138], [988.8037335975894, 403.6777169090094], [988.1360977722411, 410.28475381285307], [958.8108494199213, 401.2887114501029], [914.5626555259017, 403.74271238533663]], "kpt2d_body_mask": [true, true, true, true, true, true, true, true, true, true, true, true, true, true, true, true, true, true, true], "kpt3d_body_mask": [true, true, true, true, true, true, true, true, true, true, true, true, true, true, true, true, true, true, true], "kpt_list": ["Thorax", "Nose", "Pelvis", "L_Shoulder", "L_Elbow", "L_Wrist", "L_Hip", "L_Knee", "L_Ankle", "R_Shoulder", "R_Elbow", "R_Wrist", "R_Hip", "R_Knee", "R_Ankle", "L_Eye", "L_Ear", "R_Eye", "R_Ear"]}