{"id": 1, "class": "person", "kpt3d_body": [[163.77739309747318, -86.18953372681915, 2677.608975797168], [299.9198573579473, -238.73926775979953, 2643.256899717804], [163.479990393767, 393.6628526556957, 3057.7871711501284], [89.87129275738724, -179.9196626311604, 2783.3551822947243], [-8.7489054440936, -435.7375363833492, 2885.682871016127], [156.47899814788536, -583.8405490708072, 2766.209398935955], [119.00842842649972, 334.3639665556283, 3124.5637962290593], [76.98515328504119, 693.6930665797174, 3395.9096233578025], [33.96061778492896, 997.779151912818, 3636.073594052017], [238.64264188560998, -3.331154988881906, 2569.977068256536], [398.3806957148586, 54.405085429446274, 2305.820028849965], [502.7471231660658, -160.4834367772311, 2230.2225414836153], [207.95120062423675, 452.9619863575141, 2991.0118208161116], [164.3280350910366, 805.2601177443389, 3254.354226981599], [136.58575964591702, 1127.7136158176816, 3485.8213751043495], [272.29916445989136, -278.25324291240634, 2636.3190249196346], [167.95291304266556, -270.62039959478426, 2640.8146728295596], [299.002470263305, -243.19848021881057, 2596.834027745039], [235.63536831550581, -184.32028457926492, 2535.9791736052503]], "kpt2d_body": [[1034.017846061224, 504.4953560792404], [1106.1961305267016, 424.24035133851334], [1022.9755946335711, 727.5099114841255], [993.7635273124178, 459.3847227663689], [944.5642270935051, 340.36437995126005], [1026.6804499638815, 259.2744407718897], [1001.730308164258, 697.6954637993737], [980.0392264261468, 830.301423817808], [961.5458770443266, 923.4326516293434], [1078.0507132813661, 547.4509913047511], [1187.8558429635386, 581.820980770713], [1258.550559367084, 450.6031526646795], [1045.0466761721705, 758.4523950412091], [1018.0142975320225, 887.7090612304505], [1001.9167666221441, 986.8565396572542], [1092.0430004542734, 403.19827313643907], [1037.1669599171673, 407.15882494028125], [1108.4760321038057, 419.66486885103825], [1077.9413530839881, 448.4524344309691]], "kpt2d_body_mask": [true, true, true, true, true, true, true, true, true, true, true, true, true, true, true, true, true, true, true], "kpt3d_body_mask": [true, true, true, true, true, true, true, true, true, true, true, true, true, true, true, true, true, true, true], "kpt_list": ["Thorax", "Nose", "Pelvis", "L_Shoulder", "L_Elbow", "L_Wrist", "L_Hip", "L_Knee", "L_Ankle", "R_Shoulder", "R_Elbow", "R_Wrist", "R_Hip", "R_Knee", "R_Ankle", "L_Eye", "L_Ear", "R_Eye", "R_Ear"]}