{"id": 1, "class": "person", "kpt3d_body": [[165.116678232458, -26.323874906968285, 2691.2376819762194], [317.4835026698182, -216.75021888441762, 2627.1124959135122], [138.97023278665503, 405.9714073873093, 3043.6016951809274], [90.30862495278761, -130.24849649558206, 2811.699957534722], [55.988539746411405, 64.44250378795957, 3016.073183465789], [149.40857184252704, 249.82060166197314, 3178.6760060441356], [95.31911865892987, 349.69356195369016, 3110.8098471712606], [70.91731921230304, 699.5642941003575, 3390.3995039142997], [30.704142258509968, 998.7757651438587, 3633.7421272466854], [252.38437362279177, 74.31662801601561, 2577.997453778143], [262.40097000465846, 320.08401317807454, 2734.0348446535236], [315.05062706355545, 461.5542800201912, 2958.527551067281], [182.621311989949, 462.249193453722, 2976.393615687621], [154.43979808556432, 814.7159133468845, 3249.561245815351], [135.6109101792558, 1130.1249007990543, 3485.206249046916], [287.8861983308323, -257.0805282541511, 2617.256825442723], [181.93531416320263, -254.13367425154746, 2620.923198246963], [312.93736217300864, -220.28450920911013, 2578.1682501321457], [248.8849129333994, -160.496336505269, 2515.9037855241495]], "kpt2d_body": [[1034.3017018791143, 535.6479915168634], [1116.4218249882886, 435.06888267287496], [1012.136012292451, 733.9167366258396], [993.5522482412356, 484.8132480436583], [974.6668377252794, 578.9933581837104], [1014.2109000837968, 658.414071911987], [991.367035230521, 705.1574571159963], [977.6156677938449, 833.0804876904377], [960.3283994409101, 924.0235807206853], [1085.0007486800728, 589.2690812569948], [1081.8552731073132, 711.1985981680108], [1095.9128502532728, 764.2903888552955], [1033.7317462850756, 763.7827285883805], [1013.920740352492, 892.0647134740163], [1001.5406662253695, 987.8173388063702], [1101.3503733769112, 413.32632800963046], [1045.262101767696, 414.7901735157053], [1117.1291895451075, 431.02457999289425], [1086.2958347595707, 460.7790112554215]], "kpt2d_body_mask": [true, true, true, true, true, true, true, true, true, true, true, true, true, true, true, true, true, true, true], "kpt3d_body_mask": [true, true, true, true, true, true, true, true, true, true, true, true, true, true, true, true, true, true, true], "kpt_list": ["Thorax", "Nose", "Pelvis", "L_Shoulder", "L_Elbow", "L_Wrist", "L_Hip", "L_Knee", "L_Ankle", "R_Shoulder", "R_Elbow", "R_Wrist", "R_Hip", "R_Knee", "R_Ankle", "L_Eye", "L_Ear", "R_Eye", "R_Ear"]}