{"id": 3, "class": "person", "kpt3d_body": [[70.62253199499354, 19.098112695251643, 2859.7436746724547], [-59.14129676271315, -148.52261768056167, 2885.5017283399466], [33.86861167170576, 462.2108700905069, 3078.499034374718], [-24.234227562499335, 61.231744891733086, 2739.822500742568], [-84.16203399125638, 297.56599434382764, 2795.601961644266], [-145.64212102594468, 493.03333732670893, 2926.3920948951964], [-25.031677755384464, 492.57697642359545, 3005.9530128329025], [6.849299222308627, 793.9893885946337, 3123.1341704133847], [32.46655969223722, 1119.5512572482176, 3257.699932704008], [164.1575923377216, -31.97871145406637, 2985.7206981912204], [184.74363476365215, 162.0869748344994, 3138.749580528335], [123.29916306296107, 345.59285003500946, 3270.1949453401576], [92.7687812692711, 431.84574302820965, 3151.0453141211087], [107.20672365341599, 733.58800262734, 3259.9648036108974], [98.39298739916416, 1063.709375902222, 3383.9189813710914], [-61.25893549091315, -171.69478784875764, 2841.920911749423], [-21.671272922592905, -139.32217057907025, 2762.5630168631224], [-26.5272157027838, -184.2620045596817, 2889.9242196893374], [64.2532406270662, -183.54055784841506, 2882.3483944178447]], "kpt2d_body": [[984.8872498273897, 556.3071579414943], [920.4036876599295, 473.58844186609736], [965.2611756208564, 759.1814045176482], [937.0122927058699, 578.6109664139608], [906.8174502428519, 697.7949669396775], [879.2204104410561, 784.5696036438476], [937.858068434616, 778.3208997648455], [952.762178163433, 902.3817996246501], [963.5178839129028, 1020.9815133798204], [1028.0672195336167, 531.5657201997174], [1033.5288240503048, 620.1904128807686], [1003.2842764380417, 696.7112365668555], [991.4520807163776, 740.8259279642012], [995.9652478863983, 862.6275548759722], [990.136462663564, 982.5395554001818], [918.902060574666, 460.8922642051061], [938.4477641713457, 475.0574645220787], [936.5505339826271, 456.13514308652725], [981.4264314803075, 456.2596751893791]], "kpt2d_body_mask": [true, true, true, true, true, true, true, true, true, true, true, true, true, true, true, true, true, true, true], "kpt3d_body_mask": [true, true, true, true, true, true, true, true, true, true, true, true, true, true, true, true, true, true, true], "kpt_list": ["Thorax", "Nose", "Pelvis", "L_Shoulder", "L_Elbow", "L_Wrist", "L_Hip", "L_Knee", "L_Ankle", "R_Shoulder", "R_Elbow", "R_Wrist", "R_Hip", "R_Knee", "R_Ankle", "L_Eye", "L_Ear", "R_Eye", "R_Ear"]}