{"id": 3, "class": "person", "kpt3d_body": [[41.65473842177587, -6.473935978157073, 2856.6782115443893], [-66.40321095922454, -141.12730229907726, 2883.1975551021924], [15.886139981278573, 463.3419394391934, 3073.4108433018587], [-22.553386654216332, 41.55384489432009, 2728.6596740052128], [-240.35069729219825, 136.28311431816343, 2722.0533044048198], [-274.51840418713806, -83.21787870491136, 2756.3873629880036], [-42.83089354581086, 503.0853342891217, 2985.449737516837], [1.3526450143735413, 792.0813431641727, 3121.776145275293], [35.31510011657843, 1120.1388310279415, 3258.6365365783895], [132.73332096831405, -50.131402660961015, 2967.653802104264], [124.86002274860653, -43.530402147069225, 3193.1524378237186], [20.378539376560738, -233.09335456762255, 3150.0776622566764], [74.60198964648336, 423.5983730138099, 3161.372360222991], [94.63204312828942, 733.2615211072294, 3259.952006874758], [97.95037729430058, 1066.6313102089734, 3382.0169907554928], [-68.37334845600311, -165.08219078345746, 2842.7059486346957], [-25.394198027760517, -141.02817080494532, 2765.9520762714424], [-37.38267986786302, -175.89986248783958, 2888.5850234538493], [52.28237878014001, -176.46461258695894, 2878.924252143034]], "kpt2d_body": [[970.4529892951758, 543.5758854859815], [916.7863588254404, 477.1758562479483], [956.9866010993687, 760.0468876439422], [937.838701377073, 568.4787305096198], [823.9655866692511, 617.8581507875019], [807.9029877949629, 503.9508868129277], [929.3400378364022, 784.7730070165238], [950.293484263946, 901.7050226281375], [964.7234098082973, 1021.0858053006202], [1013.4540553732377, 522.7670986447221], [1005.4374426864994, 527.4028370779341], [958.8630223671568, 441.61687157607605], [983.1660067671177, 736.5572828204088], [990.5386526352303, 862.5106966006426], [989.9711846599267, 983.9108882142003], [915.3401762051272, 464.2203615520804], [936.5416479064812, 474.26958516220463], [931.1839526526718, 460.2035933212653], [975.5380619793954, 459.63616595923185]], "kpt2d_body_mask": [true, true, true, true, true, true, true, true, true, true, true, true, true, true, true, true, true, true, true], "kpt3d_body_mask": [true, true, true, true, true, true, true, true, true, true, true, true, true, true, true, true, true, true, true], "kpt_list": ["Thorax", "Nose", "Pelvis", "L_Shoulder", "L_Elbow", "L_Wrist", "L_Hip", "L_Knee", "L_Ankle", "R_Shoulder", "R_Elbow", "R_Wrist", "R_Hip", "R_Knee", "R_Ankle", "L_Eye", "L_Ear", "R_Eye", "R_Ear"]}