{"id": 3, "class": "person", "kpt3d_body": [[60.78082161778859, -2.132491723788519, 2840.620478691587], [-62.76128048304261, -146.9986403820741, 2887.839923222498], [30.442873780786673, 470.7458723483513, 3062.1024118306627], [-41.405434222737235, 47.76632869498229, 2721.322174938971], [-181.20821016087834, 146.07020601589312, 2603.3334990413873], [-234.60850443348482, -66.66436518625716, 2623.620590969609], [-39.57494429371931, 507.9434075781661, 2981.4918277046286], [10.280974835739363, 795.5466570893997, 3115.457732100888], [35.185210103217074, 1121.1775799412844, 3257.865453693214], [168.68805334327448, -46.95371863442375, 2948.304126938092], [264.82432015656053, -49.92449282533357, 3157.7340161820343], [203.60056332458836, -252.38382803419512, 3151.990894359179], [100.46049666495777, 433.5475150311967, 3142.7123827086725], [99.48817634844723, 736.3939672148495, 3255.5880065806805], [98.17328669205682, 1066.6347747779835, 3381.8869325487067], [-67.12523528025196, -169.375777407611, 2846.7959798767697], [-28.83225864464005, -142.51049483202507, 2766.9756075257596], [-33.4262210107192, -182.97082647714944, 2891.94657924495], [59.288853224906646, -178.87311965713536, 2878.4841481192148]], "kpt2d_body": [[980.1807540380125, 545.7332167589232], [918.6393167488179, 474.39833632563614], [963.7543322575813, 764.1971347363219], [927.919902446532, 571.7847111926493], [850.5035406163668, 626.4877402361628], [822.300152465332, 510.7157662625351], [930.8632011778769, 787.3508862460105], [954.3146233535731, 903.9032484570255], [964.6709868986302, 1021.6059215392945], [1031.2463964953263, 524.1497846325019], [1069.1393183903413, 524.3350890774517], [1041.6011170888778, 433.1308705472894], [995.033273008092, 742.0857517196403], [992.6861844843615, 864.2291054774719], [990.06424301669, 983.9278118824096], [916.0160937710112, 462.1975125812967], [934.7743176536553, 473.53594538181335], [933.157796968745, 456.8333521201343], [979.0118158391623, 458.4375000467469]], "kpt2d_body_mask": [true, true, true, true, true, true, true, true, true, true, true, true, true, true, true, true, true, true, true], "kpt3d_body_mask": [true, true, true, true, true, true, true, true, true, true, true, true, true, true, true, true, true, true, true], "kpt_list": ["Thorax", "Nose", "Pelvis", "L_Shoulder", "L_Elbow", "L_Wrist", "L_Hip", "L_Knee", "L_Ankle", "R_Shoulder", "R_Elbow", "R_Wrist", "R_Hip", "R_Knee", "R_Ankle", "L_Eye", "L_Ear", "R_Eye", "R_Ear"]}