{"id": 3, "class": "person", "kpt3d_body": [[33.30921890379698, -9.638725489179194, 2865.577690916537], [-84.88553188188042, -151.47174005838252, 2907.1687725447446], [16.1831777692648, 462.1912251170544, 3074.5269150116073], [-75.40929121333465, 35.92562729797706, 2747.7097282819636], [-199.68439350761088, 143.57556120369722, 2624.272479404608], [-251.66681244176687, -76.4302298742966, 2642.946883286814], [-38.22651394568159, 503.5791943234392, 2986.7639586650125], [-7.115940816350399, 787.5231284872979, 3128.518550501696], [34.180645850648624, 1118.2189513413678, 3259.640434297089], [140.23008132156602, -54.696300243663245, 2972.968208704743], [235.5103469193973, -53.102746979062516, 3183.503861557613], [168.35963526796644, -248.98622039318013, 3176.8375432278613], [70.59276075676435, 420.80194601846756, 3162.2903737134166], [88.16591376158803, 730.8841778130848, 3265.2479224811555], [96.26923797677811, 1065.268061216657, 3381.5953862724473], [-89.12933771342054, -174.6342995986575, 2866.4971646651998], [-47.29110775159371, -149.59602733360072, 2782.310123962524], [-55.6429141957426, -186.95245402468004, 2912.0504669035677], [36.75698046199359, -188.95703131952473, 2903.62040506595]], "kpt2d_body": [[966.2310830780231, 542.0137079927422], [907.9966474762999, 472.70187757421553], [957.12115683683, 759.4476010719491], [910.4693175600535, 565.4089358696883], [841.291761591678, 624.484022314395], [814.088671919069, 505.7463520255903], [931.5321989991468, 784.9029151141989], [946.4932425393096, 898.9942238851938], [964.2385328722885, 1020.1833432104147], [1016.9330727884568, 520.6272847183701], [1055.0942501560053, 523.0892911421821], [1025.1215937455743, 435.4901687948862], [981.3580400285675, 735.2655284633518], [987.6903330933748, 861.0265342145492], [989.287496022255, 983.4346903460139], [905.3086904314509, 460.1847732843074], [925.3953151282717, 470.32627024760774], [922.3953719513979, 455.51959520225415], [967.6913517741443, 454.2675242784776]], "kpt2d_body_mask": [true, true, true, true, true, true, true, true, true, true, true, true, true, true, true, true, true, true, true], "kpt3d_body_mask": [true, true, true, true, true, true, true, true, true, true, true, true, true, true, true, true, true, true, true], "kpt_list": ["Thorax", "Nose", "Pelvis", "L_Shoulder", "L_Elbow", "L_Wrist", "L_Hip", "L_Knee", "L_Ankle", "R_Shoulder", "R_Elbow", "R_Wrist", "R_Hip", "R_Knee", "R_Ankle", "L_Eye", "L_Ear", "R_Eye", "R_Ear"]}