{"id": 3, "class": "person", "kpt3d_body": [[7.129122966155128, -21.575386936962815, 2895.662190542963], [-120.68613897250398, -159.55735852482377, 2934.4307226990295], [-4.697107717483098, 446.2336248413079, 3104.3691327775737], [-71.57261578674184, 24.03645122350312, 2771.6252218448926], [-222.4074136029446, 135.941883004039, 2645.600333052739], [-302.5702050934342, -77.91518049058539, 2662.749163741791], [-55.978138510169295, 482.5814836999305, 3020.4625713028554], [-15.34418496098648, 782.785612748827, 3141.7169386318874], [32.790879435662916, 1116.1285670386414, 3260.4420128154493], [111.36987409108579, -68.33149047316041, 3004.559587753969], [199.27285099639545, -73.94675398589897, 3213.575386476163], [139.3236940105272, -288.4618574540275, 3215.103229600658], [46.5846934351148, 409.8850973537881, 3188.2747147212795], [71.71545617101509, 724.2776087549519, 3281.2312550392294], [94.77416968560674, 1061.6581027316288, 3382.5658322009494], [-123.34804466749591, -183.4167906676987, 2893.831171352777], [-78.42353167678114, -158.6152328648555, 2810.0635383523354], [-91.29008698961923, -194.23001172191277, 2940.333218684008], [3.2146480438587677, -197.79142659180508, 2933.461485492205]], "kpt2d_body": [[953.1517887009977, 536.1951526891224], [891.0027425027071, 469.4952049630215], [947.5050203182728, 750.2407834508059], [912.7807329771797, 559.1443867354312], [829.9668047698318, 619.7411200199521], [788.0605773773536, 505.3032664316343], [923.3894114350038, 772.5959539901413], [942.8284136189538, 895.5198165274369], [963.6463798777579, 1019.2408710158254], [1002.5305417403118, 514.4408083062589], [1038.0653967179398, 514.0798896151942], [1011.3449130814432, 419.4119256615419], [970.41120424949, 728.9525045642416], [980.4586112184087, 856.802372854317], [988.6684913412139, 981.9123987088628], [888.8892226765713, 456.717431079015], [909.841822458121, 466.53438573095076], [905.3825009777753, 452.90109537703046], [951.2029792358319, 450.93163559053494]], "kpt2d_body_mask": [true, true, true, true, true, true, true, true, true, true, true, true, true, true, true, true, true, true, true], "kpt3d_body_mask": [true, true, true, true, true, true, true, true, true, true, true, true, true, true, true, true, true, true, true], "kpt_list": ["Thorax", "Nose", "Pelvis", "L_Shoulder", "L_Elbow", "L_Wrist", "L_Hip", "L_Knee", "L_Ankle", "R_Shoulder", "R_Elbow", "R_Wrist", "R_Hip", "R_Knee", "R_Ankle", "L_Eye", "L_Ear", "R_Eye", "R_Ear"]}