{"id": 3, "class": "person", "kpt3d_body": [[11.054755919603512, -19.773337851559347, 2896.0728443741546], [-111.12352091713657, -159.66929166908983, 2934.4894235818656], [-3.8933239521260887, 448.24197619288316, 3102.566597752526], [-55.277620258420946, 25.758868753873116, 2762.1077622671824], [-223.45403447920492, 130.11305469180286, 2646.120018772097], [-286.5559926663901, -89.99039937291741, 2672.1358471991443], [-54.161820785705864, 484.03776673493866, 3017.542301785391], [-12.875766097732075, 784.4907518402542, 3139.53106161035], [33.61064589759033, 1116.8539889920455, 3260.650048228391], [114.20067537470206, -65.9262298133315, 3005.9546523588056], [202.45341314350395, -69.4625896470734, 3214.7524147727845], [130.86982265852345, -278.49174904999956, 3209.3455495479775], [46.374054654176916, 412.44455365955776, 3187.5921491766508], [73.60047582506625, 724.4166799266246, 3278.2401874852385], [94.93328543629217, 1062.1610524106363, 3382.306513924993], [-114.86217216819182, -183.81449597040955, 2893.21158223781], [-71.57393153698558, -159.30165446227306, 2809.4056915689544], [-83.84193949320928, -194.3359398707463, 2940.335853484419], [10.462280339466199, -196.94707731284183, 2933.31522064696]], "kpt2d_body": [[955.0864055059534, 537.0824373994298], [895.6458350218157, 469.43692419899764], [947.8717500392584, 751.2633286776069], [921.0714897882166, 560.0755549045515], [829.4217312479478, 616.6029827686061], [797.100638739626, 499.0262734780408], [924.2184966070619, 773.4852836790856], [943.928043390471, 896.4908362763954], [963.9930981635852, 1019.5013095471702], [1003.8493337077772, 515.5946375656972], [1039.44245079514, 516.0757755150735], [1007.7159948014797, 423.57001353969946], [970.3206996421897, 730.1183414727475], [981.2955923617153, 857.1339031928408], [988.7358835775293, 982.1397459189463], [893.0528027444991, 456.49703802086935], [913.3081439790727, 466.1657221259791], [908.9916209954588, 452.84597390396016], [954.72611754409, 451.3351970007257]], "kpt2d_body_mask": [true, true, true, true, true, true, true, true, true, true, true, true, true, true, true, true, true, true, true], "kpt3d_body_mask": [true, true, true, true, true, true, true, true, true, true, true, true, true, true, true, true, true, true, true], "kpt_list": ["Thorax", "Nose", "Pelvis", "L_Shoulder", "L_Elbow", "L_Wrist", "L_Hip", "L_Knee", "L_Ankle", "R_Shoulder", "R_Elbow", "R_Wrist", "R_Hip", "R_Knee", "R_Ankle", "L_Eye", "L_Ear", "R_Eye", "R_Ear"]}