{"id": 3, "class": "person", "kpt3d_body": [[39.93235676405203, -21.040783240065934, 2863.8983619464952], [-79.87763275724984, -164.5916645683701, 2884.911432716267], [30.039812734994857, 457.236765540446, 3075.545454411436], [-30.684656645414393, 25.603990496500018, 2741.4441892055015], [-128.66359679534486, 232.16715090068575, 2651.097845267276], [-128.4946981639036, 378.800897540185, 2851.60201506099], [-29.400935855193858, 489.854837238109, 2991.402477750702], [12.950644255817414, 794.6593062820028, 3116.821154670433], [33.9463185614471, 1122.1077778222302, 3256.391330318711], [135.62967285049552, -73.87100882947493, 2976.516431213502], [284.82495998584807, 8.998261703881525, 3149.338094944281], [161.9667058960235, 220.4805259188835, 3186.058395507085], [89.48072950881928, 424.61762692175967, 3159.6883728158805], [103.37773558513567, 733.9462589899731, 3255.5231479505546], [99.31717464323705, 1065.097370739022, 3384.0894745406886], [-78.94217905394949, -185.2091202815194, 2842.005249291342], [-34.03420419970867, -149.654103315643, 2767.7964623345774], [-47.64616615131211, -198.3588778677685, 2890.146146351278], [44.23751682993233, -189.86620273628205, 2888.721033637055]], "kpt2d_body": [[969.5418695245268, 536.3435820842316], [910.1562321199447, 465.67219749946076], [963.5115143258475, 757.1243382382793], [933.6593209852738, 560.096457873582], [880.5591934334983, 671.1060035962856], [885.6796715345656, 734.8489898350772], [935.7310814293676, 778.1616190850511], [955.5140748303022, 903.3675137794044], [964.1504827100679, 1022.180177574678], [1014.6457399378113, 511.49496049332856], [1078.4747246526347, 550.8569505413244], [1022.0690067824332, 645.1117159754164], [989.8683200648078, 737.0977624951655], [994.3715536700053, 863.2028489553184], [990.5116144084551, 983.0573340502349], [910.0410303416062, 454.15625769050337], [932.09937691327, 469.8928175169615], [926.137564929837, 449.22898953375426], [971.4762537193409, 453.34650451785]], "kpt2d_body_mask": [true, true, true, true, true, true, true, true, true, true, true, true, true, true, true, true, true, true, true], "kpt3d_body_mask": [true, true, true, true, true, true, true, true, true, true, true, true, true, true, true, true, true, true, true], "kpt_list": ["Thorax", "Nose", "Pelvis", "L_Shoulder", "L_Elbow", "L_Wrist", "L_Hip", "L_Knee", "L_Ankle", "R_Shoulder", "R_Elbow", "R_Wrist", "R_Hip", "R_Knee", "R_Ankle", "L_Eye", "L_Ear", "R_Eye", "R_Ear"]}