{"id": 3, "class": "person", "kpt3d_body": [[-172.1277830768145, 34.15209137771484, 2933.0889415802653], [-352.8552660126778, -19.650878776802756, 2919.9500138286603], [50.20395041079667, 409.4763917909761, 3087.1437695120317], [-175.11005327979478, 92.34673764925631, 2788.041932629173], [-152.59886894004538, 354.80124365061357, 2825.864162518235], [-172.29195541231522, 589.9289661877787, 2881.0416354066797], [42.33312463491408, 450.9668475748242, 2980.160340723871], [-40.73778015330393, 774.1556762822471, 3158.8233057966354], [-42.47543779315184, 1101.1694540139351, 3311.455754193492], [-160.11990957548755, -38.33579964542764, 3076.018446805484], [-171.9936300538224, 165.51838135314284, 3236.7465539746486], [-249.93880249836712, 399.1111701395235, 3263.8159114598125], [58.073860548800454, 367.9856004434859, 3194.1254821695693], [22.220089863057318, 710.9695182451634, 3302.770060436151], [21.35256792844201, 1052.8337004262662, 3409.912380080177], [-353.46758132610944, -44.755234776134074, 2876.1227079456457], [-289.59393589246366, -59.51719512048214, 2816.713633464147], [-345.6707871121693, -64.99400280312145, 2932.8626805729473], [-273.7800516902385, -118.49964622321522, 2952.1976068632976]], "kpt2d_body": [[865.9498878168073, 563.358435258055], [777.85057450154, 537.2550311335106], [972.750936643738, 734.6741074572797], [860.1095494895493, 593.8817300604825], [872.9660023770313, 724.5866027023184], [865.3645737042298, 834.6324360561156], [969.8034174383556, 760.8275046815849], [931.5713983974332, 889.9739627856775], [931.9380700118264, 1006.4602675664246], [875.3887236205129, 529.0740534306804], [873.9023116365429, 619.4807143872792], [840.9711363221815, 719.8484226693188], [975.5044067011137, 710.1762816391753], [959.1549506172913, 849.3444543120668], [958.4239313149585, 975.2490193041689], [774.9633990836866, 524.7395861285173], [803.3304609829902, 516.8116754295004], [782.0749440636591, 515.3772704877159], [817.6354910468953, 489.8218990404715]], "kpt2d_body_mask": [true, true, true, true, true, true, true, true, true, true, true, true, true, true, true, true, true, true, true], "kpt3d_body_mask": [true, true, true, true, true, true, true, true, true, true, true, true, true, true, true, true, true, true, true], "kpt_list": ["Thorax", "Nose", "Pelvis", "L_Shoulder", "L_Elbow", "L_Wrist", "L_Hip", "L_Knee", "L_Ankle", "R_Shoulder", "R_Elbow", "R_Wrist", "R_Hip", "R_Knee", "R_Ankle", "L_Eye", "L_Ear", "R_Eye", "R_Ear"]}