{"id": 2, "class": "person", "kpt3d_body": [[-113.86928794977855, 31.57168198648023, 2662.5515757266967], [-136.35261820425285, 13.983764326096093, 2432.4501718266374], [-57.99547490275209, 437.6276334358928, 2977.1445469316313], [54.31402643045152, 33.511355986218376, 2634.1272232083966], [148.2126473342505, 236.95046031489852, 2791.8598591560203], [138.67987243078272, 487.2837489074033, 2831.341830895019], [38.78844055613268, 425.9161924058671, 2963.6102124986473], [116.3858582289219, 746.2406707664836, 3151.5493529225723], [176.14392883338326, 982.3887565295197, 3438.2023838669757], [-286.53489745292643, 34.42053869722926, 2677.8700664700855], [-339.52474356743977, 252.47877957860368, 2859.7286493759284], [-323.1430762006647, 490.8838042210559, 2958.1324732864214], [-154.77895727485986, 449.33920627298477, 2990.6786690847507], [-93.17911556856387, 692.1604733026526, 3260.158470477865], [-13.12937178558741, 955.3304804170647, 3512.707868943035], [-105.9321482630877, -23.292199006415615, 2421.188236566681], [-48.054279824474584, -72.72021261427355, 2494.0259409732666], [-166.77843666646163, -26.688928233745486, 2430.7275970573246], [-200.72392355644558, -79.09441430488016, 2516.7856654850534]], "kpt2d_body": [[855.3337264152352, 579.5805352398263], [836.8596030146613, 571.0907237997436], [887.9223140027697, 766.200624610656], [943.603410791199, 580.7891865565979], [988.645012597556, 680.7679274553616], [982.5394626630397, 800.2494256782842], [933.0235788663555, 761.7387573841486], [965.565372409463, 887.1300555908285], [984.7013112216358, 951.3456596421179], [766.3177230608894, 580.9162858593533], [750.5168337826314, 685.078199585462], [764.392360073452, 791.2592493509646], [843.3046307442079, 770.4976502501236], [875.5967391124855, 854.521241415106], [909.8288467333502, 933.6218616717745], [853.9630862504889, 549.741049473807], [888.0468677328278, 522.5874201425587], [819.4294437849603, 547.865153640554], [804.0119690301468, 519.5138208074312]], "kpt2d_body_mask": [true, true, true, true, true, true, true, true, true, true, true, true, true, true, true, true, true, true, true], "kpt3d_body_mask": [true, true, true, true, true, true, true, true, true, true, true, true, true, true, true, true, true, true, true], "kpt_list": ["Thorax", "Nose", "Pelvis", "L_Shoulder", "L_Elbow", "L_Wrist", "L_Hip", "L_Knee", "L_Ankle", "R_Shoulder", "R_Elbow", "R_Wrist", "R_Hip", "R_Knee", "R_Ankle", "L_Eye", "L_Ear", "R_Eye", "R_Ear"]}