{"id": 2, "class": "person", "kpt3d_body": [[-46.67008228964285, 26.302494302177877, 2638.2976089672256], [-128.83212135632263, -4.77098753257394, 2427.2458106709955], [-6.665811201429719, 390.29955525969194, 2978.6652916059675], [101.55905817694908, 79.53853416722879, 2559.6592835474144], [161.56839158440874, 297.1160639820573, 2719.7333666823947], [91.75200446283569, 512.2465506056988, 2827.5823343061993], [75.78376122574882, 426.51899430729736, 2933.7462766426966], [109.74379011800549, 710.8593050791555, 3201.0490741316376], [136.55042491707763, 953.1517436091935, 3477.559777073292], [-199.17095707542467, -21.91350027448891, 2705.5596589666766], [-227.09904655256855, 137.29066355425743, 2941.8253435082133], [-214.46036170084966, 383.95869242945264, 3034.5460382682245], [-89.11528893837857, 354.0808638045416, 3023.584963942254], [-56.4461396681207, 676.5604865729167, 3265.834362800976], [22.561974354073904, 923.6018774000626, 3526.8679306472377], [-93.78003947632301, -34.34019405663733, 2408.210386810111], [-6.51529175465555, -60.472035359582605, 2464.2559614204897], [-146.1119324186994, -52.23608578452698, 2432.9515188882297], [-141.09594561258717, -104.74037167976832, 2527.6570233578836]], "kpt2d_body": [[890.2384115302015, 576.9634288724404], [840.9971103071258, 560.3763394816048], [911.78923164943, 744.3893912767071], [970.1226586982087, 606.2750186105304], [997.3025738437163, 714.3278790839797], [959.6890742967106, 812.5984366329117], [950.6664355232065, 763.9927564621181], [962.0195327101362, 867.5609021626693], [968.5087622360708, 936.2652889792719], [812.4893597974615, 551.865822092832], [807.5893290050365, 627.8305002570809], [817.0168910128763, 737.961590592849], [873.9963913146335, 725.2359927695568], [891.1175862506218, 847.6681101573464], [923.6747842921858, 920.3871962785254], [860.6559425818573, 543.2936689701637], [911.1975648744353, 528.9982478267933], [831.3151153009619, 533.2960409689719], [837.2250141971981, 505.5845668998399]], "kpt2d_body_mask": [true, true, true, true, true, true, true, true, true, true, true, true, true, true, true, true, true, true, true], "kpt3d_body_mask": [true, true, true, true, true, true, true, true, true, true, true, true, true, true, true, true, true, true, true], "kpt_list": ["Thorax", "Nose", "Pelvis", "L_Shoulder", "L_Elbow", "L_Wrist", "L_Hip", "L_Knee", "L_Ankle", "R_Shoulder", "R_Elbow", "R_Wrist", "R_Hip", "R_Knee", "R_Ankle", "L_Eye", "L_Ear", "R_Eye", "R_Ear"]}