{"id": 2, "class": "person", "kpt3d_body": [[-37.51701038031683, 13.917201287222412, 2651.1707341663982], [-107.73197020939996, -5.043130025981952, 2449.752778809897], [-12.306188999133845, 450.4390217263316, 2969.5399965651395], [104.75901498846241, 43.57126783176639, 2593.9713891073725], [266.1654422120242, 228.564862081125, 2459.73492835514], [144.2669132952185, 138.4606207433535, 2291.7843938974247], [76.09236452148721, 472.3028325142784, 2934.0248494879115], [129.5451493462702, 732.0051413886276, 3179.9325046786926], [170.6851895911008, 989.0197362741003, 3440.9278058169257], [-177.75690748321603, -15.524613644744107, 2701.5071885206858], [-460.79366519911105, 29.24584310144752, 2749.7457976425594], [-453.6056564642101, -9.7127675646, 2514.787155951413], [-100.70460637158317, 428.5737746609106, 3005.0552362204016], [-71.3408281224471, 696.6784450454279, 3252.2885489545884], [-9.678888749976196, 955.4223924544374, 3509.6221934903797], [-77.19266860075035, -37.86851563845772, 2430.7806540484708], [1.1473099112672358, -82.10002901779845, 2484.0823781731033], [-130.78773910565536, -46.73670557055047, 2455.2184101564167], [-136.51260876113994, -107.26375864511994, 2541.5037551568616]], "kpt2d_body": [[895.1662232736198, 570.4030553649476], [853.6491060542913, 560.2462236172255], [909.1595847467622, 772.6244485204675], [971.1188747507931, 586.4453911057119], [1064.8108051825516, 691.5658412038434], [1002.4052715003364, 646.9209696289728], [950.7645213574158, 785.2414997833632], [970.8284625491721, 878.3482567227045], [982.4719997969171, 953.573485445424], [823.3306651887729, 555.1284348729075], [683.3085400686961, 577.777549013325], [665.9278188350287, 557.79226482169], [868.4873004123261, 760.1773957026357], [884.7422445306423, 857.0972732980422], [911.1668950966649, 933.9701794059151], [870.6549673683119, 541.4577499662628], [915.5240366494952, 517.175417444377], [840.7386959016646, 536.66953432753], [840.1532254560227, 504.5167882302716]], "kpt2d_body_mask": [true, true, true, true, true, true, true, true, true, true, true, true, true, true, true, true, true, true, true], "kpt3d_body_mask": [true, true, true, true, true, true, true, true, true, true, true, true, true, true, true, true, true, true, true], "kpt_list": ["Thorax", "Nose", "Pelvis", "L_Shoulder", "L_Elbow", "L_Wrist", "L_Hip", "L_Knee", "L_Ankle", "R_Shoulder", "R_Elbow", "R_Wrist", "R_Hip", "R_Knee", "R_Ankle", "L_Eye", "L_Ear", "R_Eye", "R_Ear"]}