{"id": 2, "class": "person", "kpt3d_body": [[-50.83258678293738, 26.538852561418906, 2633.608412617668], [-118.09665362648019, 9.9127716444643, 2432.320537563375], [-17.935314046544164, 450.3652390106503, 2964.826055801845], [89.42908929075745, 63.89919559282802, 2569.867249047504], [254.67479087830435, 244.35752711847613, 2447.2025842827256], [127.46365024809789, 159.82341855232846, 2265.7267961240145], [69.02705289534202, 473.4919125515039, 2928.5440475712285], [125.61912052998196, 734.3011040765908, 3177.179596102312], [170.38243413071785, 989.3147111858264, 3441.064937952737], [-179.44746289497758, -16.293149284072115, 2697.2700668126545], [-470.51442748201293, 46.50357855712642, 2732.599837372832], [-469.4750854014002, 18.454059589254683, 2485.694651173367], [-104.89808506154259, 427.2392014319894, 3001.1073989933575], [-73.96649286526579, 698.0997468842952, 3248.099253579469], [-10.974259613839976, 956.6655829762511, 3509.242286065174], [-87.888290632621, -23.106017017439342, 2413.159666560392], [-9.265866482173664, -67.4383948749697, 2467.4025012355405], [-141.67418621038905, -32.46203467208119, 2436.749754157324], [-147.45889132200085, -92.55753151133902, 2525.6105587640022]], "kpt2d_body": [[887.9933725086023, 577.1125907423875], [847.2858779939371, 568.7678390416307], [906.5225249750541, 772.9178525968578], [963.3405615011, 597.6558186539382], [1059.0549546097882, 701.1269763103523], [993.0892244193267, 660.9501431038194], [947.4942049276548, 786.2101619712098], [969.1763797243008, 879.5826832366023], [982.3489508447191, 953.6709046470066], [822.3175395552155, 554.7205813329796], [677.0557440229786, 586.5674396248185], [654.4329998169999, 573.3285123070067], [866.4916617789622, 759.8204699227692], [883.5946836385865, 858.049292922366], [910.6629141297329, 934.4721406968979], [864.1621353571779, 549.8013455983951], [909.649784206592, 525.1192765108057], [833.9671859305097, 544.6069591078028], [833.6553112499994, 512.2329501166562]], "kpt2d_body_mask": [true, true, true, true, true, true, true, true, true, true, true, true, true, true, true, true, true, true, true], "kpt3d_body_mask": [true, true, true, true, true, true, true, true, true, true, true, true, true, true, true, true, true, true, true], "kpt_list": ["Thorax", "Nose", "Pelvis", "L_Shoulder", "L_Elbow", "L_Wrist", "L_Hip", "L_Knee", "L_Ankle", "R_Shoulder", "R_Elbow", "R_Wrist", "R_Hip", "R_Knee", "R_Ankle", "L_Eye", "L_Ear", "R_Eye", "R_Ear"]}