{"id": 3, "class": "person", "kpt3d_body": [[63.94245825225781, 131.58024155804583, 2701.946743616964], [-6.956286557486706, 130.69631536377386, 2496.1035437525793], [46.843949193044025, 513.1618346313012, 2972.945913871624], [221.2875001588116, 151.99834516000337, 2662.146724822449], [288.4670494378465, 324.4532343756349, 2827.5714934855273], [331.92241109787903, 515.3804325279633, 2953.146269226591], [157.77652533112942, 537.9481017738835, 2960.602454011607], [142.28102311142683, 775.5106798928915, 3219.8575156323304], [127.82665569489623, 1007.7633804534956, 3480.1392989025044], [-92.35147431966479, 103.8625820032803, 2743.1882015177644], [-168.0810096450565, 273.37040214670054, 2923.9654419456333], [-226.53554046196427, 471.1315422388128, 3019.4216520723185], [-64.0878219924975, 488.3765312447628, 2985.2896829656784], [-121.61643392634254, 798.5217346300817, 2979.1868821535995], [-60.34842017107298, 1052.645238075527, 3290.2959466130633], [18.351248539660787, 97.08578498188118, 2473.8492116745256], [92.71902673900568, 53.22236020756165, 2509.6585054241173], [-33.558288037872686, 91.47645622116954, 2498.475743984256], [-45.724018891953335, 30.443090083219317, 2568.709931881077]], "kpt2d_body": [[947.8265843308097, 630.7510675758359], [911.0022418914466, 635.839390889365], [936.6707593005458, 801.0695565461], [1030.3744449446704, 642.2602392870978], [1056.1105754690302, 721.5927816629769], [1069.6582101868723, 802.866524247661], [988.4191434625897, 813.2135686343324], [975.4812606686461, 892.4748371274511], [964.9427983868267, 956.4725814745252], [868.0136790330691, 615.7010416408049], [835.0763415084391, 692.6320407187213], [811.2523102406963, 778.2003573302577], [885.2169557860084, 788.8063750367364], [859.1921048665145, 928.2982957166997], [890.0970048803455, 995.7176038825305], [925.2115800777013, 617.6390942109756], [966.3289049679433, 592.5735185458545], [896.176328014867, 613.9818532542591], [890.0842454453457, 579.5791868430645]], "kpt2d_body_mask": [true, true, true, true, true, true, true, true, true, true, true, true, true, true, true, true, true, true, true], "kpt3d_body_mask": [true, true, true, true, true, true, true, true, true, true, true, true, true, true, true, true, true, true, true], "kpt_list": ["Thorax", "Nose", "Pelvis", "L_Shoulder", "L_Elbow", "L_Wrist", "L_Hip", "L_Knee", "L_Ankle", "R_Shoulder", "R_Elbow", "R_Wrist", "R_Hip", "R_Knee", "R_Ankle", "L_Eye", "L_Ear", "R_Eye", "R_Ear"]}