{"id": 2, "class": "person", "kpt3d_body": [[-39.09200178657464, 32.15047772251722, 2634.160721077287], [-119.7116870335443, 24.996573804922377, 2412.797970461139], [-9.04548745439751, 445.7413903023072, 2968.069229213931], [107.85505796326183, 75.48379005672004, 2563.059372059807], [268.9559848993094, 272.6791780225534, 2679.9542402235174], [224.77049740520258, 490.7533726329256, 2801.9067839387853], [83.44083593599598, 461.0028395289754, 2938.200501648717], [138.58902048812595, 732.849806145535, 3184.8477790939532], [173.81224737129145, 987.7351037247219, 3443.7105178218576], [-191.4261313662091, -9.67008817245329, 2688.6948933348567], [-319.09400127165867, 113.35505452291741, 2916.824475671311], [-283.09678977276735, 360.5752485330206, 3012.235243212603], [-101.53213637342212, 430.479882168203, 2997.93654945508], [-67.34887422986979, 694.6643010923812, 3250.029192130679], [-9.079974454238666, 953.574236643007, 3511.0155515789324], [-87.32590199494965, -6.329358048408551, 2394.0603788170547], [-5.057593382452659, -42.19668540262845, 2451.553061635496], [-140.9941325311343, -18.030563445637142, 2417.319000013018], [-143.51299177226565, -73.59542115773863, 2510.1557583234803]], "kpt2d_body": [[894.2068797639308, 580.0712737199926], [845.8109783287958, 577.4973153132152], [910.6766135794645, 770.5689445339943], [973.4679622002036, 604.0189674429873], [1053.9304898928199, 703.7617823974322], [1025.5313814693889, 804.1177417837897], [954.1841946965395, 779.6886662709292], [974.6365799987362, 878.2094986023207], [983.658211126347, 952.7780062752656], [815.8417788804526, 558.114651522487], [763.0701331024771, 616.9226818971174], [784.8178168994381, 728.4260493879698], [867.9990209900335, 761.5071858491385], [886.4084855385701, 856.4715974828432], [911.4007121944212, 933.139686415374], [864.083338925917, 559.4324997105896], [912.006260527251, 539.1805040671301], [833.7058215070851, 552.7483367087591], [835.3274548246026, 522.398920914144]], "kpt2d_body_mask": [true, true, true, true, true, true, true, true, true, true, true, true, true, true, true, true, true, true, true], "kpt3d_body_mask": [true, true, true, true, true, true, true, true, true, true, true, true, true, true, true, true, true, true, true], "kpt_list": ["Thorax", "Nose", "Pelvis", "L_Shoulder", "L_Elbow", "L_Wrist", "L_Hip", "L_Knee", "L_Ankle", "R_Shoulder", "R_Elbow", "R_Wrist", "R_Hip", "R_Knee", "R_Ankle", "L_Eye", "L_Ear", "R_Eye", "R_Ear"]}