{"id": 2, "class": "person", "kpt3d_body": [[-36.00077209387848, 0.7858423917426194, 2671.4991193752126], [-104.0415320755227, -13.445394652620166, 2456.160132180258], [-9.43533549549489, 429.83830595049625, 2994.605062393893], [119.09551164357262, 44.53168460019384, 2602.071011973742], [196.6588632199607, 249.20049149969756, 2772.197637102413], [174.87842330168777, 467.8035831332884, 2884.7476979330827], [85.62807730230524, 440.6597388786221, 2965.5551963955504], [121.96096970710587, 701.9185525947852, 3217.3277945939703], [140.22989347238553, 954.1624818533933, 3482.454973431878], [-193.73938811737878, -36.43407676317494, 2728.7598155836968], [-223.98810670432277, 156.24248517487416, 2939.1133148394056], [-221.0316907995159, 399.04838208925634, 3044.207679942399], [-104.49898720457078, 419.01684047634774, 3023.6534786121974], [-51.92516924109828, 666.7669342772136, 3277.5058094474657], [22.96576943101524, 921.6858107813664, 3530.701677150009], [-72.57811826121618, -46.540170215900645, 2436.8592587521375], [7.42334312466884, -88.40938028742201, 2493.0309419879427], [-128.21479113448896, -58.14735940902963, 2461.2072256246915], [-133.49926139932427, -115.68402069196637, 2551.5126689207714]], "kpt2d_body": [[896.1066358280575, 563.5149318740391], [855.8988937397964, 555.5006538218404], [910.5300384455036, 761.5015295425696], [978.6081913495339, 586.8826021313513], [1013.3668073421481, 687.6231001720013], [998.661831345244, 786.6825941853353], [954.8681689349634, 768.3642538265053], [967.0181749277288, 862.3292729077543], [969.8747224699367, 936.1335653371364], [816.1208336205547, 544.5745228856756], [808.9763969281615, 636.8228965849084], [814.3796707478916, 744.1835194561241], [867.0200965331255, 754.6539987985275], [893.0906657396788, 842.6705477383623], [923.8223716578215, 919.2995814031285], [873.4024634027894, 536.5667274058741], [919.0278458702561, 513.8255636422314], [842.3756924663587, 530.2957136771415], [842.0921337958505, 500.1675593300733]], "kpt2d_body_mask": [true, true, true, true, true, true, true, true, true, true, true, true, true, true, true, true, true, true, true], "kpt3d_body_mask": [true, true, true, true, true, true, true, true, true, true, true, true, true, true, true, true, true, true, true], "kpt_list": ["Thorax", "Nose", "Pelvis", "L_Shoulder", "L_Elbow", "L_Wrist", "L_Hip", "L_Knee", "L_Ankle", "R_Shoulder", "R_Elbow", "R_Wrist", "R_Hip", "R_Knee", "R_Ankle", "L_Eye", "L_Ear", "R_Eye", "R_Ear"]}