{"id": 2, "class": "person", "kpt3d_body": [[-30.77402066194427, 22.168519975071774, 2634.487483434152], [-99.29015921644049, -23.245089257335394, 2427.4340810742333], [2.5593299146785853, 412.97840355277424, 2967.1268401806165], [110.56659588898049, 58.48146290252288, 2568.009461696599], [291.7235646893062, 268.48223705912716, 2603.4097749388447], [89.598562357341, 399.9680828545489, 2658.9359918273203], [91.09018053052844, 438.1543624453917, 2924.4016859017493], [143.671106325501, 728.8254055163748, 3186.8137674154514], [174.58102765726994, 988.2070756260879, 3443.534607628256], [-174.93339869837357, -16.562844489092896, 2690.446215559507], [-379.4509181859398, 96.8703769150487, 2858.8346157791593], [-288.7645620359093, 343.39334924105765, 2864.1956115654325], [-85.9715207011713, 387.8024446601566, 3009.8519944594827], [-64.72160307034099, 694.6983481123539, 3257.421904761993], [-9.114483884006965, 953.5887513445301, 3510.9188281448746], [-65.4956126308695, -55.848074203814235, 2412.866601738029], [14.939670648602146, -81.73386710773485, 2475.3966829072083], [-120.0826134956592, -67.76032572387734, 2436.8322417067275], [-123.50820702466763, -109.15585999823449, 2536.8384144444954]], "kpt2d_body": [[898.6068728745103, 574.8030655336263], [857.9253587382435, 549.8014060135712], [916.0888327670308, 755.5519528392987], [974.8293712692316, 594.7448578737219], [1070.0183534015573, 705.5611048724234], [961.5346394569932, 770.8462645558352], [958.0107369193081, 770.0408619425345], [976.7964144993967, 876.3288329263398], [983.9637972060727, 952.9730407756902], [824.41186454054, 554.5596202535022], [730.9721199492624, 609.9599341013745], [775.4110051774279, 728.6216966882296], [875.2923010996122, 741.3463736234207], [887.580634337288, 855.8392282319837], [911.3872047346283, 933.1548890191483], [877.0780953202864, 530.9423655716623], [923.2864682723675, 517.2200152331245], [846.2937066404679, 524.488087847698], [847.1386139471388, 503.3657363826073]], "kpt2d_body_mask": [true, true, true, true, true, true, true, true, true, true, true, true, true, true, true, true, true, true, true], "kpt3d_body_mask": [true, true, true, true, true, true, true, true, true, true, true, true, true, true, true, true, true, true, true], "kpt_list": ["Thorax", "Nose", "Pelvis", "L_Shoulder", "L_Elbow", "L_Wrist", "L_Hip", "L_Knee", "L_Ankle", "R_Shoulder", "R_Elbow", "R_Wrist", "R_Hip", "R_Knee", "R_Ankle", "L_Eye", "L_Ear", "R_Eye", "R_Ear"]}