{"id": 5, "class": "person", "kpt3d_body": [[-87.45344737634537, 59.00998483751579, 2733.6218383243413], [79.50037291470282, -119.84052787932995, 2675.113314476921], [-15.359323524903381, 512.5940595981422, 2738.5597005199697], [-49.3619336992161, 55.88814363289771, 2897.4569844278667], [-85.448445539451, 345.7990805136227, 2967.9881948691677], [0.9679289936769919, 587.8219423291085, 2974.3032706549147], [25.68970993874954, 483.69746240104166, 2822.8956025294765], [343.6588911505344, 684.0090837820619, 2747.0718416591862], [217.53698205459173, 1076.8331153614038, 2792.8905122007563], [-135.53184598629912, 70.32910458694204, 2570.62691919978], [-181.3510784554114, 361.19446480721206, 2520.0845517881003], [-96.89621514658833, 606.6371574661455, 2486.3020999382315], [-56.40842760724919, 541.4926409791861, 2654.2243064741215], [-33.053929594884, 932.2918575110465, 2693.621127819776], [-71.45980244804925, 1337.4991003679204, 2776.000844705973], [69.74551535195532, -157.674068175225, 2707.3012626592863], [-5.309070768707116, -155.787772884797, 2780.3297280471106], [50.339971812814795, -151.2025376341893, 2649.6879656097603], [-52.1519667337521, -142.57780881823464, 2632.5461188822715]], "kpt2d_body": [[889.6607298022228, 590.1900542023086], [975.8014466607931, 497.77725903463323], [926.5660373829006, 818.2599529557], [910.5352052023704, 586.996906831745], [894.2793421223228, 721.750793761768], [934.7707039588511, 832.3766338896006], [946.9265704879642, 796.8044231385229], [1105.309477433296, 899.531573528458], [1038.6930248831966, 1075.4117441993485], [860.7593912507828, 598.2039512464232], [834.5479040189814, 758.3118984099984], [880.8105218089216, 894.2095532397071], [904.9896195819064, 840.9282841071163], [917.722036272426, 1026.734361337145], [900.4222996013725, 1192.3745731525992], [970.2678389203867, 479.0932515784659], [931.6608175241809, 482.14554893034284], [960.8349355111, 480.71980833544836], [906.6807211689403, 484.75537030624616]], "kpt2d_body_mask": [true, true, true, true, true, true, true, true, true, true, true, true, true, true, true, true, true, true, true], "kpt3d_body_mask": [true, true, true, true, true, true, true, true, true, true, true, true, true, true, true, true, true, true, true], "kpt_list": ["Thorax", "Nose", "Pelvis", "L_Shoulder", "L_Elbow", "L_Wrist", "L_Hip", "L_Knee", "L_Ankle", "R_Shoulder", "R_Elbow", "R_Wrist", "R_Hip", "R_Knee", "R_Ankle", "L_Eye", "L_Ear", "R_Eye", "R_Ear"]}