{"id": 5, "class": "person", "kpt3d_body": [[-46.73895447965858, -9.380399593762263, 2682.4678775269913], [108.60021326621086, -119.01487033240386, 2620.959472299295], [-27.98412605570766, 534.6851278717787, 2685.1412529584973], [-0.9582894786626994, -18.06149230524653, 2827.7974780857267], [52.78841160630071, -103.2213949781567, 3103.3776916374973], [105.47245873958987, -192.20155853934102, 3346.151143011579], [-16.828354728721735, 528.5438027138916, 2783.636733860533], [-32.29718663172174, 961.4827499053083, 2789.0872098111226], [-96.93670066141462, 1335.7672999359395, 2789.330667136712], [-96.7652296620213, -6.4801485964119365, 2538.4120961847443], [-181.0266084325208, -92.99011902576694, 2298.4893531844496], [-236.292818954422, -205.82808392403905, 2033.8687109737525], [-39.13998483666682, 540.8274490187518, 2586.645885447572], [-78.78424364185916, 958.3204865045878, 2629.0405968681735], [-132.77329658567788, 1338.2216360297093, 2665.639791105528], [102.64250077782903, -156.35092659369604, 2652.357382836892], [27.563742361007098, -161.35518690998538, 2724.014613870969], [83.4649422579744, -150.64650848924344, 2594.719029238374], [-18.37595791818871, -147.2766736014023, 2580.0643518528386]], "kpt2d_body": [[909.9912626708175, 555.261992794512], [992.1387151186201, 496.94320348408615], [919.9282968425247, 834.3814445177329], [933.8526653422152, 551.2356617636174], [958.0754066919876, 513.8169849430988], [978.2988665004625, 480.21285348845174], [925.9641162615204, 821.9068086941888], [918.6529080605436, 1024.9879625548076], [888.5417855443258, 1188.8581641321944], [881.103062818652, 556.5776995238953], [824.5609414905671, 503.8964484200657], [773.1275267542319, 420.0851062526523], [913.4477542614486, 847.7604867237974], [893.9388313719649, 1049.8290309484426], [869.0610026411032, 1215.7601040820887], [988.302178453863, 478.1299524899015], [948.4448211946846, 477.699545490098], [979.1996187017729, 479.35373347728813], [924.3866279699736, 480.6871230650247]], "kpt2d_body_mask": [true, true, true, true, true, true, true, true, true, true, true, true, true, true, true, true, true, true, true], "kpt3d_body_mask": [true, true, true, true, true, true, true, true, true, true, true, true, true, true, true, true, true, true, true], "kpt_list": ["Thorax", "Nose", "Pelvis", "L_Shoulder", "L_Elbow", "L_Wrist", "L_Hip", "L_Knee", "L_Ankle", "R_Shoulder", "R_Elbow", "R_Wrist", "R_Hip", "R_Knee", "R_Ankle", "L_Eye", "L_Ear", "R_Eye", "R_Ear"]}