{"id": 2, "class": "person", "kpt3d_body": [[42.75786390888378, 66.82355814490421, 2695.695829641021], [189.3595315089902, -79.81261958794249, 2658.1997762397264], [91.61657300819967, 603.9878121074771, 2689.4066599173902], [85.30752384141553, 62.627569434942245, 2840.1341445867633], [269.8970754990595, 112.17104837718182, 3047.2726983015605], [347.04541661641076, -79.68491299613618, 2961.8292492154046], [109.10307633736794, 598.7593640535433, 2785.4747859206836], [105.94455733819507, 967.5208580773216, 2812.941857261073], [73.65496790419625, 1333.7665370850689, 2819.0857528409933], [-9.788685336976188, 68.95206583978165, 2554.8897733211243], [35.824244437525564, 108.06052184004415, 2262.8416263973304], [156.52466704188151, -94.89727446591331, 2300.2425436778594], [74.12998907394942, 609.2172647899984, 2593.33837827277], [58.95391514566434, 972.4540584705397, 2599.1294849335377], [31.57323731709946, 1341.4489008517553, 2627.521616036376], [176.35756730723372, -116.60578631128772, 2689.578070112752], [96.39390001586287, -111.32329897916094, 2756.990845145115], [159.1212685230735, -111.88176234417455, 2632.924998675912], [56.82715496725079, -101.16226956375726, 2611.0246090005608]], "kpt2d_body": [[956.4745826255232, 594.6549833114501], [1033.6544234176579, 518.3763305905018], [981.211477751947, 868.4231259412722], [976.2617213965507, 590.8369721079988], [1057.7051706679397, 611.2699032066447], [1097.3106923796647, 522.8036486847751], [988.2932158938629, 855.5272095126254], [985.2299879345861, 1023.8479434861031], [968.7439385324783, 1182.1246181887172], [928.9756914777215, 597.7192840509343], [956.4216180681943, 626.604281619767], [1029.1988094645817, 502.76429751475814], [973.6189825343884, 882.22250771784], [964.8139592745282, 1061.9195541637587], [950.0097656276226, 1225.9597573832225], [1025.7504289642002, 499.8424585584838], [983.1217493620875, 503.92870104857576], [1018.6074257797411, 501.0283202070191], [964.7084158466106, 506.1901662517558]], "kpt2d_body_mask": [true, true, true, true, true, true, true, true, true, true, true, true, true, true, true, true, true, true, true], "kpt3d_body_mask": [true, true, true, true, true, true, true, true, true, true, true, true, true, true, true, true, true, true, true], "kpt_list": ["Thorax", "Nose", "Pelvis", "L_Shoulder", "L_Elbow", "L_Wrist", "L_Hip", "L_Knee", "L_Ankle", "R_Shoulder", "R_Elbow", "R_Wrist", "R_Hip", "R_Knee", "R_Ankle", "L_Eye", "L_Ear", "R_Eye", "R_Ear"]}