{"id": 2, "class": "person", "kpt3d_body": [[51.81580464035244, 63.455385775488935, 2693.388998212551], [196.54287611702557, -79.90679578981769, 2656.74459598376], [94.25651139222408, 603.1991472412625, 2687.943888268126], [99.0445442436158, 61.02481119350358, 2837.4320961514286], [285.6701556803414, 84.55644959474199, 3042.358799164953], [418.77314123255417, -81.29153361049248, 2956.497271275589], [116.39853013496003, 597.8455361043513, 2784.4417162577633], [109.53766630622924, 966.025860167877, 2811.0859203667824], [74.10160313330917, 1332.482270781244, 2819.132451802941], [21.01279585265221, 64.30558647534127, 2545.3052886145715], [65.69276295299542, 84.35121070105424, 2264.311633556075], [251.51650694163186, -73.39787925894939, 2272.4304059740057], [72.11262859634903, 608.5517160595039, 2591.446722756931], [62.23501568469864, 972.6504929149028, 2596.930006640234], [30.559726419363944, 1340.1442017686486, 2627.6074295715393], [186.14177677275813, -116.47993049716518, 2688.402889579511], [106.41891594090617, -110.62271669441799, 2755.761208752333], [169.3664916022432, -111.71996502811254, 2631.409907265983], [65.68216485191749, -101.57044641815219, 2609.6430676146633]], "kpt2d_body": [[961.1891496948285, 592.9424207193886], [1037.4670140555681, 518.3088124796941], [982.5890216287532, 868.1887341541437], [983.0568446745801, 590.0770224206857], [1065.1126042097292, 598.7379145390894], [1130.9960998449285, 522.0484689179046], [991.9219143726797, 855.1770324057422], [986.9931308341535, 1023.4499746933548], [968.9556519139094, 1181.5757711300596], [945.8542656040161, 595.318776150425], [974.8215303225364, 611.9908713364108], [1088.3332744873449, 515.304368496822], [972.5782672853838, 882.112821575347], [966.5361305044307, 1062.401633720302], [949.5066003575736, 1225.3671213139528], [1030.8511317844568, 499.8895051129568], [988.2166751892662, 504.26141888859723], [1024.0730660306522, 501.0878697291495], [969.4595531824224, 505.94649672423657]], "kpt2d_body_mask": [true, true, true, true, true, true, true, true, true, true, true, true, true, true, true, true, true, true, true], "kpt3d_body_mask": [true, true, true, true, true, true, true, true, true, true, true, true, true, true, true, true, true, true, true], "kpt_list": ["Thorax", "Nose", "Pelvis", "L_Shoulder", "L_Elbow", "L_Wrist", "L_Hip", "L_Knee", "L_Ankle", "R_Shoulder", "R_Elbow", "R_Wrist", "R_Hip", "R_Knee", "R_Ankle", "L_Eye", "L_Ear", "R_Eye", "R_Ear"]}