{"id": 4, "class": "person", "kpt3d_body": [[-22.09980849989586, -276.7889296615597, 2809.0330206876597], [99.83128535131374, -400.9658123683756, 2883.831459648106], [-41.83568321497654, 250.3482821981889, 2920.4341731639415], [-159.28319995516222, -285.2208829047238, 2864.8095326873645], [-368.653004145222, -282.61610249680996, 3077.677254518925], [-198.6419057281047, -432.6103261668625, 3031.024777162677], [-132.82661694082992, 245.52844598787416, 2952.0859778511517], [-182.09091264852003, 659.6564182081884, 2975.068798700176], [-219.43623056649486, 1076.2291967528506, 3009.101709688261], [111.98373392122559, -264.56687082221106, 2764.413137848203], [93.20295857245121, -225.84444626141774, 3078.640712740721], [-82.3363169036722, -407.9178424453089, 3016.982047623483], [49.15539323351023, 255.1681354031298, 2888.78226011884], [22.19061307353055, 677.7398755259978, 2871.2361846693825], [-0.13427790795528693, 1097.5637244946013, 2893.0256644580454], [77.94633233660588, -444.01939543002004, 2889.0137156359583], [-20.354700426069314, -464.12534166823366, 2867.123174330435], [113.98317999987808, -422.4075957455044, 2845.326507513997], [70.8573617716575, -413.39940882762573, 2758.8412551579772]], "kpt2d_body": [[938.737106533603, 428.8704101033791], [997.7571899671104, 373.1981725117466], [929.7319590038297, 684.8494177488483], [872.3370760933793, 427.5744953716138], [783.5009735605736, 438.6547688901703], [858.8124774458879, 368.32336047180786], [887.0223745352365, 681.2568206804441], [865.4867596300136, 869.9687905021553], [851.4584984551741, 1046.2805155356707], [1006.0899924069254, 432.8395775514456], [991.8940568557454, 463.7368697702817], [911.7883500026073, 378.4273607424974], [973.399891818475, 688.4550614329419], [960.3244108233214, 889.364111621834], [949.6475535929433, 1074.121229632389], [987.1140249143414, 353.13569898769424], [939.854459624728, 341.93306838411263], [1005.2650272211519, 360.33692739843036], [985.3280341565062, 358.3854559045691]], "kpt2d_body_mask": [true, true, true, true, true, true, true, true, true, true, true, true, true, true, true, true, true, true, true], "kpt3d_body_mask": [true, true, true, true, true, true, true, true, true, true, true, true, true, true, true, true, true, true, true], "kpt_list": ["Thorax", "Nose", "Pelvis", "L_Shoulder", "L_Elbow", "L_Wrist", "L_Hip", "L_Knee", "L_Ankle", "R_Shoulder", "R_Elbow", "R_Wrist", "R_Hip", "R_Knee", "R_Ankle", "L_Eye", "L_Ear", "R_Eye", "R_Ear"]}