{"id": 4, "class": "person", "kpt3d_body": [[233.63291546910142, 123.77517709874652, 2786.996997546815], [373.75385889545385, 270.29512144138295, 2727.251664510695], [-228.32166973740487, 207.61556658031267, 2906.4583585280816], [280.96580533316177, 143.9349903203214, 2906.254792390225], [205.43133726306436, 474.565483454426, 2902.822494086723], [165.74494947431083, 737.1969881006879, 2854.0852816566767], [-226.32125745103778, 202.67704830276926, 3006.445131120256], [-149.8961705984733, 680.030898905618, 2998.1620595182894], [-167.0971863097752, 1083.0370645784185, 2958.673277190057], [149.89128917697897, 129.76096273574285, 2657.145825041006], [30.163620428851843, 474.01585600707006, 2670.716179569088], [23.819632735758915, 753.9196494248806, 2681.0533100850103], [-230.32337469489653, 212.55397570496285, 2806.472191812966], [-112.17666269949738, 665.0481436703583, 2839.664190869205], [-65.5122040423992, 1098.4880760755916, 2852.260559872183], [395.7171626680498, 229.7542842244846, 2746.3951173679916], [374.91817920034856, 140.05479968467696, 2796.519801844607], [379.2197246486826, 233.63205099199462, 2683.641804997621], [324.6613193961238, 152.67236790438588, 2656.247041482553]], "kpt2d_body": [[1066.4580426266298, 627.4159382802292], [1139.5308659024538, 702.6374335833343], [840.3475161834505, 664.8839577017802], [1084.2454123327734, 634.4654312583995], [1047.6389217690223, 791.3684266899813], [1029.2339415090667, 918.5096298400993], [844.8783653800454, 659.3342448837411], [880.9292959223197, 876.8627206480498], [873.6928389190031, 1057.079154865582], [1028.3425658202134, 633.626633995169], [965.3270471353495, 810.6991044702369], [961.8399667202413, 948.8661235245465], [835.4981642668581, 670.8235455007956], [895.3983819089167, 886.77646942769], [918.884670711681, 1081.1931834402149], [1149.3331705314, 681.3180395664681], [1135.8290392237811, 635.0660566614308], [1145.495261857938, 686.0248645877612], [1119.4961590612006, 645.3556149714059]], "kpt2d_body_mask": [true, true, true, true, true, true, true, true, true, true, true, true, true, true, true, true, true, true, true], "kpt3d_body_mask": [true, true, true, true, true, true, true, true, true, true, true, true, true, true, true, true, true, true, true], "kpt_list": ["Thorax", "Nose", "Pelvis", "L_Shoulder", "L_Elbow", "L_Wrist", "L_Hip", "L_Knee", "L_Ankle", "R_Shoulder", "R_Elbow", "R_Wrist", "R_Hip", "R_Knee", "R_Ankle", "L_Eye", "L_Ear", "R_Eye", "R_Ear"]}