{"id": 4, "class": "person", "kpt3d_body": [[-49.23620088993788, -267.948395991193, 2829.4488736983026], [54.747287345887194, -430.03533901530955, 2929.934104197841], [-42.481051558653306, 261.15938566160537, 2911.9911867051264], [-173.7601291800724, -284.5435131579229, 2915.3223852061315], [-165.70395138730152, -172.01749478440874, 3172.385310400686], [39.37834483994646, -308.5226449457822, 3101.2712963611566], [-117.4034801706417, 256.4398736520361, 2969.6545213511467], [-178.25816737562437, 678.2376100523414, 2976.3409709742855], [-218.89116875381475, 1075.4366042792342, 3009.205281697914], [63.64706041211008, -251.46607213932512, 2733.7042147010698], [328.3089516596706, -91.49810556992108, 2802.1053043591264], [219.64934489045424, -291.19365864752024, 2964.5407608066103], [32.442144321366655, 265.87883979565476, 2854.3285213499184], [20.65885420710874, 674.8844758742532, 2862.825508739395], [0.18508464590954787, 1097.739379426731, 2893.101759096541], [22.24419258588295, -463.31512458390887, 2929.013130324507], [-77.83900232569519, -457.5923938551308, 2884.0747007799837], [67.31540805537534, -458.88714972640355, 2894.0494777812114], [44.06462685344536, -442.84833075879635, 2793.832199111406]], "kpt2d_body": [[925.4567558518163, 434.17898760343064], [975.6274929873656, 362.5673194188396], [929.3694368372048, 690.3290418204035], [866.7703138062537, 430.29354047332987], [876.8691750514547, 490.3270287974748], [967.3743286747915, 427.56539681197194], [894.6282970720329, 685.6747535923602], [867.3532677335351, 878.1832715292549], [851.7003940107822, 1045.937020426397], [982.123210266174, 437.93632959613814], [1112.6267417278152, 520.4343187248926], [1052.718978562332, 429.5052280937877], [965.5250539823717, 695.1238107905697], [959.6204125302586, 888.9606414954835], [949.7958900428224, 1074.184385236663], [960.2256831848593, 346.97187336866284], [912.2803533202291, 346.3591781022918], [981.9424375357888, 346.4813412762069], [971.5632445593682, 346.5360395320157]], "kpt2d_body_mask": [true, true, true, true, true, true, true, true, true, true, true, true, true, true, true, true, true, true, true], "kpt3d_body_mask": [true, true, true, true, true, true, true, true, true, true, true, true, true, true, true, true, true, true, true], "kpt_list": ["Thorax", "Nose", "Pelvis", "L_Shoulder", "L_Elbow", "L_Wrist", "L_Hip", "L_Knee", "L_Ankle", "R_Shoulder", "R_Elbow", "R_Wrist", "R_Hip", "R_Knee", "R_Ankle", "L_Eye", "L_Ear", "R_Eye", "R_Ear"]}