{"id": 4, "class": "person", "kpt3d_body": [[-43.17873263391385, -243.1500445614462, 2827.4852874049666], [61.49857407411446, -418.691595949574, 2958.937067003585], [-40.15418637461057, 296.6784420427541, 2916.646255207088], [-185.6271883972012, -256.45005200891615, 2917.4254154670984], [-223.57136915636949, 43.63026760773167, 2986.162443499193], [-173.5558949954357, 280.843299373621, 3069.8730697942597], [-122.22692523318415, 288.1061443987845, 2968.524485038195], [-180.75044157129054, 679.7714372420597, 2975.7233222182344], [-219.98961158332065, 1075.561765248987, 3010.3877928107254], [104.08542021093858, -214.1501211047931, 2753.544946245093], [111.90141567515087, 83.73407703311713, 2740.4532371048117], [148.12885462694476, 328.7467103624661, 2845.311807401775], [41.918762004586476, 305.2517605805077, 2864.7679631104943], [18.944754284520187, 695.4792295343439, 2863.5918514662535], [0.3659387839100603, 1099.8087324197, 2894.0233335002226], [26.828573648703156, -452.9806089439278, 2957.849573412272], [-66.13852346501528, -446.0261999282984, 2908.3410671977917], [77.4169021201245, -450.478209983953, 2925.9086306129157], [63.08022498299664, -437.67842617947804, 2827.6154962058517]], "kpt2d_body": [[928.4136510596178, 446.21478666295985], [978.551368408768, 369.78617776805226], [930.526059889507, 706.9581482344021], [861.1382344509976, 443.7079626588467], [845.3165678428554, 586.036662060174], [871.0065408256112, 692.7084437308247], [892.3786880256255, 700.4575396370049], [866.1928518244507, 878.9242402322202], [851.246730072232, 1045.8068223859227], [1002.3683003947285, 457.63628940275976], [1006.6718214851096, 608.2450153321497], [1022.0621108533886, 725.8981808287226], [970.0594730649821, 713.6282948943061], [958.7868008331542, 898.4276941442107], [949.8798717020634, 1074.9238157295117], [962.2773764797288, 353.8449976990081], [918.152988441077, 353.5773729901455], [986.3906672892224, 352.7663038922112], [980.6339942617917, 351.62805506140114]], "kpt2d_body_mask": [true, true, true, true, true, true, true, true, true, true, true, true, true, true, true, true, true, true, true], "kpt3d_body_mask": [true, true, true, true, true, true, true, true, true, true, true, true, true, true, true, true, true, true, true], "kpt_list": ["Thorax", "Nose", "Pelvis", "L_Shoulder", "L_Elbow", "L_Wrist", "L_Hip", "L_Knee", "L_Ankle", "R_Shoulder", "R_Elbow", "R_Wrist", "R_Hip", "R_Knee", "R_Ankle", "L_Eye", "L_Ear", "R_Eye", "R_Ear"]}