{"id": 4, "class": "person", "kpt3d_body": [[-1265.5920391677546, -353.06110842652845, 3441.850199759616], [-1065.300982517817, -468.5760667922044, 3411.89145439544], [-1252.3942681922204, 163.77581687984048, 3453.298105206467], [-1234.0260228349516, -366.87511266102365, 3602.8077537254517], [-1300.622821717627, -117.67764581363238, 3710.439483222357], [-1091.5638595919795, 11.719805704024253, 3651.967571103685], [-1234.2245296539359, 164.52269185563807, 3551.3687271346953], [-1280.9064131975808, 560.2841331883566, 3545.7729772700495], [-1361.2038861737985, 950.4106717655059, 3548.7887966934077], [-1297.0551227440442, -340.2465323410455, 3282.117345950008], [-1416.7835663014696, -53.444162926612364, 3238.8859792055205], [-1380.939988967713, 186.71237850718214, 3219.923450335537], [-1270.5563211702492, 163.02991675330858, 3355.221147519999], [-1166.2221595291817, 521.9091297724488, 3333.7761410163157], [-1429.7649618561034, 890.1365072931158, 3438.382863109722], [-1070.635386761081, -507.7053255086089, 3437.981595368537], [-1166.408713128205, -530.3084981342259, 3496.715169003794], [-1080.1718482371418, -505.5837619789811, 3381.8157394084374], [-1172.8284228587872, -515.6826630492243, 3344.4375906992514]], "kpt2d_body": [[455.8169473629132, 428.29179681891856], [527.2193549713259, 380.37349729292396], [461.15291882227575, 629.4218556136198], [487.57389750060594, 428.6821038501248], [476.31536424707974, 522.9894984526818], [542.4384230992096, 570.0717571081556], [480.25541040594834, 628.1164667535921], [465.6750421743774, 776.857215992042], [443.3986571457182, 918.2649897573224], [421.6433869363706, 427.5473772995998], [368.6347851320402, 543.8359886649483], [379.4294072671329, 642.5971771551528], [441.09805419149745, 630.7899905416479], [479.99859604954327, 775.3449424249463], [403.4099706927651, 904.8988625048084], [528.586395396023, 366.54346229686035], [500.3804050251175, 361.9654047360358], [518.3903976763156, 364.3660776970857], [478.7987151348236, 359.202683546562]], "kpt2d_body_mask": [true, true, true, true, true, true, true, true, true, true, true, true, true, true, true, true, true, true, true], "kpt3d_body_mask": [true, true, true, true, true, true, true, true, true, true, true, true, true, true, true, true, true, true, true], "kpt_list": ["Thorax", "Nose", "Pelvis", "L_Shoulder", "L_Elbow", "L_Wrist", "L_Hip", "L_Knee", "L_Ankle", "R_Shoulder", "R_Elbow", "R_Wrist", "R_Hip", "R_Knee", "R_Ankle", "L_Eye", "L_Ear", "R_Eye", "R_Ear"]}