{"id": 1, "class": "person", "kpt3d_body": [[-381.015798943164, -96.93527430579309, 2559.7814474963366], [-547.6097224069155, -134.89509143401335, 2383.97025392005], [-134.574416005147, 205.79343691407658, 2908.3656007397753], [-265.06963372921604, -56.55442383079844, 2435.0947836666705], [-245.24079492605233, 226.56830678243864, 2538.1412818728104], [-305.0429326917506, 459.53793994559044, 2651.325185417886], [-63.53287738997331, 223.513867045678, 2842.139089543452], [-96.21726670825522, 654.0790405623434, 2996.952669673747], [-106.94058522410006, 1035.3537748879562, 3176.0629015767977], [-495.57660030555866, -145.30182512443218, 2678.3159986791115], [-502.4697585005521, 134.53316420699807, 2800.3412611121203], [-498.10529928225236, 394.8319641412421, 2851.09055891108], [-205.61658751223777, 188.0728754406485, 2974.5924402608553], [-225.13933962240895, 624.1944720501498, 3128.8068702155847], [-206.03513481868643, 1003.1314193937659, 3260.5627211720857], [-519.9206826582677, -166.013511064305, 2357.4907440562665], [-416.99048090332906, -186.7878405252094, 2376.6355420462082], [-557.967998531305, -180.6541980046137, 2400.7830711328843], [-516.5389673405971, -224.19847718443947, 2489.322138699951]], "kpt2d_body": [[713.2173962249564, 491.09953980042445], [595.9228823959907, 464.0435908626334], [865.2293937022359, 652.4546208091921], [772.1296697742221, 512.6948630495908], [790.534720816722, 679.6275954355399], [764.26117674887, 802.6335768284523], [900.8899180578402, 664.1971774877612], [886.8731158220551, 868.4202776450949], [885.2740775006571, 1020.3225159026263], [660.4362968106985, 467.1046668035084], [668.5566915449116, 618.1504950920526], [676.5440792752479, 750.9577781430658], [831.1972252819071, 641.2083653847924], [827.9759294254924, 841.0896297180332], [842.1366159172138, 994.6117915119908], [609.2289996268685, 443.6552006883369], [674.5921486626233, 431.1636691333806], [592.2458876061075, 436.7191195660042], [628.2555938532978, 414.6946979365266]], "kpt2d_body_mask": [true, true, true, true, true, true, true, true, true, true, true, true, true, true, true, true, true, true, true], "kpt3d_body_mask": [true, true, true, true, true, true, true, true, true, true, true, true, true, true, true, true, true, true, true], "kpt_list": ["Thorax", "Nose", "Pelvis", "L_Shoulder", "L_Elbow", "L_Wrist", "L_Hip", "L_Knee", "L_Ankle", "R_Shoulder", "R_Elbow", "R_Wrist", "R_Hip", "R_Knee", "R_Ankle", "L_Eye", "L_Ear", "R_Eye", "R_Ear"]}