{"id": 5, "class": "person", "kpt3d_body": [[-268.0972517376628, -201.72524154769087, 2675.2055829354194], [-237.60353781118732, -210.51487817796192, 2446.8816091989183], [-220.4112003547837, 138.7991210656844, 3056.2781636026157], [-107.90099007728111, -243.2318129296251, 2692.3834885704737], [-24.10496147760032, -1.0062042661602533, 2790.0499251138376], [-253.37265029389692, 57.83896866390407, 2747.7546324723294], [-122.39424272914252, 107.24508100793486, 3076.4026742309857], [-104.43006306292177, 316.90497357658086, 3411.402638354196], [-115.50946295826577, 515.0057168941169, 3746.541025180784], [-418.7464090736238, -140.64048234610146, 2651.474843337699], [-382.0740848929182, 118.27897347048335, 2762.2854535568176], [-157.84885822820175, 41.611135741258565, 2777.000735465015], [-318.42820937312325, 170.35370954761754, 3036.1544994904634], [-292.066597654739, 414.23651676938425, 3358.872020435974], [-293.520482456813, 608.3225974988559, 3693.971035597096], [-219.59627452615172, -255.7396277101338, 2434.871157882055], [-206.27320296693284, -331.2350403841648, 2505.3108346026743], [-276.68577916553477, -235.30777899801615, 2429.5133353680512], [-350.11184542297116, -278.9981178527395, 2488.3787223965196]], "kpt2d_body": [[780.1288639803796, 442.40259209972754], [785.0984958170174, 425.63211774024234], [824.423224264321, 633.5640447505648], [875.3437489003495, 418.5820565068974], [925.1959417376836, 561.0466947337752], [792.5778579651169, 594.9521074115045], [875.695361306356, 616.9037120946431], [890.3609022839664, 708.7169685317155], [890.1401470595124, 778.7835795368574], [689.3684382537299, 477.9935359296249], [720.0145376017, 629.2374158760405], [848.5967688928171, 585.3781134192079], [772.6746473103374, 650.3624404049606], [801.3670028807998, 756.3066140620006], [813.5349250428225, 820.9821455554833], [796.1347034137249, 395.68869028077563], [808.7264196390305, 352.9835465730553], [758.7450483774614, 408.72407053263146], [716.8297045756638, 385.0253567921875]], "kpt2d_body_mask": [true, true, true, true, true, true, true, true, true, true, true, true, true, true, true, true, true, true, true], "kpt3d_body_mask": [true, true, true, true, true, true, true, true, true, true, true, true, true, true, true, true, true, true, true], "kpt_list": ["Thorax", "Nose", "Pelvis", "L_Shoulder", "L_Elbow", "L_Wrist", "L_Hip", "L_Knee", "L_Ankle", "R_Shoulder", "R_Elbow", "R_Wrist", "R_Hip", "R_Knee", "R_Ankle", "L_Eye", "L_Ear", "R_Eye", "R_Ear"]}