{"id": 5, "class": "person", "kpt3d_body": [[-315.9629886204297, -210.6153331177888, 2653.547831072984], [-255.63271440363522, -217.16203068783364, 2455.7871457989004], [-219.16902979023183, 106.81225776840286, 3050.50573772488], [-273.02197164975667, -323.1887385935405, 2728.288813537784], [29.03148359175651, -329.3548039296561, 2746.39090678666], [-7.227554442084703, -307.3199470226802, 2520.381659227225], [-165.03495374923315, 45.02407946574522, 3096.7870513052403], [-101.49514509949182, 301.3365755296314, 3415.120132808136], [-115.36717045564305, 513.5593793426425, 3747.4595832319433], [-356.86910362409014, -97.12657025650039, 2576.301611282106], [-57.83957045865456, -36.18449341802048, 2557.699375687983], [5.70102851434541, -249.49703070844043, 2481.4229833676573], [-273.3027317325247, 168.6009829517971, 3004.2252325204345], [-266.33173751207215, 410.5449600673598, 3339.895624233863], [-288.43067095260955, 612.203490878501, 3695.1742533791403], [-250.5846961353459, -264.230319785977, 2442.9077461079096], [-266.33591222648, -342.0124474125783, 2512.521654457264], [-296.0929552936086, -228.5175247610092, 2436.22809534581], [-382.2041289967373, -249.6688214314201, 2483.9065759447885]], "kpt2d_body": [[750.4569201675116, 436.2710107710541], [774.09572333487, 421.9060534195851], [824.8293319865267, 617.0998772660267], [780.66559104749, 374.6854272376363], [955.7205577328613, 371.932741816669], [934.4132202805534, 368.7727375157292], [854.2291882456186, 584.6743787081949], [891.7670754836178, 701.3669186909265], [890.2108020372331, 778.1263330801427], [719.6798883258316, 502.08542058663966], [902.972265450544, 539.172065982648], [942.5999518331477, 402.42549165309913], [794.626607254263, 650.4392730944769], [812.7387762238637, 755.7264809286485], [815.753189976643, 822.5462472655076], [776.6337776478327, 390.86436297393675], [771.5026454578309, 347.08456596742064], [746.6916653247464, 413.5876895530249], [696.1120309293733, 403.3578683975771]], "kpt2d_body_mask": [true, true, true, true, true, true, true, true, true, true, true, true, true, true, true, true, true, true, true], "kpt3d_body_mask": [true, true, true, true, true, true, true, true, true, true, true, true, true, true, true, true, true, true, true], "kpt_list": ["Thorax", "Nose", "Pelvis", "L_Shoulder", "L_Elbow", "L_Wrist", "L_Hip", "L_Knee", "L_Ankle", "R_Shoulder", "R_Elbow", "R_Wrist", "R_Hip", "R_Knee", "R_Ankle", "L_Eye", "L_Ear", "R_Eye", "R_Ear"]}