{"id": 5, "class": "person", "kpt3d_body": [[-278.5870661272913, -212.06516659180232, 2661.732781480307], [-238.27653515209926, -189.5796432497304, 2444.4868455416376], [-236.7348313505278, 123.82256141336306, 3054.0106371117504], [-133.19412100502814, -274.7284157346649, 2695.9312722580817], [151.7997289752749, -233.66373658597576, 2750.929190712511], [121.16686378857673, -276.51162520152474, 2513.498396978058], [-144.64710219422474, 96.3215813673186, 3080.4795800317042], [-118.58294807542867, 306.1562110454202, 3398.277132408819], [-115.97294723881572, 514.3138470199317, 3746.788435045826], [-427.3923018979388, -167.42082435344565, 2639.3086043943604], [-662.792109132939, 5.619257703441747, 2593.2497737984495], [-628.1715635142531, -33.93271795253703, 2355.402709824668], [-328.82243521599196, 151.32358802856146, 3027.5416480017584], [-301.12369810425747, 413.55668537303427, 3360.598564023652], [-295.0719097540805, 609.4492573530961, 3697.1333618476665], [-220.86365381287789, -234.52852220907891, 2430.5144223774328], [-208.61735277323518, -316.5100493557674, 2493.0057976066582], [-277.11759707280856, -213.3932788794184, 2426.2058451319103], [-350.1800503450915, -263.41566287898496, 2477.550116637348]], "kpt2d_body": [[773.1410034209572, 435.7031799198045], [784.4639230704184, 438.9993892123075], [815.8627222084167, 625.8425742262801], [860.5961913827119, 400.38736869307405], [1026.5415036452105, 427.12681227424065], [1015.4027763071101, 387.5974003513809], [864.3029484601598, 611.2020322900555], [883.5595653824814, 704.2830599085269], [889.9469169240473, 778.4796825581741], [683.18667307808, 461.666432728519], [538.3895607051564, 565.0152819608181], [521.5116116108163, 539.1287530142496], [766.7653989004107, 640.6702355652776], [797.1866545850071, 755.8689988078919], [812.9829804427077, 821.2338467774022], [794.9991177401222, 409.12354073140136], [806.5612152717661, 361.223871746908], [758.1521049221258, 422.725617969875], [715.7605606428933, 394.1197468534858]], "kpt2d_body_mask": [true, true, true, true, true, true, true, true, true, true, true, true, true, true, true, true, true, true, true], "kpt3d_body_mask": [true, true, true, true, true, true, true, true, true, true, true, true, true, true, true, true, true, true, true], "kpt_list": ["Thorax", "Nose", "Pelvis", "L_Shoulder", "L_Elbow", "L_Wrist", "L_Hip", "L_Knee", "L_Ankle", "R_Shoulder", "R_Elbow", "R_Wrist", "R_Hip", "R_Knee", "R_Ankle", "L_Eye", "L_Ear", "R_Eye", "R_Ear"]}