{"id": 5, "class": "person", "kpt3d_body": [[-256.60487803689983, -177.4257563667607, 2663.8510913942555], [-215.16236849017073, -156.45793591040496, 2425.088143450125], [-224.31842773659025, 140.0407309487015, 3059.163221332629], [-96.82800322498032, -222.20333853650266, 2689.1222241433943], [-27.570465182101227, -53.71905991690468, 2915.0613202029676], [-92.38855341644317, 188.98499205426197, 2971.6215621070205], [-131.96586819009252, 108.93367228934792, 3077.3418222688233], [-111.2664062759677, 337.0175757017695, 3397.5324545462854], [-115.49033945529482, 515.765219778677, 3746.9153571224306], [-415.3421142950199, -123.03150576135671, 2639.756127838377], [-434.396105227964, 87.79225977153317, 2836.437584377878], [-258.2437531997277, 259.48976394957083, 2938.2145845807827], [-316.67070221691296, 171.1477039314414, 3040.9846577701387], [-293.6824149440333, 416.5827524812892, 3360.4568883427673], [-294.2228896280846, 608.3494067606069, 3694.774527058952], [-195.0660425585196, -201.09944052424743, 2411.801456628331], [-182.87808242043855, -282.60323264907845, 2475.055098724395], [-252.42869461281424, -181.13061759474823, 2404.9763352944824], [-326.7643139517409, -232.51724892338706, 2455.9904947398577]], "kpt2d_body": [[786.2161637758444, 456.26755328945234], [798.2173498851798, 459.530848937157], [822.5089948823226, 634.1355826140135], [881.7781993236, 430.7396981096497], [923.8958939488634, 532.3772654454094], [889.5447100751484, 662.4264337043388], [870.7752831983616, 617.7529996737053], [886.9863647936957, 718.642965717348], [890.1537367904235, 779.0796196720348], [690.2514621625922, 488.12585939167985], [696.7358924242479, 610.458765556453], [799.6484455513341, 701.2629958706561], [773.8496088095483, 650.6372791469481], [800.6786339564868, 757.306624568026], [813.2626257549161, 820.9360680811722], [810.7025287172726, 429.7215601893229], [821.9268175489357, 381.20386217186604], [772.6463856492053, 442.57259842077485], [728.6344295902362, 412.31466903709554]], "kpt2d_body_mask": [true, true, true, true, true, true, true, true, true, true, true, true, true, true, true, true, true, true, true], "kpt3d_body_mask": [true, true, true, true, true, true, true, true, true, true, true, true, true, true, true, true, true, true, true], "kpt_list": ["Thorax", "Nose", "Pelvis", "L_Shoulder", "L_Elbow", "L_Wrist", "L_Hip", "L_Knee", "L_Ankle", "R_Shoulder", "R_Elbow", "R_Wrist", "R_Hip", "R_Knee", "R_Ankle", "L_Eye", "L_Ear", "R_Eye", "R_Ear"]}