{"id": 5, "class": "person", "kpt3d_body": [[-265.1478588363327, -206.96422442411665, 2662.347332122329], [-231.36901681293566, -189.97043717368774, 2442.040426780897], [-223.38921615996, 129.66218653003708, 3048.2195555451376], [-111.58856136484674, -252.6399502022286, 2685.6740787278636], [165.17991977241246, -214.54778860221245, 2740.5676242365635], [160.9018562824629, -239.54829550839656, 2501.1793235673663], [-126.62682109287674, 106.6868284916751, 3074.2309799307604], [-109.94383684111625, 313.4027733061667, 3395.0621051025473], [-114.81863455867696, 515.3339858002015, 3746.476090723461], [-412.04619769825604, -155.8788665305874, 2640.143968084607], [-649.193727696434, 21.789708859656685, 2616.332605120191], [-568.2335370851047, 7.573380627781958, 2387.4331992058696], [-320.1510622186112, 152.63799676738068, 3022.2089937752007], [-291.5327689105736, 423.3865805419189, 3352.8348870035825], [-294.254962195555, 609.144551579938, 3695.958999412756], [-213.8958563039614, -235.0139977548776, 2426.3460562155137], [-198.7450884741928, -314.92253265380634, 2490.9889901140505], [-269.85040132683633, -214.44930052161658, 2424.5456390242653], [-342.36583998603305, -262.94894407154965, 2479.942703377629]], "kpt2d_body": [[781.1260089415995, 438.72202976429173], [788.7745623275623, 438.6093773398858], [822.5669278260616, 629.0068583060839], [873.0189040203936, 412.7060964068213], [1034.633248704863, 437.64750331921596], [1040.998581681828, 410.0751161048111], [873.463749904584, 616.6533690675715], [887.5492961962811, 707.7909643624719], [890.4314694594084, 778.9251835751625], [692.3126142955574, 468.5361855547053], [549.7608427867001, 574.6598407198089], [565.2334433542869, 566.5954357680873], [770.9892313250003, 641.5072757735911], [801.3946829976895, 760.9327770465229], [813.2906788887502, 821.1889171039858], [799.2871490372979, 408.5303127007562], [812.7014064835303, 362.03179490875567], [762.7491680830551, 421.9241022901132], [720.9026334151242, 394.54072248204176]], "kpt2d_body_mask": [true, true, true, true, true, true, true, true, true, true, true, true, true, true, true, true, true, true, true], "kpt3d_body_mask": [true, true, true, true, true, true, true, true, true, true, true, true, true, true, true, true, true, true, true], "kpt_list": ["Thorax", "Nose", "Pelvis", "L_Shoulder", "L_Elbow", "L_Wrist", "L_Hip", "L_Knee", "L_Ankle", "R_Shoulder", "R_Elbow", "R_Wrist", "R_Hip", "R_Knee", "R_Ankle", "L_Eye", "L_Ear", "R_Eye", "R_Ear"]}