{"id": 3, "class": "person", "kpt3d_body": [[-35.34822353711473, 83.28703896266433, 2734.11339918302], [-111.29044205744037, 97.6510133178148, 2557.6878234397145], [12.822025363314395, 476.12766544127504, 3057.3622314678346], [109.89630154472422, 105.83374327729658, 2677.1609800784645], [291.174522105294, 213.1261258429801, 2595.721293938766], [170.0480030776022, 148.3950643141391, 2405.3909245381697], [110.86518486069971, 492.36600818253396, 3024.006143979522], [146.09951329848866, 709.0490430838054, 3269.760148917226], [195.3585784280129, 937.8648606019458, 3537.1344780563372], [-168.5188654234824, 35.99439707894476, 2806.394402229029], [-371.30109645200514, 81.26660724897889, 2897.0831465065767], [-447.8632708735994, 0.6801589167488942, 2706.04322488677], [-85.22011566659668, 459.8895924987582, 3090.719386632428], [-17.711779567043102, 681.0372084019796, 3325.335544258418], [53.61108568342168, 921.3676542147356, 3574.48890104578], [-86.94562783472333, 65.5797789789932, 2532.8936763586876], [-10.40455739387209, 14.520240842295635, 2564.769085655141], [-138.1089739631534, 60.03092098459092, 2560.2342470062736], [-148.45619019772457, -7.003765118854233, 2628.0563279218063]], "kpt2d_body": [[896.8742336355299, 605.4400847554401], [854.3205477741321, 616.1297900070745], [920.7004397954763, 778.139501705158], [972.0231656085348, 618.0146504637432], [1070.3488430228883, 676.6462325936212], [1013.1418080281338, 648.6641474429077], [965.5833060601578, 787.7108902565026], [976.3303077445463, 860.5250919643898], [990.3555447370761, 924.4167492704119], [831.3172205552996, 580.9165559721425], [737.2196819482581, 601.9110610754102], [686.1207016244473, 563.4575156854754], [876.7275153041073, 768.6354723143561], [907.5747472351087, 844.5240593146884], [935.444160217862, 914.9598664900462], [867.0835929269263, 599.0793927552136], [909.2282601534639, 570.9761619139889], [839.8047069693353, 595.6687122077365], [836.2572289775653, 559.4053672300713]], "kpt2d_body_mask": [true, true, true, true, true, true, true, true, true, true, true, true, true, true, true, true, true, true, true], "kpt3d_body_mask": [true, true, true, true, true, true, true, true, true, true, true, true, true, true, true, true, true, true, true], "kpt_list": ["Thorax", "Nose", "Pelvis", "L_Shoulder", "L_Elbow", "L_Wrist", "L_Hip", "L_Knee", "L_Ankle", "R_Shoulder", "R_Elbow", "R_Wrist", "R_Hip", "R_Knee", "R_Ankle", "L_Eye", "L_Ear", "R_Eye", "R_Ear"]}