{"id": 3, "class": "person", "kpt3d_body": [[-7.5267640033230165, 55.57236066174724, 2769.4736337106006], [-71.90722431445323, 55.5298365893141, 2598.45656106181], [44.68681784837166, 457.1550345418842, 3079.5178582585913], [140.8251636863247, 71.90086618592147, 2719.708059399326], [221.44124143547447, 279.58190167404143, 2631.486716616432], [167.4901767764501, 149.06408249841235, 2467.596167604699], [151.62479995011847, 474.39198988842185, 3045.033327667293], [158.47664854806766, 697.2410135959495, 3278.3984712109004], [197.7288073888895, 937.9016583175628, 3539.6573269435], [-126.91680326637282, 16.572565556095782, 2832.361859799991], [-303.97716624874755, 175.67199183861504, 2884.865316635776], [-364.62903807282174, 57.76228270812666, 2719.360422421947], [-62.251375036394556, 439.9179391510289, 3114.002578476121], [-2.4460214720604156, 663.6541987731995, 3342.200989665989], [55.79517879783987, 922.2969793179437, 3579.4394104354365], [-48.00606732829937, 22.490122678333364, 2574.1431730313443], [21.973781380812696, -26.703185684106785, 2605.2976891752187], [-98.17668340911627, 17.94880719317618, 2600.2101395078626], [-106.3387326480084, -45.66958283073134, 2665.0644820273915]], "kpt2d_body": [[911.0943103477985, 590.9978879375994], [876.3407464209677, 592.8033848845578], [934.9873514732775, 768.2023446442863], [986.9571541526814, 599.8251341538527], [1031.5399279209903, 710.0601451992891], [1009.2380969447963, 646.8959356020748], [983.7595953772222, 778.0853993641585], [981.3830848789488, 854.9170374910088], [991.2167588283545, 924.1759662548045], [852.4912897640322, 571.2353175103758], [768.7144389889156, 647.4005301401119], [729.0748521663054, 592.4809887983359], [887.201711747544, 758.3790956669923], [913.8991562733337, 836.1474818427769], [936.2506672808495, 914.8308261090017], [888.9014171365782, 575.250146931462], [926.6303120469494, 548.8581163107657], [862.301241867403, 572.6979320196843], [859.3231128338793, 539.2978329124433]], "kpt2d_body_mask": [true, true, true, true, true, true, true, true, true, true, true, true, true, true, true, true, true, true, true], "kpt3d_body_mask": [true, true, true, true, true, true, true, true, true, true, true, true, true, true, true, true, true, true, true], "kpt_list": ["Thorax", "Nose", "Pelvis", "L_Shoulder", "L_Elbow", "L_Wrist", "L_Hip", "L_Knee", "L_Ankle", "R_Shoulder", "R_Elbow", "R_Wrist", "R_Hip", "R_Knee", "R_Ankle", "L_Eye", "L_Ear", "R_Eye", "R_Ear"]}