{"id": 3, "class": "person", "kpt3d_body": [[-1.8983998711970074, 49.3765138271479, 2791.1493291202373], [-92.0991916318011, 51.00420634748829, 2596.3045242143935], [36.89104926139425, 444.7470505610505, 3093.8267789245865], [136.54726266148586, 87.61326974793036, 2721.3488341956286], [212.93869609937866, 300.23285059757313, 2831.322443473442], [204.05882722897888, 520.1173220007344, 2930.898884025124], [123.0970838393086, 474.106310858446, 3051.355259633753], [163.87168121582306, 687.9378690663526, 3291.928238279654], [201.53604476613256, 938.908440878671, 3539.621926602871], [-148.99104350237644, 24.75093513321795, 2855.295760543358], [-186.92581505138378, 197.4927814866274, 3028.350553684045], [-206.93922755379197, 408.88804504168684, 3125.389174126507], [-49.314906772039, 415.3870953940265, 3136.2975559304596], [1.175619222429951, 651.3218135133901, 3356.6017392586446], [52.51695692885008, 921.1309534478028, 3581.1567424500327], [-64.36494509784012, 18.059503106671286, 2567.908240587446], [14.009176017069151, -23.84603230869132, 2601.339790183938], [-116.89288372194767, 9.76406409410572, 2599.2230188189887], [-119.60413772217017, -50.22633503477621, 2667.4873040547473]], "kpt2d_body": [[913.9327092838848, 587.6964265906287], [865.4841673957964, 590.4022801822462], [931.4111195478769, 761.7916869949178], [984.7222387506839, 607.8200289875763], [1019.1850628546634, 709.8351780360414], [1010.9364591151184, 807.3458063357734], [970.7017824667116, 777.5669297734494], [983.3888518382895, 849.9506910852007], [992.6810574629299, 924.5414770604955], [842.2448479778707, 575.1468206082276], [829.0895219544232, 653.5552129815503], [823.2071324613381, 743.8781060224786], [893.0949877071886, 746.3109473715416], [915.3893149184822, 830.0537625642702], [934.98934789832, 914.2415371702613], [879.9670391209384, 572.8806793070016], [922.3828120921912, 550.3630336293508], [852.2646821896996, 568.3252871426475], [852.4583331355484, 536.9498700329091]], "kpt2d_body_mask": [true, true, true, true, true, true, true, true, true, true, true, true, true, true, true, true, true, true, true], "kpt3d_body_mask": [true, true, true, true, true, true, true, true, true, true, true, true, true, true, true, true, true, true, true], "kpt_list": ["Thorax", "Nose", "Pelvis", "L_Shoulder", "L_Elbow", "L_Wrist", "L_Hip", "L_Knee", "L_Ankle", "R_Shoulder", "R_Elbow", "R_Wrist", "R_Hip", "R_Knee", "R_Ankle", "L_Eye", "L_Ear", "R_Eye", "R_Ear"]}