{"id": 3, "class": "person", "kpt3d_body": [[-37.42743596075183, 102.86907183435503, 2711.291502670415], [-119.3828502795165, 109.3379398671965, 2516.842237317026], [11.8848265862027, 445.2283193825315, 3010.5742774061137], [111.09126413757005, 119.85925954009772, 2655.7142198855763], [236.63299518142256, 198.37614572307714, 2858.1773417301997], [299.50903267923826, 385.0321237565367, 3000.071898517072], [107.80193967034806, 470.7766714998804, 2937.942502696476], [30.77671064527582, 802.4210272009817, 2989.4090486589516], [149.7854300380398, 889.2382842582778, 3366.032525489062], [-193.65323971837967, 86.89049210581246, 2759.770101808101], [-262.9407784236913, 272.006981043633, 2897.605334424351], [-294.3915936990157, 469.50374322647906, 2764.670147941255], [-84.03151980966027, 419.68087921072663, 3083.207946988941], [-30.280934527741472, 714.209516715325, 3281.425632283811], [37.82036409983409, 957.9648281136037, 3513.71070800872], [-92.20874215044103, 76.98237280012265, 2492.861416155619], [-12.434581108933926, 37.653073112550715, 2525.7171214655127], [-144.1098201958559, 68.8060626123891, 2519.219469200491], [-148.35043235853078, 9.061585308494813, 2589.858305776375]], "kpt2d_body": [[895.6578688150004, 615.8256742418573], [848.8779526026584, 623.4256694933808], [920.3617885386464, 767.4441670462021], [973.1025730997397, 625.7841346768155], [1029.8657593800856, 659.2859723746526], [1052.9779446494938, 740.2291024944536], [965.6376510624308, 784.2040772920514], [928.9938464583113, 928.9762145005311], [975.7238908497463, 923.2439129086315], [817.292521455936, 606.7996884426626], [789.0813309291505, 692.9727391579099], [768.2173071929792, 796.547880096922], [877.1275558738834, 751.3121380472617], [902.2246859393344, 861.7348012174848], [929.6264104449936, 934.4971625189194], [863.3835224014001, 606.0065473499401], [908.0216266575047, 583.8288968987283], [835.2803205858537, 601.030180087715], [835.1565795326719, 567.9657516532415]], "kpt2d_body_mask": [true, true, true, true, true, true, true, true, true, true, true, true, true, true, true, true, true, true, true], "kpt3d_body_mask": [true, true, true, true, true, true, true, true, true, true, true, true, true, true, true, true, true, true, true], "kpt_list": ["Thorax", "Nose", "Pelvis", "L_Shoulder", "L_Elbow", "L_Wrist", "L_Hip", "L_Knee", "L_Ankle", "R_Shoulder", "R_Elbow", "R_Wrist", "R_Hip", "R_Knee", "R_Ankle", "L_Eye", "L_Ear", "R_Eye", "R_Ear"]}