{"id": 3, "class": "person", "kpt3d_body": [[2.244568664763733, 54.3501373233272, 2761.728373912606], [-73.49950260648808, 52.00960305651975, 2596.6196636767], [49.00328036166574, 447.54943018696116, 3079.1867684830327], [131.97474654154797, 92.62421170027565, 2692.578000362312], [91.2891152554242, 341.1861461003494, 2706.9070110693374], [-137.459278885627, 280.2979610315101, 2780.8829495684186], [151.80630226757657, 477.0315094925903, 3039.4954194298957], [168.41140892301655, 685.8315045992297, 3291.660253935827], [203.00388315946975, 937.4139284445525, 3540.1797472869257], [-136.69922484804823, 28.169753515942944, 2817.068152519734], [-221.28515731361503, 260.886773672293, 2843.1902666305728], [-21.152194748075388, 295.50254309152166, 2736.159520618271], [-53.79925938842142, 418.0674217283205, 3118.8779675146184], [3.6879555541902675, 653.6931405016503, 3351.1213197939037], [52.543708857296494, 921.2507050727886, 3580.9488565855913], [-46.41586365190005, 19.253508289902044, 2573.3507640912626], [30.08284188254791, -21.5316638998722, 2605.1089995474126], [-97.93254736825929, 11.941624703340068, 2600.5718930370776], [-101.5526166096042, -47.21393526726928, 2671.425174821099]], "kpt2d_body": [[916.0124723337541, 590.461217610207], [875.45926500227, 590.9405804034454], [936.9351909551187, 763.9631680543821], [983.1041712169374, 610.8820092174589], [961.6552751423737, 737.5007362014378], [846.2689530172377, 702.7271258764048], [983.9607508397231, 779.6530213616186], [985.2938858964562, 849.1054066722974], [993.2390000578581, 923.928426663444], [847.325980440514, 576.9972407850047], [806.9052541852907, 690.1399891046182], [904.1533019078639, 712.7499618908147], [890.9836070825855, 748.498083954261], [916.4238363156342, 831.4347166514749], [935.0006168040956, 914.3052329727338], [889.7538909398072, 573.5057841561827], [930.967649771537, 551.6166787945162], [862.4387826519575, 569.4869156706153], [861.947907594544, 538.5503748189991]], "kpt2d_body_mask": [true, true, true, true, true, true, true, true, true, true, true, true, true, true, true, true, true, true, true], "kpt3d_body_mask": [true, true, true, true, true, true, true, true, true, true, true, true, true, true, true, true, true, true, true], "kpt_list": ["Thorax", "Nose", "Pelvis", "L_Shoulder", "L_Elbow", "L_Wrist", "L_Hip", "L_Knee", "L_Ankle", "R_Shoulder", "R_Elbow", "R_Wrist", "R_Hip", "R_Knee", "R_Ankle", "L_Eye", "L_Ear", "R_Eye", "R_Ear"]}