{"id": 3, "class": "person", "kpt3d_body": [[-31.94439926239216, 81.91636211987841, 2733.888867246006], [-108.81780287659176, 95.27063175399803, 2558.745701553034], [16.89371109414477, 474.00143666494307, 3059.4919260260276], [116.74713481454268, 125.03236229537833, 2657.2613958306715], [297.15217921671973, 208.18841995227118, 2600.825497892044], [174.82923588771013, 132.52513899469918, 2418.0648557815393], [115.22326429556914, 490.0671540291086, 3026.500828791646], [146.84869550372073, 707.3588528995717, 3269.8691177867786], [195.7691702057815, 937.6113934265487, 3537.5081032469056], [-166.29271644416647, 36.22583427037014, 2805.9474485975834], [-362.84042571125497, 74.09104982336288, 2907.432293149959], [-449.9110812075918, -6.704768245345605, 2715.984039774872], [-81.43476603611468, 457.93524769167396, 3092.4849257996857], [-15.06576662702578, 680.621020979924, 3325.642199686429], [54.15048777337795, 922.0841331387588, 3574.9201473056883], [-85.3546279349766, 63.993369386285366, 2533.3277308293264], [-8.12259270377858, 12.349598807415418, 2565.448571786762], [-135.22498875500781, 57.2333101543461, 2561.5552436196604], [-146.76454837397202, -7.821984455643616, 2628.2107496085764]], "kpt2d_body": [[898.6064777500529, 604.7475594354805], [855.687812676397, 614.8181862413137], [922.5383551895865, 777.0445068293016], [976.0252545795905, 628.4448284408896], [1073.2232177698284, 673.7941321295665], [1015.390798943991, 639.1260934942665], [967.5348777197565, 786.489632388291], [976.6465030253744, 859.8228653797898], [990.5068734375379, 924.2848611269596], [832.4057257506495, 581.0343878587585], [741.8371779583006, 598.3687353179386], [685.9195472656405, 559.7059567716475], [878.440656780055, 767.6613167462076], [908.6709118605748, 844.3314869219189], [935.6476554813269, 915.1824709701508], [867.9651933565692, 598.203925402719], [910.4689630435662, 569.7979047255938], [841.4065804248288, 594.1367411008238], [837.1560618331641, 558.9731173481657]], "kpt2d_body_mask": [true, true, true, true, true, true, true, true, true, true, true, true, true, true, true, true, true, true, true], "kpt3d_body_mask": [true, true, true, true, true, true, true, true, true, true, true, true, true, true, true, true, true, true, true], "kpt_list": ["Thorax", "Nose", "Pelvis", "L_Shoulder", "L_Elbow", "L_Wrist", "L_Hip", "L_Knee", "L_Ankle", "R_Shoulder", "R_Elbow", "R_Wrist", "R_Hip", "R_Knee", "R_Ankle", "L_Eye", "L_Ear", "R_Eye", "R_Ear"]}