{"id": 5, "class": "person", "kpt3d_body": [[-20.070196160881455, -14.457446255866557, 2687.0571898201442], [-152.07190185133, -172.85386987702339, 2585.919823315525], [-35.127124570447336, 501.92225239559974, 2645.8113012525996], [86.89605223999865, -23.99761235621753, 2562.0979314473043], [297.0823255243304, 165.80762646454886, 2481.001789079416], [152.16459851749272, 363.0267204421145, 2525.9835679018342], [37.04958572897772, 506.1642029468007, 2573.8515615474125], [46.608543674402156, 906.2019576462154, 2559.8857199953763], [100.03745701357148, 1291.9444647716305, 2589.2155487494233], [-121.5301604444463, -5.922576697263366, 2816.7253927756874], [-185.91017766202984, 214.33344664502016, 3010.1571251938144], [-164.6383074320372, 405.777551114969, 2834.1989193803597], [-107.30286696073495, 497.6812788880387, 2717.7707115072926], [-106.45438978886074, 923.679832090927, 2697.4678909187614], [-62.050161797872114, 1303.6208656703277, 2718.4756248786475], [-118.41954788669469, -209.75924171261227, 2577.431501168666], [-18.943307703253893, -203.40774454431454, 2603.3769949581456], [-158.21340651189288, -203.4753276008709, 2623.2287399601046], [-119.88445257782736, -190.4131201226923, 2717.1500181301153]], "kpt2d_body": [[924.1389361436981, 551.2559831362021], [852.5153811195275, 465.68167644201964], [916.2292322623167, 820.7358523460329], [982.0159844092841, 545.6962649433153], [1101.2016197886348, 651.5249500250925], [1018.274689227956, 757.9174127367196], [954.519315208549, 830.1330594560172], [959.262635208198, 1035.9968463939113], [985.422672091539, 1211.8322871619762], [874.2676459142049, 555.830959844865], [848.4288158563411, 657.8678426719222], [853.9104027682449, 757.1668359491814], [879.9384901396729, 811.7167594906326], [881.2283603145197, 1021.179840737188], [904.6332025087424, 1189.1617582532863], [870.4815838442163, 445.46014012526894], [924.4292116468531, 449.90344094609213], [850.4573398102976, 450.8027534526193], [872.9920440991557, 461.14756543000095]], "kpt2d_body_mask": [true, true, true, true, true, true, true, true, true, true, true, true, true, true, true, true, true, true, true], "kpt3d_body_mask": [true, true, true, true, true, true, true, true, true, true, true, true, true, true, true, true, true, true, true], "kpt_list": ["Thorax", "Nose", "Pelvis", "L_Shoulder", "L_Elbow", "L_Wrist", "L_Hip", "L_Knee", "L_Ankle", "R_Shoulder", "R_Elbow", "R_Wrist", "R_Hip", "R_Knee", "R_Ankle", "L_Eye", "L_Ear", "R_Eye", "R_Ear"]}