{"id": 1, "class": "person", "kpt3d_body": [[-885.3937568171972, -159.78086109134665, 2944.5053315795794], [-947.4660588298841, -205.56540803917102, 2689.4388378803815], [-848.4406374234483, 263.9151161588606, 3293.3372809992466], [-811.529416124166, -66.60733565303829, 2823.9310730681195], [-781.9453450896194, 181.49336826650185, 2968.8617950119833], [-867.326714974415, 392.0532914277835, 3107.7747197137905], [-824.6743408167036, 327.11356198068574, 3214.519888159065], [-813.5830052314553, 658.9567789536294, 3473.6230554961094], [-786.0059505519832, 989.1105754690154, 3713.3125918175874], [-967.8015515157075, -263.16223883869753, 3069.59233467221], [-977.3337576411459, -66.68054570504793, 3289.418909551123], [-1052.0728715248802, 151.2026005513951, 3417.5092504246845], [-872.1973326368419, 200.7189170215905, 3372.1527333100585], [-858.9709180013992, 557.313055842687, 3635.9315565674365], [-835.8804772050362, 861.7131262830751, 3906.346191727473], [-916.5541411830202, -243.39661297509508, 2680.4529891945863], [-856.8890456532852, -283.5853886175832, 2755.070025245808], [-973.4584455930783, -249.19466092934556, 2688.503887820665], [-1006.5828097079, -301.79266961986656, 2774.0830186894236]], "kpt2d_body": [[537.6689981850072, 488.95818538941035], [472.0785327550454, 459.8816520560599], [594.2514122208223, 671.7068090044467], [554.7017252910684, 530.4488511731738], [586.4166145332515, 645.8020139909778], [567.0664758859641, 733.4615962029686], [596.0399195523671, 701.0518990911598], [627.7571921757872, 819.796925475926], [660.2706359453517, 921.4755349051541], [519.3426373436159, 446.71395510704315], [542.0328379780885, 534.9949643471332], [528.3207855946334, 622.4124438992907], [592.6295609755513, 643.666614668173], [624.0143035672336, 771.0265837158661], [655.5447968568504, 861.4196547223771], [485.4482907655512, 440.4404493104677], [525.1768119389139, 423.5034016228819], [460.09658955570023, 438.36133455828525], [459.5236667154474, 416.9337381402962]], "kpt2d_body_mask": [true, true, true, true, true, true, true, true, true, true, true, true, true, true, true, true, true, true, true], "kpt3d_body_mask": [true, true, true, true, true, true, true, true, true, true, true, true, true, true, true, true, true, true, true], "kpt_list": ["Thorax", "Nose", "Pelvis", "L_Shoulder", "L_Elbow", "L_Wrist", "L_Hip", "L_Knee", "L_Ankle", "R_Shoulder", "R_Elbow", "R_Wrist", "R_Hip", "R_Knee", "R_Ankle", "L_Eye", "L_Ear", "R_Eye", "R_Ear"]}