{"id": 1, "class": "person", "kpt3d_body": [[2.3305606229924436, -94.92871573776071, 2727.0402755290515], [-186.82995977329793, -219.71979189044674, 2670.6274493126443], [27.692140689846667, 363.03643250846915, 3107.9995864556486], [-17.67434866776135, -5.172236162126325, 2612.2672089018934], [11.253605055269134, 264.3191055097328, 2537.492611483608], [-5.9577431651212365, 521.8124468105431, 2449.8620844477373], [12.542911239461567, 424.6362884667869, 3028.5314432122077], [47.85149172673808, 780.476353207433, 3305.1208913277173], [89.88176831495517, 1090.5612812931324, 3526.8765851864146], [33.6454393142969, -192.806071177842, 2832.494451309274], [185.72509921122358, -252.05853552406495, 3095.3016248056697], [283.13789302914256, -322.57130449624043, 3347.7062569836125], [42.84229637858456, 301.436783941524, 3187.4673994395966], [90.357562336291, 650.2280886064511, 3456.165108359403], [126.76007305938523, 957.3242410096866, 3704.1703766240853], [-178.11401709307378, -227.99956446383362, 2623.3481633123984], [-93.18776673104583, -193.60557219281674, 2570.827848568992], [-166.88740073657232, -264.84080425134067, 2667.867208761611], [-66.33694670735392, -289.06890784426935, 2684.4923395423]], "kpt2d_body": [[947.3583891533483, 514.100991404436], [848.9531881009459, 448.4582069493775], [958.5544075340713, 724.337714099324], [936.7312036873923, 559.7480888702198], [952.3407673900447, 706.9387700654576], [942.8568261184887, 855.0128169117444], [951.9262404969335, 756.4377138806096], [966.0912979198166, 885.8688876553842], [980.8656692772993, 981.4336958985625], [962.7121273515289, 467.95164960495396], [1029.610055195689, 449.5586749059135], [1063.5840444305911, 429.09142076748117], [964.8686702580653, 693.6992743406238], [982.2870611447916, 821.5425386510008], [993.056512310043, 915.2774556922357], [851.8319395971353, 442.0446512781134], [895.7271518506143, 457.9682599507365], [859.2939506723424, 424.97709766684943], [911.8376609053, 413.2526637405738]], "kpt2d_body_mask": [true, true, true, true, true, true, true, true, true, true, true, true, true, true, true, true, true, true, true], "kpt3d_body_mask": [true, true, true, true, true, true, true, true, true, true, true, true, true, true, true, true, true, true, true], "kpt_list": ["Thorax", "Nose", "Pelvis", "L_Shoulder", "L_Elbow", "L_Wrist", "L_Hip", "L_Knee", "L_Ankle", "R_Shoulder", "R_Elbow", "R_Wrist", "R_Hip", "R_Knee", "R_Ankle", "L_Eye", "L_Ear", "R_Eye", "R_Ear"]}