{"id": 1, "class": "person", "kpt3d_body": [[-892.0801290960312, -151.25954563064283, 2931.2492670738948], [-1000.2674728540295, -198.54461652097314, 2693.703838190285], [-846.3862970368365, 270.9467188456648, 3280.558460382669], [-830.0660767718973, -54.570592006853644, 2804.4492735002714], [-798.4726526062852, 190.46549285799856, 2950.7700066110415], [-863.8613085308937, 411.4739468642645, 3085.067934811612], [-827.5382541400382, 334.78324262410797, 3200.1602985914838], [-816.0608410918665, 665.7050172149269, 3468.7169127570837], [-786.750866629448, 991.9496850871301, 3712.8234219249644], [-963.7929968107193, -255.8798645541728, 3064.082966018891], [-977.5922400354692, -54.25090441595245, 3277.9342557352106], [-1058.8770094893544, 164.20939594476764, 3404.54627285955], [-865.2342959272694, 207.11098285556432, 3360.9572366630464], [-862.2482623380915, 558.9910906969773, 3632.5963547240935], [-834.0146994672323, 859.5055426501466, 3903.6895568075033], [-967.6104277678359, -233.07140612576177, 2675.715102770686], [-889.334692163373, -270.2452970472086, 2731.503034883035], [-1019.2964237305287, -245.262740596269, 2697.2928948118433], [-1026.3849405553199, -300.179324024804, 2785.892492714383]], "kpt2d_body": [[532.9322542126965, 492.600825681696], [448.127611465566, 463.8741887657228], [593.7923895772681, 675.0352546003716], [543.4981190636395, 536.092783367732], [576.9865149675327, 650.3551075091995], [566.0414102865374, 743.1380177331309], [593.4031301448779, 704.874267580492], [626.4485660738347, 822.7083470619574], [660.0005363527537, 922.5053174261227], [520.2529778799043, 449.6911340613555], [540.5666895457189, 540.0472168347578], [524.2753564616048, 627.7740606032577], [594.2483244315815, 646.5387724139856], [622.5502526880468, 771.8065838757144], [655.971292691061, 860.8821656393812], [460.545511651115, 445.7998533635187], [506.4304608643402, 429.1902725659945], [440.3019582237346, 441.06127420796565], [452.5266765656545, 418.4631937092415]], "kpt2d_body_mask": [true, true, true, true, true, true, true, true, true, true, true, true, true, true, true, true, true, true, true], "kpt3d_body_mask": [true, true, true, true, true, true, true, true, true, true, true, true, true, true, true, true, true, true, true], "kpt_list": ["Thorax", "Nose", "Pelvis", "L_Shoulder", "L_Elbow", "L_Wrist", "L_Hip", "L_Knee", "L_Ankle", "R_Shoulder", "R_Elbow", "R_Wrist", "R_Hip", "R_Knee", "R_Ankle", "L_Eye", "L_Ear", "R_Eye", "R_Ear"]}