{"id": 1, "class": "person", "kpt3d_body": [[56.221010330513614, -112.46709375225194, 2715.18279071529], [-138.58703487810348, -231.45904181478159, 2672.938626288487], [27.94826645794462, 356.94214287318374, 3104.1115844141987], [45.76090315374042, -28.163530154608196, 2590.7563878124556], [53.11444041277159, 242.0299109812558, 2617.492203123742], [-133.88083436394186, 323.0903712993205, 2788.800662347846], [19.493116126256815, 413.0491052771265, 3021.523512934595], [43.81571980084946, 777.3146880437031, 3303.610325154117], [89.4348243751621, 1090.4082308665597, 3527.631512899283], [102.46247899549397, -214.92567180160847, 2817.7117335924736], [137.24399060271827, -108.92853444213998, 3070.0362349735974], [-77.04279805659048, 26.09505595622892, 3157.890441179954], [36.40356254232888, 300.8348766068342, 3186.7000252497132], [86.08740000382323, 648.2124938907656, 3455.0020681207666], [127.26552881170896, 957.8421991134945, 3702.597954131483], [-130.99213766656862, -240.06662338524535, 2625.1285150735393], [-48.09596913650424, -204.6934699256886, 2568.232204782207], [-117.19377158011926, -274.58218118416823, 2669.9245233805964], [-14.25011738091321, -297.86313806455837, 2682.502302941952]], "kpt2d_body": [[975.0255786501606, 504.92229665677445], [874.0871753054998, 442.4159082814687], [958.6856494621092, 721.8392251407189], [970.7951228169467, 547.383267653687], [974.3994318323851, 690.7887142519699], [879.5374758252917, 722.9133165708291], [955.130958320217, 751.6342418193464], [964.4249451525703, 884.7436498765454], [980.6867606435464, 981.2932965543081], [996.7801843167302, 456.61974233914805], [1008.454313214863, 513.1941908037888], [912.1525711106426, 573.9931764276253], [962.0631282112543, 693.4715408501061], [980.595262069649, 820.8445495453584], [993.261595027053, 915.6051016844975], [876.8103399447928, 435.70539919626606], [920.1072538449164, 451.8585555615906], [885.1878193804462, 419.97418519949474], [938.7948563205998, 408.6009623311286]], "kpt2d_body_mask": [true, true, true, true, true, true, true, true, true, true, true, true, true, true, true, true, true, true, true], "kpt3d_body_mask": [true, true, true, true, true, true, true, true, true, true, true, true, true, true, true, true, true, true, true], "kpt_list": ["Thorax", "Nose", "Pelvis", "L_Shoulder", "L_Elbow", "L_Wrist", "L_Hip", "L_Knee", "L_Ankle", "R_Shoulder", "R_Elbow", "R_Wrist", "R_Hip", "R_Knee", "R_Ankle", "L_Eye", "L_Ear", "R_Eye", "R_Ear"]}