{"id": 3, "class": "person", "kpt3d_body": [[721.3417066236354, -464.45360770971274, 4039.3661347781176], [748.556378033208, -579.6422437625797, 4223.553859453581], [680.347057085604, -4.9973786439618095, 3965.668780522001], [586.0833061390299, -477.78902482369847, 4007.6171795141317], [480.6960474478261, -235.71994676274542, 3988.569325971675], [499.5984233949389, -28.68709008099458, 4113.755763921143], [567.0423184801753, -16.261082130102835, 3943.354265290418], [542.4057480513699, 323.57016372756607, 4092.9495794113514], [509.4049047192375, 675.5593348867396, 4176.3827670450555], [858.5024142042807, -457.290630993851, 4052.3544889103096], [904.9747334946096, -333.24147711120145, 4353.652450904807], [923.0465372475135, -312.5646484825005, 4623.727948073928], [793.6477092292954, 6.270883751447229, 3987.975323478077], [758.0460854094486, 307.38223237697355, 4210.915711069258], [741.4019376057879, 611.6861914033107, 4376.916777027805], [718.7009894401042, -610.054820370214, 4201.520166053716], [667.1679109324828, -611.8594064189141, 4101.547754182995], [133.05449579999998, 1172.533007, 3292.065567], [133.05449579999998, 1172.533007, 3292.065567]], "kpt2d_body": [[1218.6779152551212, 379.3158583742794], [1216.3072205283738, 345.6982203413239], [1208.930000310946, 552.3435267278667], [1169.8296133010915, 372.4658454662987], [1131.258125576362, 463.76654709559523], [1132.8269621637323, 543.5794008895987], [1166.8666646080494, 547.9563350621348], [1149.415140189531, 675.1627462924865], [1132.4889016575175, 800.625822621488], [1268.530503442396, 383.05771762741483], [1263.082751768252, 437.90725943054696], [1250.85656275787, 451.39146893407496], [1250.2488200453472, 556.6649185304046], [1221.3543361259642, 665.5342026342643], [1204.4807814771204, 766.7664465501479], [1206.8878374846058, 333.6101910858032], [1194.186147739359, 327.47918984484727], [1006.8314428256535, 1086.366563792108], [1006.8314428256535, 1086.366563792108]], "kpt2d_body_mask": [true, true, true, true, true, true, true, true, true, true, true, true, true, true, true, true, true, false, false], "kpt3d_body_mask": [true, true, true, true, true, true, true, true, true, true, true, true, true, true, true, true, true, false, false], "kpt_list": ["Thorax", "Nose", "Pelvis", "L_Shoulder", "L_Elbow", "L_Wrist", "L_Hip", "L_Knee", "L_Ankle", "R_Shoulder", "R_Elbow", "R_Wrist", "R_Hip", "R_Knee", "R_Ankle", "L_Eye", "L_Ear", "R_Eye", "R_Ear"]}