{"id": 3, "class": "person", "kpt3d_body": [[321.0706481450917, 140.19640955862343, 3160.3040701084406], [376.04792854873864, -23.976536269389612, 3259.535505626445], [215.41410248663743, 564.1885716482959, 3054.280294239381], [179.9852855041108, 121.15917780885411, 3209.611787026352], [112.11966074529876, 293.12501094557575, 3404.6556472129405], [178.55179220589037, 507.1122753832459, 3510.8869181974123], [115.19345214860124, 545.0909832023231, 3088.4655102056286], [209.0698449977887, 652.9541168607699, 3492.569087594936], [170.82089015087035, 1025.130498543433, 3397.846082468829], [461.1821104394818, 161.78044362750043, 3123.529247608439], [592.1518911367702, 373.54928422672543, 3248.4160671424515], [494.3855253022536, 558.8961986520209, 3396.8087409964883], [315.63442421769014, 583.2851439717051, 3020.0949064814404], [425.380228432502, 681.0969755394499, 3411.965211636939], [311.441947978244, 1037.9641210297057, 3346.6579553846555], [345.26565641702075, -51.35391418467819, 3235.9651053698326], [276.08931443105064, -22.522933225314432, 3182.8590381417116], [400.2231518774096, -38.34289812217705, 3223.7856817426], [418.46416434128747, 6.181909126204914, 3143.6012146470594]], "kpt2d_body": [[1102.4146248152872, 622.2933959567576], [1123.5481166543527, 542.9893986526137], [1053.9721454447608, 835.7150290211907], [1032.5813852949623, 612.2591796145917], [996.880470472096, 686.4047812706666], [1024.1952376564368, 775.1556021222742], [1003.2869117670609, 823.5858113116656], [1037.6863711183646, 839.1544664943937], [1022.1274736379182, 1008.325842466167], [1172.5746424221363, 633.4615680299776], [1224.2641645065078, 729.194140888115], [1168.1209678768807, 804.442617067455], [1105.5599768773552, 847.9185942174108], [1135.9912337049846, 857.2838573641939], [1086.3672451526252, 1019.9294009074531], [1110.2836805117647, 529.9267237082759], [1079.725812149135, 543.402197550194], [1136.9435259469742, 536.0422131628571], [1150.6197257081392, 557.2785143242787]], "kpt2d_body_mask": [true, true, true, true, true, true, true, true, true, true, true, true, true, true, true, true, true, true, true], "kpt3d_body_mask": [true, true, true, true, true, true, true, true, true, true, true, true, true, true, true, true, true, true, true], "kpt_list": ["Thorax", "Nose", "Pelvis", "L_Shoulder", "L_Elbow", "L_Wrist", "L_Hip", "L_Knee", "L_Ankle", "R_Shoulder", "R_Elbow", "R_Wrist", "R_Hip", "R_Knee", "R_Ankle", "L_Eye", "L_Ear", "R_Eye", "R_Ear"]}