{"id": 5, "class": "person", "kpt3d_body": [[194.46298983974935, -126.11290857649024, 2748.1837232360344], [250.496415976373, -329.895721092248, 2815.385451896269], [215.95511023754432, 335.1278029608518, 2980.8046613057645], [45.46255496111969, -145.3944125240706, 2806.3178768470466], [-170.17267198504692, -131.49455697725912, 2991.7838561847175], [-91.3553753635844, -364.99053339681336, 2971.7090559960984], [122.29770745968538, 333.59185146628903, 3013.5317477131553], [109.64258410201461, 690.8298584578898, 3147.7331281637817], [102.48052704777785, 1079.7573493634666, 3262.703243560759], [338.1746667746752, -104.96051117137839, 2690.8789213569166], [628.7494228119293, -46.640080606040755, 2684.051702333555], [666.5625428991694, -293.437462826849, 2701.9212125284344], [309.61242161560534, 336.66282196437874, 2948.0772114337333], [319.9805830962499, 725.1498326149203, 3121.8555934018264], [307.8510766480391, 1098.6344509672922, 3228.92784038316], [216.78304956210027, -360.7293953742943, 2793.5608798016256], [139.91850165759354, -328.5621616139589, 2731.952925400878], [272.3837386210345, -347.35091856139104, 2775.102904239502], [282.4050780902736, -299.8008471366079, 2685.677028482587]], "kpt2d_body": [[1055.134218441984, 483.80939879334795], [1082.7014696481692, 374.9952109001059], [1057.4506194713988, 726.4346037525033], [971.1618082235761, 474.64204054262575], [858.604054993526, 486.7600501741872], [898.9902056779443, 366.1231655208725], [1008.5777622718942, 723.9429849814738], [999.3166826614174, 887.8478282022879], [993.5021928922155, 1050.5204525872255], [1139.2086545048328, 494.52478387522956], [1302.8194888982407, 527.8905072685169], [1320.290143603731, 390.0510951776903], [1107.234678606045, 728.88881305731], [1101.9200680074819, 906.1280651451718], [1089.2159745262234, 1062.9851802143003], [1065.223859530951, 356.7606030390966], [1024.858867844592, 370.0704653221685], [1096.653362408769, 362.93680466124863], [1107.4507490145925, 383.5553827594905]], "kpt2d_body_mask": [true, true, true, true, true, true, true, true, true, true, true, true, true, true, true, true, true, true, true], "kpt3d_body_mask": [true, true, true, true, true, true, true, true, true, true, true, true, true, true, true, true, true, true, true], "kpt_list": ["Thorax", "Nose", "Pelvis", "L_Shoulder", "L_Elbow", "L_Wrist", "L_Hip", "L_Knee", "L_Ankle", "R_Shoulder", "R_Elbow", "R_Wrist", "R_Hip", "R_Knee", "R_Ankle", "L_Eye", "L_Ear", "R_Eye", "R_Ear"]}