{"id": 1, "class": "person", "kpt3d_body": [[24.325034855634023, -214.82646382971865, 2436.117828370252], [106.65604302223667, -271.1404012123587, 2220.9082905680957], [18.405356467129455, 296.790909992516, 2673.307497208192], [191.05624523508027, -219.4366900544864, 2458.2009290579817], [186.13337290778338, 57.77535841272268, 2386.675261769029], [155.0842851039842, -148.21588526052238, 2269.6205218678097], [118.95733760719355, 288.7593760357723, 2701.8802900085375], [75.62124749454236, 670.0685070403213, 2905.7433109052586], [49.734555607455924, 1003.1207089190825, 3111.7041866050204], [-139.8433540103373, -208.97314141912233, 2405.5453123710795], [-184.16493634785758, 68.90774332842511, 2419.485374631352], [47.34848559012801, 57.93735969890122, 2388.999835926313], [-82.14690019346361, 304.82199121284634, 2644.735552416206], [-84.80604820299766, 685.2718221095604, 2868.276794602026], [-98.58967501258627, 1028.618480726892, 3068.722769850219], [126.00956161869252, -315.2477492442846, 2221.6774918578303], [131.95323854012253, -379.21272946760485, 2307.9458976413216], [73.62419112172992, -302.1567925649492, 2205.8456995645847], [-8.472594251518117, -343.5236006885809, 2258.804363725444]], "kpt2d_body": [[946.0947491440464, 440.8460337667943], [998.9507457418191, 394.1572363562089], [941.7602155376876, 717.6010245380178], [1040.3430111470861, 439.55398580314903], [1040.9373261802853, 597.1194880940672], [1027.4086923269333, 472.6834047079129], [993.4572468546132, 711.8027501432643], [967.9965329760661, 879.9468019369947], [953.8901912184887, 1000.0157548108443], [851.1985036767855, 442.7767805906204], [826.0207245982788, 603.0618307670453], [959.8582427863798, 597.2367608705507], [888.9526048310333, 723.3959142529566], [891.5334304004481, 890.9864359132516], [888.6611115430284, 1016.3047023154961], [1010.9051445796052, 367.024069229789], [1011.3847588598551, 336.43823336148], [978.5501878985649, 373.6455216386165], [926.9688781812313, 352.9133431136663]], "kpt2d_body_mask": [true, true, true, true, true, true, true, true, true, true, true, true, true, true, true, true, true, true, true], "kpt3d_body_mask": [true, true, true, true, true, true, true, true, true, true, true, true, true, true, true, true, true, true, true], "kpt_list": ["Thorax", "Nose", "Pelvis", "L_Shoulder", "L_Elbow", "L_Wrist", "L_Hip", "L_Knee", "L_Ankle", "R_Shoulder", "R_Elbow", "R_Wrist", "R_Hip", "R_Knee", "R_Ankle", "L_Eye", "L_Ear", "R_Eye", "R_Ear"]}