{"id": 2, "class": "person", "kpt3d_body": [[-34.41627935916304, -241.81764588250218, 2608.4938072428035], [49.86263160482078, -254.94662954232197, 2421.4567373226514], [-51.96940167789503, 278.11373671504623, 2832.834784216948], [87.19599723553006, -266.3857212774973, 2663.6226463676076], [326.30082866589134, -314.71246146713054, 2801.4342767328985], [430.9294652442626, -387.54732233290224, 2603.7563240390436], [41.66033263371975, 277.27548684503074, 2865.6474415072007], [18.650226204706797, 588.9395307381088, 3065.648069842039], [-19.496183566525684, 898.6639878603477, 3250.519385221186], [-161.79537178122106, -233.36637206885797, 2568.787647340343], [-440.04234358768286, -238.50139215344512, 2495.56706794032], [-406.3860672807282, -300.34637469664244, 2258.3463162086923], [-145.59875196557297, 278.9519526307258, 2800.022233569646], [-179.07062356365464, 622.7004530381253, 2969.3888133036694], [-190.35529359019844, 940.7426085274965, 3163.311555574112], [72.82979039368851, -295.69282128702423, 2429.8949077048346], [71.37019185766049, -341.93347572149935, 2523.5803315496355], [15.876846698133162, -286.8430169936347, 2408.3690862793137], [-62.35580151450869, -316.1050051646789, 2468.2792643244575]], "kpt2d_body": [[913.7844402142063, 434.5947213948101], [960.8531558035794, 417.21773931341903], [906.6145874692505, 699.8591806751801], [977.7717547821803, 424.5306709990254], [1093.7263382419903, 408.0615355781507], [1160.2518513569657, 358.89254606969723], [952.4313316316952, 697.9070746013716], [940.5891232116819, 828.3488129469239], [923.9775073246793, 940.5859842941859], [844.4733659977485, 437.3006141622395], [688.5790605054135, 431.77729373671525], [684.2501914301064, 380.7093347024213], [859.7821189141879, 701.7678105562782], [849.040719870343, 851.7581427777795], [850.2080796786743, 967.4565136090113], [973.868402898474, 394.6350010028659], [971.4781358301817, 375.66495696935385], [941.3488802530504, 398.1555419599049], [897.0462518305343, 385.8560391106429]], "kpt2d_body_mask": [true, true, true, true, true, true, true, true, true, true, true, true, true, true, true, true, true, true, true], "kpt3d_body_mask": [true, true, true, true, true, true, true, true, true, true, true, true, true, true, true, true, true, true, true], "kpt_list": ["Thorax", "Nose", "Pelvis", "L_Shoulder", "L_Elbow", "L_Wrist", "L_Hip", "L_Knee", "L_Ankle", "R_Shoulder", "R_Elbow", "R_Wrist", "R_Hip", "R_Knee", "R_Ankle", "L_Eye", "L_Ear", "R_Eye", "R_Ear"]}