{"id": 1, "class": "person", "kpt3d_body": [[19.838409376384245, -233.87156745359064, 2409.6480783018196], [81.2440129313207, -324.9134815144437, 2215.7355025394054], [9.6726555919762, 291.73632424611867, 2677.1324201308407], [160.26352448585257, -267.25113255052054, 2468.155588097642], [441.9060276967076, -185.12534292138696, 2521.7466009642976], [418.5020927116116, -276.3148928331256, 2320.4748889703073], [103.11227418575726, 278.1998906875893, 2708.7914202512075], [70.71145413336546, 658.678062346134, 2924.243579068384], [48.18524282514478, 1004.2512090248588, 3111.3609719295455], [-135.19707100537408, -216.99850652414483, 2364.2600723528994], [-346.17561255653493, -44.55319643317722, 2222.7005620121436], [-202.01038115389912, -174.2102451818215, 2073.776338573037], [-83.76733452831797, 305.27231355681835, 2645.474241358096], [-85.36345095031595, 686.2319160241093, 2871.8499829337384], [-95.9713896522374, 1031.1423839313281, 3068.109632324019], [99.73325504397714, -368.75783850225343, 2225.5092609442736], [107.1309929905415, -407.5825827887296, 2322.8607224651732], [46.756595611936255, -357.3165447881105, 2206.8074795678563], [-31.86431439289059, -380.3604905986622, 2269.079851428923]], "kpt2d_body": [[943.6467734956791, 428.5719260475569], [983.079286255852, 360.4303843778649], [937.2055441885169, 714.7801687874717], [1022.4944394373673, 413.2475244574758], [1174.5579687765344, 462.1850756406642], [1180.9063764753923, 399.67197552509333], [985.179275288808, 706.0685927144757], [965.4819137460121, 872.8127021915031], [953.2150793348081, 1000.5286077862243], [852.5392668946068, 435.98181079198713], [716.0824730279344, 535.7132656227041], [796.7051608471954, 446.94271425875905], [888.1131966823637, 723.5842769749993], [891.3174841952662, 891.0348153738369], [889.8145076012996, 1017.4434993103854], [994.2752132091265, 334.46913292289526], [996.0248719165965, 321.20003262419425], [961.5586181929159, 339.5196363490022], [912.7108663651406, 331.7264649077083]], "kpt2d_body_mask": [true, true, true, true, true, true, true, true, true, true, true, true, true, true, true, true, true, true, true], "kpt3d_body_mask": [true, true, true, true, true, true, true, true, true, true, true, true, true, true, true, true, true, true, true], "kpt_list": ["Thorax", "Nose", "Pelvis", "L_Shoulder", "L_Elbow", "L_Wrist", "L_Hip", "L_Knee", "L_Ankle", "R_Shoulder", "R_Elbow", "R_Wrist", "R_Hip", "R_Knee", "R_Ankle", "L_Eye", "L_Ear", "R_Eye", "R_Ear"]}