{"id": 1, "class": "person", "kpt3d_body": [[34.45481817869347, -205.26369746506361, 2424.1007013238623], [99.64204983226956, -316.51731125867354, 2197.514324696176], [12.780036393811791, 288.1996731255808, 2685.7702789150676], [202.94559104542148, -227.67786425960622, 2474.3218540926473], [237.60324324362506, 16.458367560405947, 2607.376269637941], [229.4513821899102, 268.3847164880265, 2638.452881455055], [112.13036775334587, 277.0510607876598, 2716.0266706019374], [74.3126585878718, 657.4915744490148, 2927.873306825318], [50.22010926776964, 1004.60140112861, 3111.0557770557234], [-130.6766711277503, -181.77793966161374, 2362.8380298713323], [-181.6476868147522, 82.59789877279601, 2470.400657847813], [-130.27069993861872, 342.19770411158663, 2526.964604263922], [-86.57095307823877, 299.3460999808526, 2655.513685849187], [-87.45196095358807, 682.800984612881, 2882.614340305685], [-97.49847161232606, 1029.0026784731945, 3068.4864387457305], [120.57671131014587, -359.935681766175, 2207.617823751742], [133.53892610759428, -395.49680263603886, 2306.0703224915865], [65.83860290861571, -351.4946533674158, 2190.54734149418], [-11.971982248964528, -375.9791289683516, 2257.771410814555]], "kpt2d_body": [[951.9923999924152, 445.70609806100373], [995.1251273243303, 364.0340540300918], [938.8010665096051, 712.4798766448046], [1046.2876097463002, 435.7809979444237], [1059.2009790676545, 572.2264331305349], [1053.067147804074, 704.4683014091328], [989.6596866731043, 705.096835538963], [967.1369355587569, 871.8936804104305], [954.1046912233074, 1000.7110918211854], [855.0958937803631, 456.5248943677469], [829.6273092395194, 609.9537810446017], [860.5756705069532, 751.0149550146582], [886.8035015046569, 719.9065009171404], [890.463138158484, 888.264153323748], [889.1404125495327, 1016.4996363719782], [1007.8597285418779, 338.14209811045487], [1012.3463438188461, 326.66171592301714], [973.857344883656, 341.5319073415638], [924.8250034403234, 333.21364102977566]], "kpt2d_body_mask": [true, true, true, true, true, true, true, true, true, true, true, true, true, true, true, true, true, true, true], "kpt3d_body_mask": [true, true, true, true, true, true, true, true, true, true, true, true, true, true, true, true, true, true, true], "kpt_list": ["Thorax", "Nose", "Pelvis", "L_Shoulder", "L_Elbow", "L_Wrist", "L_Hip", "L_Knee", "L_Ankle", "R_Shoulder", "R_Elbow", "R_Wrist", "R_Hip", "R_Knee", "R_Ankle", "L_Eye", "L_Ear", "R_Eye", "R_Ear"]}