{"id": 1, "class": "person", "kpt3d_body": [[120.00296753177909, -209.49923414701644, 2449.8783831426927], [194.84329299994343, -313.1733611121307, 2227.249674100037], [101.58694355327597, 279.6928461847624, 2705.8452882265647], [263.24024196285217, -259.45850527986704, 2540.7258700930174], [293.5093612459212, -9.884134533910895, 2661.3345505495176], [297.8422486446288, 243.61925330641455, 2689.5783924603393], [186.63894711425453, 252.78286899245515, 2757.789878098933], [209.94412536323534, 655.5444809188721, 2935.5321149638307], [156.32641306623523, 988.2045495419175, 3161.333598830014], [-21.90532277349031, -163.08227625763095, 2355.055025263909], [-61.78679241851688, 108.41665656757797, 2452.7230359217124], [-18.131914771204176, 363.3038180351471, 2529.4351503398916], [16.53455596836059, 306.6028573314053, 2653.900591711245], [-30.76315518097205, 681.5225083344521, 2870.2171948126343], [-93.92087733603312, 1027.237128829009, 3073.1578220036427], [212.541935954111, -358.11366692936235, 2235.679103492305], [217.7753104676472, -403.01234503379544, 2331.689519777538], [159.09410293844752, -345.5978590629094, 2215.434476108996], [77.0129841131573, -370.4630650037644, 2277.4840797133907]], "kpt2d_body": [[1000.4287923300545, 444.6192155050172], [1053.4695513569543, 369.0253907594091], [984.4505892429665, 706.9860402703443], [1076.0803698161437, 421.99957041771404], [1085.741487109588, 558.2935400225888], [1086.0077893443663, 688.9322030701985], [1026.3859943569153, 690.7014381827535], [1030.5789000201826, 869.8527907010855], [999.4074493109199, 987.2163409419584], [919.195002921272, 467.0925399224934], [897.0012609078736, 624.9998508221036], [922.2185059505256, 762.4079320868636], [940.8464604991366, 723.8152095644856], [917.4393604643369, 889.1044281085237], [890.7743705732555, 1015.1276109631287], [1063.7229983867574, 342.4101337246235], [1061.2731726947698, 325.196641044644], [1031.6860619830918, 347.8755755642851], [979.0581977667491, 338.54392417078213]], "kpt2d_body_mask": [true, true, true, true, true, true, true, true, true, true, true, true, true, true, true, true, true, true, true], "kpt3d_body_mask": [true, true, true, true, true, true, true, true, true, true, true, true, true, true, true, true, true, true, true], "kpt_list": ["Thorax", "Nose", "Pelvis", "L_Shoulder", "L_Elbow", "L_Wrist", "L_Hip", "L_Knee", "L_Ankle", "R_Shoulder", "R_Elbow", "R_Wrist", "R_Hip", "R_Knee", "R_Ankle", "L_Eye", "L_Ear", "R_Eye", "R_Ear"]}