{"id": 1, "class": "person", "kpt3d_body": [[29.066930010945, -201.56115716842393, 2418.8198583552], [92.70307896291904, -314.147279660463, 2197.1831613114778], [9.020751008888865, 290.4653244378264, 2682.7113262302137], [198.0650633231193, -225.14349819334925, 2469.808589886065], [235.61854513300247, 18.458872613350792, 2602.9174414346735], [227.0351271057109, 270.4698701173545, 2634.9674171082943], [109.97077622362778, 278.1414853506459, 2713.077009945381], [73.34666962081411, 655.6871949498048, 2923.1586621535316], [49.79307772587652, 1004.6689362138743, 3112.37760321852], [-136.949953118265, -176.97533015808418, 2357.187022170805], [-189.4560179704643, 85.9735774815978, 2466.0197306831024], [-138.48180481736188, 346.90743882523356, 2525.265258331376], [-91.92890411128622, 302.79137447340804, 2652.345763911844], [-88.56375841413609, 685.0857378451542, 2880.083785015729], [-98.74568215843053, 1029.531191901954, 3068.1723441591225], [113.52593086902338, -358.04970443785817, 2207.7324639599874], [125.84171935248224, -392.7300596769014, 2306.461671001367], [58.061943159519174, -349.20914443980155, 2190.4436912275205], [-19.434539738164194, -371.1689207846713, 2257.5681918444625]], "kpt2d_body": [[948.9310835559131, 447.56829538583423], [990.7596513941093, 365.46540412372667], [936.8568917810746, 713.814177427534], [1043.7611187048913, 436.95531228886], [1058.3592472778091, 573.3101690181228], [1051.950569573663, 705.7498083856945], [988.6131286226646, 705.8071308029824], [966.7393716865961, 871.5542060819545], [953.9095105287928, 1000.5637059938028], [851.2029071261154, 459.1014852698978], [825.0475693726954, 611.9318749258916], [856.0305709891629, 753.6767221460539], [883.9443376904046, 721.8751740900617], [889.9014829719412, 889.592900009822], [888.5871610508017, 1016.7595839921246], [1003.4426238231364, 339.29575945652726], [1007.7291387294658, 328.30626281818047], [968.941211311335, 342.9318331044725], [920.2393812238399, 336.09748634946055]], "kpt2d_body_mask": [true, true, true, true, true, true, true, true, true, true, true, true, true, true, true, true, true, true, true], "kpt3d_body_mask": [true, true, true, true, true, true, true, true, true, true, true, true, true, true, true, true, true, true, true], "kpt_list": ["Thorax", "Nose", "Pelvis", "L_Shoulder", "L_Elbow", "L_Wrist", "L_Hip", "L_Knee", "L_Ankle", "R_Shoulder", "R_Elbow", "R_Wrist", "R_Hip", "R_Knee", "R_Ankle", "L_Eye", "L_Ear", "R_Eye", "R_Ear"]}