{"id": 1, "class": "person", "kpt3d_body": [[26.480874964155532, -240.53044902393665, 2410.4646002905024], [81.89768601938212, -336.7898836268263, 2228.6672390408953], [4.831205809421295, 289.6118296516718, 2688.2729295667777], [168.14387918952917, -269.95471558639895, 2474.5165973352573], [473.6927880592641, -262.49485567533526, 2418.505766486099], [524.9905029020039, -394.24259464363627, 2220.76782746549], [100.1200582295161, 280.6460418284999, 2715.5048502628056], [71.30887971231988, 662.4317233078766, 2926.50183748192], [47.74187331116814, 1003.5684463248789, 3111.7120664176646], [-120.47893001899928, -219.3460117607266, 2359.633170899163], [-308.5687382669749, -114.01499428798587, 2129.709238935195], [-231.6063136566724, -256.00755316677566, 1950.645586798621], [-90.4575728968593, 298.57577347593565, 2661.0424068100547], [-85.03311415210948, 684.0699098255302, 2872.642658653812], [-96.3140748288101, 1033.2394645419613, 3064.7264203377604], [100.53987150047791, -380.3503780858317, 2240.003073958327], [109.96802872013177, -413.2857440676652, 2336.4191180537255], [45.45230250979546, -369.2673890924, 2222.2295658456615], [-31.507989573990116, -388.2938363335712, 2286.346733461151]], "kpt2d_body": [[947.4804708857255, 424.80164521980987], [983.1721178893954, 354.30888695640556], [934.6770585801739, 713.0675171382995], [1026.6766365684416, 412.14261349242094], [1202.042702942017, 414.3092893567616], [1254.6733600461453, 321.92556747366854], [983.513236336605, 706.9650684765818], [965.7327481686268, 874.2922051795304], [953.0201176630654, 1000.2013029476268], [861.0603654202064, 434.33370810444967], [731.1000536993878, 489.3552168898715], [767.7383100923927, 382.18140879026146], [884.8647194624845, 719.1807539473716], [891.4823963173961, 889.9479861193157], [889.624179872854, 1018.7851869673163], [994.3486161825449, 328.8890474170537], [997.3247783550203, 319.27563210265646], [960.530106311206, 333.723487115658], [913.0779109450405, 328.7279163104676]], "kpt2d_body_mask": [true, true, true, true, true, true, true, true, true, true, true, true, true, true, true, true, true, true, true], "kpt3d_body_mask": [true, true, true, true, true, true, true, true, true, true, true, true, true, true, true, true, true, true, true], "kpt_list": ["Thorax", "Nose", "Pelvis", "L_Shoulder", "L_Elbow", "L_Wrist", "L_Hip", "L_Knee", "L_Ankle", "R_Shoulder", "R_Elbow", "R_Wrist", "R_Hip", "R_Knee", "R_Ankle", "L_Eye", "L_Ear", "R_Eye", "R_Ear"]}