{"id": 2, "class": "person", "kpt3d_body": [[-9.424016289150368, -166.46814364416514, 2559.1048424014753], [102.3321637908393, -207.19044852973056, 2357.026234950532], [-42.98629768152432, 301.5831099429648, 2816.5182816535685], [152.8791703321343, -183.93584806768615, 2609.5838188056387], [171.63654737338777, 40.34965130344858, 2783.365425272199], [174.52017823474407, 283.0030140144943, 2847.644877284004], [40.74777184025579, 277.67641940657927, 2863.330350596127], [26.54406488990969, 602.3170408376401, 3037.861905732494], [-28.096006145870554, 907.5114575689287, 3238.924504286075], [-162.2814502025342, -139.09119092056073, 2487.0880786924163], [-248.7753543742822, 115.20636876241852, 2598.7000903335934], [-202.91049700136202, 370.0105638254653, 2661.167454693914], [-126.7201626939123, 325.48930530001724, 2769.707194023058], [-164.7540379164019, 633.307689770407, 2957.744819087411], [-189.71289856532485, 940.7215054191755, 3160.67648588024], [125.22778279905663, -247.25337301831118, 2371.8613107728384], [119.03459095640777, -284.3965842007887, 2469.7265774907733], [72.34654443206952, -245.67834594747396, 2343.6012183012463], [-14.547346731268807, -279.05445065610263, 2398.904176900023]], "kpt2d_body": [[927.0341815761344, 472.9182844076951], [992.6726533141652, 441.2957223091579], [910.920853405753, 712.1536894169003], [1013.8366353921608, 465.4681239191898], [1018.2375812373638, 583.6296058711786], [1017.4730081547671, 701.3928960145189], [952.0034480421731, 698.2091505760443], [944.2510725847031, 836.658241735626], [920.3230762217668, 945.4473460427971], [841.1952445889714, 485.6872523265437], [798.8418644947055, 625.0277114476673], [826.3999025096949, 755.8056515126755], [868.5387957081732, 726.4569278862596], [855.4146966485048, 857.7156514683153], [850.4193044826031, 967.7710100908057], [1005.6617476485021, 418.75215366286807], [999.2230905877435, 403.6970239124636], [975.162066557691, 417.8701647610145], [923.733894791972, 401.97958537024124]], "kpt2d_body_mask": [true, true, true, true, true, true, true, true, true, true, true, true, true, true, true, true, true, true, true], "kpt3d_body_mask": [true, true, true, true, true, true, true, true, true, true, true, true, true, true, true, true, true, true, true], "kpt_list": ["Thorax", "Nose", "Pelvis", "L_Shoulder", "L_Elbow", "L_Wrist", "L_Hip", "L_Knee", "L_Ankle", "R_Shoulder", "R_Elbow", "R_Wrist", "R_Hip", "R_Knee", "R_Ankle", "L_Eye", "L_Ear", "R_Eye", "R_Ear"]}