{"id": 1, "class": "person", "kpt3d_body": [[24.529406847919056, -240.54986030902626, 2411.342589603194], [80.13642784087355, -335.97554048991685, 2227.6441595111087], [4.8328105434231805, 288.83230927960767, 2688.3820380190937], [159.27878429407508, -269.0722816755341, 2474.5272037509867], [466.64634199391594, -255.30587000201976, 2427.294919280318], [481.16544921577116, -417.4391617395246, 2259.4412285749067], [100.39055406095403, 280.38546737377476, 2715.187112369688], [71.57430232190042, 661.3153892265539, 2927.968479025564], [49.02907221205097, 1003.8970536589047, 3110.6288485911914], [-121.06971233910316, -221.49119792281454, 2365.604837800848], [-296.97037082522957, -101.2307242321377, 2134.529348148057], [-228.7799469289826, -280.3738567576876, 1999.4295506471408], [-90.72488568709021, 297.28003029143423, 2661.577448371077], [-83.95878370017368, 682.2418597847043, 2872.002777314612], [-96.04767940618004, 1033.1058762964938, 3065.5399938559967], [98.97400666448291, -379.48944578698945, 2238.692175906383], [108.0386809198157, -413.9608270167163, 2335.8846780868344], [44.43521112298364, -368.36750740261334, 2219.8536218761597], [-33.31859646720262, -388.11939974247093, 2285.139333132247]], "kpt2d_body": [[946.3474223352625, 424.84006467080013], [982.1003458297336, 354.71028463747837], [934.6778261269959, 712.6614637774909], [1021.7076789699719, 412.6144861032478], [1197.218732348132, 418.8356249165098], [1223.299352838274, 311.56880996432824], [983.6581054414632, 706.8489981135785], [965.8427694523486, 873.6316161018129], [953.5884806652253, 1000.4791184130827], [860.8948491689591, 433.4051353858601], [738.9724258959018, 497.7705519504693], [773.7711652799329, 369.84903478256444], [884.7329831764945, 718.4785310101781], [891.984318239496, 889.174573862452], [889.752118799402, 1018.616628067536], [993.4188011736665, 329.27276925619685], [996.1957061376278, 318.8236017320403], [959.9260074457552, 334.0320954088985], [911.9699041028493, 328.7112107246768]], "kpt2d_body_mask": [true, true, true, true, true, true, true, true, true, true, true, true, true, true, true, true, true, true, true], "kpt3d_body_mask": [true, true, true, true, true, true, true, true, true, true, true, true, true, true, true, true, true, true, true], "kpt_list": ["Thorax", "Nose", "Pelvis", "L_Shoulder", "L_Elbow", "L_Wrist", "L_Hip", "L_Knee", "L_Ankle", "R_Shoulder", "R_Elbow", "R_Wrist", "R_Hip", "R_Knee", "R_Ankle", "L_Eye", "L_Ear", "R_Eye", "R_Ear"]}