{"id": 6, "class": "person", "kpt3d_body": [[143.00994679469144, 9.245937912481281, 2657.523408348568], [287.75440209940484, -193.2190181319899, 2577.871024612108], [81.14179029165388, 432.33551474035505, 2993.816314921324], [60.87609781059879, -96.65689692642516, 2775.370538855973], [-2.9546072746020613, 123.7847367218049, 3000.861893469364], [18.885940230562113, 325.84370850054154, 3158.7558898308293], [24.892151366705384, 372.7275996393712, 3054.5102791806785], [24.517774977164713, 692.9688752998809, 3323.4558709152534], [2.064216582531593, 1027.0127209644263, 3587.4064488219433], [234.3785246488648, 112.14378326276616, 2547.719639692741], [244.02387468079206, 385.9355947022354, 2713.854911188685], [247.93049052298892, 552.5709519330487, 2923.8016159227277], [137.39228119509235, 491.9433198820543, 2933.120933043683], [122.65011692454163, 802.8292122666585, 3203.4653312879263], [75.339255083373, 1124.1427079636053, 3469.682862921065], [253.0073605530464, -232.35917010229997, 2568.733241193923], [148.38225584857898, -223.713148402272, 2577.3868082559416], [281.1499044110482, -195.36342877451546, 2525.11208888516], [216.64023751161665, -132.20878533901853, 2472.0568280465313]], "kpt2d_body": [[1023.8093263480633, 554.0917917211444], [1103.7691552738672, 445.4240684009495], [986.3645249232425, 749.0819558542231], [979.3632303925505, 500.78602935159387], [947.3908470844505, 606.6551617795367], [957.0853404650031, 692.4360149003971], [960.0923976422101, 718.422408962366], [958.9437544449104, 836.0258685792542], [949.5654285085984, 938.941514181688], [1076.7849796894452, 610.3559177284467], [1073.2678961896743, 745.6713631529717], [1065.7074802842385, 809.232114006117], [1013.5886478422427, 780.7736167963418], [1001.26763422693, 892.0007674508693], [978.2336770553817, 987.5827771750073], [1085.5443342860478, 423.94131089604036], [1028.87084170576, 428.77208949719557], [1103.3626513736554, 442.0875097689766], [1070.7144925035434, 475.0105632662975]], "kpt2d_body_mask": [true, true, true, true, true, true, true, true, true, true, true, true, true, true, true, true, true, true, true], "kpt3d_body_mask": [true, true, true, true, true, true, true, true, true, true, true, true, true, true, true, true, true, true, true], "kpt_list": ["Thorax", "Nose", "Pelvis", "L_Shoulder", "L_Elbow", "L_Wrist", "L_Hip", "L_Knee", "L_Ankle", "R_Shoulder", "R_Elbow", "R_Wrist", "R_Hip", "R_Knee", "R_Ankle", "L_Eye", "L_Ear", "R_Eye", "R_Ear"]}