{"id": 3, "class": "person", "kpt3d_body": [[-23.809880097117126, 118.76675495844722, 2750.716053855385], [-88.4840829101299, -9.126896642942768, 2656.594201590182], [-36.69819554933865, 630.4696885568533, 2650.6856024699127], [122.28599296804418, 94.33218116353913, 2700.786687415186], [117.01455817254555, 56.12685997552404, 2460.506410264671], [-48.90690754430018, -49.857029404274726, 2502.0177525194663], [61.77994974598572, 621.7013297254825, 2604.5956653186845], [56.18725348877315, 959.2869487235838, 2594.6322262599665], [65.50998775656781, 1313.2554633662232, 2583.1584099941233], [-165.9139761040437, 134.16523229558607, 2789.2264570451493], [-247.66967523365852, 151.39946017120948, 2573.536704513333], [-126.130778386966, -21.27875420089083, 2492.9274999556305], [-135.17623213701535, 639.2390221574851, 2696.775168127488], [-84.88841525454166, 969.093475592601, 2704.345935997034], [-59.1391526209832, 1320.554971319439, 2676.8736614419327], [-60.411480416595964, -45.588933769834625, 2663.3885668804446], [16.110065721152793, -41.72606158337828, 2712.3277511236447], [-107.52367541294947, -26.692919520004637, 2690.374917429856], [-116.87741295924127, -10.342648748823535, 2775.359218697071]], "kpt2d_body": [[922.4870826321284, 618.9865900229676], [888.011597749415, 553.9711296522725], [915.5638894293586, 885.33375170372], [997.8664236554414, 607.4636827052768], [1001.0616579738296, 590.5743901362769], [907.2500669694574, 530.9600098747622], [967.2582994047041, 886.4302784163556], [963.8436412576208, 1055.73578734365], [967.9446967274321, 1222.9016529275784], [851.529328209637, 625.7738709249716], [800.483461780884, 640.5501920381482], [863.8689492807599, 546.8600709266785], [865.6707385786465, 884.0345074564775], [892.2799050498845, 1041.3753711457064], [905.6927504838916, 1205.344752846465], [902.865778434803, 534.8809781384839], [942.8952768593009, 537.2956513834088], [878.7098580660922, 544.9239488639031], [875.7108291330393, 553.5657123224157]], "kpt2d_body_mask": [true, true, true, true, true, true, true, true, true, true, true, true, true, true, true, true, true, true, true], "kpt3d_body_mask": [true, true, true, true, true, true, true, true, true, true, true, true, true, true, true, true, true, true, true], "kpt_list": ["Thorax", "Nose", "Pelvis", "L_Shoulder", "L_Elbow", "L_Wrist", "L_Hip", "L_Knee", "L_Ankle", "R_Shoulder", "R_Elbow", "R_Wrist", "R_Hip", "R_Knee", "R_Ankle", "L_Eye", "L_Ear", "R_Eye", "R_Ear"]}