{"id": 2, "class": "person", "kpt3d_body": [[-80.66053154081973, 28.39830303254132, 2650.828614629982], [-197.6985064001545, -151.5106904056313, 2547.7377293923764], [-106.33950004911694, 549.906349667689, 2598.0233872205845], [26.579591598843724, 17.176145612617688, 2517.644044384742], [82.28797033556194, 279.7530885565793, 2458.911034367026], [13.7569673518788, 514.6955590456434, 2396.729499103185], [-32.50901945333922, 542.7633850706925, 2531.167966611688], [-12.70158395969295, 913.331534651933, 2499.4840906673217], [-1.2262432774316157, 1278.7771583566855, 2497.8276639309097], [-198.83447717493013, 30.690447617127745, 2781.265218308262], [-258.7592991705442, 312.24850610665794, 2798.769297336258], [-320.1234109785014, 548.3202738057303, 2701.7718243186036], [-180.1708280271975, 557.0482773027802, 2664.878342369235], [-173.74954351411066, 920.5935113020496, 2648.6470070766886], [-144.11604818901267, 1291.4858844798123, 2633.460400979622], [-161.39791578917414, -185.9949105976341, 2542.676469226572], [-61.47758080450284, -165.16779724151377, 2570.958848700479], [-200.16665651684792, -179.0870249108002, 2588.650622121472], [-164.85944390384216, -152.420113537176, 2685.6816190330883]], "kpt2d_body": [[892.036794676, 573.7109043037088], [826.3449376622206, 475.99156495952], [878.1195460852285, 850.2053790899688], [949.3546644410569, 568.2860402471555], [981.2145991328716, 716.8850458560717], [942.5358520141534, 854.4916895160311], [916.8839282073669, 854.0509984784923], [927.8074245782798, 1050.377516711891], [934.0899166188359, 1227.1107005347978], [834.7429107580487, 574.1379160722565], [806.0691287573609, 713.4944058283138], [771.4843633939121, 837.5108980857202], [841.3466200154758, 846.4346823797812], [845.9967405210144, 1027.3634752732119], [862.8100759737542, 1201.570280725006], [846.0382460219649, 456.9437308880073], [901.1839329426058, 469.2191617528764], [826.7629035446568, 462.5051798056768], [848.8960926148544, 479.713665470701]], "kpt2d_body_mask": [true, true, true, true, true, true, true, true, true, true, true, true, true, true, true, true, true, true, true], "kpt3d_body_mask": [true, true, true, true, true, true, true, true, true, true, true, true, true, true, true, true, true, true, true], "kpt_list": ["Thorax", "Nose", "Pelvis", "L_Shoulder", "L_Elbow", "L_Wrist", "L_Hip", "L_Knee", "L_Ankle", "R_Shoulder", "R_Elbow", "R_Wrist", "R_Hip", "R_Knee", "R_Ankle", "L_Eye", "L_Ear", "R_Eye", "R_Ear"]}