{"id": 2, "class": "person", "kpt3d_body": [[-59.46975525130986, 14.98236266334203, 2670.2090888157236], [-160.4275673345827, -138.9246701103133, 2576.520729380233], [-103.53168376899748, 549.1905061976136, 2598.2909258219124], [39.675607307654175, 7.018428654810691, 2553.431941931081], [115.4796536739625, 7.142864773168185, 2286.425781718187], [-41.116979530458586, -150.49926586325853, 2219.641989720862], [-33.14101740538233, 543.2738397666277, 2530.5995653432165], [-18.910406568619926, 907.2597197008283, 2498.1494916199817], [-3.1761212293795893, 1276.5745581093863, 2495.315901877506], [-151.52971006593066, 21.663856600759175, 2790.2988760022977], [-430.89950055832304, 33.39487637608727, 2888.420888010132], [-518.7667558710491, -133.87593502450386, 2735.7709372019413], [-173.92338156181864, 555.1081478718406, 2665.981905440513], [-176.60147642251914, 919.7583770533336, 2647.2908867013284], [-144.2494932554879, 1290.7342089717995, 2633.331147953167], [-127.44060610027557, -174.4720415295123, 2571.4118587338658], [-28.183608729004224, -163.5338589955711, 2603.803749423734], [-166.8742932676668, -167.2118398885388, 2616.3279720166133], [-132.4442325705779, -149.86667546582794, 2714.0737442309887]], "kpt2d_body": [[903.4379695261733, 566.5941878382031], [847.6617565738516, 483.65600002935173], [879.6134399604009, 849.8136510664892], [956.3214735059508, 562.6007234011894], [1005.1901907078071, 563.1203685827785], [908.7129893008596, 464.2633392181002], [916.5358516011916, 854.3856112559399], [924.4467542868298, 1047.5668475910477], [933.066212673301, 1226.6847769698145], [858.69251275178, 569.58891656756], [727.2814792429562, 574.7813409884843], [672.2650543203415, 491.1944209424381], [844.6010417740574, 845.367033719159], [844.4965893363544, 1027.171677730127], [862.7358402887664, 1201.2632600459951], [865.4029160775677, 464.25637970296987], [919.4650998842766, 471.2067517742223], [845.5795585766998, 469.77253923690836], [866.4337218600239, 481.81662296657504]], "kpt2d_body_mask": [true, true, true, true, true, true, true, true, true, true, true, true, true, true, true, true, true, true, true], "kpt3d_body_mask": [true, true, true, true, true, true, true, true, true, true, true, true, true, true, true, true, true, true, true], "kpt_list": ["Thorax", "Nose", "Pelvis", "L_Shoulder", "L_Elbow", "L_Wrist", "L_Hip", "L_Knee", "L_Ankle", "R_Shoulder", "R_Elbow", "R_Wrist", "R_Hip", "R_Knee", "R_Ankle", "L_Eye", "L_Ear", "R_Eye", "R_Ear"]}