{"id": 3, "class": "person", "kpt3d_body": [[-33.61973155540518, 128.76283042818457, 2704.4253874652477], [-148.7730261684967, 6.5054128010692125, 2614.01405430996], [-50.12966470208178, 638.1417866507536, 2641.8817696317055], [68.74677219951312, 114.68625929351333, 2564.556330352025], [193.09887102679116, 149.71400455286442, 2407.0709037648335], [79.18731187430856, -38.97773517059221, 2381.5073569534225], [22.21635698470329, 632.262567529978, 2565.8494714078615], [36.42193089739934, 956.440375215557, 2577.5951812835574], [58.09083556302763, 1312.6681149627577, 2584.8643348246146], [-123.11515674165722, 139.05093810075982, 2833.035455311566], [-289.7366643823832, 231.07048426704552, 2958.334561965337], [-381.8286665252675, 49.86152401493797, 2931.493647799366], [-122.47628459584004, 644.0209422047064, 2717.9132145632934], [-86.76778789415025, 967.4781340248023, 2704.1095995619007], [-58.547663152065624, 1319.7716256534654, 2674.709527976628], [-123.31329454263954, -32.17542813934841, 2606.8734283742497], [-29.71681870393521, -39.70755565942653, 2628.678519711097], [-160.97996563325, -20.791903166136194, 2648.6369279063383], [-133.47862350240058, -17.671605653977736, 2738.491239037096]], "kpt2d_body": [[917.211737354515, 625.1627842715167], [855.0534079775774, 562.2328388897976], [908.5183332583516, 890.2300768965038], [972.0567240380982, 621.1259166759413], [1046.4780541829482, 645.3067491001921], [981.0844789787219, 535.9299528503328], [946.524421930022, 896.7204250133393], [953.7004793815886, 1057.4423150619511], [964.1677622961809, 1222.2671511870285], [873.8797457286961, 627.1727415346982], [798.2320152204911, 667.2582851831025], [753.3203203885403, 582.3720478227256], [872.6250211082005, 883.9671130915378], [891.3337340952513, 1040.6570231437063], [905.9604981051937, 1205.4704342600448], [868.4655599277853, 541.550060934683], [918.7748592261199, 537.6848451047466], [849.6647812508762, 547.8191364621393], [866.4557095102585, 549.7639164453179]], "kpt2d_body_mask": [true, true, true, true, true, true, true, true, true, true, true, true, true, true, true, true, true, true, true], "kpt3d_body_mask": [true, true, true, true, true, true, true, true, true, true, true, true, true, true, true, true, true, true, true], "kpt_list": ["Thorax", "Nose", "Pelvis", "L_Shoulder", "L_Elbow", "L_Wrist", "L_Hip", "L_Knee", "L_Ankle", "R_Shoulder", "R_Elbow", "R_Wrist", "R_Hip", "R_Knee", "R_Ankle", "L_Eye", "L_Ear", "R_Eye", "R_Ear"]}