{"id": 2, "class": "person", "kpt3d_body": [[-87.110047947479, 14.359474477195135, 2659.415355405552], [-190.48884942858746, -143.93810830657515, 2561.318513515371], [-115.34669481958154, 550.0063074562665, 2595.1089493388836], [38.15891451160507, 4.987300059327993, 2553.8723052363675], [82.29106512447663, 54.87623949834074, 2278.7555915474377], [-46.002657927455516, -141.64843088444513, 2263.248417776462], [-50.169830246199524, 547.017460146784, 2522.1408041077066], [-24.903594739139034, 908.5065839235288, 2500.8448257664], [-4.104637805232922, 1277.2647767699539, 2496.506654605344], [-180.9420828844783, 21.068152739071593, 2775.709330187293], [-457.5866675233331, 71.49608039263939, 2873.973759237724], [-503.6020735945259, -123.07004516734935, 2728.0528139956923], [-180.5239305790543, 552.9961876289968, 2668.077488796388], [-181.42779549813892, 920.010914226122, 2647.022262138028], [-146.45537705037782, 1290.8722900788434, 2630.9903294443], [-156.13516624122755, -178.21261709938454, 2558.218542574183], [-57.47110136988333, -165.79436189719388, 2592.5474247516704], [-197.8400622521731, -171.83712497779453, 2600.4075341244975], [-164.10282661003166, -151.91443402772563, 2699.880437452441]], "kpt2d_body": [[888.7835782698594, 566.2974540933645], [830.8190953946013, 480.52623238678655], [873.2731305214448, 850.5508894967484], [955.4871495651419, 561.490184233602], [985.0767640165044, 592.355232797629], [906.1908446965562, 471.5199270374592], [907.1654732389519, 857.3211486105035], [921.2248427598839, 1047.6953311934476], [932.5802269644752, 1226.7220108298334], [843.5202492104593, 569.3416872538797], [713.5658616066087, 593.2054363244893], [679.0520155875408, 496.4331777908223], [841.2564982372578, 844.0578989016524], [842.0315029323169, 1027.3067353321308], [861.5796763848017, 1201.821166812339], [849.4261712722947, 461.7747123412206], [903.6198605173661, 469.62487607849425], [828.4793092134843, 466.8037074794871], [849.7347642490345, 480.3874162515392]], "kpt2d_body_mask": [true, true, true, true, true, true, true, true, true, true, true, true, true, true, true, true, true, true, true], "kpt3d_body_mask": [true, true, true, true, true, true, true, true, true, true, true, true, true, true, true, true, true, true, true], "kpt_list": ["Thorax", "Nose", "Pelvis", "L_Shoulder", "L_Elbow", "L_Wrist", "L_Hip", "L_Knee", "L_Ankle", "R_Shoulder", "R_Elbow", "R_Wrist", "R_Hip", "R_Knee", "R_Ankle", "L_Eye", "L_Ear", "R_Eye", "R_Ear"]}