{"id": 1, "class": "person", "kpt3d_body": [[-89.70172090689289, -33.532074515355816, 2574.903689433659], [-172.9990316822816, -79.39953266868272, 2332.2828499768325], [-36.46602918591949, 400.14815154456926, 2922.116048005516], [68.96898134943066, -2.2478339492182897, 2511.9220542122057], [145.65383113208543, 199.66048919047907, 2689.376181770537], [159.51913453380791, 433.0967925671342, 2816.6112067888353], [50.641837350041, 425.5003783461658, 2881.3531983851235], [112.22640517067951, 729.8939426255764, 3194.3067365215447], [178.18827247441635, 1000.9373949146723, 3459.774000265622], [-253.0450835206925, -62.33025270869234, 2633.1298720939085], [-254.0793295241373, 141.68790263021322, 2833.0551751569465], [-258.221153139628, 372.17537906977157, 2978.752503127351], [-123.57380103165028, 374.79667233542784, 2962.8795549989236], [-65.04569206608156, 686.2669006929581, 3271.3272131988197], [-27.04782213807526, 967.2865790146637, 3542.4422080424974], [-141.3657879141327, -113.95052219390024, 2312.194863822564], [-60.403729045331076, -157.36615370091755, 2365.468852516854], [-195.045532967862, -122.02644417530138, 2334.770243987033], [-202.66538336929506, -183.45214285956573, 2422.700403749315]], "kpt2d_body": [[866.3667645523876, 545.0104856257001], [811.7457551423121, 515.8742193626373], [897.5989765392429, 752.4672829073411], [953.126261461472, 561.8623588888531], [990.1659986101411, 666.0745671205499], [993.218463146097, 775.2840390217166], [939.2316166954598, 767.1377469283351], [963.1504567719727, 876.1241006830005], [985.0343127474932, 955.9962326402124], [781.3832370964344, 530.2949950069482], [790.3209332937868, 632.4205782550966], [794.9118270010031, 735.6656997616305], [857.075943178335, 738.0815187155487], [887.5485560820646, 851.1722218714199], [904.509547321708, 935.0458407164601], [829.859702938429, 494.72143675027644], [879.3598107112141, 470.76162508734063], [798.8296095432727, 490.65771605894616], [798.7739517468923, 458.23134874626726]], "kpt2d_body_mask": [true, true, true, true, true, true, true, true, true, true, true, true, true, true, true, true, true, true, true], "kpt3d_body_mask": [true, true, true, true, true, true, true, true, true, true, true, true, true, true, true, true, true, true, true], "kpt_list": ["Thorax", "Nose", "Pelvis", "L_Shoulder", "L_Elbow", "L_Wrist", "L_Hip", "L_Knee", "L_Ankle", "R_Shoulder", "R_Elbow", "R_Wrist", "R_Hip", "R_Knee", "R_Ankle", "L_Eye", "L_Ear", "R_Eye", "R_Ear"]}