{"id": 6, "class": "person", "kpt3d_body": [[-243.2495812722994, -223.1586779442179, 2820.462882892268], [-401.75206031638277, -396.18808903323526, 2803.8262389377596], [-225.3932205614822, 320.10125971416346, 2953.5319054379815], [-251.41423119128947, -186.94618759261658, 2659.371535660208], [-339.1842434925073, -45.16095247050259, 2446.237487812089], [-444.4049448093409, -273.55475308477764, 2447.5645360462736], [-239.74778929729737, 351.910283949528, 2860.8579395588777], [-198.99401900194206, 750.4689731634144, 2967.631441833471], [-182.79113026180374, 1165.5245978852902, 3081.98770512979], [-229.8435176169104, -261.0224672653763, 2977.158900471639], [-305.5061319548919, -243.63710573736427, 3245.6738459833205], [-423.5399924979782, -457.4575302494222, 3138.489609886608], [-211.03863326036173, 288.29220998633207, 3046.2059662142065], [-199.36498640981057, 706.812952607047, 3156.5275566484497], [-177.17099938519323, 1119.9601912586495, 3244.5755820352197], [-385.4028855572161, -422.38929959230006, 2762.0563636549036], [-296.1500738009332, -406.8844342287352, 2704.239167855039], [-377.98385614748156, -439.1265778977777, 2821.256989368293], [-276.19264515169016, -443.0417664335653, 2854.0515278236044]], "kpt2d_body": [[776.5123561639804, 405.77560444903], [671.7841575745698, 291.75592123612773], [795.0429921910243, 752.9447654795042], [761.1171829102607, 422.1246784990823], [679.4582643546412, 518.1658541673187], [601.2817461137737, 346.3895131421089], [781.2664718746621, 779.8531817220517], [813.2430602326881, 1016.8082697815471], [828.6079353148185, 1240.425656307405], [793.300559203024, 389.92963392471904], [761.9004472366414, 413.30805100864916], [687.1533967531996, 283.4954273281606], [808.0104819191025, 727.6233091692877], [820.1587285881957, 964.4653862698423], [836.9065349303055, 1182.015113503895], [678.817364776934, 270.4250304144946], [734.02459267628, 274.60006088207314], [689.0603496407668, 265.37250111563134], [757.5657359642005, 265.73683642052634]], "kpt2d_body_mask": [true, true, true, true, true, true, true, true, true, true, true, true, true, true, true, true, true, true, true], "kpt3d_body_mask": [true, true, true, true, true, true, true, true, true, true, true, true, true, true, true, true, true, true, true], "kpt_list": ["Thorax", "Nose", "Pelvis", "L_Shoulder", "L_Elbow", "L_Wrist", "L_Hip", "L_Knee", "L_Ankle", "R_Shoulder", "R_Elbow", "R_Wrist", "R_Hip", "R_Knee", "R_Ankle", "L_Eye", "L_Ear", "R_Eye", "R_Ear"]}