{"id": 4, "class": "person", "kpt3d_body": [[-171.60087811271632, -136.01265264990474, 2766.2401327049147], [-358.4476141514088, -291.061539529465, 2746.4633270908803], [-188.26032360439274, 391.68256087697773, 2910.990471313483], [-187.6734475547131, -90.25951563104599, 2603.840606250934], [-196.39128222801392, 217.15659148635794, 2643.701079623854], [-267.4157298213914, 448.56712508459043, 2731.86092896915], [-198.85262728328595, 416.98396630732145, 2817.801601979729], [-133.84372979678795, 799.7344787070933, 2892.9552486694556], [-101.42001010659298, 1189.0317254835118, 2976.055987665578], [-170.21054299887874, -161.98869204556388, 2932.0638638422515], [-126.7908588266917, 111.48544946467482, 3041.125452556594], [-208.28772339925465, 358.84656979715004, 3111.5107207409856], [-177.66911764026804, 366.3802902904149, 3004.178796104306], [-123.56216501970495, 739.0215818101976, 3114.3300161715815], [-94.30517615585542, 1129.2811680348066, 3218.5830694753936], [-345.7006557883892, -315.6116169658347, 2706.7900138643927], [-256.57700752764356, -299.35316014812173, 2646.9140186715817], [-339.4348063607617, -333.5842813451805, 2761.9951137279822], [-242.35393953794826, -342.2480915637044, 2793.090179095453]], "kpt2d_body": [[821.3135758603693, 461.13535986507895], [694.9168273142845, 356.514907306239], [816.7418511057654, 801.2069290465886], [802.6473633051883, 488.03770207831604], [798.677086879868, 704.5089444258819], [755.5818512110659, 855.3411574686727], [805.9076548356794, 825.841918165622], [851.6521287934786, 1059.375540960297], [874.7274455193453, 1278.3388284986172], [828.7209805669461, 449.8646012096804], [859.0869499870477, 620.3497932808195], [812.4388470727771, 765.8040646302999], [826.9246323370008, 778.0533968841487], [863.5345391632247, 988.8545348550288], [883.1964712881831, 1192.2694743841962], [700.1604692806263, 336.94357468393537], [756.9265228420261, 343.1480480348726], [709.0798711355972, 329.2197750382065], [775.7839775527857, 325.7016697211647]], "kpt2d_body_mask": [true, true, true, true, true, true, true, true, true, true, true, true, true, true, true, true, true, true, true], "kpt3d_body_mask": [true, true, true, true, true, true, true, true, true, true, true, true, true, true, true, true, true, true, true], "kpt_list": ["Thorax", "Nose", "Pelvis", "L_Shoulder", "L_Elbow", "L_Wrist", "L_Hip", "L_Knee", "L_Ankle", "R_Shoulder", "R_Elbow", "R_Wrist", "R_Hip", "R_Knee", "R_Ankle", "L_Eye", "L_Ear", "R_Eye", "R_Ear"]}