{"id": 4, "class": "person", "kpt3d_body": [[-187.61225429389765, -132.02759316854412, 2765.5692491534255], [-373.6048092029077, -288.69139933750006, 2750.0695447397375], [-185.92992769285206, 388.5413334790785, 2909.1955575720845], [-197.6114774536345, -92.71863235867016, 2603.3349387175977], [-203.71201182057345, 214.97881242381695, 2642.1340628432054], [-274.38952564198127, 447.12435079695456, 2728.349660934533], [-206.39948646817416, 415.78618509235895, 2818.4395069631646], [-138.35879336027, 799.596786319824, 2892.531457251935], [-101.62481713133614, 1188.9295579216887, 2976.3489133249586], [-177.2888232861822, -162.93849901653545, 2931.388369285958], [-133.80291070169847, 109.71941437805341, 3039.774097466963], [-213.61622228386753, 356.7855913631871, 3111.8720149880774], [-165.46043254530755, 361.2945741360569, 2999.951002773091], [-125.61902468004322, 738.1744444036017, 3114.369960536066], [-94.08391566969927, 1129.2839346832675, 3218.995755970109], [-360.6981016711421, -313.8456085381807, 2710.084234682347], [-272.274611828384, -298.20877408011825, 2648.118734239131], [-354.07932396707963, -330.8209309134324, 2765.908346862828], [-255.37642716976256, -340.8298458016364, 2795.4506410175777]], "kpt2d_body": [[810.5356906589752, 463.79551495728197], [685.0759357367041, 358.4031257882422], [818.1457847464059, 799.3781190566435], [795.5402792888754, 486.2809322692377], [793.4566870376442, 703.0640983749541], [750.6333381324464, 854.7340923153602], [800.9815948632423, 824.9828689906103], [848.7713933730948, 1059.3517159752669], [874.6078474325844, 1278.2084757866692], [824.2135037321432, 449.24612790024077], [854.7635985966215, 619.299973426123], [809.2775615238654, 764.5502753855731], [834.3063350529682, 775.2649352091222], [862.3165945468115, 988.3531969590551], [883.3287733110653, 1192.191564745489], [690.2503506782396, 338.4521873656583], [746.051946131021, 344.08025054273037], [699.6367262570101, 331.41782334833783], [767.3021530769865, 326.8571188310999]], "kpt2d_body_mask": [true, true, true, true, true, true, true, true, true, true, true, true, true, true, true, true, true, true, true], "kpt3d_body_mask": [true, true, true, true, true, true, true, true, true, true, true, true, true, true, true, true, true, true, true], "kpt_list": ["Thorax", "Nose", "Pelvis", "L_Shoulder", "L_Elbow", "L_Wrist", "L_Hip", "L_Knee", "L_Ankle", "R_Shoulder", "R_Elbow", "R_Wrist", "R_Hip", "R_Knee", "R_Ankle", "L_Eye", "L_Ear", "R_Eye", "R_Ear"]}