{"id": 6, "class": "person", "kpt3d_body": [[-275.3246270482564, -180.08354398974205, 2906.9871562166823], [-457.759628167652, -356.6115485061107, 2919.3450357070537], [-100.62009224740817, 319.60956561172253, 2925.47367060347], [-361.8334413350052, -153.24321741492213, 2753.905153652782], [-347.32177636406857, 121.90888416772779, 2691.332363127277], [-351.4200677014387, 403.145375131494, 2759.2448336907737], [-120.3681505674576, 326.77889586250717, 2825.710819485185], [-155.20868871694648, 755.077876514374, 2971.938677817606], [-90.11969279033491, 1158.54334462919, 3091.3526584721058], [-200.10670572839274, -206.3551913140995, 3063.2608879695645], [-109.1055418021491, 80.38452623461794, 3144.6062255515417], [-144.28680417885488, 350.12948470176684, 3166.3225352764393], [-80.87210422264867, 312.44132943437563, 3025.2363024915467], [-114.3230995907833, 711.5270118048045, 3144.168324085873], [-77.34380688678102, 1107.603097503401, 3240.1293449272866], [-443.8130968038944, -383.81168609566913, 2877.417312577906], [-358.9793463046301, -364.6069074115664, 2812.835086874722], [-431.6771902961471, -397.4584947751026, 2935.6245828797823], [-327.2316780337763, -397.87317086384576, 2961.1971823716435]], "kpt2d_body": [[760.7642825003271, 437.56652269862604], [646.755619807718, 327.0339913096609], [872.7808264911058, 754.7161554823936], [692.9696411327769, 449.37644135211065], [697.2328805441817, 636.1522994907411], [701.1007979224952, 821.9027546026878], [857.5757416072181, 766.4866076987585], [840.532050861238, 1019.0684871601342], [883.5831484045924, 1234.6107076433523], [815.2507982302775, 427.444862790215], [872.0869862308783, 599.768268714674], [852.0454126522342, 757.1347899150162], [886.9944978955775, 743.7092072342889], [869.589386923688, 968.9562470800214], [893.085224817002, 1176.2778258348699], [651.586727278223, 306.396082569137], [700.4585792126295, 313.01076724088625], [664.8087230107851, 302.63616091903214], [732.0396411105121, 304.1435036090421]], "kpt2d_body_mask": [true, true, true, true, true, true, true, true, true, true, true, true, true, true, true, true, true, true, true], "kpt3d_body_mask": [true, true, true, true, true, true, true, true, true, true, true, true, true, true, true, true, true, true, true], "kpt_list": ["Thorax", "Nose", "Pelvis", "L_Shoulder", "L_Elbow", "L_Wrist", "L_Hip", "L_Knee", "L_Ankle", "R_Shoulder", "R_Elbow", "R_Wrist", "R_Hip", "R_Knee", "R_Ankle", "L_Eye", "L_Ear", "R_Eye", "R_Ear"]}