{"id": 4, "class": "person", "kpt3d_body": [[211.31728676764496, -73.69964994014026, 2741.919481564554], [384.02276785877143, -213.9828767295782, 2756.5942687229863], [237.37766587801318, 455.92156666269045, 2725.6870706985824], [187.83501977691998, -62.01351192186905, 2914.2581633744576], [190.49390331707286, 226.59150336438017, 2955.8093073659065], [300.0195179640218, 437.74342380765944, 2924.21544765115], [244.10817611747513, 480.064665328384, 2826.4345851286794], [190.02537963752394, 875.202827652858, 2768.9015561407787], [165.43742571306814, 1272.0365084620178, 2737.866010792452], [238.58318947790465, -83.01016949813373, 2572.6700772287813], [197.42145378668795, 198.48170049958313, 2501.9480148643042], [318.3355595419189, 427.364010092833, 2519.084981734822], [230.64714154309468, 431.7774811703035, 2624.9398131232974], [201.78826465318997, 867.0380683750939, 2599.7161752012858], [160.42634734906767, 1268.041704525909, 2589.4593201016464], [368.93860720434543, -247.0860480114817, 2788.355748053599], [269.9738126757276, -257.5546796761617, 2836.744800144036], [373.6094792107309, -255.6077701389188, 2731.028557254256], [284.42062687049815, -277.11315662813064, 2683.24807395705]], "kpt2d_body": [[1059.2236832247213, 523.501911593159], [1147.0335520998801, 451.8183301870137], [1072.54580855069, 798.040537177545], [1041.2714821122026, 531.4570085341805], [1041.1233313424632, 670.8120947575644], [1094.6091280215246, 773.3692540228366], [1071.4976289172305, 801.6362870725676], [1044.6918449813597, 1000.3489179367398], [1031.0956017024382, 1189.6143780330265], [1081.4767337577641, 515.8695042982209], [1061.6637753900625, 674.5338802934909], [1127.7267658230173, 800.8172233930343], [1073.6743842787819, 794.1656447523665], [1056.8636584746846, 1023.099208256499], [1032.7438018245248, 1220.1784473421503], [1137.103205190287, 436.2524556649048], [1084.66030907916, 432.88331381239425], [1143.363875347243, 429.2738968587987], [1099.879772678016, 415.3470174660546]], "kpt2d_body_mask": [true, true, true, true, true, true, true, true, true, true, true, true, true, true, true, true, true, true, true], "kpt3d_body_mask": [true, true, true, true, true, true, true, true, true, true, true, true, true, true, true, true, true, true, true], "kpt_list": ["Thorax", "Nose", "Pelvis", "L_Shoulder", "L_Elbow", "L_Wrist", "L_Hip", "L_Knee", "L_Ankle", "R_Shoulder", "R_Elbow", "R_Wrist", "R_Hip", "R_Knee", "R_Ankle", "L_Eye", "L_Ear", "R_Eye", "R_Ear"]}