{"id": 2, "class": "person", "kpt3d_body": [[-70.96626961908649, -333.1050813468066, 2829.297496756631], [-192.67874990220164, -490.7725183386832, 2939.1473019939285], [-89.00311836344886, 154.1697091102742, 2977.353278807275], [-199.9620847597663, -313.0111037511772, 2720.244825408873], [-229.1319692255742, -41.11966933003032, 2666.8816245061794], [-276.5208368875536, 189.21217867993008, 2743.460743075515], [-156.7917644037902, 183.10626606930654, 2912.6325102044602], [-121.84540725421547, 531.5076043820251, 2989.794062406603], [-41.28546451896454, 896.1223976158249, 3041.121657576789], [51.379239963785786, -359.033312757373, 2942.599449899629], [157.69733604820527, -108.14437335187989, 3038.1940674113066], [144.60395260771105, 117.61905294893367, 3162.461515984233], [-21.214641747373193, 125.23317307379045, 3042.0739432099685], [-120.2654304206815, 403.7781640284073, 3252.811494207366], [2.8608611615683177, 787.3544719368899, 3202.8404622236076], [-206.3648718384909, -520.9610990113437, 2903.244647924725], [-183.3733078850486, -507.88715827528404, 2801.0343184084513], [-157.015605185546, -527.6157144733644, 2938.910491629287], [-60.59016777396786, -522.8377116653398, 2893.8408612500684]], "kpt2d_body": [[903.4462879827278, 376.37099305909277], [840.4456422824898, 300.4881003196174], [895.7788897431894, 641.4612065663397], [827.6645140985389, 380.7211989756362], [807.8843505085844, 536.215229502522], [784.8190784501453, 668.0849188581326], [858.2351666242799, 658.7462952526166], [879.1846297473635, 836.8893965444986], [921.8898852716611, 1013.3525826835066], [970.1261310808568, 369.70753742659446], [1024.3141487290354, 504.5838965018929], [1014.6086089708018, 618.6148226269637], [931.7864168204089, 624.8651844445338], [884.8488047159184, 754.1866972094117], [944.1874271381433, 940.4472197663462], [831.9541537394164, 281.4136480624081], [840.7052549129602, 278.48330878538746], [859.4356781925204, 281.1368215187131], [910.0993776652368, 279.21826690716813]], "kpt2d_body_mask": [true, true, true, true, true, true, true, true, true, true, true, true, true, true, true, true, true, true, true], "kpt3d_body_mask": [true, true, true, true, true, true, true, true, true, true, true, true, true, true, true, true, true, true, true], "kpt_list": ["Thorax", "Nose", "Pelvis", "L_Shoulder", "L_Elbow", "L_Wrist", "L_Hip", "L_Knee", "L_Ankle", "R_Shoulder", "R_Elbow", "R_Wrist", "R_Hip", "R_Knee", "R_Ankle", "L_Eye", "L_Ear", "R_Eye", "R_Ear"]}