{"id": 1, "class": "person", "kpt3d_body": [[-20.815926399878837, -499.46165697107756, 3022.6597619182708], [-87.22363512991045, -682.8555209061831, 3107.834425623121], [-101.87183891731999, 75.08183019587008, 3086.421804376012], [-24.29408452583612, -480.0448712779154, 2874.355836180106], [-308.7044382887158, -455.35609792891944, 2784.215704491043], [-233.0375762395188, -624.4903965404712, 2904.9752274050024], [-137.46196651406765, 83.71611892797759, 2994.72274134207], [-167.89243436236978, 524.485823409852, 3071.9541418525428], [-158.78242892755057, 914.2867611919287, 3133.358419138386], [-1.665780472721703, -508.6564589400133, 3161.674206361061], [-285.67504650284707, -489.76409158295314, 3141.592116507132], [-525.5377956956581, -530.4433045548525, 2981.092795090613], [-66.28169437814579, 66.44753937150782, 3178.120877829967], [-37.87717863345683, 507.70151712060294, 3177.4063258748697], [-29.698826506394482, 903.2074245972888, 3216.5404483887614], [-90.74074892177562, -720.0472095214325, 3076.290695446516], [-63.52899852320432, -705.0841976827998, 2974.6068738869544], [-47.067270435165234, -703.4529389206539, 3114.817017525911], [43.71517702063376, -676.5650422309308, 3077.803757464951]], "kpt2d_body": [[932.0100145193345, 302.89410089301157], [899.1456082199535, 219.68196237881426], [890.8618137705657, 598.4716828535747], [929.566046486472, 300.1724226249602], [769.9861110131511, 306.2312649117406], [818.1480466515402, 227.32734637723627], [870.6132949870149, 604.1440331442374], [857.4737042853278, 826.0022374379686], [864.6926186522788, 1008.8452000468271], [941.9474644445819, 309.59701262071354], [800.8503446800383, 317.7620408253631], [669.5228395951043, 285.3404862680915], [909.9559527780401, 593.1208640938414], [924.136382546792, 809.3494438145863], [928.5551353427416, 992.7761841017455], [896.9926804515848, 197.97100287704347], [909.6404014283479, 193.44708323812597], [919.30528371683, 210.35530343202032], [964.8833909153684, 219.4695301362355]], "kpt2d_body_mask": [true, true, true, true, true, true, true, true, true, true, true, true, true, true, true, true, true, true, true], "kpt3d_body_mask": [true, true, true, true, true, true, true, true, true, true, true, true, true, true, true, true, true, true, true], "kpt_list": ["Thorax", "Nose", "Pelvis", "L_Shoulder", "L_Elbow", "L_Wrist", "L_Hip", "L_Knee", "L_Ankle", "R_Shoulder", "R_Elbow", "R_Wrist", "R_Hip", "R_Knee", "R_Ankle", "L_Eye", "L_Ear", "R_Eye", "R_Ear"]}