{"id": 2, "class": "person", "kpt3d_body": [[4.610559522617864, -293.3301479985415, 2826.758000663762], [-69.02183692116071, -481.9224840593931, 2917.9049427113396], [-84.0990725738685, 175.43088673649805, 3008.7215118111208], [-147.25143384920975, -303.1640758802389, 2754.0234964077677], [-341.98333239691465, -119.75639394831958, 2675.2355364786313], [-276.0095738908364, 62.46205666814291, 2830.43227421269], [-166.5448855091569, 186.06171997293146, 2950.7962952412654], [-182.7333096393389, 535.3316197326362, 3030.51106220995], [-61.61318694943398, 902.7082440217462, 2985.901972405399], [156.2514976719038, -293.8610537072419, 2898.901463220711], [331.69110267741974, -106.68372437238673, 3004.5817681612434], [138.76449126407184, 67.78927877599116, 3038.021934425783], [-1.6533443507128953, 164.80006396133902, 3066.646676280917], [39.74724218340762, 501.67992908551605, 3194.50757800872], [94.0970683673931, 874.214340375233, 3132.369357872247], [-80.8751216249552, -508.1147184959018, 2878.0129136722753], [-66.22465422336356, -465.97157533946006, 2781.3273950303715], [-29.824547205062217, -509.61705314730307, 2911.5370710574625], [60.386391485384394, -468.16741808337827, 2867.238753533056]], "kpt2d_body": [[945.3164235193035, 398.0485132646105], [905.8102794023877, 303.0501618562262], [898.8366585752525, 651.6719641755], [858.9682546393415, 388.3562430126358], [742.6074865925476, 490.4648896927445], [789.7711604327975, 594.8591759391696], [854.1459038047499, 659.0336994601427], [848.724817460319, 835.0317557027281], [911.0404954390377, 1024.6482348691866], [1027.276256413887, 401.88066542971046], [1115.857299643587, 504.839311821488], [1014.5460826344487, 595.3124259184376], [941.9032535635439, 644.5462269259248], [962.2244829348084, 805.134368686792], [989.2282032297999, 990.1743215549009], [898.9073934172818, 285.5647974758306], [905.5742212030797, 299.39730719267425], [926.7792276271956, 287.8447593506309], [975.6890094211273, 305.9216605100286]], "kpt2d_body_mask": [true, true, true, true, true, true, true, true, true, true, true, true, true, true, true, true, true, true, true], "kpt3d_body_mask": [true, true, true, true, true, true, true, true, true, true, true, true, true, true, true, true, true, true, true], "kpt_list": ["Thorax", "Nose", "Pelvis", "L_Shoulder", "L_Elbow", "L_Wrist", "L_Hip", "L_Knee", "L_Ankle", "R_Shoulder", "R_Elbow", "R_Wrist", "R_Hip", "R_Knee", "R_Ankle", "L_Eye", "L_Ear", "R_Eye", "R_Ear"]}