{"id": 1, "class": "person", "kpt3d_body": [[-72.06012066453856, -500.13354831311506, 2940.034639849695], [-154.12947681795737, -683.4545515590871, 3013.878295044547], [-100.50125721849778, 80.79920054413606, 3057.857078951596], [-184.5692953722379, -486.97798455165935, 2846.7469574341567], [-496.833437751606, -528.1079374142588, 2923.223832083996], [-440.76038986306224, -670.363930795245, 3055.9636695664076], [-177.3729612651312, 91.41696638433942, 3000.9197431142234], [-165.61456036167996, 526.4470487519948, 3068.759392223067], [-155.90730743804482, 912.8815942686527, 3129.8745938055836], [56.624596446516065, -510.3319030164987, 3019.324478190579], [39.73307108482328, -571.3415047739601, 3342.62312386386], [-168.63895758870936, -697.9431054783184, 3293.7119501241486], [-23.62939750705042, 70.18042936096833, 3114.7943436975543], [-33.1208017903434, 512.9303023475949, 3166.5172200631478], [-32.73948831513575, 905.8565854547019, 3218.8186519963006], [-162.72411664004082, -712.4014117650087, 2975.6798599370404], [-142.6623573482978, -683.0350533927843, 2877.301569205735], [-117.6922101350327, -713.9994454402422, 3010.442078500041], [-25.075449493432522, -692.2235654875795, 2970.1607456099564]], "kpt2d_body": [[904.4900964322118, 295.439987419129], [863.3559233681675, 209.1484588752602], [891.0830412432431, 601.7571092657325], [841.6014539180829, 294.205218102931], [679.2615842974354, 281.0554549242879], [719.5159817132162, 221.75305285607874], [849.8976586796148, 608.0555534058606], [858.5475344765758, 827.260824886544], [866.0192328737312, 1008.6697950359601], [972.0730933949895, 297.086729103667], [961.3428437474615, 294.1493126260483], [863.1416993219071, 231.70168675372446], [930.8191503312895, 595.6689938887196], [926.4234906485042, 812.739876232682], [927.10751254871, 993.7029473213713], [857.9719737969025, 190.0837070208184], [865.8606240309005, 193.08689316299552], [882.1191991559413, 193.3294833697447], [929.682495468438, 199.416554735889]], "kpt2d_body_mask": [true, true, true, true, true, true, true, true, true, true, true, true, true, true, true, true, true, true, true], "kpt3d_body_mask": [true, true, true, true, true, true, true, true, true, true, true, true, true, true, true, true, true, true, true], "kpt_list": ["Thorax", "Nose", "Pelvis", "L_Shoulder", "L_Elbow", "L_Wrist", "L_Hip", "L_Knee", "L_Ankle", "R_Shoulder", "R_Elbow", "R_Wrist", "R_Hip", "R_Knee", "R_Ankle", "L_Eye", "L_Ear", "R_Eye", "R_Ear"]}