{"id": 2, "class": "person", "kpt3d_body": [[-12.120630931337182, -349.4172926157121, 2833.5098512241993], [-125.14645438147625, -514.5213105824739, 2942.910111087458], [-29.048993838771935, 169.95974994895036, 2974.71781523108], [-145.52701101386725, -331.63877463000983, 2734.4409630286914], [-205.01220384508062, -64.85589620648781, 2738.103270383956], [-287.5489859135142, 162.18987041836584, 2771.3346118362233], [-106.20550060113366, 183.45390998843854, 2909.6645002056744], [-77.36816690086768, 550.4194238361408, 2945.43844852557], [-37.50993006554398, 913.7102362315694, 2994.8913777257944], [122.25378322864829, -372.10653312566205, 2931.7281329805082], [189.48900417195728, -120.2386781014846, 3048.8531365798317], [242.36288896948003, 88.74772990096432, 3188.563235583614], [48.107860961231864, 156.46476773610956, 3039.770015401886], [74.39767886847912, 520.9386952752448, 3084.3168965176824], [93.56118376917549, 888.8583701438117, 3119.5592218533334], [-137.38121896972248, -544.848669024306, 2905.1057438907355], [-114.383247744847, -523.3371847992929, 2803.1454080096146], [-87.21867144790396, -548.2793988915636, 2940.287541987841], [7.8162885561022915, -533.2356075766371, 2895.9782473231853]], "kpt2d_body": [[936.0578496062498, 367.6766437667128], [876.3980205806628, 288.26631451939215], [927.4054139724949, 649.8547451551708], [859.4082755178819, 370.9667544506801], [825.1769827923026, 523.2636288506973], [780.1436682459507, 651.7845758192575], [885.4219949085204, 659.0720899164612], [901.8133688270209, 850.8903465117849], [923.5415211404373, 1028.7626344163468], [1008.0791578839144, 362.14959207065374], [1040.3833586263638, 498.5845954846025], [1062.121954515334, 603.9209199629713], [967.623958342624, 640.9956942408442], [980.4520772410239, 823.3545158217655], [989.1239099634638, 998.861419770881], [869.0492758745206, 268.8128047974077], [879.1452101457403, 270.07722775243843], [896.5105602885526, 270.3665909663826], [946.9900942851945, 273.8849437897055]], "kpt2d_body_mask": [true, true, true, true, true, true, true, true, true, true, true, true, true, true, true, true, true, true, true], "kpt3d_body_mask": [true, true, true, true, true, true, true, true, true, true, true, true, true, true, true, true, true, true, true], "kpt_list": ["Thorax", "Nose", "Pelvis", "L_Shoulder", "L_Elbow", "L_Wrist", "L_Hip", "L_Knee", "L_Ankle", "R_Shoulder", "R_Elbow", "R_Wrist", "R_Hip", "R_Knee", "R_Ankle", "L_Eye", "L_Ear", "R_Eye", "R_Ear"]}