{"id": 1, "class": "person", "kpt3d_body": [[-1142.737519377193, -281.95897087933065, 2194.912665007467], [-1257.7588991922823, -426.3112115369943, 2012.6786730298027], [-1112.0019648666753, 254.58835879922418, 2308.9680881273266], [-995.5880506505753, -287.88243011268764, 2111.317516730831], [-883.2095620173404, -37.41268561262174, 2202.5153237621707], [-849.4537039388065, 218.19806468156685, 2262.3134012471037], [-1054.3216931433215, 265.7415453262938, 2218.324387108006], [-1160.0312222211492, 689.4241829802463, 2194.853012581959], [-1217.1963982501345, 1092.498572816135, 2207.871342075629], [-1295.4386905426927, -291.26327713320836, 2286.8762243582787], [-1319.335700270907, -9.317681201100072, 2378.9274974844548], [-1362.3477189305195, 244.50295988829183, 2312.1507456011], [-1169.6829802999323, 243.43497441783398, 2399.61295865477], [-1083.4316573823928, 604.6337287656696, 2539.076630691227], [-883.0017171353597, 935.4892510665502, 2759.3397662533], [-1230.210369462582, -458.13712861421993, 2004.3555663784903], [-1134.6803045095478, -466.3161341882552, 2041.8196616868875], [-1273.8665169240217, -461.27396686811505, 2035.553035733967], [-826.4538433396144, 18.437390700959924, 2423.6276393137314]], "kpt2d_body": [[167.84007296053346, 369.5758970587157], [26.913247583363955, 250.60173262533522], [221.4720734694563, 724.9548187085941], [236.11203956621205, 356.5034721420512], [333.63348227887616, 534.5689498169761], [371.26313339367255, 706.6848369386006], [230.5192825678929, 739.3002052982188], [164.5112327627014, 1021.552494549098], [139.35007550195553, 1279.5385621977114], [104.86265318404458, 372.3593831046569], [119.51974359249607, 554.455918993484], [73.3592381943522, 715.8556429246291], [213.13997620006512, 711.7034618489606], [303.1828446458977, 916.2322786929524], [461.4719653926343, 1068.8165679340934], [42.81224480298704, 225.94440403130932], [122.87767360000828, 224.18490197777243], [26.098040435635767, 229.14642065489545], [420.2656195713122, 571.9346989641836]], "kpt2d_body_mask": [true, true, true, true, true, true, true, true, true, true, true, true, true, true, true, true, true, true, false], "kpt3d_body_mask": [true, true, true, true, true, true, true, true, true, true, true, true, true, true, true, true, true, true, false], "kpt_list": ["Thorax", "Nose", "Pelvis", "L_Shoulder", "L_Elbow", "L_Wrist", "L_Hip", "L_Knee", "L_Ankle", "R_Shoulder", "R_Elbow", "R_Wrist", "R_Hip", "R_Knee", "R_Ankle", "L_Eye", "L_Ear", "R_Eye", "R_Ear"]}