{"id": 5, "class": "person", "kpt3d_body": [[85.6785863782229, -172.01392444023682, 2683.7421466492356], [61.015876751262006, -268.30241004308857, 2510.475705748356], [95.40643100043795, 372.92293459960956, 2703.400537001793], [237.01454809067616, -181.2086576547368, 2672.2076474338296], [515.6593754817952, -272.50313936226985, 2676.7039731400832], [762.8749866922763, -364.1579983959225, 2673.553060015054], [193.71865644491734, 365.4506932812572, 2715.288040603507], [198.01242573099077, 796.5776332343253, 2761.813740364265], [185.0459464039699, 1165.3891757457632, 2850.5353398576585], [-65.26417026969864, -168.9516283649614, 2698.1348072322685], [-317.8067013993053, -259.14860856639723, 2717.157288791829], [-587.0305200853038, -372.27474455901574, 2695.4985725952224], [-2.905566238700814, 380.3951707814923, 2691.513005187685], [32.1670869570638, 793.5713726124699, 2769.219972599147], [56.27593329326583, 1167.7764702798336, 2857.0854053735366], [89.69431346280533, -306.89002940805733, 2521.028392835945], [141.9953961602352, -319.0801460700469, 2610.0923887081017], [29.390303875364978, -301.0349420374241, 2526.8082805626045], [-8.550853026086287, -304.4670845693814, 2622.188149584597]], "kpt2d_body": [[994.3497925879105, 453.0583044434556], [981.8645603064641, 383.7200622395312], [999.6737503290175, 781.0661834530114], [1086.7649072655536, 447.1777054644381], [1253.8922503732567, 393.1484782524691], [1399.2326310489352, 339.87942938021587], [1058.2419597288936, 775.4990454824098], [1057.3767653343964, 1018.7658628280542], [1045.1086291455003, 1202.0281511470102], [902.794165261684, 455.45573920362665], [752.2214107064331, 402.79170188872524], [591.6698264737445, 335.5833274919867], [940.5245045648397, 786.5591535803816], [961.0093515602048, 1016.2855233245457], [973.6202867333767, 1202.2227667066418], [1000.185513874946, 359.75201726022976], [1030.7947793835215, 358.98602629260563], [961.211919884608, 363.8984928006814], [936.961853797566, 368.77954243930304]], "kpt2d_body_mask": [true, true, true, true, true, true, true, true, true, true, true, true, true, true, true, true, true, true, true], "kpt3d_body_mask": [true, true, true, true, true, true, true, true, true, true, true, true, true, true, true, true, true, true, true], "kpt_list": ["Thorax", "Nose", "Pelvis", "L_Shoulder", "L_Elbow", "L_Wrist", "L_Hip", "L_Knee", "L_Ankle", "R_Shoulder", "R_Elbow", "R_Wrist", "R_Hip", "R_Knee", "R_Ankle", "L_Eye", "L_Ear", "R_Eye", "R_Ear"]}