{"id": 6, "class": "person", "kpt3d_body": [[120.92944029045364, -223.19493731031244, 2635.306798395046], [94.28210452360571, -369.56555815371973, 2455.749260858902], [127.91075815621325, 357.13798958237703, 2699.26086518378], [288.66846641273764, -228.1843410757746, 2643.4707107458808], [549.4695120073193, -218.29144857827956, 2745.35277282366], [833.1158982686018, -261.9298366608398, 2752.5651157884486], [227.4333132121834, 352.39180481911194, 2708.5374338183306], [227.84340090981817, 772.042134486783, 2713.0910305779385], [219.3100742841193, 1191.2069681610512, 2760.9379620051986], [-35.70398934795456, -217.93047089276868, 2650.3479913152496], [-342.9645168091782, -192.11521604791997, 2718.212752367977], [-628.5973276960481, -227.20059059368637, 2735.0352195424125], [28.387728296379677, 361.8851902171369, 2689.984347208849], [43.94075481574923, 778.8021202368923, 2701.918548946824], [58.1262781995402, 1190.519453630887, 2801.167780958859], [127.01080913462889, -407.5558406846046, 2470.1623279655023], [186.62574061964216, -409.0194941980816, 2559.8804050650538], [65.27674261423869, -405.821795019463, 2479.0078178908307], [35.2772679692351, -403.31036663904956, 2580.4928876768436]], "kpt2d_body": [[1017.0699253519654, 419.6649945868447], [1004.6679162480617, 313.49376755843], [1019.3545735990924, 771.9528718127959], [1119.9168453310012, 417.31599061271186], [1266.0956315688657, 429.07295134058666], [1426.9302802985103, 405.43554480665495], [1078.74342362867, 768.1971102100158], [1077.0902642687704, 1012.6188956908854], [1067.686811751846, 1235.520612139666], [920.2952165596544, 423.6186130751858], [737.1738041949899, 442.7699685114684], [571.7628515847425, 423.78264971534804], [959.4472200582707, 775.615568778013], [968.4677629965981, 1018.869781233451], [975.234267281726, 1226.4855312364307], [1025.7396436862218, 290.3167643118493], [1060.590620467996, 298.79523851338286], [985.0435989996456, 292.2782654035574], [964.4958013387035, 304.12825247513643]], "kpt2d_body_mask": [true, true, true, true, true, true, true, true, true, true, true, true, true, true, true, true, true, true, true], "kpt3d_body_mask": [true, true, true, true, true, true, true, true, true, true, true, true, true, true, true, true, true, true, true], "kpt_list": ["Thorax", "Nose", "Pelvis", "L_Shoulder", "L_Elbow", "L_Wrist", "L_Hip", "L_Knee", "L_Ankle", "R_Shoulder", "R_Elbow", "R_Wrist", "R_Hip", "R_Knee", "R_Ankle", "L_Eye", "L_Ear", "R_Eye", "R_Ear"]}