{"id": 5, "class": "person", "kpt3d_body": [[256.9777171010029, 111.4453061664932, 2552.260627502592], [436.54449380559555, -67.49214361571859, 2500.247114811002], [208.02326243372454, 608.3496828933437, 2568.7094706970393], [286.0152570212092, 113.24796837690087, 2717.6040697005647], [250.6483404495765, 409.5114980500327, 2781.502294316799], [342.96736386698865, 649.263041272138, 2793.0801427269193], [245.80347007856972, 608.8413142826067, 2661.7913694537942], [377.77406581687876, 980.1448379820349, 2656.8973205442308], [482.5650440697234, 1342.3570505906655, 2643.768596768042], [225.73327401482481, 113.24221347005562, 2385.9120412499747], [181.3292943620047, 395.93621685572515, 2339.531452541547], [326.3314990404705, 622.2521854168181, 2341.447249325755], [170.2429852627103, 607.8580567002326, 2475.6273844859916], [44.20047772351572, 966.2606559908369, 2526.877035093213], [-154.52205790779968, 1319.0943004081987, 2585.500359392343], [425.3253294458915, -102.71435333189714, 2533.1872277481016], [350.598700712436, -93.87276121022097, 2606.2874928116867], [407.2735260123497, -99.41923780185078, 2476.5046882689494], [304.1794090128683, -87.32880604167661, 2459.035697683561]], "kpt2d_body": [[1074.468764520314, 620.7429840517613], [1176.0470045186387, 522.8477554872399], [1045.45762473652, 884.2582335677271], [1080.7824643583021, 617.9629573795617], [1059.1162671044422, 763.465520838303], [1102.5397435680352, 877.7111639254687], [1061.112081784207, 873.3294503921911], [1124.7881528781693, 1052.9573749607307], [1171.4844845480404, 1218.0570960346533], [1066.0438476663217, 626.0306207715773], [1041.5121077769109, 793.5458675153158], [1124.1906683645193, 921.1856698275521], [1028.632002515093, 895.9577758257371], [957.7980112234735, 1072.2133089873018], [856.1790773249309, 1225.073624855192], [1166.863963752649, 504.1125987785861], [1121.1800004047757, 510.2277067652923], [1162.1660246189485, 504.6508009406429], [1106.2860496077121, 510.8882110804906]], "kpt2d_body_mask": [true, true, true, true, true, true, true, true, true, true, true, true, true, true, true, true, true, true, true], "kpt3d_body_mask": [true, true, true, true, true, true, true, true, true, true, true, true, true, true, true, true, true, true, true], "kpt_list": ["Thorax", "Nose", "Pelvis", "L_Shoulder", "L_Elbow", "L_Wrist", "L_Hip", "L_Knee", "L_Ankle", "R_Shoulder", "R_Elbow", "R_Wrist", "R_Hip", "R_Knee", "R_Ankle", "L_Eye", "L_Ear", "R_Eye", "R_Ear"]}