{"id": 5, "class": "person", "kpt3d_body": [[-35.73380516654986, 3.849788079613745, 2718.2786349012354], [117.67902730271126, -125.84599367052817, 2663.0124398590083], [-13.429476391026904, 537.5855848536081, 2710.5220650752753], [3.6883265732747983, 0.24653301827726182, 2863.12411570504], [64.98913972484706, -53.3828074740461, 3123.3340176740085], [200.2013107790792, -233.33081578800773, 3292.2550817087485], [14.794172256987768, 543.3711741260771, 2799.5858064233144], [-29.99798071315864, 968.0378694902961, 2800.0598922089926], [-95.32407666581653, 1336.9309710622795, 2788.835757388646], [-85.8022054895814, 9.185616390691678, 2581.62041383737], [-131.23587666394445, -71.32908147208639, 2318.3832438623795], [-110.39269383253159, -237.54387978787037, 2071.3575645347596], [-41.652974907790544, 531.7989857563999, 2621.458666822857], [-54.24529227189065, 967.8315114768151, 2627.319224966969], [-131.43107634064313, 1335.7521220080507, 2664.1932976823678], [110.72557903505852, -160.82545386207158, 2695.7843115977776], [34.65759534586353, -159.7036302303792, 2766.0720840256026], [91.81039892844665, -157.2232441368797, 2638.583581694463], [-8.847137222510204, -151.73836164341537, 2622.019720721576]], "kpt2d_body": [[915.9655510203361, 562.1057084727696], [995.9753322283256, 494.37893902494807], [927.4780233361266, 833.3173383415821], [936.1253162154667, 560.2529470066074], [963.3830875359668, 536.328544764426], [1019.0519550430002, 461.6453127448869], [941.6234183318791, 827.5964276993146], [919.8269820667745, 1026.2440628673469], [889.299389515513, 1189.4551441651051], [887.918492614152, 565.0874390413923], [855.3520112783093, 517.322370972967], [860.2173345691563, 401.0887773810775], [912.3874941872841, 839.3997866416516], [906.5110582155457, 1054.7199470472206], [869.6755987268479, 1215.0058941548914], [991.6103257449945, 477.1483633588675], [951.8092452070765, 479.7811915073304], [982.8609240096372, 477.236996227612], [929.6170919895345, 479.591275506855]], "kpt2d_body_mask": [true, true, true, true, true, true, true, true, true, true, true, true, true, true, true, true, true, true, true], "kpt3d_body_mask": [true, true, true, true, true, true, true, true, true, true, true, true, true, true, true, true, true, true, true], "kpt_list": ["Thorax", "Nose", "Pelvis", "L_Shoulder", "L_Elbow", "L_Wrist", "L_Hip", "L_Knee", "L_Ankle", "R_Shoulder", "R_Elbow", "R_Wrist", "R_Hip", "R_Knee", "R_Ankle", "L_Eye", "L_Ear", "R_Eye", "R_Ear"]}