{"id": 6, "class": "person", "kpt3d_body": [[105.96807596746827, -50.97267482201801, 2649.7924209836856], [271.590786429897, -224.07078176406458, 2619.452029574347], [96.74943382065949, 522.3887871360193, 2676.788495583005], [148.5731589852306, -61.7795900577525, 2815.850487660609], [102.12770401958251, 126.91709286262636, 3050.529942308546], [124.59171071640009, 342.14747240148984, 2897.46827484109], [113.99548803630773, 514.8494291441859, 2771.8801150973522], [94.7838733758776, 935.1117319627127, 2788.8976858736783], [88.67703095126821, 1361.1764806589163, 2787.8105006960704], [61.96661893274104, -44.735148704353946, 2484.719027924481], [-64.77874825355596, 154.12056290191742, 2307.2112459326045], [32.592357441736794, 367.48326746564317, 2447.6306765978234], [79.50254632823886, 529.928115890508, 2581.6975043957996], [64.39610338611487, 942.2842505933642, 2594.2251352465946], [43.53960874880761, 1361.09296535324, 2624.9679139292184], [253.8453806857624, -262.0471116698869, 2650.8284212403278], [168.81607025663578, -258.46929209190336, 2709.0492971323138], [245.95270761174675, -256.6982736052566, 2588.801997943532], [144.14984473655943, -244.40787667466964, 2556.6991632097065]], "kpt2d_body": [[990.1519769253043, 533.3504063159331], [1078.4033272518884, 441.57278999222075], [984.2414181166642, 828.9361755003579], [1007.9537910265044, 529.5973674305526], [981.0472805229153, 618.0390939562316], [994.1099395554903, 723.8689329364532], [991.1731304379441, 816.1967960440793], [980.3316453587794, 1012.8901790264918], [976.0932810244288, 1199.8924857650481], [969.1503061776538, 535.0591778348494], [895.1696718478205, 653.0405952870583], [952.800725509161, 767.903722701649], [976.809459557111, 842.5696173971247], [967.7603266906137, 1048.2413828768963], [955.9473673700278, 1235.154935306495], [1067.3636787096166, 423.15329268387813], [1021.0455374789676, 427.70596878898596], [1066.3187845670113, 422.73107056794754], [1012.802063025183, 427.42344949114147]], "kpt2d_body_mask": [true, true, true, true, true, true, true, true, true, true, true, true, true, true, true, true, true, true, true], "kpt3d_body_mask": [true, true, true, true, true, true, true, true, true, true, true, true, true, true, true, true, true, true, true], "kpt_list": ["Thorax", "Nose", "Pelvis", "L_Shoulder", "L_Elbow", "L_Wrist", "L_Hip", "L_Knee", "L_Ankle", "R_Shoulder", "R_Elbow", "R_Wrist", "R_Hip", "R_Knee", "R_Ankle", "L_Eye", "L_Ear", "R_Eye", "R_Ear"]}