{"id": 5, "class": "person", "kpt3d_body": [[-1.4360735469444208, -18.465760849085484, 2749.612443645585], [-83.5503936784799, -184.97201607459715, 2654.2669547465284], [4.904142929333357, 488.30300976597016, 2652.855744199149], [152.11672730459026, -25.255901710250157, 2742.776803818478], [258.71100324672426, -16.259719080822777, 2472.684152715495], [100.31021679422393, -182.29169622713016, 2457.5201692531186], [98.00887533365739, 491.3289216513773, 2625.0370249215875], [91.71147972168036, 905.0541264938306, 2563.0306016028444], [102.17812636383846, 1293.1995736713757, 2589.4739049927994], [-145.20577682265827, -16.258088908437287, 2743.789906738104], [-112.96832041493495, 13.434112445446829, 2445.0480419520986], [36.15559970847898, -178.26820929024308, 2421.4713000413713], [-88.20122977725848, 485.27709880464243, 2680.6744669626682], [-89.42222103338686, 900.5850296074794, 2674.4549094589747], [-62.14335848005574, 1305.9566649580768, 2712.6285913533793], [-49.47867377675248, -222.54894276056035, 2659.7872736945515], [41.33352352101546, -209.08626485014594, 2710.159453095992], [-97.90308705115926, -207.90351140165228, 2692.1068897648865], [-84.9181642294796, -181.8086443852343, 2788.692051683958]], "kpt2d_body": [[933.856431092067, 549.3921803289307], [890.6302443947612, 461.6617240117956], [937.166422748541, 813.1184059789399], [1012.1035554052727, 545.9227906757858], [1080.5007763965132, 549.6090155616067], [991.576267097737, 455.43995883155605], [986.2877796994738, 817.227770667412], [983.0112262220164, 1034.7749681148168], [986.4970205324181, 1212.3305446294064], [860.6223487213182, 550.5005362874801], [870.0001575052768, 566.4267834005291], [955.4443186845905, 456.17410272133236], [889.031578018697, 808.9146248782647], [889.3371332548899, 1014.0048117118965], [904.5364372408592, 1191.3932017874804], [908.6225920827824, 442.2253996445006], [955.8883943122325, 451.2722822632438], [883.8243962913932, 451.2015707782134], [892.055838553458, 467.905928427925]], "kpt2d_body_mask": [true, true, true, true, true, true, true, true, true, true, true, true, true, true, true, true, true, true, true], "kpt3d_body_mask": [true, true, true, true, true, true, true, true, true, true, true, true, true, true, true, true, true, true, true], "kpt_list": ["Thorax", "Nose", "Pelvis", "L_Shoulder", "L_Elbow", "L_Wrist", "L_Hip", "L_Knee", "L_Ankle", "R_Shoulder", "R_Elbow", "R_Wrist", "R_Hip", "R_Knee", "R_Ankle", "L_Eye", "L_Ear", "R_Eye", "R_Ear"]}