{"id": 5, "class": "person", "kpt3d_body": [[123.75938767470288, -37.44297856146716, 2832.945857247512], [314.16216791897654, -192.44084811650197, 2869.231955482274], [123.87603880626068, 442.1565206853369, 2776.193844731169], [75.05737993512378, -35.40164466929269, 2990.3129918910236], [-47.747272744186944, 210.3670693111296, 3127.1495946789846], [26.084266487323802, 271.31001332032224, 3359.4762262224203], [84.79553713669753, 458.5247275377652, 2871.9558270542143], [114.31712477913047, 857.8891788206073, 2834.9046285870463], [82.83329540377403, 1251.4525037943686, 2749.871905394496], [168.3393028144261, -36.43340489774232, 2673.801431545887], [158.60883599696106, 231.52337357125063, 2546.359577005109], [309.7048755274632, 442.73764207235513, 2553.469609100915], [162.9566521241479, 425.7872862747315, 2680.431424619538], [443.3225394503737, 723.5296080116938, 2682.8751249317997], [166.68201259924723, 1021.0546387663119, 2610.618148587818], [293.9477061157384, -227.62911421868836, 2899.4914922864114], [194.4397660225028, -229.9451911794111, 2935.0638201866695], [299.7054665408101, -228.34513287154095, 2838.5007405382057], [212.00978884949865, -232.86627831735245, 2782.625059142236]], "kpt2d_body": [[1011.658028068071, 542.9292539436201], [1105.0772276222497, 466.53712742458663], [1012.5523998708305, 787.237664892446], [985.111873468957, 544.8878528694725], [927.4275075494752, 657.5977522963642], [960.3118005241483, 676.7534683328661], [991.1417896115892, 787.8489218776631], [1005.4829539605175, 982.8596793821459], [990.1459977832106, 1178.2752645019036], [1039.14796841804, 542.357144681937], [1037.9931735649707, 691.024801826555], [1120.5478671659225, 806.0801106485465], [1035.4683552111335, 786.5517951520962], [1179.3367306204325, 936.3979357392365], [1036.9366532203635, 1097.6871227821325], [1093.5295137076207, 450.2976872564601], [1043.6777497022, 450.34714680804296], [1099.4687209817257, 447.581192087209], [1057.7855304893872, 442.8249346792281]], "kpt2d_body_mask": [true, true, true, true, true, true, true, true, true, true, true, true, true, true, true, true, true, true, true], "kpt3d_body_mask": [true, true, true, true, true, true, true, true, true, true, true, true, true, true, true, true, true, true, true], "kpt_list": ["Thorax", "Nose", "Pelvis", "L_Shoulder", "L_Elbow", "L_Wrist", "L_Hip", "L_Knee", "L_Ankle", "R_Shoulder", "R_Elbow", "R_Wrist", "R_Hip", "R_Knee", "R_Ankle", "L_Eye", "L_Ear", "R_Eye", "R_Ear"]}