{"id": 5, "class": "person", "kpt3d_body": [[148.14176671118926, -54.37485523991711, 2743.629846519272], [317.6195400036527, -202.4473384242961, 2766.016063473857], [163.29548895587402, 455.87300021998874, 2704.747269220632], [137.29925302087835, -44.33182138114631, 2908.721337047393], [6.367875938851242, 160.4220943347184, 3073.626529582437], [91.13581672573414, 343.5409269037244, 2929.760020785532], [158.7847662037039, 471.49070750620155, 2799.952064435533], [126.48836057199141, 855.6679194759276, 2780.322669248023], [79.53140988023797, 1256.030002391554, 2741.021599023872], [160.55520622853052, -62.6674328772134, 2577.6328632896984], [83.10749323437562, 128.6707733075771, 2362.512846408982], [164.88322570841012, 339.1613886892021, 2493.3393788671688], [167.80620433259853, 440.25530444018756, 2609.542673538198], [185.51326166752702, 866.2131314656685, 2575.5208980405323], [132.9052452719382, 1244.59614152418, 2540.882733826974], [297.69667046165864, -237.0018359831326, 2796.5315497069964], [202.26250091830852, -233.56559581768835, 2833.326863253087], [302.18087187433343, -238.3785782209705, 2736.4447986732357], [214.19468834416577, -238.0044610038277, 2681.88013440386]], "kpt2d_body": [[1026.3636455873607, 533.5278149009948], [1112.5798588955868, 457.9052047794935], [1034.7985586584907, 800.0693847993125], [1016.6766294493611, 540.0461427785866], [952.1901975453013, 636.1615659320048], [993.5272466850531, 728.344207267932], [1029.6162195149439, 799.8838107518503], [1012.6367614691607, 989.6305714569974], [988.6185418484898, 1182.1527576941176], [1038.1818340928412, 527.1354794328142], [999.4697677804174, 639.3657452261438], [1043.1897554050167, 754.5732495795647], [1040.3568035720525, 800.2665228570236], [1049.0871237162785, 1026.8711573152725], [1019.7555835172585, 1220.4906664586324], [1100.664258172951, 441.5029902882869], [1050.967060137352, 444.5730483692639], [1106.266072436055, 438.1910605851536], [1062.9789056419022, 435.68379573253605]], "kpt2d_body_mask": [true, true, true, true, true, true, true, true, true, true, true, true, true, true, true, true, true, true, true], "kpt3d_body_mask": [true, true, true, true, true, true, true, true, true, true, true, true, true, true, true, true, true, true, true], "kpt_list": ["Thorax", "Nose", "Pelvis", "L_Shoulder", "L_Elbow", "L_Wrist", "L_Hip", "L_Knee", "L_Ankle", "R_Shoulder", "R_Elbow", "R_Wrist", "R_Hip", "R_Knee", "R_Ankle", "L_Eye", "L_Ear", "R_Eye", "R_Ear"]}