{"id": 5, "class": "person", "kpt3d_body": [[92.95663141811136, -44.61937689942431, 2742.031382257531], [235.3590021676015, -217.86498575354813, 2756.687424616655], [160.26140993161167, 460.12625052156636, 2711.4073515956848], [84.02844720634269, -34.840519313063396, 2900.652942016943], [296.5148465917905, 142.5695030391674, 2990.185384410893], [363.8208279552829, -79.16076601772204, 2991.434962613848], [158.59537835129686, 480.34590806595236, 2813.161000492997], [122.95594391004421, 855.6739536019626, 2780.7463467738808], [79.3038509400358, 1256.249123648939, 2742.0286549442785], [115.52051200830505, -49.03119201110485, 2583.4050810922604], [323.9423790337119, 120.34891795763698, 2487.2535450316177], [403.19131879703343, -110.94180919505163, 2526.6337158807705], [161.9274297933233, 439.907620076316, 2609.654144207195], [178.151309917998, 862.2114721831897, 2575.3732883048433], [132.57827400750995, 1247.6192032744739, 2540.321440948557], [213.61012188759105, -251.68590498712916, 2786.5065805754716], [118.62717168999271, -242.41697836051912, 2827.2444437397153], [216.37814404570264, -250.94963741546394, 2726.3841524000713], [129.4843420964333, -243.86676071153857, 2675.5687679489643]], "kpt2d_body": [[997.6838883199413, 538.5692814285337], [1070.8505332330928, 449.46282773117133], [1032.997013573224, 801.6863580163642], [990.6398039658707, 544.642872067992], [1090.542169702543, 629.5510988520224], [1122.3856360393347, 524.1861228509017], [1029.1269418192935, 803.1671269607425], [1010.858930005731, 989.5835593095737], [988.49217622567, 1182.0446469717526], [1013.1259062766862, 534.7167726979892], [1134.4637792479484, 630.4200629688797], [1175.6876891718637, 499.6089835579572], [1037.1685055633009, 800.0893513017771], [1045.1634714310858, 1024.9105863018247], [1019.5794390342536, 1222.0650123622017], [1058.4157511746337, 433.4344737181193], [1009.0732751594546, 439.7764935119478], [1062.2467023330469, 431.0145611374681], [1018.2239717006016, 432.1448366542798]], "kpt2d_body_mask": [true, true, true, true, true, true, true, true, true, true, true, true, true, true, true, true, true, true, true], "kpt3d_body_mask": [true, true, true, true, true, true, true, true, true, true, true, true, true, true, true, true, true, true, true], "kpt_list": ["Thorax", "Nose", "Pelvis", "L_Shoulder", "L_Elbow", "L_Wrist", "L_Hip", "L_Knee", "L_Ankle", "R_Shoulder", "R_Elbow", "R_Wrist", "R_Hip", "R_Knee", "R_Ankle", "L_Eye", "L_Ear", "R_Eye", "R_Ear"]}