{"id": 5, "class": "person", "kpt3d_body": [[114.86984461024832, -68.56099357547549, 2709.1567414016063], [243.612499282862, -225.72322326836826, 2756.344188932016], [148.26310220446192, 446.130509887435, 2729.689227975264], [-5.143510299588012, -67.89527274836189, 2805.595923863979], [69.55256268854703, -23.683900001655047, 3083.4916641394384], [212.21621239973103, -192.85393749001372, 3021.921474238197], [89.59985247679481, 456.2543814023428, 2806.880389924542], [114.68088377670708, 870.6231211215802, 2802.5989131017145], [77.3460663464329, 1255.9615410965287, 2742.5143378563102], [233.60510066200567, -71.14355650985459, 2627.5069787980137], [384.19187479283437, -5.685460761851573, 2882.3976117736943], [284.6672178040626, -186.6850217050714, 3010.5036650343936], [206.92669163080785, 436.0075835496558, 2652.4971219682534], [196.31956473024525, 849.6419682599148, 2608.3715716049546], [136.93183991745605, 1247.9699846470103, 2545.4878846378733], [214.51561592932563, -262.1726511699657, 2776.5073218638536], [111.18152418276047, -250.93917528844543, 2788.5505249732073], [234.1117162012442, -253.28836646192428, 2720.5284806790683], [165.10070801302348, -238.6076273499333, 2647.651370468083]], "kpt2d_body": [[1009.8155416561322, 525.6974936169747], [1075.0971382066443, 445.4289092601645], [1026.2613569713808, 792.9953104685976], [946.6091074815486, 527.2580539361937], [981.4772766895945, 550.8167767537955], [1049.3917338430279, 470.9681142860729], [994.5298262515166, 791.8775116327159], [1006.2416110130612, 993.4981023312843], [987.5181111624087, 1181.8210574791126], [1076.0501110761497, 523.2416053995214], [1138.879090296161, 558.9704719679535], [1083.9558971596473, 473.63125949199497], [1059.7660600811373, 794.1089389960715], [1053.7391356529786, 1012.9478752513883], [1021.7517343722726, 1221.0015240056473], [1059.247758682209, 427.63714651314274], [1006.0864633457525, 433.7558457944537], [1071.7284867225603, 429.55919082253774], [1038.0958169423668, 433.6510017151817]], "kpt2d_body_mask": [true, true, true, true, true, true, true, true, true, true, true, true, true, true, true, true, true, true, true], "kpt3d_body_mask": [true, true, true, true, true, true, true, true, true, true, true, true, true, true, true, true, true, true, true], "kpt_list": ["Thorax", "Nose", "Pelvis", "L_Shoulder", "L_Elbow", "L_Wrist", "L_Hip", "L_Knee", "L_Ankle", "R_Shoulder", "R_Elbow", "R_Wrist", "R_Hip", "R_Knee", "R_Ankle", "L_Eye", "L_Ear", "R_Eye", "R_Ear"]}