{"id": 5, "class": "person", "kpt3d_body": [[122.9495040801941, -58.481751527265544, 2737.0121339022303], [280.381646753517, -217.16139380673297, 2756.774158613249], [155.36605583899546, 455.8289277365326, 2698.741148982938], [113.54375767771916, -42.62178071967355, 2897.513718393223], [190.9343014842341, 58.01870510819896, 3151.0412755021352], [275.2968543834763, -171.73318028354828, 3126.9320725281573], [145.18638698549898, 473.94609905311995, 2795.6242130979285], [123.64463375347742, 852.8302460007939, 2778.8040075610434], [78.5091347619172, 1255.1612903233163, 2742.231707976532], [122.46829626411845, -71.38075179862398, 2582.434844235313], [225.21262438177394, -38.726417521485246, 2303.3176162345594], [355.05925625116583, -259.45716639765806, 2337.6804234962087], [165.54573944338318, 437.71173340712124, 2601.8576858030133], [177.0369790542074, 861.661561990936, 2570.3581085209544], [131.08348302766248, 1245.7120983623358, 2538.708265809202], [260.7129756715964, -251.03098117241558, 2786.164023359529], [162.89554277109787, -245.4851135309582, 2826.2755898377036], [263.2395913281322, -251.50706680594823, 2727.0542091118637], [173.79349708253713, -248.1875902555177, 2674.4196667738443]], "kpt2d_body": [[1013.4163516869673, 531.3141571837878], [1093.991173574993, 449.921655878144], [1030.82930351137, 800.5901153094329], [1005.2338087052772, 540.7992490643953], [1035.773773855114, 588.0049505508517], [1074.7397232491476, 483.6659611244624], [1022.8484635590655, 801.5029745597969], [1011.2547086493842, 988.5102172533752], [988.0993718081575, 1181.5165525767256], [1016.9819811268535, 522.3772049349764], [1088.6559163911163, 537.8536771148873], [1164.3091065909523, 404.9833634408225], [1039.4008404946098, 799.6049234840973], [1044.7435639567252, 1025.489660367603], [1018.8375636362649, 1221.540978539484], [1082.4045618098387, 433.8524045194696], [1031.3933914870559, 438.2499242365919], [1086.5740027344946, 430.8659407520449], [1041.817398033034, 429.8708723226423]], "kpt2d_body_mask": [true, true, true, true, true, true, true, true, true, true, true, true, true, true, true, true, true, true, true], "kpt3d_body_mask": [true, true, true, true, true, true, true, true, true, true, true, true, true, true, true, true, true, true, true], "kpt_list": ["Thorax", "Nose", "Pelvis", "L_Shoulder", "L_Elbow", "L_Wrist", "L_Hip", "L_Knee", "L_Ankle", "R_Shoulder", "R_Elbow", "R_Wrist", "R_Hip", "R_Knee", "R_Ankle", "L_Eye", "L_Ear", "R_Eye", "R_Ear"]}