{"id": 5, "class": "person", "kpt3d_body": [[246.16261469478658, -32.55569784752737, 2762.322179060557], [351.1450691128841, -156.10267462429533, 2931.9671262899847], [181.91194625314546, 457.7036073716849, 2710.8471334099204], [134.2191371447855, -23.99278222017699, 2883.6776603389326], [68.68424233031749, 259.8497359784807, 2876.681916655856], [231.10643768289606, 443.71647956615476, 2894.1922979648944], [116.18926090979146, 447.84582556766907, 2782.5991336686075], [148.33402892329863, 853.0505944005096, 2886.648411142297], [130.54637220256058, 1242.4407064930683, 2892.989860683879], [357.6259668708475, -32.509466930308406, 2634.1904495495855], [364.458484686861, 245.53072439413313, 2566.200250588887], [396.60822897165906, 471.53987314831295, 2697.867265739047], [247.6337439476147, 467.5603662079365, 2639.094658160275], [199.41098749551188, 862.13597724378, 2586.8434430576076], [138.13683811261984, 1245.8925147964076, 2537.2064835991264], [320.0721128715822, -197.0134597336724, 2936.652877247175], [239.34655971593511, -223.41179465243812, 2874.2547271398003], [374.14288529071933, -192.7393325240874, 2908.3979074261506], [374.5909088635719, -209.8129544589969, 2806.6548385938377]], "kpt2d_body": [[1076.3647001310153, 544.9974485302428], [1119.6637873909347, 486.1870421595971], [1044.314614094737, 800.42628899736], [1015.7403019808974, 549.910420156923], [983.2867084420376, 690.3022923303026], [1062.4713406740602, 778.6602313225869], [1008.481809740118, 789.5951087489756], [1020.9705048712669, 973.3141040967187], [1010.8084174467095, 1146.3143686318294], [1142.3564529166451, 544.2568380070816], [1150.6693201075059, 697.1472322774375], [1156.4717777086375, 807.5655341658407], [1081.9299585015524, 811.7116137187224], [1056.1311784282395, 1022.8005070360448], [1022.6159746666257, 1221.93850009232], [1104.3682397569175, 466.5098350011198], [1067.8703506223642, 451.29723833377653], [1132.1094673913142, 467.78837122144785], [1138.8386726598749, 455.82542691885374]], "kpt2d_body_mask": [true, true, true, true, true, true, true, true, true, true, true, true, true, true, true, true, true, true, true], "kpt3d_body_mask": [true, true, true, true, true, true, true, true, true, true, true, true, true, true, true, true, true, true, true], "kpt_list": ["Thorax", "Nose", "Pelvis", "L_Shoulder", "L_Elbow", "L_Wrist", "L_Hip", "L_Knee", "L_Ankle", "R_Shoulder", "R_Elbow", "R_Wrist", "R_Hip", "R_Knee", "R_Ankle", "L_Eye", "L_Ear", "R_Eye", "R_Ear"]}