{"id": 6, "class": "person", "kpt3d_body": [[-46.511339752658984, -171.25547564478325, 2568.56820291408], [39.62688732248221, -346.8467977838077, 2443.7531142506527], [-63.50092114740456, 403.56671709772525, 2526.769825604583], [101.9515363674278, -163.33754330998175, 2643.814450551584], [224.66606034452568, 53.41070487759026, 2827.46383242705], [117.92253253349422, 246.8602428897954, 2680.233686050241], [22.123500570333388, 408.77363716458547, 2578.935521452555], [-9.81066247492608, 825.3745542293012, 2572.292630500655], [-37.408467611178295, 1249.0947829556194, 2541.333395730619], [-176.6590621263842, -184.04955092692518, 2470.763045334643], [-420.8323270449154, -6.608343118674327, 2430.898944724824], [-273.2753905964722, 221.7346793034386, 2442.8330072130484], [-149.12565194358734, 398.3598273265025, 2474.605085556113], [-169.71866574386766, 813.4662867299738, 2457.602490866065], [-188.66554538620625, 1229.2377313213963, 2465.5736886603604], [59.846511082839164, -378.5017185532132, 2480.146558462416], [55.68907222828354, -368.7481320988394, 2585.033604717866], [5.335312760290698, -384.96132727192645, 2450.036406319999], [-80.26061674692511, -379.64474455871795, 2511.967254570687]], "kpt2d_body": [[930.641195118644, 452.2914321364455], [978.5229210869386, 348.26008428594207], [921.0485867466223, 766.510839938516], [1009.8430325276692, 459.1206942975544], [1066.9573392659152, 571.5474111960831], [1017.3510389885068, 673.4120981372987], [967.881973339782, 764.8958156606053], [950.811210216758, 980.6823002880332], [936.6946522865576, 1190.5294247857928], [856.1908856173022, 441.57325942928037], [715.747519592478, 541.4663371452342], [800.3226544868639, 671.1700568325977], [872.327403222662, 768.0417196904239], [862.3115131963687, 993.0994641547848], [855.6252587551625, 1197.960063274168], [989.5055600583701, 333.64324844873386], [985.9328854292061, 347.2892223960108], [958.987316268593, 327.4413010572195], [911.5441748774795, 335.70074010569846]], "kpt2d_body_mask": [true, true, true, true, true, true, true, true, true, true, true, true, true, true, true, true, true, true, true], "kpt3d_body_mask": [true, true, true, true, true, true, true, true, true, true, true, true, true, true, true, true, true, true, true], "kpt_list": ["Thorax", "Nose", "Pelvis", "L_Shoulder", "L_Elbow", "L_Wrist", "L_Hip", "L_Knee", "L_Ankle", "R_Shoulder", "R_Elbow", "R_Wrist", "R_Hip", "R_Knee", "R_Ankle", "L_Eye", "L_Ear", "R_Eye", "R_Ear"]}