{"id": 6, "class": "person", "kpt3d_body": [[-26.163215217248403, -170.8715504109452, 2509.8075691019985], [47.7222069572511, -351.1706262700531, 2379.6880484215985], [-59.90444715858647, 391.49305833988905, 2486.7136023939665], [112.08395767806927, -160.2885391893352, 2605.380732600145], [353.0073836269154, -67.30473532865204, 2666.2518714155253], [367.4109977137909, -286.8516724664934, 2556.20573870683], [17.932159390224314, 389.8643502475984, 2554.4272943134724], [-9.259117468227487, 817.6911072430355, 2554.0999924488247], [-36.68738924679113, 1246.263808909438, 2539.1014066462903], [-171.6915039208806, -180.83743449022222, 2442.1476841891345], [-340.26960500039024, -115.5140645711515, 2222.340004974651], [-219.85347311180283, -335.2190521351349, 2169.170625424012], [-137.74044288349324, 393.12176071166135, 2418.9990859980007], [-168.9246740568112, 807.5414804117074, 2445.1466374510364], [-188.63515818053946, 1230.319979996449, 2462.27833709894], [67.6827818448831, -383.11125522799756, 2415.4993718962655], [66.262255966125, -369.57628660285707, 2523.108870836887], [13.714061071377497, -390.36887554161154, 2386.815527660045], [-70.27401040893773, -382.7209090347935, 2450.5058699211118]], "kpt2d_body": [[941.380142369221, 450.3274249306704], [983.8511912150715, 340.5375059294105], [922.4876901978605, 763.3961384372094], [1016.0677610555595, 459.4894087809802], [1140.3248236941056, 510.17183362414266], [1155.2725087583551, 390.04181726439197], [965.7203521566549, 756.8545857985807], [951.0672631140278, 979.7536814340999], [937.0482914126488, 1189.7289314958857], [857.853284057928, 442.1819335080693], [743.2721404036606, 473.2199315257726], [815.4842749528275, 331.6091501755096], [876.9391639657398, 770.1602206580004], [862.2629783620744, 992.1574257261632], [855.5318656039318, 1199.251221688085], [994.8918534930956, 325.46180600868547], [992.4862206626423, 342.05136907447263], [963.942805682928, 318.6646448325478], [916.1111090302389, 328.7869373082372]], "kpt2d_body_mask": [true, true, true, true, true, true, true, true, true, true, true, true, true, true, true, true, true, true, true], "kpt3d_body_mask": [true, true, true, true, true, true, true, true, true, true, true, true, true, true, true, true, true, true, true], "kpt_list": ["Thorax", "Nose", "Pelvis", "L_Shoulder", "L_Elbow", "L_Wrist", "L_Hip", "L_Knee", "L_Ankle", "R_Shoulder", "R_Elbow", "R_Wrist", "R_Hip", "R_Knee", "R_Ankle", "L_Eye", "L_Ear", "R_Eye", "R_Ear"]}