{"id": 6, "class": "person", "kpt3d_body": [[-15.04437342365291, -169.81027943566886, 2547.2823034485773], [77.17070850903215, -349.6642619342242, 2412.03743834165], [-51.200953080068615, 401.33138896848766, 2526.6763914624726], [135.48246433888238, -161.66619466820265, 2621.4133638795106], [250.7019689069258, 49.70596197841019, 2811.6355920061455], [138.7986029985328, 246.23925130710774, 2673.2669077134506], [29.64151486125994, 404.07622095070906, 2580.461079251094], [-2.273500103816275, 822.591310555768, 2573.1325289982924], [-37.816997541727595, 1248.4099271164355, 2540.8814603088986], [-172.56180219637142, -184.92266632052008, 2469.3296132380824], [-399.028263050963, -6.083977255945854, 2418.155456395903], [-248.4615388856654, 222.0507162437616, 2426.429307693549], [-132.04354722380623, 398.58660217591563, 2472.8927390630765], [-163.5042145402938, 810.7519513919852, 2458.9136292692415], [-187.65813813795398, 1229.9294676412405, 2462.6847054378236], [95.68986944840034, -381.25227344495556, 2449.7566486095257], [87.74145265376444, -365.3299832936568, 2555.315857928581], [41.87692518725772, -388.0593624432126, 2419.1002128767796], [-45.9221623354302, -379.0541097075035, 2478.2257455187137]], "kpt2d_body": [[947.6946967441245, 452.29697086864047], [1000.459839437153, 344.13930613396576], [927.8057685803153, 765.3250700100888], [1028.1567796706556, 459.30147731709303], [1080.4637765136447, 569.8486649830099], [1028.3938097977234, 673.3957503726353], [971.9257123761762, 762.276860384126], [954.7982271357678, 979.1599138464708], [936.4787066009646, 1190.3148858075892], [858.4431949769039, 441.0159097072976], [726.8145776218918, 541.7439636500692], [813.4198038764175, 672.2710833058259], [881.8409039131052, 768.3687128441046], [865.7621554354854, 991.5037159115154], [856.0624224073915, 1198.9786947243747], [1010.2348806719704, 329.57295409983874], [1003.7240127143735, 346.8866460709259], [980.0119689571322, 322.9622063864456], [930.1998138613476, 333.1688678714055]], "kpt2d_body_mask": [true, true, true, true, true, true, true, true, true, true, true, true, true, true, true, true, true, true, true], "kpt3d_body_mask": [true, true, true, true, true, true, true, true, true, true, true, true, true, true, true, true, true, true, true], "kpt_list": ["Thorax", "Nose", "Pelvis", "L_Shoulder", "L_Elbow", "L_Wrist", "L_Hip", "L_Knee", "L_Ankle", "R_Shoulder", "R_Elbow", "R_Wrist", "R_Hip", "R_Knee", "R_Ankle", "L_Eye", "L_Ear", "R_Eye", "R_Ear"]}