{"id": 6, "class": "person", "kpt3d_body": [[-30.835892649943037, -208.71375579417816, 2540.9407720223567], [59.38928498261735, -350.4493507847292, 2416.544168073079], [-54.605638985100185, 373.54135642307426, 2516.1418722021476], [100.381444120776, -182.6422677287843, 2631.9206666530517], [362.36226348891614, -304.90715216155394, 2670.9141551112816], [250.60297971947415, -362.9869649639488, 2430.256653161355], [27.98214717161537, 381.54683179420573, 2564.494087708033], [-2.160421865551463, 814.3666338092952, 2557.115374683413], [-38.18477286147734, 1243.3975358675186, 2542.817286975357], [-171.1160652005087, -228.95901946845896, 2464.63663688871], [-300.46557623930073, -414.28823827936753, 2297.4670804843954], [-48.43307610634001, -406.40819687729874, 2304.2761260078973], [-137.19325267222354, 365.5350042578066, 2467.7919373729774], [-163.03249606083716, 802.4475230977137, 2449.8423606487363], [-185.61801930979072, 1229.431418258309, 2459.4974736876625], [75.26991391345604, -381.23230220085105, 2451.2784916873943], [67.40217255065097, -365.0041160726792, 2555.461422536925], [26.887462452610986, -388.72504174147963, 2424.8683968231135], [-60.858008684894926, -385.51408064400846, 2486.362766676667]], "kpt2d_body": [[938.9999153505333, 430.8009299685713], [990.1458164510188, 344.0418742242092], [925.7796559701922, 751.1233532953603], [1009.2385902311115, 448.53530523950565], [1144.1847719449058, 387.2792768738328], [1098.9616883515146, 338.66358320363634], [971.134808758536, 751.5905698139137], [954.8502511913777, 977.5987355281707], [936.2920645021942, 1187.5593045918567], [859.1590954590906, 416.0623446648527], [775.4802882936497, 297.0315676576836], [926.8082654792911, 301.23691015173256], [878.7067925658454, 750.5069590526563], [865.6558608055924, 988.7287879034079], [857.0287943724767, 1199.5141087109805], [998.6333365089463, 329.6822125492497], [992.6545076746959, 347.04683952597946], [971.3673045043544, 323.09841867966213], [921.9423859401847, 330.31612924616536]], "kpt2d_body_mask": [true, true, true, true, true, true, true, true, true, true, true, true, true, true, true, true, true, true, true], "kpt3d_body_mask": [true, true, true, true, true, true, true, true, true, true, true, true, true, true, true, true, true, true, true], "kpt_list": ["Thorax", "Nose", "Pelvis", "L_Shoulder", "L_Elbow", "L_Wrist", "L_Hip", "L_Knee", "L_Ankle", "R_Shoulder", "R_Elbow", "R_Wrist", "R_Hip", "R_Knee", "R_Ankle", "L_Eye", "L_Ear", "R_Eye", "R_Ear"]}