{"id": 6, "class": "person", "kpt3d_body": [[-22.429102118699127, -265.6982583633585, 2548.1506409832496], [-42.263727526819615, -355.97125505879137, 2319.4586510424206], [-50.68321094308242, 191.98125795544456, 2834.5843688946725], [145.8139035531855, -303.06467777687817, 2595.6634546808864], [178.76295780699195, -55.058472552143485, 2786.4239335170023], [168.1411068328406, 201.17735315646627, 2868.8050208619966], [44.52006085226764, 190.78158305477956, 2851.6440112045034], [16.01666655335336, 559.8661093550384, 3051.472742279434], [-36.599272174387565, 931.3834219779534, 3246.344576416792], [-181.77059683049418, -220.27362579023048, 2489.5280258784], [-230.7908772650834, 42.14722676680637, 2638.091870317481], [-205.3208205773187, 293.4898980382303, 2732.9641697822494], [-145.88626955955024, 193.17998301072294, 2817.5244066653113], [-150.03059619773848, 588.383144882272, 2978.1274402302624], [-199.4331489834227, 931.7978735983268, 3218.6063610298443], [-23.54285605973697, -406.7456446047795, 2315.7671419009425], [24.562604840837253, -461.59928583505734, 2392.051532853571], [-81.11675370090398, -383.86799450656315, 2328.6676686460787], [-120.66921734535178, -413.2370327754877, 2421.3684661701404]], "kpt2d_body": [[919.9135600950156, 418.60589922158414], [906.8871259355338, 351.0342351185026], [907.22565468169, 657.6932023651875], [1010.2957049407597, 401.52514476294016], [1021.7007980947026, 535.9534618590624], [1013.8716840210395, 660.933915126284], [953.9579702475152, 656.5496027269834], [939.4410626949696, 816.6712761249871], [916.7854315518504, 954.1989998571398], [830.5364202035057, 440.6201034174851], [810.2143379615575, 585.6630980664205], [827.7191135897291, 712.3532831867834], [859.9806791244432, 658.7872900197433], [862.6110809542931, 835.5238360362957], [847.6759177013048, 957.196466337528], [918.0950078733815, 320.8269673011591], [946.3752972275344, 297.35798646216045], [883.8926936465558, 335.5805287989629], [863.1620498017686, 327.74986973577836]], "kpt2d_body_mask": [true, true, true, true, true, true, true, true, true, true, true, true, true, true, true, true, true, true, true], "kpt3d_body_mask": [true, true, true, true, true, true, true, true, true, true, true, true, true, true, true, true, true, true, true], "kpt_list": ["Thorax", "Nose", "Pelvis", "L_Shoulder", "L_Elbow", "L_Wrist", "L_Hip", "L_Knee", "L_Ankle", "R_Shoulder", "R_Elbow", "R_Wrist", "R_Hip", "R_Knee", "R_Ankle", "L_Eye", "L_Ear", "R_Eye", "R_Ear"]}