{"id": 1, "class": "person", "kpt3d_body": [[-285.9991957627448, -81.19494607271875, 2614.3459591573283], [-429.1474485783724, -173.24376057004827, 2408.7815258075643], [-305.5178217384107, 289.2955803175832, 3030.78544218532], [-219.31242803455203, 41.297009727973375, 2504.3094077583637], [-222.77202582407327, 259.4984931209102, 2680.847141163927], [-320.8504843788248, 420.4997525676073, 2850.5437082707567], [-266.839983327203, 363.00205866999994, 2966.5411090126836], [-276.9574002882657, 637.2283597813027, 3307.0816276123855], [-293.0673984143383, 892.47151600777, 3607.6048395409734], [-361.92098009657616, -203.9476406531, 2719.1332202795907], [-402.44143077703177, -45.21229836142027, 2957.8894838316432], [-475.1393751613901, 171.7903839298036, 3105.0252188175295], [-344.19467164334924, 215.5882199649578, 3095.0292804529277], [-340.6033094596183, 523.6730189461578, 3415.281082062662], [-351.66355574377127, 788.354635760966, 3707.743125433251], [-396.02234497538416, -182.43494358568782, 2372.944342803408], [-292.44516335008586, -164.7823594957802, 2384.318465556275], [-419.7393758080662, -222.1183354344508, 2409.2873282062983], [-355.2746567753628, -270.72370224089354, 2477.776675926868]], "kpt2d_body": [[798.3941219734952, 505.0510001275368], [704.4514770732658, 449.0263645974273], [810.6070694937268, 680.326782099817], [828.567973574524, 571.0510666120401], [835.0895508138285, 682.3074103932038], [794.971792240118, 751.5609220402916], [825.816060064975, 717.4211917562552], [835.1261240439945, 813.1589457659027], [839.3378453523339, 886.2298140942235], [765.9776906901594, 444.38343324427507], [761.6350616353511, 526.9670737341937], [738.5552247287478, 624.5948960965034], [796.0705478009394, 644.656790812154], [812.6679681308182, 759.6447744066498], [820.1948967888256, 839.775547636905], [719.810898527547, 442.0985600759554], [780.2933997028172, 452.44138632572947], [710.0253298500402, 421.15836707188384], [752.2343661101033, 397.37858017617503]], "kpt2d_body_mask": [true, true, true, true, true, true, true, true, true, true, true, true, true, true, true, true, true, true, true], "kpt3d_body_mask": [true, true, true, true, true, true, true, true, true, true, true, true, true, true, true, true, true, true, true], "kpt_list": ["Thorax", "Nose", "Pelvis", "L_Shoulder", "L_Elbow", "L_Wrist", "L_Hip", "L_Knee", "L_Ankle", "R_Shoulder", "R_Elbow", "R_Wrist", "R_Hip", "R_Knee", "R_Ankle", "L_Eye", "L_Ear", "R_Eye", "R_Ear"]}