{"id": 1, "class": "person", "kpt3d_body": [[-288.9429320331335, -82.10594908763596, 2615.666622826312], [-424.9857041228763, -171.68695871291177, 2412.79605548127], [-307.0812659066126, 288.0233471783108, 3032.3688480657456], [-221.41123599454335, 40.119778689254275, 2506.515150542155], [-224.5510865100536, 258.5630565466841, 2683.0221900118663], [-322.6046876621399, 419.33672981048494, 2853.6589430784056], [-268.16695941671304, 362.7685779698535, 2968.6287940895645], [-276.0764505905652, 636.1617315403902, 3307.7678009401325], [-292.90605801353104, 892.5955712544147, 3608.3511832290947], [-364.65825725788113, -205.25556266074517, 2719.4318065545303], [-406.13522815818976, -44.83752005885535, 2957.2026926484723], [-481.2473403597862, 170.19308102507281, 3100.9619333784303], [-345.99550461523006, 213.27826034348163, 3096.1087808719526], [-340.51623862122415, 521.8755616400791, 3417.104518352182], [-351.5415385174417, 787.724663219044, 3707.158671292291], [-392.70403590051615, -180.94926251937338, 2375.5444342135106], [-289.01601572648934, -164.60948109170715, 2385.0948875237705], [-415.87454461990023, -220.8042636675397, 2411.7936642005357], [-351.5314488824728, -270.78934318136874, 2478.3830140635105]], "kpt2d_body": [[796.917165643217, 504.59271906499146], [707.186862413487, 450.05797752276925], [809.9645112319544, 679.6764614858419], [827.5133002883327, 570.3775678594984], [834.2623244001691, 681.7145893364768], [794.2893310345719, 750.7797875735923], [825.2848986597543, 717.1918355166641], [835.5111493616523, 812.6741359105833], [839.4215598191413, 886.2085646397599], [764.6201114081645, 443.7393987311297], [759.8760322873925, 527.1396915207125], [735.5868880066423, 623.9697231237908], [795.3170880829613, 643.5888520618305], [812.7688053572699, 758.8181092472665], [820.2173347794444, 839.5932926525022], [721.9537069548638, 443.05870929750205], [782.3263537459943, 452.56274022758686], [712.438325803324, 422.0150570392329], [754.3472625030162, 397.36021878511025]], "kpt2d_body_mask": [true, true, true, true, true, true, true, true, true, true, true, true, true, true, true, true, true, true, true], "kpt3d_body_mask": [true, true, true, true, true, true, true, true, true, true, true, true, true, true, true, true, true, true, true], "kpt_list": ["Thorax", "Nose", "Pelvis", "L_Shoulder", "L_Elbow", "L_Wrist", "L_Hip", "L_Knee", "L_Ankle", "R_Shoulder", "R_Elbow", "R_Wrist", "R_Hip", "R_Knee", "R_Ankle", "L_Eye", "L_Ear", "R_Eye", "R_Ear"]}