{"id": 1, "class": "person", "kpt3d_body": [[-283.3505025239436, -121.0636138212476, 2601.4938431286546], [-395.6706711167061, -190.9203015691034, 2429.7405313792983], [-312.3848290982771, 286.52235689842, 3037.9421765155084], [-200.81777259135112, -22.814331809392883, 2504.9202309648817], [-93.46562272537382, 193.4509456991907, 2342.883593381999], [-196.95953994615095, 66.16232139950839, 2167.6503914413624], [-275.2571931583081, 356.27018987419353, 2977.341251841883], [-280.8560250483503, 635.4153530749737, 3312.2346511812493], [-293.78257707535283, 889.8445298188716, 3609.889002586032], [-356.3303153729652, -235.01453144441655, 2702.4480216439124], [-595.7496748321901, -348.7779583742943, 2857.699684178673], [-571.6744485327838, -319.80031893200675, 2612.0429118714037], [-349.5133368022067, 216.77489329951186, 3098.5427222586277], [-342.40154313223655, 517.7552187568714, 3414.705084163627], [-354.9342312642974, 789.5725303226775, 3707.9777835566274], [-362.3205810225177, -201.56169491175035, 2395.2096320679993], [-259.81968872362484, -190.96808719429475, 2407.5962720891034], [-390.8753486880108, -238.82296054133192, 2430.533332980636], [-329.7156142059605, -292.36537720504685, 2498.783202545381]], "kpt2d_body": [[799.1059545521741, 483.5955595387637], [725.3358590511201, 439.7278986750087], [807.8067084192774, 678.7434474676436], [838.8332797271398, 535.4810565190223], [894.9952592415024, 662.8530741484578], [824.033807495625, 590.5310883693676], [822.340261829677, 713.6875035528382], [833.6777672459488, 812.0039542548654], [839.1239073808191, 885.0583238611616], [767.7899584013652, 427.8931376199114], [664.2871395887955, 380.9300077168068], [650.3949745361208, 380.6092654923822], [793.8795193029229, 645.0667817338491], [811.9000509331651, 757.3134915256151], [819.0014263620428, 840.1832737363269], [741.1818904961804, 431.9457926514024], [800.6670628336186, 438.24528350162893], [728.3130481898111, 412.67540613007617], [767.9756117453384, 386.6295036478142]], "kpt2d_body_mask": [true, true, true, true, true, true, true, true, true, true, true, true, true, true, true, true, true, true, true], "kpt3d_body_mask": [true, true, true, true, true, true, true, true, true, true, true, true, true, true, true, true, true, true, true], "kpt_list": ["Thorax", "Nose", "Pelvis", "L_Shoulder", "L_Elbow", "L_Wrist", "L_Hip", "L_Knee", "L_Ankle", "R_Shoulder", "R_Elbow", "R_Wrist", "R_Hip", "R_Knee", "R_Ankle", "L_Eye", "L_Ear", "R_Eye", "R_Ear"]}