{"id": 1, "class": "person", "kpt3d_body": [[-185.18104788601661, -141.86498590839676, 2606.8139262566183], [-327.53653672911423, -214.32812518589998, 2409.4593155793905], [-221.90339531117502, 210.31818339260198, 3006.108920453498], [-109.52877247301551, -17.827739655861166, 2501.3934404086826], [-78.81484598969061, 182.4643096001219, 2688.1510490347905], [-158.5455512675671, 383.8076449105372, 2831.7317970510453], [-172.53031013516377, 278.46145088548155, 2947.9992423033655], [-287.70087040607075, 617.0176154984748, 3174.7691573096145], [-202.0403580280231, 833.9240943799307, 3582.1673089589813], [-270.36542976004046, -260.65530463661094, 2706.7316630682376], [-288.8945351006616, -123.23866732728405, 2958.354405274472], [-431.45627969772903, 91.79908371618595, 3046.0833186566006], [-271.277555594993, 142.174853406447, 3064.218583183044], [-332.8098926582018, 449.7577803587871, 3378.0478722469497], [-276.4888430208027, 726.1069919993748, 3726.5322043098413], [-295.4531894838881, -223.2036034183811, 2372.4153669514767], [-188.60539033596478, -212.24560430465715, 2381.1397919806395], [-319.8875688332894, -263.50830434598083, 2407.4467698659605], [-255.7928862138569, -318.47646962610327, 2473.730050423634]], "kpt2d_body": [[851.6011321678077, 472.5270550763861], [762.2082763390947, 425.1925147752671], [847.8041911702584, 645.2792917785061], [889.4486086616118, 538.2216574057104], [909.6855978014629, 642.5228223625921], [872.8838378938788, 735.7400020904548], [869.1415470652707, 679.2171008343494], [825.7130254932315, 815.3096775006732], [873.1337579971474, 867.2014762578635], [811.8721996518393, 414.7657326594187], [814.6588146531631, 490.3161666487334], [754.0084432912388, 589.8499269189774], [827.3110186625756, 612.5654489607647], [814.1013324734935, 732.1009882978475], [848.2779501114401, 816.1871767315213], [777.9030370564581, 418.0259292106583], [840.4208213300956, 424.5081785885784], [766.6214046417472, 396.98790744573347], [807.3188474265421, 370.22441628617594]], "kpt2d_body_mask": [true, true, true, true, true, true, true, true, true, true, true, true, true, true, true, true, true, true, true], "kpt3d_body_mask": [true, true, true, true, true, true, true, true, true, true, true, true, true, true, true, true, true, true, true], "kpt_list": ["Thorax", "Nose", "Pelvis", "L_Shoulder", "L_Elbow", "L_Wrist", "L_Hip", "L_Knee", "L_Ankle", "R_Shoulder", "R_Elbow", "R_Wrist", "R_Hip", "R_Knee", "R_Ankle", "L_Eye", "L_Ear", "R_Eye", "R_Ear"]}