{"id": 4, "class": "person", "kpt3d_body": [[287.1785491811153, -35.4747020362376, 2603.800142180181], [393.55686614440583, -127.37889996719275, 2457.8916992067943], [321.95035120023135, 493.18969382329385, 2710.095826834315], [416.475668800056, -63.4989020730643, 2706.4045304570027], [480.43548138278925, 222.1899083838531, 2770.0297460533925], [513.529863712454, 449.7583105359548, 2734.0105303572936], [388.2903237557963, 473.5414794606494, 2771.5318631629675], [379.7451380582044, 901.4112393885252, 2876.4198070325947], [373.6635920800631, 1290.7919247485447, 2977.717449597663], [180.5398387334128, -1.2648490459588402, 2482.6818144956987], [180.71560275192832, 299.02009997873677, 2502.6228957660323], [258.6350015213528, 528.2462821003733, 2509.8508589365456], [255.6099083854178, 512.8380055143032, 2648.6594308065823], [248.4914617477237, 910.260524416275, 2771.6166523462816], [251.81871403794128, 1318.103419383897, 2897.505245409165], [404.51534181137134, -166.93733895881024, 2482.114105481946], [379.27483491422333, -192.03754277699375, 2586.3247694548977], [360.98101535158094, -160.51386849029967, 2444.927481436077], [266.3704089661552, -170.88167165839707, 2485.9074342141066]], "kpt2d_body": [[1095.3673669384266, 534.4108762990119], [1164.0792773664757, 481.4390357478902], [1105.652277244627, 804.8336951601736], [1155.641046369018, 520.7938423580414], [1182.0798156502412, 664.5680116767951], [1200.2358562508532, 779.7569002182786], [1135.0841413390524, 789.3653604929586], [1120.7043176190703, 978.5722107197118], [1108.2483338584993, 1129.127827056721], [1043.0011498161853, 552.7074159867917], [1041.8791289836124, 719.7748542738998], [1083.5329945335545, 843.5730031251696], [1074.7826711783023, 820.9425803015774], [1063.0552556287546, 998.9414411905118], [1056.5831944184029, 1156.0864295474116], [1167.877599316663, 460.0780190645378], [1145.386891538236, 450.2530876576974], [1146.8307680507476, 462.1777610700802], [1090.8105997310422, 457.61897282429527]], "kpt2d_body_mask": [true, true, true, true, true, true, true, true, true, true, true, true, true, true, true, true, true, true, true], "kpt3d_body_mask": [true, true, true, true, true, true, true, true, true, true, true, true, true, true, true, true, true, true, true], "kpt_list": ["Thorax", "Nose", "Pelvis", "L_Shoulder", "L_Elbow", "L_Wrist", "L_Hip", "L_Knee", "L_Ankle", "R_Shoulder", "R_Elbow", "R_Wrist", "R_Hip", "R_Knee", "R_Ankle", "L_Eye", "L_Ear", "R_Eye", "R_Ear"]}