{"id": 5, "class": "person", "kpt3d_body": [[141.8222419537177, 18.430540867827148, 2726.1693753201466], [-2.5044199825529745, -126.57243708346599, 2663.2040808412125], [118.92947311899603, 405.5283715610696, 3066.113335631401], [87.57254334700886, 109.50155414428181, 2617.4455086278504], [-129.27282593674673, 166.0915501428839, 2424.558030319608], [-191.6376460165701, -50.21515556143683, 2504.462977247491], [96.19226847569823, 470.5727964748577, 2997.0293306670033], [141.3373312965212, 784.0124910552149, 3241.1444850760195], [216.08713654433984, 1092.6174517746451, 3492.229570163086], [173.8836423070856, -71.83750610761976, 2836.3327629612577], [56.54652172342438, -280.1018116280625, 3008.1508025415365], [-117.4416321590216, -280.9844355459555, 2807.436663749326], [141.66641811681762, 340.48339457967256, 3135.196447396166], [157.28552527667728, 661.9388533272996, 3417.577747300498], [232.1247303841115, 964.2168556992175, 3655.7610351914286], [6.440433385105351, -134.77053640484286, 2615.1473552219513], [82.51230651053164, -83.36283915667437, 2567.474207247658], [21.02016128101532, -164.03617765438355, 2657.5455995149705], [122.59432076929994, -167.877065884704, 2682.286887108129]], "kpt2d_body": [[1018.6612715208486, 571.8985843397172], [944.8574432665439, 496.4399947354267], [999.9839924302684, 745.4836087722165], [992.7882025605181, 620.6456902631082], [871.9853415959446, 657.5733631547887], [839.6673908099561, 534.6664201778608], [990.623097979885, 779.3181900388256], [1006.0172979067272, 893.3599067616718], [1030.1873275123455, 985.8082364510735], [1031.5595521233026, 527.3152938459837], [972.3203747132121, 433.3189785490421], [888.039551091853, 423.76562589847737], [1008.9450892893751, 712.9692384459458], [1009.6705217131298, 828.9302117017386], [1032.996887973344, 921.9944909670069], [949.5999815022657, 490.87650241685577], [990.9585689774425, 517.366035658724], [957.1871756747054, 476.7428906710434], [1009.801152243103, 475.593326588213]], "kpt2d_body_mask": [true, true, true, true, true, true, true, true, true, true, true, true, true, true, true, true, true, true, true], "kpt3d_body_mask": [true, true, true, true, true, true, true, true, true, true, true, true, true, true, true, true, true, true, true], "kpt_list": ["Thorax", "Nose", "Pelvis", "L_Shoulder", "L_Elbow", "L_Wrist", "L_Hip", "L_Knee", "L_Ankle", "R_Shoulder", "R_Elbow", "R_Wrist", "R_Hip", "R_Knee", "R_Ankle", "L_Eye", "L_Ear", "R_Eye", "R_Ear"]}