{"id": 5, "class": "person", "kpt3d_body": [[122.05532664609443, 13.759407369214642, 2744.561525356854], [-34.79505437720199, -131.4833436348833, 2681.8081073004214], [119.41095577528694, 407.2663520220479, 3079.5048352074027], [82.74066184473125, 114.35297483310237, 2624.5089508096935], [-60.84535908090178, 335.8138860065219, 2505.815020475842], [-150.73678203336382, 116.02456026660988, 2425.001920423273], [93.02915546085616, 481.44112191299456, 3012.350617268936], [143.51807860961753, 778.4321279663391, 3243.0933848174845], [215.96867369333862, 1092.45303047461, 3492.9833277704392], [147.7842001038593, -87.25129788688392, 2866.989893009616], [174.53173187509958, -224.71823033889848, 3119.353370379671], [40.77321186005719, -407.9051163037329, 3005.0694458568164], [145.79258118648204, 333.0919467659892, 3146.658609918776], [158.70456224915858, 661.3486818028846, 3422.106822221744], [232.95615318149515, 964.0777717753272, 3656.3622317683366], [-26.183070188760453, -140.97386741902454, 2634.2720241474117], [51.460912962316385, -96.61907426358084, 2579.781043805722], [-9.67566321797161, -172.8402054703676, 2681.079096179482], [91.61223673245868, -183.16153569522783, 2698.587821575429]], "kpt2d_body": [[1008.1513294672782, 569.471484007564], [928.088941962051, 494.36001642596784], [999.9669520571317, 745.4688879008913], [990.0970058400868, 623.0577656789226], [912.5003793829089, 747.9170503514808], [859.6490918512034, 628.9281403167643], [988.9342739399666, 783.1469994077864], [1006.9166013113011, 890.882513108383], [1030.1248191829736, 985.6616541199578], [1017.9819467402682, 520.21309237745], [1024.0172460102713, 462.5319833007514], [965.0032783075385, 374.6947639343345], [1010.5464296012032, 709.1868852410558], [1010.160657891738, 828.3502576571549], [1033.2937190173768, 921.8850986827674], [932.3200077231616, 488.131142136608], [973.9710610185925, 510.43465513620345], [941.1430596279254, 472.94212328858123], [993.4357645205945, 468.24817728442446]], "kpt2d_body_mask": [true, true, true, true, true, true, true, true, true, true, true, true, true, true, true, true, true, true, true], "kpt3d_body_mask": [true, true, true, true, true, true, true, true, true, true, true, true, true, true, true, true, true, true, true], "kpt_list": ["Thorax", "Nose", "Pelvis", "L_Shoulder", "L_Elbow", "L_Wrist", "L_Hip", "L_Knee", "L_Ankle", "R_Shoulder", "R_Elbow", "R_Wrist", "R_Hip", "R_Knee", "R_Ankle", "L_Eye", "L_Ear", "R_Eye", "R_Ear"]}