{"id": 5, "class": "person", "kpt3d_body": [[121.53712094317856, 14.219283541345789, 2744.5706465293238], [-36.07297192606001, -130.91561104538997, 2681.707993888703], [120.19160663343084, 407.06274532066243, 3079.3970790063477], [82.13848142820052, 115.14142874279585, 2624.097020004558], [-60.83879761762457, 336.8936527862306, 2506.3555402707493], [-149.94749149951136, 119.76253999536354, 2425.5875081628524], [95.13018037438563, 481.35490457812125, 3012.075467338672], [143.0885899464045, 779.1907668078668, 3243.233414943977], [216.28043675796263, 1092.0737836088076, 3491.6826062767927], [147.37731379382006, -86.81966289393245, 2866.560665886117], [174.12965875446497, -222.63708510435293, 3119.649791901306], [40.30288948904996, -405.0249564574665, 3006.231531106553], [145.25315976125236, 332.77098726207157, 3146.7197828936823], [157.39913010437073, 661.1308411847053, 3422.610609151459], [233.10279800551245, 963.9543870842565, 3656.4925509288496], [-27.511860488144926, -140.40517391374095, 2633.869781624392], [50.49686843277584, -96.36870603960503, 2579.0597600491774], [-10.801421416464692, -172.2368192934016, 2681.0671257980985], [90.4186022416595, -182.4581642906844, 2698.68042486765]], "kpt2d_body": [[1007.8882018019476, 569.7044280344247], [927.424206481041, 494.65160012870206], [1000.3204295824294, 745.3836894784902], [989.7839826869312, 623.4846243369828], [912.512386782099, 748.4674832931184], [860.1255891473694, 631.0495940338127], [989.9032464841167, 783.1254080411186], [1006.7308526787386, 891.1798182517114], [1030.276800008887, 985.6703335642039], [1017.79538486809, 520.4157300178994], [1023.8328941639317, 463.4640981898151], [964.7801942440877, 376.0783801545854], [1010.3076657499555, 709.0442384036911], [1009.6263673621534, 828.2286809203886], [1033.345824960413, 921.8280286698316], [931.6149212490362, 488.4196392822928], [973.4579671907495, 510.5547634794538], [940.5581390124324, 473.25376897182497], [992.8191315022189, 468.6116449566932]], "kpt2d_body_mask": [true, true, true, true, true, true, true, true, true, true, true, true, true, true, true, true, true, true, true], "kpt3d_body_mask": [true, true, true, true, true, true, true, true, true, true, true, true, true, true, true, true, true, true, true], "kpt_list": ["Thorax", "Nose", "Pelvis", "L_Shoulder", "L_Elbow", "L_Wrist", "L_Hip", "L_Knee", "L_Ankle", "R_Shoulder", "R_Elbow", "R_Wrist", "R_Hip", "R_Knee", "R_Ankle", "L_Eye", "L_Ear", "R_Eye", "R_Ear"]}