{"id": 5, "class": "person", "kpt3d_body": [[124.7417173561233, 15.545977165065636, 2743.1144731366085], [-28.093741925271125, -131.41221869015936, 2678.4490919866635], [119.80846170710221, 406.1501583829866, 3079.3625419738064], [80.53677851324123, 119.34575171010266, 2626.4145359506097], [-63.8888907663533, 335.94936141189453, 2506.037756406067], [-148.93973612646673, 124.89771759069413, 2422.8990561598907], [94.63253688292986, 480.299390933115, 3012.0489399825215], [141.64207851035587, 778.3697001881716, 3243.6610286849987], [215.30032008655442, 1093.0327182805015, 3492.539608520933], [176.570691707516, -80.26551476722673, 2853.69108893319], [180.49190346101213, -224.3657435402173, 3115.8429254325324], [56.172481323986574, -405.3194230025565, 3005.390843021056], [144.98426992911746, 332.00116892278373, 3146.6758484803627], [150.7992930031578, 662.0537376961245, 3425.06861125893], [232.9544937432156, 962.8681982588503, 3655.4923335417648], [-18.17640597254602, -140.48985975044133, 2629.686958329781], [58.43000136738613, -94.53530246729528, 2577.0258868362], [-0.8341496736749221, -171.73153512934903, 2677.781893768842], [99.69052331745688, -180.11175934355776, 2696.174919432952]], "kpt2d_body": [[1009.5473805791999, 570.3803702868029], [931.5522707090417, 494.3101857512414], [1000.1497009329807, 744.9802070455108], [988.894574167271, 625.6537374432125], [910.8195707329912, 747.9713430867455], [860.6134691852424, 634.0645255849776], [989.6763182630641, 782.6510152655877], [1006.1138823423807, 890.8056557383468], [1029.8736689210625, 985.9282880737742], [1032.346500533023, 523.4287413720673], [1026.7616119304657, 462.5823642736314], [972.1095487454016, 375.90028025861477], [1010.1908582873668, 708.7097109336855], [1006.9251054878912, 828.4172409382877], [1033.316931704523, 921.5329525427023], [936.5378131312485, 488.2556859166032], [977.7697207147633, 511.50381228508985], [945.7356638799844, 473.40523989488696], [997.6487800058856, 469.73614602479734]], "kpt2d_body_mask": [true, true, true, true, true, true, true, true, true, true, true, true, true, true, true, true, true, true, true], "kpt3d_body_mask": [true, true, true, true, true, true, true, true, true, true, true, true, true, true, true, true, true, true, true], "kpt_list": ["Thorax", "Nose", "Pelvis", "L_Shoulder", "L_Elbow", "L_Wrist", "L_Hip", "L_Knee", "L_Ankle", "R_Shoulder", "R_Elbow", "R_Wrist", "R_Hip", "R_Knee", "R_Ankle", "L_Eye", "L_Ear", "R_Eye", "R_Ear"]}