{"id": 5, "class": "person", "kpt3d_body": [[378.86043300087204, 142.53308271146267, 2871.960811460992], [438.0388347603357, -6.280186268155035, 3072.0835851150523], [319.0371870159696, 622.8272721592375, 2772.952994065785], [207.52540157383498, 130.88092688714454, 2899.5655571395], [137.85801809101056, 419.3582635642309, 2837.3173897537354], [127.59214538625308, 670.0838943040527, 2892.202041413268], [226.77606953951408, 624.8781237766734, 2823.3273832756186], [196.7522914912449, 1002.5324510565279, 2868.826531772247], [164.91251978895696, 1367.5160228246125, 2697.94776677475], [549.0618061631966, 162.99552756109762, 2849.975608577689], [560.9115503073588, 444.39553494174436, 2758.1998639742205], [520.0743665615835, 692.6288921398414, 2792.805337735468], [411.29734568673604, 620.7753770314032, 2722.5790540526755], [366.1450723078806, 1025.1138468702902, 2642.124641566181], [300.7989779102892, 1380.8986190364672, 2508.1290130718876], [409.0080985271409, -46.096826873294674, 3064.019159499284], [339.72681473862116, -56.53923393414772, 2984.746321149436], [465.93649566610594, -38.71819813949571, 3047.932325527401], [489.76872182756273, -38.62291173360859, 2946.0043927711267]], "kpt2d_body": [[1130.1134726930145, 609.9726757094622], [1144.925317428681, 538.3689878099176], [1104.7929586962255, 848.6551985491083], [1046.5971213636162, 603.97558651596], [1014.2341851312419, 745.7179890449652], [1007.5311429774883, 859.0035423238414], [1057.3475194529062, 844.8260600449491], [1039.5230666647883, 1011.7065112045177], [1027.0555875304112, 1202.6844250575214], [1213.0358228869281, 619.9980556133671], [1225.8006510559048, 761.5636619234625], [1200.3648775096678, 877.8055731497589], [1153.642133522693, 852.3994633715523], [1132.1462626156547, 1058.1618867596956], [1102.2616025576597, 1251.3535271082428], [1132.398565824946, 520.3438762917806], [1105.25795249879, 514.9075552162486], [1159.0312593892077, 523.613685791411], [1177.338123774943, 523.0688303426281]], "kpt2d_body_mask": [true, true, true, true, true, true, true, true, true, true, true, true, true, true, true, true, true, true, true], "kpt3d_body_mask": [true, true, true, true, true, true, true, true, true, true, true, true, true, true, true, true, true, true, true], "kpt_list": ["Thorax", "Nose", "Pelvis", "L_Shoulder", "L_Elbow", "L_Wrist", "L_Hip", "L_Knee", "L_Ankle", "R_Shoulder", "R_Elbow", "R_Wrist", "R_Hip", "R_Knee", "R_Ankle", "L_Eye", "L_Ear", "R_Eye", "R_Ear"]}