{"id": 5, "class": "person", "kpt3d_body": [[182.95832058558898, -121.50883482856543, 2736.7636218194416], [236.30662031834282, -324.0164732936977, 2790.185802746176], [205.6063226225691, 331.82597228672523, 2989.9885659628785], [38.712764437802925, -145.650053549423, 2779.113889310307], [-13.793433901707477, -186.52503862497, 3071.6928675670115], [145.57198534801594, -337.23935219647285, 2967.49065224103], [111.11351894777323, 330.83294532379455, 3030.1594389564502], [104.0865642893707, 690.8289812316035, 3152.6754991528014], [101.98868806980013, 1080.6880480413456, 3263.8656559717197], [336.4508700958757, -94.82415426478823, 2696.5531809303116], [540.6246536754788, -86.03574803159105, 2883.4963931834404], [385.0224009425699, -299.68129273287514, 2903.730465387484], [300.098575199682, 332.81707173643525, 2949.817109030846], [315.0583414247237, 722.4155718553794, 3125.118539534667], [306.9908490816218, 1097.3481791001159, 3229.861800868178], [203.89432219200324, -353.19022370351445, 2769.586049906764], [126.60318041391992, -318.63059694700826, 2710.1228861783943], [259.61162751372785, -339.23258612212794, 2750.8251537420324], [266.611670404688, -287.1860729966768, 2662.9156684556524]], "kpt2d_body": [[1049.1334307167378, 486.0872193245383], [1076.1623911752692, 376.55811583246634], [1051.8150884509648, 724.2487625419919], [967.6635361563543, 473.7213228691314], [939.2804926029634, 460.9619111983564], [1021.5727564222838, 380.1375949684009], [1002.5709361913572, 721.6415324743177], [996.5505930445701, 887.3450296062149], [993.2578749115802, 1050.7607012896437], [1137.844121597885, 500.4011145743121], [1232.8822533577115, 508.77129143446405], [1149.3113164071697, 396.61222810825143], [1102.2306294725845, 726.8326834152931], [1099.3942409350748, 904.503004477003], [1088.7866054149627, 1062.2836920085904], [1059.1434906439683, 359.1674400847629], [1017.9651184939182, 374.1526966940354], [1090.9045398638862, 365.7063145780425], [1099.8015291432696, 389.2672327501057]], "kpt2d_body_mask": [true, true, true, true, true, true, true, true, true, true, true, true, true, true, true, true, true, true, true], "kpt3d_body_mask": [true, true, true, true, true, true, true, true, true, true, true, true, true, true, true, true, true, true, true], "kpt_list": ["Thorax", "Nose", "Pelvis", "L_Shoulder", "L_Elbow", "L_Wrist", "L_Hip", "L_Knee", "L_Ankle", "R_Shoulder", "R_Elbow", "R_Wrist", "R_Hip", "R_Knee", "R_Ankle", "L_Eye", "L_Ear", "R_Eye", "R_Ear"]}