{"id": 5, "class": "person", "kpt3d_body": [[184.93219286166016, -117.73729534606773, 2768.7349896615224], [220.08737070554756, -338.3792132939068, 2822.64384991554], [202.65354632921657, 331.43189416762056, 3002.308629521529], [38.104136525854386, -134.91889739808713, 2822.325579825772], [147.31164972807227, -52.10755697263181, 3083.433297617102], [158.37276403029972, -249.78758267108887, 2969.1883971686048], [108.51470179619888, 328.5650282730012, 3035.6893405199567], [101.44494171557668, 693.0428845717637, 3153.3978768508264], [102.39053330937742, 1081.0642316115611, 3262.858332727035], [339.5471422811935, -103.24120448123935, 2735.3278612176637], [393.4032448241047, 73.47519315755449, 2950.7331516079416], [193.6191601413983, 21.696846508047827, 3052.981004517326], [296.79265236931326, 334.2996347197314, 2968.928415099702], [311.2617516153771, 719.6061301335124, 3128.070096974495], [306.84353311785446, 1096.2572959599438, 3231.511764392356], [184.43250519663297, -365.8265576353848, 2800.8541101236874], [112.62151572244275, -323.43973202866107, 2741.283900003935], [241.5725228891273, -358.0820876571879, 2782.3876785645925], [257.2688952487815, -309.17478138964714, 2694.2629577576]], "kpt2d_body": [[1049.0467346395765, 488.96349025387565], [1065.856238024058, 370.8069274273568], [1049.8785480964875, 723.3623419959798], [967.004672788383, 480.78928375090453], [1019.8269547645984, 528.2905384078283], [1028.257771602676, 425.1944185102339], [1001.155737867444, 720.2021661050579], [995.2598272259902, 888.3177801501051], [993.456146002535, 1051.0709652157234], [1136.8646351819325, 496.45156386493466], [1150.906596539297, 592.3956566757513], [1043.9041703033984, 565.1849570034279], [1099.533157399417, 726.502181009261], [1097.431837323649, 902.8727681144774], [1088.655930312976, 1061.5576387120802], [1047.229684771743, 354.43091966139013], [1009.3202855445993, 373.49607777286855], [1079.3227989457987, 357.487615975576], [1092.6723830597466, 378.72826183523813]], "kpt2d_body_mask": [true, true, true, true, true, true, true, true, true, true, true, true, true, true, true, true, true, true, true], "kpt3d_body_mask": [true, true, true, true, true, true, true, true, true, true, true, true, true, true, true, true, true, true, true], "kpt_list": ["Thorax", "Nose", "Pelvis", "L_Shoulder", "L_Elbow", "L_Wrist", "L_Hip", "L_Knee", "L_Ankle", "R_Shoulder", "R_Elbow", "R_Wrist", "R_Hip", "R_Knee", "R_Ankle", "L_Eye", "L_Ear", "R_Eye", "R_Ear"]}