{"id": 5, "class": "person", "kpt3d_body": [[178.54268787945358, -141.6813500435579, 2717.757089450913], [232.68909424203045, -327.28178562333267, 2783.476059624407], [210.27491339617922, 315.268136771699, 2984.1854841059353], [41.970835290652474, -169.68246660479352, 2765.8540650106725], [-107.2340220119475, -417.11572243527644, 2846.8148617890693], [107.52093525059607, -510.57779048678515, 2911.232630030215], [116.10199897487193, 302.82299006458356, 3020.286308340261], [104.279740274023, 689.5341314835576, 3152.811577141081], [101.67665662142116, 1081.2474116896115, 3263.235245331666], [327.39503798491427, -127.38163808788713, 2693.132664002628], [565.2878847638193, -258.2310752991249, 2661.447516169377], [449.860566948767, -435.86793063219784, 2826.0965690576654], [304.4478284922104, 327.71236662056583, 2948.084260659265], [315.8235177566323, 719.9188261205936, 3126.1597854022593], [306.58009115629966, 1098.220152254841, 3230.667755584141], [198.45079844558214, -356.8393250747739, 2760.372997687128], [127.85987856647401, -319.34415893838025, 2705.4513951769422], [257.43265554008366, -342.77926866550547, 2741.357347686552], [264.26616568932525, -287.1585735422234, 2661.3706369026027]], "kpt2d_body": [[1047.3371435983781, 474.2243891236913], [1074.4766290094965, 374.3415155937572], [1054.4466110242354, 716.1169807437875], [969.5763270339706, 460.0062525272338], [888.453079773456, 330.19555076776857], [1002.7312708310112, 286.6319638897621], [1005.3177612132156, 708.0364872879125], [996.6437769970395, 886.7202470611179], [993.1218082378584, 1051.0978661013767], [1132.9126485549766, 481.81873907280914], [1269.5888206761733, 406.95385041840916], [1188.855109721091, 319.8222104776952], [1104.5871629238707, 724.2883629661574], [1099.7274114163613, 903.2049586328228], [1088.5576393024953, 1062.5502883871382], [1056.4900154167258, 356.5036139514967], [1018.7998455732928, 373.44465079708874], [1090.1740833001054, 363.09258222380265], [1098.5440899309667, 389.18128472407534]], "kpt2d_body_mask": [true, true, true, true, true, true, true, true, true, true, true, true, true, true, true, true, true, true, true], "kpt3d_body_mask": [true, true, true, true, true, true, true, true, true, true, true, true, true, true, true, true, true, true, true], "kpt_list": ["Thorax", "Nose", "Pelvis", "L_Shoulder", "L_Elbow", "L_Wrist", "L_Hip", "L_Knee", "L_Ankle", "R_Shoulder", "R_Elbow", "R_Wrist", "R_Hip", "R_Knee", "R_Ankle", "L_Eye", "L_Ear", "R_Eye", "R_Ear"]}