{"id": 5, "class": "person", "kpt3d_body": [[182.3943601250427, -121.35072801876206, 2736.399549785874], [234.2204062834456, -323.9815716717253, 2788.9999489916113], [205.19878487229337, 331.66734152483616, 2990.036577872674], [37.07915105080494, -144.65214298281225, 2778.3973664474925], [-12.570292055209595, -188.85081160493527, 3071.300167848308], [146.4397174671345, -337.01274206645576, 2968.123939552089], [111.29643556704922, 330.2930159872193, 3030.6733561403207], [104.67736228716544, 690.6670478390615, 3152.9081287127997], [102.07386825514794, 1080.8379089721266, 3263.796159730468], [335.0354798681934, -94.16494427174129, 2696.189071154934], [539.6411292903666, -86.39323378405933, 2883.413981287122], [383.74372270229105, -299.19469928836133, 2902.6107606150117], [299.10118791040355, 333.04080257015784, 2949.3992802151442], [315.6437632257058, 722.8857361814528, 3125.7606062456325], [307.2095377262665, 1098.669852507168, 3230.745692344316], [201.87281609757076, -353.0910137199983, 2768.7535970676827], [124.89299007275761, -317.4862417924164, 2709.145047256493], [256.71021616021727, -338.5904606871595, 2748.8695637841975], [264.8191026833819, -286.6755870586628, 2662.015764593227]], "kpt2d_body": [[1048.8305374823392, 486.1663647884247], [1075.073190921886, 376.4970312022265], [1051.6048263650523, 724.166026001105], [966.7632512687234, 474.25154133555327], [939.8933695831283, 459.7885189302034], [1022.0057576564972, 380.2918875597998], [1002.6546600328068, 721.3416205605898], [996.8326680288202, 887.2437792198709], [993.297777732615, 1050.8362899625124], [1137.0701576217346, 500.7665094653072], [1232.3767438877926, 508.5796655085911], [1148.721009031314, 396.802668494891], [1101.7357336630655, 726.9749655394944], [1099.644557427961, 904.6525610389206], [1088.8427253634152, 1062.7330862047172], [1058.0600773628175, 359.1588741662614], [1017.023719754118, 374.7285008456008], [1089.3965877452167, 365.91947403448376], [1098.8261564045988, 389.4985297867771]], "kpt2d_body_mask": [true, true, true, true, true, true, true, true, true, true, true, true, true, true, true, true, true, true, true], "kpt3d_body_mask": [true, true, true, true, true, true, true, true, true, true, true, true, true, true, true, true, true, true, true], "kpt_list": ["Thorax", "Nose", "Pelvis", "L_Shoulder", "L_Elbow", "L_Wrist", "L_Hip", "L_Knee", "L_Ankle", "R_Shoulder", "R_Elbow", "R_Wrist", "R_Hip", "R_Knee", "R_Ankle", "L_Eye", "L_Ear", "R_Eye", "R_Ear"]}