{"id": 5, "class": "person", "kpt3d_body": [[190.66679877178902, -129.73987565029674, 2759.3127711047855], [246.99804716572547, -335.03613428161873, 2822.826779395039], [216.10625596497556, 329.2894205946136, 2999.932504185171], [40.29736752853792, -148.88868380188129, 2817.5155926082316], [-173.1946572626913, -137.27538491676782, 3009.163480987843], [-97.17688790214096, -364.8771622744597, 2984.564687592654], [118.03705502747573, 327.9032069917659, 3030.8929489163456], [109.37225095271442, 688.4526308120691, 3154.8406197293725], [102.4541998199674, 1080.354198084002, 3264.4713666468856], [331.2978533865521, -106.87778280983551, 2698.276554227609], [623.541152531964, -43.52196446894695, 2689.5064819301656], [663.1428184518489, -286.72801882601345, 2708.1486841583915], [314.17530218640434, 330.67394741362773, 2968.970923309976], [321.2058734557585, 720.4988845838221, 3134.7937874788495], [307.2644821616015, 1097.85590546021, 3229.8487038919534], [214.3147245353057, -366.2332981229115, 2800.7115434329576], [136.343046840815, -332.3323678208651, 2739.378377673834], [269.25855552029657, -350.37378010366626, 2782.015082527198], [277.8680831463618, -300.5455485056267, 2692.6150012383077]], "kpt2d_body": [[1052.5799651976886, 482.07329090971956], [1080.4372433737285, 372.68628051090735], [1056.8355841953785, 722.3829020424379], [968.2373644470157, 473.0536779346146], [857.5685901407671, 484.20335911671646], [896.1974422976524, 366.9909795607198], [1006.069316198256, 720.1212726532741], [999.0729073568726, 885.9937579040928], [993.4644805187894, 1050.5257348182702], [1134.7952766573574, 493.5905063998828], [1299.241421366882, 529.6974311243353], [1317.6374941087781, 394.1217511440155], [1108.475809647672, 724.594642111939], [1101.9104327157681, 902.51793453445], [1088.9106576965612, 1062.507866660695], [1063.5611241085503, 354.271788335409], [1022.639269130753, 368.4670097578557], [1094.560108650126, 361.7481928264758], [1104.4665983596992, 383.5557450374336]], "kpt2d_body_mask": [true, true, true, true, true, true, true, true, true, true, true, true, true, true, true, true, true, true, true], "kpt3d_body_mask": [true, true, true, true, true, true, true, true, true, true, true, true, true, true, true, true, true, true, true], "kpt_list": ["Thorax", "Nose", "Pelvis", "L_Shoulder", "L_Elbow", "L_Wrist", "L_Hip", "L_Knee", "L_Ankle", "R_Shoulder", "R_Elbow", "R_Wrist", "R_Hip", "R_Knee", "R_Ankle", "L_Eye", "L_Ear", "R_Eye", "R_Ear"]}