{"id": 5, "class": "person", "kpt3d_body": [[-218.95328276937818, -37.43451395449085, 2760.2624798590923], [-367.42973630134554, -189.45339134357596, 2699.181128251064], [-245.67728015147426, 479.43812717133244, 2787.4416412557543], [-167.06855094254513, -23.65044231812334, 2608.3617124170087], [-144.7182513460484, 76.60801416762922, 2341.527944520424], [-258.1142654584011, -138.71852461199182, 2340.7691281255343], [-208.30765751862427, 494.98924543143005, 2697.0228654615685], [-179.56660450129786, 875.7132241849515, 2720.5222158170136], [-131.00675986328528, 1275.7919920238537, 2771.2812964015006], [-268.1701185764978, -48.07385291107977, 2908.7901317499886], [-431.38796277216, -10.347265348646033, 3151.6764342946353], [-546.1079119633569, -219.1240010262763, 3089.3722190758936], [-283.0472272256628, 463.88597914409263, 2877.860995251851], [-287.51215695877784, 887.043615662101, 2906.5452523682843], [-235.8954028731904, 1269.1938105108309, 2952.428329391797], [-340.316293031363, -224.94616366535524, 2676.4536196850026], [-237.74669140622842, -223.01964431150935, 2664.0796985955913], [-359.6248914290569, -223.33268180184263, 2733.435934064789], [-289.5453442318401, -222.8711188095471, 2807.3983227146687]], "kpt2d_body": [[815.6379161934375, 539.8620945122428], [723.3144289969024, 447.6246056351437], [802.211550324819, 841.4951614074469], [840.6309094085796, 547.2104063870119], [844.3385282251496, 615.5978344547308], [765.2524334297295, 465.27836014180576], [820.0327563883923, 860.0885296607796], [839.851522650882, 1077.690464016678], [871.363730099463, 1286.8815503210385], [794.6096796968235, 535.0227197535921], [721.8744063980917, 556.682308925787], [657.7148135021846, 446.7292456701525], [785.5102771974803, 824.0280480611459], [786.8314457539446, 1051.3729002527857], [819.4089350745068, 1241.1111394096583], [737.9638947001554, 425.0267022750026], [799.6424225270746, 425.32509338483567], [730.7890538990869, 428.8671533328667], [776.9706223041342, 432.44794599807835]], "kpt2d_body_mask": [true, true, true, true, true, true, true, true, true, true, true, true, true, true, true, true, true, true, true], "kpt3d_body_mask": [true, true, true, true, true, true, true, true, true, true, true, true, true, true, true, true, true, true, true], "kpt_list": ["Thorax", "Nose", "Pelvis", "L_Shoulder", "L_Elbow", "L_Wrist", "L_Hip", "L_Knee", "L_Ankle", "R_Shoulder", "R_Elbow", "R_Wrist", "R_Hip", "R_Knee", "R_Ankle", "L_Eye", "L_Ear", "R_Eye", "R_Ear"]}