{"id": 6, "class": "person", "kpt3d_body": [[-379.6253225121467, -157.93348668443485, 2742.9652792974503], [-505.6394015821843, -286.7754651342196, 2673.970103668761], [-357.46393960667626, 423.20844956807974, 2763.6284238262397], [-297.76964039475354, -148.37234656539607, 2603.246880969149], [-328.8551857893019, -300.57030472321145, 2361.755008326209], [-522.3821976103422, -221.2970041994646, 2508.45041988948], [-305.2628660055138, 426.1257989125235, 2679.483694554593], [-305.871477881752, 866.3896432522915, 2703.147680600339], [-294.6353755736177, 1297.8309908265855, 2737.934939527829], [-435.47818592605387, -170.52167335999997, 2890.667819724764], [-595.3599235461979, -359.62397617239276, 3018.571784768835], [-614.748743492582, -242.72881486396813, 2789.7689464303157], [-409.6648747301546, 420.29211840398136, 2847.7728304018756], [-398.8254790839072, 861.8321290459824, 2873.617509705394], [-356.8785955918529, 1286.2331297518554, 2895.0093599253228], [-477.1431024419236, -318.9764473585535, 2650.2083420208346], [-371.2528994671107, -311.2737724858465, 2646.030896615443], [-499.92638753561806, -325.3486581286998, 2705.1613724059234], [-427.1617050465575, -328.32878733797116, 2787.1832593942054]], "kpt2d_body": [[719.5543654809379, 468.1644102520401], [638.3364166655884, 388.07731295291626], [735.2180155302548, 810.683569135658], [758.5456716139521, 468.99323558189263], [718.810406099575, 355.0990347285192], [607.4888279682425, 419.0525239875373], [760.2420351103619, 820.3697506422363], [764.385405968793, 1074.7332356933389], [776.6317143211811, 1306.1116894850716], [699.7359402504293, 465.9356528437941], [625.498883766677, 369.01914257370174], [588.1926858514075, 421.1604021261985], [711.7164926610332, 801.552689153296], [723.0073102750764, 1042.325269273728], [751.3366179552872, 1261.6626955771396], [653.0321489093836, 366.79250052653947], [716.9774347896061, 370.67412277607855], [645.3946005808142, 367.0063010891487], [696.0645329337593, 370.5663686667061]], "kpt2d_body_mask": [true, true, true, true, true, true, true, true, true, true, true, true, true, true, true, true, true, true, true], "kpt3d_body_mask": [true, true, true, true, true, true, true, true, true, true, true, true, true, true, true, true, true, true, true], "kpt_list": ["Thorax", "Nose", "Pelvis", "L_Shoulder", "L_Elbow", "L_Wrist", "L_Hip", "L_Knee", "L_Ankle", "R_Shoulder", "R_Elbow", "R_Wrist", "R_Hip", "R_Knee", "R_Ankle", "L_Eye", "L_Ear", "R_Eye", "R_Ear"]}