{"id": 6, "class": "person", "kpt3d_body": [[-370.10306613370415, -133.63233484960176, 2746.167968957214], [-503.04711819741016, -289.7740745139919, 2681.32999714982], [-367.1275963865241, 433.76575114985553, 2759.776365545897], [-285.20945478607933, -119.97897368986685, 2614.0573016040294], [-422.95885978219803, -53.42962034203765, 2362.297092899284], [-565.6045342023574, -236.79221217261983, 2466.5678901231054], [-329.64741166577824, 435.2220628487376, 2674.5382406264384], [-308.9419432362111, 869.1261588494208, 2700.3855623654017], [-293.8602954604348, 1296.4578870474738, 2736.199820523195], [-421.3823088546917, -143.0652824344574, 2897.1430221923943], [-698.1020442899787, -129.44087194078293, 2969.3255038903662], [-695.1976638902377, -284.3349591336536, 2765.4174259319457], [-404.60892049505674, 432.30745241635304, 2845.0145495321585], [-399.4352588826939, 864.2569853630848, 2871.746709224586], [-360.1245207897955, 1286.3558056015363, 2893.69548540906], [-471.0427579073894, -320.75943427563857, 2659.201571721742], [-365.78390701778574, -313.2412696823485, 2652.7045633540274], [-493.8251871357163, -327.91082428536726, 2713.943299621844], [-425.1708513074209, -324.7182911811507, 2790.6460386093095]], "kpt2d_body": [[725.3924153658645, 482.66999345178283], [640.7268070549834, 386.72700446381225], [729.328712079592, 817.119555958586], [767.0919477542825, 487.07528252411305], [653.7908080463264, 525.2343263606034], [574.1016691222005, 406.77426443674335], [745.2004204614739, 826.1764156825153], [762.4157510529835, 1076.7701630182883], [776.9647286789155, 1305.8187651942576], [708.0980980950354, 481.54687589479846], [564.3715027867493, 491.4561360626486], [539.299419868647, 396.13840483102047], [714.423363939809, 808.5948945670373], [722.5512449643893, 1043.9269138748853], [749.4916798019451, 1261.996215690883], [657.6922100740381, 366.32586710394287], [720.8866049535319, 369.92581019567007], [649.9630179704048, 366.06978524978746], [697.5041806429435, 372.8829594433467]], "kpt2d_body_mask": [true, true, true, true, true, true, true, true, true, true, true, true, true, true, true, true, true, true, true], "kpt3d_body_mask": [true, true, true, true, true, true, true, true, true, true, true, true, true, true, true, true, true, true, true], "kpt_list": ["Thorax", "Nose", "Pelvis", "L_Shoulder", "L_Elbow", "L_Wrist", "L_Hip", "L_Knee", "L_Ankle", "R_Shoulder", "R_Elbow", "R_Wrist", "R_Hip", "R_Knee", "R_Ankle", "L_Eye", "L_Ear", "R_Eye", "R_Ear"]}