{"id": 6, "class": "person", "kpt3d_body": [[-414.65891976337525, -114.57137376955984, 2737.361738349223], [-562.2520306867233, -286.7308122094593, 2679.859854087402], [-395.62051656448836, 449.03532577441126, 2770.7129344798527], [-333.0975957958343, -109.9264951593156, 2590.1083138828126], [-293.95213627686314, -20.41946542444464, 2342.489110905459], [-418.6223907307348, -233.82045341147602, 2341.15305551554], [-339.1061349020345, 442.5309300306951, 2685.077890049638], [-321.2638699381683, 872.5354836536369, 2707.477424544267], [-294.2925237535602, 1295.673298147175, 2736.419386390758], [-465.8323704140248, -120.4003365395485, 2889.3835858829225], [-663.7051355220985, -41.370932328170795, 3079.123842302754], [-741.90207541738, -257.0678260098367, 2966.1020892769548], [-452.1348050767185, 455.540732189653, 2856.3477990042493], [-403.1911219315243, 865.7269779464234, 2880.0431066093515], [-358.7628048234403, 1287.08612626318, 2894.8500252992835], [-530.9724881826639, -321.01334344432473, 2656.420330091521], [-423.23512157727987, -314.6513070636192, 2645.79720964854], [-553.7234774627468, -326.13387974603114, 2713.096290334667], [-481.34605108155057, -321.4073416202362, 2789.683312737716]], "kpt2d_body": [[698.3030501941203, 493.831260279043], [605.2570840069516, 388.77546388712494], [713.6642441035648, 824.8159986195292], [735.3737919427206, 492.78482321407756], [740.3643415188888, 547.8101226056614], [654.7331025886579, 399.8605254916858], [740.3195229878385, 829.4747340474141], [755.6436509432914, 1077.3149538195069], [776.723340198161, 1305.3353066202096], [682.5681847381895, 494.1744415084237], [595.3323106591113, 540.221837700972], [541.0496546966111, 422.09211668109657], [688.6705776938085, 820.4170198426143], [721.1024910315033, 1043.3521515430893], [750.3109197421402, 1262.1208866844668], [621.293799577541, 366.31099892301893], [685.272390432272, 368.83244044566436], [614.5670164568573, 367.403749955708], [664.9893021128188, 374.99292962432537]], "kpt2d_body_mask": [true, true, true, true, true, true, true, true, true, true, true, true, true, true, true, true, true, true, true], "kpt3d_body_mask": [true, true, true, true, true, true, true, true, true, true, true, true, true, true, true, true, true, true, true], "kpt_list": ["Thorax", "Nose", "Pelvis", "L_Shoulder", "L_Elbow", "L_Wrist", "L_Hip", "L_Knee", "L_Ankle", "R_Shoulder", "R_Elbow", "R_Wrist", "R_Hip", "R_Knee", "R_Ankle", "L_Eye", "L_Ear", "R_Eye", "R_Ear"]}