{"id": 6, "class": "person", "kpt3d_body": [[-388.1081245176151, -115.67664954082801, 2716.283580562765], [-539.9487645723971, -285.97267840074267, 2655.420697245017], [-381.0989049258973, 440.20587021001506, 2754.106534682727], [-323.1872667013385, -104.5964298847511, 2559.2065594593964], [-280.3575576562133, 4.793584583888446, 2320.3480802277595], [-437.12799812698364, -185.75882215753836, 2322.7766109657186], [-335.8635086496794, 443.5893676758019, 2672.395402249215], [-309.14713207754465, 868.0092701919517, 2701.064690207813], [-295.7015771677533, 1297.7326942597442, 2735.9924650657945], [-432.1761981693771, -127.08553504348714, 2881.1253216145305], [-594.3292081101574, -100.12075640670474, 3099.7894265285513], [-639.3564686644763, -273.956760513864, 2945.139626748047], [-426.33454294857006, 436.8223326971888, 2835.818428663931], [-400.80400688325756, 863.9058918635922, 2871.532211519607], [-360.2595577205613, 1285.5028143075488, 2894.2223014298743], [-510.2861532143399, -319.4160883410342, 2629.4137660196284], [-404.100067350695, -310.0187217844618, 2614.61648725731], [-529.873587990745, -326.69790555769396, 2688.1835480958316], [-453.86781129971223, -323.82235323097433, 2760.7018749817603]], "kpt2d_body": [[712.2210593038214, 492.6035399950443], [615.5798797217574, 387.5544028493034], [720.7410058992671, 821.3112584670153], [739.1349411919623, 495.3372562417454], [747.9412855958911, 565.4165410160283], [639.4646505862854, 432.1737027129801], [741.3289164282842, 831.3732440502049], [762.3294685152114, 1076.008192452779], [775.9069788482683, 1306.5460887273314], [700.703934428897, 490.15273727905594], [633.4550084393084, 509.53905129201013], [593.4693746851552, 411.41446110715367], [701.3691831612, 811.8153552755462], [721.7725480976421, 1043.7601039635706], [749.4444146282285, 1261.4367904895691], [630.5904815987901, 365.19919071743857], [693.986177230152, 369.3349720311617], [625.7282958600686, 365.1613526137114], [678.1072786926782, 371.51936939428384]], "kpt2d_body_mask": [true, true, true, true, true, true, true, true, true, true, true, true, true, true, true, true, true, true, true], "kpt3d_body_mask": [true, true, true, true, true, true, true, true, true, true, true, true, true, true, true, true, true, true, true], "kpt_list": ["Thorax", "Nose", "Pelvis", "L_Shoulder", "L_Elbow", "L_Wrist", "L_Hip", "L_Knee", "L_Ankle", "R_Shoulder", "R_Elbow", "R_Wrist", "R_Hip", "R_Knee", "R_Ankle", "L_Eye", "L_Ear", "R_Eye", "R_Ear"]}