{"id": 2, "class": "person", "kpt3d_body": [[-257.1068397753188, -138.48561954732895, 2620.616184394637], [-199.52317879015862, -105.60664271011369, 2435.05671940779], [-203.98482888246875, 224.53090071940565, 3017.0095293585905], [-126.1263955832119, -182.13086372112053, 2641.4069802745926], [118.8708718434379, -229.78707675245653, 2509.386166774731], [14.75346112996018, -104.65353608292382, 2329.73498994149], [-119.52005236943342, 187.95085563093153, 3041.417194255712], [-76.29606379604252, 408.881499530748, 3346.894601862705], [-63.56671183719416, 610.8981282034903, 3658.2373804979766], [-394.6278775658292, -108.51704022941512, 2605.4491732778097], [-552.0994619800731, -12.468399934697842, 2366.0199895810933], [-325.6198931070418, 25.580060784886243, 2248.0118548007517], [-288.4498904616791, 261.1110314844933, 2992.6018270877653], [-270.1373131739719, 496.0388024507067, 3304.337570049875], [-242.34580476618416, 688.4048955012985, 3621.4979005354517], [-183.77961796087936, -150.48549888922588, 2422.4608557295314], [-182.12690310769625, -225.9365877053042, 2490.184196539435], [-238.85854336598769, -130.46909684081191, 2415.976754839094], [-318.2651398433844, -175.5227850076954, 2465.4373936837837]], "kpt2d_body": [[783.34525633099, 478.00843627655024], [808.873248040052, 492.9386368433938], [831.6509151875729, 679.4418413587124], [863.114571440501, 452.37958978199845], [1014.1367989120561, 416.6414089501589], [949.0125290842032, 490.3638913258594], [876.5099681696324, 659.564903809495], [902.8228200723692, 754.8143039288537], [911.509282811822, 824.955170666374], [699.4189669734194, 495.90908478001023], [572.3847595359842, 553.3660186050126], [709.6892455109106, 579.5892240297168], [786.232897497171, 699.5371304100968], [809.790136538996, 798.2649395669251], [833.5062712910536, 860.5385449116206], [818.5426134216566, 463.2649708933122], [822.9802751382886, 418.0967914629331], [782.1549556856526, 476.1817323797988], [734.6576457777942, 449.2196757053149]], "kpt2d_body_mask": [true, true, true, true, true, true, true, true, true, true, true, true, true, true, true, true, true, true, true], "kpt3d_body_mask": [true, true, true, true, true, true, true, true, true, true, true, true, true, true, true, true, true, true, true], "kpt_list": ["Thorax", "Nose", "Pelvis", "L_Shoulder", "L_Elbow", "L_Wrist", "L_Hip", "L_Knee", "L_Ankle", "R_Shoulder", "R_Elbow", "R_Wrist", "R_Hip", "R_Knee", "R_Ankle", "L_Eye", "L_Ear", "R_Eye", "R_Ear"]}