{"id": 2, "class": "person", "kpt3d_body": [[-243.85340160716504, -98.58369027533989, 2625.863061987543], [-192.99378026563357, -81.59190144150209, 2413.1892334761883], [-199.48902218751184, 224.45055657956345, 3018.6233369619813], [-82.3282990317675, -148.82668817522836, 2643.790557869879], [21.54805522909859, 59.82919564710137, 2790.936650236465], [-133.99685371790304, 202.10328635477646, 2687.494255523362], [-112.44961445959248, 188.65544186923344, 3038.128889562297], [-74.10660240113673, 404.38531454874374, 3351.741879239393], [-64.11850063501032, 610.1497048827913, 3659.6981387311416], [-398.4454492980815, -43.01759668559633, 2595.3787529021697], [-384.19477022161675, 206.77984218051927, 2706.2324170536726], [-217.9316379874581, 99.8307932546868, 2580.4055137703253], [-286.52814484925625, 260.24558561327984, 2999.1178217353695], [-269.97112907218025, 493.54668410204215, 3304.8542507835605], [-242.66148292552316, 687.4182289886066, 3621.106045342084], [-176.91257957692966, -127.05147025928646, 2401.756107213484], [-169.1926201168343, -204.34838439841633, 2473.0153759344403], [-232.22260566897563, -105.83667518389952, 2394.302454188166], [-311.6669924826624, -149.60113615790965, 2452.491672987964]], "kpt2d_body": [[791.5771802994736, 502.1854752894491], [811.9573641239889, 508.0625500525728], [834.0663075428304, 679.3427056177566], [889.4551772229596, 472.37351624994415], [951.2221658850216, 595.6357839665579], [859.7839898370208, 680.7328799566924], [880.1377199961339, 660.0419412935122], [903.9069030436251, 752.4308765764091], [911.2812764407865, 824.5324629055741], [696.1168942181806, 535.4664884248915], [714.4974677804164, 682.1440686820058], [804.8749768578027, 622.8880463675066], [787.5711220050605, 698.7891198502111], [809.8825410322272, 797.0518393821402], [833.355439753707, 860.1477343373622], [822.0031430138442, 477.8381713509732], [830.4141294921944, 430.84648671420985], [785.082365465252, 491.6635203348793], [737.749963447995, 465.2729636390765]], "kpt2d_body_mask": [true, true, true, true, true, true, true, true, true, true, true, true, true, true, true, true, true, true, true], "kpt3d_body_mask": [true, true, true, true, true, true, true, true, true, true, true, true, true, true, true, true, true, true, true], "kpt_list": ["Thorax", "Nose", "Pelvis", "L_Shoulder", "L_Elbow", "L_Wrist", "L_Hip", "L_Knee", "L_Ankle", "R_Shoulder", "R_Elbow", "R_Wrist", "R_Hip", "R_Knee", "R_Ankle", "L_Eye", "L_Ear", "R_Eye", "R_Ear"]}