{"id": 2, "class": "person", "kpt3d_body": [[-270.22080368565094, -131.730327881076, 2631.086595373471], [-216.6585051207049, -111.94183015714493, 2431.0904154085706], [-203.69306156256442, 229.67259093440262, 3022.382548045518], [-141.72657946820513, -194.13365429417672, 2660.654638794413], [132.90128776022374, -180.8467132383944, 2558.221240706332], [32.377829512282986, -148.77850812981399, 2372.1447688713], [-119.58441813300504, 197.20932403649826, 3050.483534558664], [-78.14513680146932, 409.10653696855877, 3349.9592864179067], [-64.92109105892558, 611.2061906494321, 3659.0805254814486], [-408.7394339318036, -91.36267996541797, 2613.565973500531], [-440.83971429569345, 144.67465189836972, 2425.869390881674], [-222.6188666074967, 63.363942416219814, 2336.0600277480307], [-287.80092719402586, 262.13646631820234, 2994.281037342489], [-273.6019799915532, 496.2301619104946, 3306.7043236070886], [-242.61892442000416, 688.6203987518473, 3622.1325918019256], [-201.0694755354683, -156.91048259836543, 2425.822623586053], [-198.23611990284815, -231.07843317362432, 2491.4834230155066], [-254.60149958041583, -132.67742210025938, 2416.685608330203], [-333.49170489443395, -175.94474086712188, 2472.0925249372494]], "kpt2d_body": [[776.0845059434979, 482.4155761791245], [797.5224402844419, 488.7251837163534], [832.0001096171711, 681.9201170873679], [854.3753202147896, 446.0537434019973], [1021.4580970614917, 449.62107365764564], [960.6394140127703, 462.1779674361787], [876.6674721195985, 664.0760821764621], [901.9810316697378, 754.743030647027], [910.9307284498875, 825.0254600804817], [691.6816498012593, 506.48162018438177], [652.3357873056664, 655.4672631265609], [787.7110772127171, 604.5628955383138], [786.6618668507111, 700.0012004712919], [808.2315532837027, 798.1786924313498], [833.4063525068831, 860.5784978663833], [807.4435941765062, 459.24270587879323], [812.8295041699637, 414.9535805562432], [771.9267530820293, 474.7901230671214], [725.5363039840424, 449.29244038747925]], "kpt2d_body_mask": [true, true, true, true, true, true, true, true, true, true, true, true, true, true, true, true, true, true, true], "kpt3d_body_mask": [true, true, true, true, true, true, true, true, true, true, true, true, true, true, true, true, true, true, true], "kpt_list": ["Thorax", "Nose", "Pelvis", "L_Shoulder", "L_Elbow", "L_Wrist", "L_Hip", "L_Knee", "L_Ankle", "R_Shoulder", "R_Elbow", "R_Wrist", "R_Hip", "R_Knee", "R_Ankle", "L_Eye", "L_Ear", "R_Eye", "R_Ear"]}