{"id": 2, "class": "person", "kpt3d_body": [[-267.72957258056186, -132.88219669406095, 2630.8507626820674], [-215.4947311050393, -110.36590170897092, 2430.5110670445124], [-203.12518262907867, 228.6184562052818, 3023.0900570063604], [-136.32844824420965, -186.9703390203299, 2653.856114814097], [131.3831389979921, -173.23624456297102, 2544.6317942172486], [29.373445040402597, -145.376679497407, 2361.58401606174], [-118.38117351306272, 196.1680148088805, 3050.45436459282], [-77.53899294519115, 407.7842847915316, 3348.8596576778214], [-64.64242553747125, 611.1711605158349, 3659.436942452003], [-408.54292691723595, -94.60554440009112, 2615.421418528388], [-457.7044931900888, 134.00857151344297, 2417.650894966637], [-253.14057842024118, 63.849123509479355, 2315.839295012829], [-287.86888905728824, 261.0696488819346, 2995.7251629405096], [-273.4705736956089, 496.1351615299724, 3307.627464611021], [-242.90449191122633, 687.9524201396373, 3622.000827688316], [-200.32237909761102, -156.29800436917668, 2426.5852757554417], [-195.8935896511612, -231.19192640378975, 2490.976653495328], [-251.10640780538486, -132.69906277438912, 2416.7788144202746], [-331.15042271545013, -175.80819503827092, 2471.1875685874493]], "kpt2d_body": [[777.5657898532841, 481.71303513673837], [798.2438292045707, 489.7319169267248], [832.3210983848993, 681.3422279418008], [857.3768314659462, 450.0182046642643], [1020.9580557325112, 453.75153955857803], [958.7149395807553, 464.01340721299937], [877.2923487290645, 663.537856768066], [902.2549032188011, 754.1861978458072], [911.0537463326943, 824.9854057694956], [691.9774466138601, 504.56530202940866], [640.5168713679253, 648.7989270931885], [765.5953490777875, 605.2402579685081], [786.6967035444462, 699.3738830237473], [808.329857044813, 798.0690632069266], [833.2768724155601, 860.3029808534951], [807.9705306730482, 459.67220941818164], [814.2904660673879, 414.84700590247655], [774.2140018007799, 474.773124415951], [726.9448558501948, 449.3321670471856]], "kpt2d_body_mask": [true, true, true, true, true, true, true, true, true, true, true, true, true, true, true, true, true, true, true], "kpt3d_body_mask": [true, true, true, true, true, true, true, true, true, true, true, true, true, true, true, true, true, true, true], "kpt_list": ["Thorax", "Nose", "Pelvis", "L_Shoulder", "L_Elbow", "L_Wrist", "L_Hip", "L_Knee", "L_Ankle", "R_Shoulder", "R_Elbow", "R_Wrist", "R_Hip", "R_Knee", "R_Ankle", "L_Eye", "L_Ear", "R_Eye", "R_Ear"]}