{"id": 5, "class": "person", "kpt3d_body": [[156.06733777946425, -77.29353200377957, 2726.500138856504], [198.6779273534361, -303.8960880022556, 2822.166451532407], [172.88773529573865, 317.3056383812075, 2924.1840175443963], [-7.7816705499969, -74.04726678823252, 2767.0627174525207], [-53.51292584986369, 217.2576870048981, 2828.8939572587697], [-30.75997891165768, 403.86896598470486, 3005.747860634501], [86.35587145609617, 273.3734655855818, 2954.058318893045], [190.66037103381757, 228.84726497458672, 3340.345448848691], [268.9180041434301, 483.0823563716518, 3647.2053521398466], [319.2020633395993, -70.37685515105721, 2684.0126217665547], [415.28041523624836, 198.26687088372097, 2756.096089416726], [469.00252677408287, 385.11936481349437, 2934.682744110574], [259.4199277423647, 361.2388272993971, 2894.3098879874406], [245.97688907219737, 691.7372277593572, 3120.7476374766334], [181.12085281081082, 1082.9112000271562, 3250.727477902721], [164.5357258251227, -333.2236596743984, 2802.192593881754], [89.3916651969451, -301.3851615312184, 2736.4328761296883], [220.10110799804582, -326.52287953592565, 2782.1627166701273], [234.36206315128987, -284.46739298055195, 2688.054160149468]], "kpt2d_body": [[1034.383928230953, 510.70785877523014], [1054.3342922256927, 389.31981382557535], [1037.0449777262259, 720.5382048381243], [941.86065157746, 513.11680657209], [917.0751944374763, 672.1962449720788], [930.4981486917404, 759.9987280643713], [991.1794959031427, 696.2662095007595], [1034.053298840075, 659.4311081113929], [1059.287342014214, 756.850789810019], [1128.954315662329, 514.0825307389252], [1177.0348886975157, 664.1727746888907], [1190.1860906329232, 754.0595640926588], [1083.6502749031251, 745.1351926349557], [1066.1981577096942, 890.725439868039], [1029.9903626371147, 1053.4399966032415], [1036.3683557939141, 372.1605845284186], [996.4184741018761, 385.42564565021377], [1067.616805281695, 374.6408215392345], [1080.0490371586884, 392.24772708754824]], "kpt2d_body_mask": [true, true, true, true, true, true, true, true, true, true, true, true, true, true, true, true, true, true, true], "kpt3d_body_mask": [true, true, true, true, true, true, true, true, true, true, true, true, true, true, true, true, true, true, true], "kpt_list": ["Thorax", "Nose", "Pelvis", "L_Shoulder", "L_Elbow", "L_Wrist", "L_Hip", "L_Knee", "L_Ankle", "R_Shoulder", "R_Elbow", "R_Wrist", "R_Hip", "R_Knee", "R_Ankle", "L_Eye", "L_Ear", "R_Eye", "R_Ear"]}