{"id": 5, "class": "person", "kpt3d_body": [[-970.7959297851745, -205.1758201053407, 3048.5833879346324], [-810.9940152739912, -390.7932922624873, 3029.728090820667], [-922.9792859683988, 251.88046161669703, 3210.768855844477], [-958.5305550147955, -264.46698429904484, 3209.249433185166], [-935.2717586944358, -13.174029264682332, 3345.7323732862797], [-799.3841490127797, 179.15245541219932, 3309.3771916545807], [-895.2931593337476, 216.94408963418567, 3300.7895722886174], [-853.3411005536517, 583.4049142425413, 3448.254140673646], [-897.734442936995, 935.2959332371213, 3571.326144650191], [-974.7119572618922, -146.86453344228667, 2890.78309148764], [-995.0564680641537, 140.83059793525223, 2912.7779492448035], [-813.284691290364, 154.7983250455242, 3109.3305380851716], [-950.6563222000101, 286.81850707743223, 3120.744311340358], [-919.3102246635178, 647.8106946821586, 3244.514243865907], [-1227.1661585222562, 849.7067335519698, 3453.8846069078036], [-839.968949363617, -431.25622147545914, 3031.0036534241035], [-944.0532137931073, -429.4933306338287, 3032.9911943021234], [-817.8252562281616, -407.4530621327789, 2981.90902408684], [-880.3847496218633, -365.6059859793488, 2910.493278341762]], "kpt2d_body": [[467.21679243031684, 453.29806442482743], [542.0172378256937, 360.00096099227915], [512.1822664509162, 672.4183506749958], [495.9758392217648, 430.36703271246574], [523.1478261541647, 548.3293010911858], [579.2280414228246, 636.3043466514359], [535.6868560363127, 653.4947287039209], [572.6426239888626, 809.0261208620682], [570.1210632003645, 945.1454052186939], [440.14939587049787, 478.2189106360129], [433.7804573480048, 626.6189962047264], [549.7017630514631, 629.5485932126021], [487.5231451274599, 692.3134524591251], [521.2712144783738, 852.9737540971398], [420.33784372787954, 917.5229923661783], [528.5573194883711, 340.38650989806047], [479.1135488747854, 342.3069431501151], [532.5873912883231, 348.72377734843576], [491.34697844895345, 365.8572817930747]], "kpt2d_body_mask": [true, true, true, true, true, true, true, true, true, true, true, true, true, true, true, true, true, true, true], "kpt3d_body_mask": [true, true, true, true, true, true, true, true, true, true, true, true, true, true, true, true, true, true, true], "kpt_list": ["Thorax", "Nose", "Pelvis", "L_Shoulder", "L_Elbow", "L_Wrist", "L_Hip", "L_Knee", "L_Ankle", "R_Shoulder", "R_Elbow", "R_Wrist", "R_Hip", "R_Knee", "R_Ankle", "L_Eye", "L_Ear", "R_Eye", "R_Ear"]}