{"id": 6, "class": "person", "kpt3d_body": [[22.182063470231697, -288.4291869525298, 2801.9273043220073], [108.93809660143894, -498.9302315731526, 2911.3362345919413], [0.33011423936482487, 270.0786879089095, 2875.3033236868437], [-125.25808383572308, -309.85565780144225, 2895.370845259512], [-287.55831803437167, -58.6282147921149, 2931.1860090243463], [-178.6325805450231, 174.19039724258795, 2991.841797549094], [-84.50242479454765, 261.15477591675244, 2926.934451044712], [-85.02580520680701, 657.7093678205861, 2952.018375506625], [-120.09012415422842, 1084.6873149756887, 2949.3306912304934], [167.17668597058668, -270.55974256975685, 2719.649594598605], [247.09019666400758, 21.47827923314736, 2674.5014629343486], [212.05539673444866, 196.1890467475358, 2860.802479008271], [85.16254563249326, 279.00358302901464, 2823.6723748588024], [75.98429989626744, 680.8201364986643, 2872.7379167820127], [16.12682047396003, 1089.4831328298235, 2863.632328982516], [69.86021684837127, -532.6834297316354, 2907.1489725541924], [-21.48496218756767, -519.9291024176757, 2855.8586898952153], [122.02049780377581, -530.7161342887473, 2871.706774041011], [107.01484362669369, -508.8517145328062, 2770.9101019278505]], "kpt2d_body": [[960.7153640254505, 422.78894056129536], [1001.4991157975572, 329.0998636622525], [949.853020001488, 696.2080692386023], [889.5088970991942, 417.23965673301194], [813.0895896013456, 537.9452756149846], [866.482502214129, 646.64527222554], [909.4784891199356, 689.6713112911709], [910.042661236231, 871.6448542042783], [894.9004838832932, 1059.421236054868], [1035.2027493418086, 427.70441356189554], [1078.3937096407592, 576.879068596202], [1052.9041993509004, 660.9536940549142], [991.6821750864722, 702.9130655063227], [986.0527790565881, 890.5700406506664], [957.2757812815245, 1075.4519827094641], [982.9334519780026, 312.96560890879596], [939.2880306471984, 314.5221149740572], [1008.4370882498912, 310.91768788189836], [1003.0982536946134, 312.4761340026405]], "kpt2d_body_mask": [true, true, true, true, true, true, true, true, true, true, true, true, true, true, true, true, true, true, true], "kpt3d_body_mask": [true, true, true, true, true, true, true, true, true, true, true, true, true, true, true, true, true, true, true], "kpt_list": ["Thorax", "Nose", "Pelvis", "L_Shoulder", "L_Elbow", "L_Wrist", "L_Hip", "L_Knee", "L_Ankle", "R_Shoulder", "R_Elbow", "R_Wrist", "R_Hip", "R_Knee", "R_Ankle", "L_Eye", "L_Ear", "R_Eye", "R_Ear"]}