{"id": 4, "class": "person", "kpt3d_body": [[-130.5931056408449, -199.60519123986984, 2613.0958237894756], [-279.1195406195966, -288.05089677286674, 2465.539310471989], [-126.96402232009312, 276.8311213129323, 2838.9719401652696], [-13.672509641173338, -158.39277735697522, 2510.133049745653], [-11.525273228742705, 118.42658551530036, 2450.686266512036], [-204.34192634073727, -24.40424867413796, 2398.046239900462], [-53.10589422377517, 306.51208293463185, 2774.1608804753796], [-5.587595103237475, 663.2782896837339, 2971.852121999852], [35.96823319098251, 1037.49353990717, 3156.126701334006], [-230.2445828450658, -248.22199836760063, 2729.5136172277894], [-411.74022237611257, -51.9646150335889, 2878.124646435376], [-437.12299898268185, -159.36984305674173, 2643.0705073219615], [-200.8215777555804, 247.14886555807254, 2903.7833155748717], [-171.4745724174872, 595.5730623243549, 3114.2614826284994], [-141.66256311308243, 970.0863622544339, 3316.771708707581], [-250.6716052993785, -315.0603221163743, 2438.0550993040283], [-141.72036639756732, -328.3137978626962, 2448.5772505547793], [-285.42512297248163, -333.15021939426487, 2480.3928369904197], [-235.30129201888542, -375.45133942139756, 2560.552327141963]], "kpt2d_body": [[859.7235215138041, 433.5973481109241], [766.2509014609058, 374.2533740839603], [867.6179467864422, 692.0821077248172], [926.096963477532, 453.24883353069737], [927.2041445918577, 619.1749262015302], [807.1682706838687, 532.0599526324693], [905.7245492580147, 711.3196950062579], [931.4701721515155, 875.6001463729965], [950.8443164505932, 1024.2197737175816], [808.7071455831283, 412.199346816345], [721.6608948938381, 520.430299568917], [689.1242797464341, 458.041982047405], [831.2350942958761, 673.642171932623], [852.8159476616595, 829.3048505513684], [871.8246837235728, 973.6649881539583], [781.7010247622403, 355.94208293043147], [848.2343051238806, 348.44997319871624], [763.6933169567727, 348.61400165209227], [797.9951826134119, 330.3296142891878]], "kpt2d_body_mask": [true, true, true, true, true, true, true, true, true, true, true, true, true, true, true, true, true, true, true], "kpt3d_body_mask": [true, true, true, true, true, true, true, true, true, true, true, true, true, true, true, true, true, true, true], "kpt_list": ["Thorax", "Nose", "Pelvis", "L_Shoulder", "L_Elbow", "L_Wrist", "L_Hip", "L_Knee", "L_Ankle", "R_Shoulder", "R_Elbow", "R_Wrist", "R_Hip", "R_Knee", "R_Ankle", "L_Eye", "L_Ear", "R_Eye", "R_Ear"]}