{"id": 4, "class": "person", "kpt3d_body": [[-162.46071112770682, -188.7210024751704, 2599.6306165274036], [-326.9002749155511, -248.1831528033186, 2440.990177794805], [-144.14731620159495, 284.39726037644135, 2839.3479255765396], [-61.10622752303701, -139.30768901775266, 2491.778155206065], [183.3291032056728, 20.81221212279729, 2516.191499722221], [15.302050253387819, 205.05828404942505, 2631.2493235095817], [-84.92445170266704, 318.912525483008, 2771.7126122575], [-11.903247070977558, 680.7250184616958, 2976.3801026560354], [36.21088466676952, 1036.5323662001342, 3156.25471436491], [-262.8675063961406, -234.7624614236821, 2707.924796043283], [-267.339852161744, -220.20806236491723, 3018.6045661201742], [-250.9058008587205, 49.45545108710235, 2950.6214096371614], [-203.36908019152673, 249.88187039632905, 2906.9833914948817], [-172.64180772777846, 598.4818742668359, 3120.033374157013], [-141.23542669855874, 970.4297800943962, 3317.2423290541246], [-297.4379993103391, -275.35548517590314, 2414.1095186187667], [-190.343449982807, -291.66393611931767, 2428.051528196923], [-333.98152675864776, -294.39508755985656, 2453.9978926620233], [-286.63735019258354, -339.8175783304751, 2534.218379341861]], "kpt2d_body": [[841.0841170712304, 439.25967306762044], [735.6112418281076, 396.7612775603545], [858.6350523640284, 695.9789466789572], [897.6233732574082, 463.95535115856563], [1042.932228185034, 559.5088958373632], [942.9016845671466, 663.1587960633946], [888.6251784276409, 718.0378529103431], [928.3489967123359, 883.5165161289449], [950.9561971630294, 1023.7810586119674], [789.8389018232733, 418.5533996997842], [802.3669045584633, 438.84394000156993], [807.4384915662529, 572.1279819675491], [830.0504607377056, 674.8910578543362], [852.4186124012392, 830.1403123847817], [872.022127680533, 973.7529760100182], [751.4943623297377, 378.4278016527354], [817.7316556590463, 369.11210233987583], [732.6211298164851, 369.902189436101], [766.5848069221138, 348.9165169113057]], "kpt2d_body_mask": [true, true, true, true, true, true, true, true, true, true, true, true, true, true, true, true, true, true, true], "kpt3d_body_mask": [true, true, true, true, true, true, true, true, true, true, true, true, true, true, true, true, true, true, true], "kpt_list": ["Thorax", "Nose", "Pelvis", "L_Shoulder", "L_Elbow", "L_Wrist", "L_Hip", "L_Knee", "L_Ankle", "R_Shoulder", "R_Elbow", "R_Wrist", "R_Hip", "R_Knee", "R_Ankle", "L_Eye", "L_Ear", "R_Eye", "R_Ear"]}