{"id": 4, "class": "person", "kpt3d_body": [[-449.1136903814444, -17.624915369602263, 2395.402634850962], [-658.8082175927018, 65.49562400518013, 2384.0354144878647], [-259.5091656064235, 355.36445246184684, 2685.868377104048], [-373.71748826605824, 44.58996500220991, 2264.1293872492315], [-164.89106278489248, 257.2230104658563, 2367.775879664469], [-102.40979944206813, 484.86599586951576, 2468.4473381266744], [-214.297938418715, 394.41697994720994, 2610.228551123437], [-209.23270540038266, 752.3379559974242, 2817.618272741949], [-162.50671920097346, 1095.95674446075, 3057.2647045076847], [-490.0585537666467, -84.1502105734861, 2531.864209025205], [-325.8548702009615, 52.6214375152432, 2769.0148979315127], [-331.2422297754395, 262.4235735077528, 2902.63984881381], [-304.7207672275583, 316.3125911343073, 2761.5091549425074], [-407.20219840975574, 658.368987681723, 2956.268774026027], [-344.803360203839, 965.8095439198074, 3238.1619994558373], [-664.534704722591, 51.356029661328506, 2342.90802674304], [-604.7246137349673, 0.3803898830874175, 2263.572460419014], [-678.932227081759, 17.449338499293106, 2387.2637611971695], [-641.6463093686349, -80.2809611262775, 2382.119786812734]], "kpt2d_body": [[656.6686310066762, 536.3221405868728], [529.3342966458059, 587.3324290426857], [790.8934246822074, 743.0022944741289], [689.4046766634094, 576.3319366787003], [830.6450908191564, 708.3919112002939], [872.8990544353527, 836.9041841641929], [812.5214166146802, 770.6628185167846], [825.4357941843217, 937.5008447710104], [857.3488609152179, 1064.6853347082574], [647.9275038512701, 498.1429407572482], [759.0748754434313, 575.4120471862068], [764.6877749504825, 681.1873439553952], [770.4658430338286, 716.777270833467], [732.0100955460554, 873.368225965552], [779.0845647784132, 980.7718251008819], [519.0216286359157, 579.1855614037798], [542.2501191025214, 547.4227855953795], [517.905581018875, 557.8483897403651], [539.2297144250851, 497.8718881639069]], "kpt2d_body_mask": [true, true, true, true, true, true, true, true, true, true, true, true, true, true, true, true, true, true, true], "kpt3d_body_mask": [true, true, true, true, true, true, true, true, true, true, true, true, true, true, true, true, true, true, true], "kpt_list": ["Thorax", "Nose", "Pelvis", "L_Shoulder", "L_Elbow", "L_Wrist", "L_Hip", "L_Knee", "L_Ankle", "R_Shoulder", "R_Elbow", "R_Wrist", "R_Hip", "R_Knee", "R_Ankle", "L_Eye", "L_Ear", "R_Eye", "R_Ear"]}