{"id": 4, "class": "person", "kpt3d_body": [[-128.39403571082426, -150.04305172733325, 2696.448654726967], [-253.0741109807708, -240.71348134231528, 2531.185162888333], [-257.22247256530966, 326.4871367996517, 2840.3196791801543], [-23.117710242468384, -83.62479206351523, 2593.6168629756007], [164.87242544924493, 136.64224400407363, 2601.4608717444185], [-79.6432107052653, 255.15981506355928, 2656.724339353536], [-196.8238392988821, 357.1139384581943, 2776.8084979281884], [-147.44188682220326, 694.2034394657694, 2958.812791611259], [-28.665845633354365, 1013.3748786731851, 3195.4637256002743], [-230.02726175895194, -215.55337934132112, 2803.329698336046], [-288.10698881916073, -151.52247586179016, 3091.472746154972], [-335.7534926789606, 97.88839215422584, 2988.0340395676963], [-317.62196889820905, 295.86059240986276, 2903.830414417487], [-265.76562524748346, 634.8067656365471, 3094.467182010352], [-119.02335379252607, 960.0125898773363, 3317.417182187427], [-220.33291653232087, -263.36590283120216, 2505.8489741639137], [-111.34234806898235, -268.0746876693897, 2527.0388728343105], [-255.7551215061741, -287.8533908988365, 2544.3123431849285], [-208.2086958546422, -327.8019215817977, 2628.175545514557]], "kpt2d_body": [[863.1870074101793, 464.3816421357694], [785.5924544942171, 406.15749171830487], [799.6931912551723, 717.5467267313189], [920.9124445899641, 499.15899597788143], [1028.7477510822798, 625.3435209891613], [889.5614222125109, 689.9536527221985], [828.9336279634945, 737.7823435696401], [860.8825521419751, 891.7627264703849], [921.1896516219264, 1008.1865492169022], [812.0409975558391, 432.97377415738305], [795.3996802697388, 474.3599999165484], [766.9611495597372, 595.8440650751907], [771.7744306102599, 698.1533835979455], [807.5515624170268, 849.0645408769522], [881.782477785421, 969.3879542091917], [803.5038400453832, 391.31299349572737], [868.6264791713008, 389.62859807197765], [784.9406663278077, 379.57105644512], [816.5388858486233, 362.3462940881395]], "kpt2d_body_mask": [true, true, true, true, true, true, true, true, true, true, true, true, true, true, true, true, true, true, true], "kpt3d_body_mask": [true, true, true, true, true, true, true, true, true, true, true, true, true, true, true, true, true, true, true], "kpt_list": ["Thorax", "Nose", "Pelvis", "L_Shoulder", "L_Elbow", "L_Wrist", "L_Hip", "L_Knee", "L_Ankle", "R_Shoulder", "R_Elbow", "R_Wrist", "R_Hip", "R_Knee", "R_Ankle", "L_Eye", "L_Ear", "R_Eye", "R_Ear"]}