{"id": 4, "class": "person", "kpt3d_body": [[-174.67106340661087, -243.64079015488812, 2627.0073400910546], [-323.4810178776029, -292.6569205543868, 2498.566226102109], [-171.85355306947326, 261.04722023619547, 2866.256702722849], [-71.15880994982231, -205.15392587132467, 2516.4440892902903], [184.47821255488526, -142.99103599439547, 2308.891092248736], [347.578873233174, -133.9031144718733, 2178.635559851222], [-112.76362908539659, 296.45205404331335, 2793.563606321472], [-52.18724918060108, 677.0852128509954, 3002.896549507711], [-3.8169319701243776, 1027.9308513196256, 3192.968320245778], [-261.7991110611013, -290.5634384610349, 2741.8381586261994], [-448.81709601452985, -389.3625147947992, 2983.9368009400414], [-583.6819837164317, -513.5068075906156, 3159.5023753392834], [-230.94434012002188, 225.6426436978316, 2938.9493531095927], [-198.9611265371752, 569.068228070898, 3171.7908901519886], [-157.8473600105113, 926.9493686202907, 3397.019423184659], [-299.4640240815404, -319.2408814391649, 2467.2498890537863], [-192.55603515883197, -343.95285157525336, 2470.4997407481983], [-333.6400320078202, -337.48202416247295, 2511.4628566321408], [-283.20339283361096, -390.1058724387974, 2584.038537944537]], "kpt2d_body": [[835.2265395374639, 409.43602219828085], [742.3242661479233, 373.9868270855893], [844.9344361865615, 682.5065524548959], [892.0615010545624, 425.9257568088466], [1053.2906409719094, 455.134811747106], [1170.829445139866, 456.26546285336303], [874.1285959116707, 704.8161153947276], [908.6174460596961, 878.8590362234254], [932.5227587665718, 1014.8530918168667], [792.3285068239777, 390.0806857382689], [711.794953941157, 354.6781756120771], [662.4378899257881, 308.6305774694265], [817.2048404180018, 661.2564557997417], [841.3954618141622, 812.092498446441], [866.1583127161724, 946.0889430749263], [754.3615823610536, 355.9013255725165], [818.5473903285617, 341.04790218827], [737.5732457566755, 348.74187791777706], [771.9516395888215, 324.18620382830295]], "kpt2d_body_mask": [true, true, true, true, true, true, true, true, true, true, true, true, true, true, true, true, true, true, true], "kpt3d_body_mask": [true, true, true, true, true, true, true, true, true, true, true, true, true, true, true, true, true, true, true], "kpt_list": ["Thorax", "Nose", "Pelvis", "L_Shoulder", "L_Elbow", "L_Wrist", "L_Hip", "L_Knee", "L_Ankle", "R_Shoulder", "R_Elbow", "R_Wrist", "R_Hip", "R_Knee", "R_Ankle", "L_Eye", "L_Ear", "R_Eye", "R_Ear"]}