{"id": 4, "class": "person", "kpt3d_body": [[-167.51874650486553, -253.4443793746101, 2615.7802373905174], [-311.899508140812, -278.1403844892168, 2504.4753335537366], [-159.05535992977082, 259.3742376296974, 2838.388698811501], [-64.299884025159, -218.00517087678514, 2503.7534007755125], [125.6872004641389, -200.69427979764427, 2310.908985155359], [-19.20578947348151, -388.7686480973801, 2264.22873040141], [-111.76281072748961, 307.2036384182861, 2767.151813589742], [-56.813516914773636, 646.8893960881513, 3004.0927578442274], [-27.02428657701588, 1016.2812107303968, 3206.3033785622774], [-260.4601902027785, -302.216689178681, 2732.7543871822345], [-407.7347286491738, -463.62115136884313, 2914.624858166344], [-398.315652152192, -560.7900729366554, 2693.073346044035], [-206.3489685500573, 211.54585956409164, 2909.625869814977], [-160.55037025831237, 592.1195324875496, 3123.960496384689], [-107.61491269277174, 971.5921231557705, 3320.544230003143], [-291.51465699890605, -301.4530826592116, 2468.3051069487638], [-187.99274115006483, -333.6850574029336, 2461.885217454638], [-325.5439598374028, -323.05802783429385, 2511.866038729345], [-272.384826491825, -385.610623105581, 2577.900948536446]], "kpt2d_body": [[838.8843024110328, 403.2945408949962], [749.5076415686759, 382.85780183943734], [850.7640206518008, 682.9737758553676], [895.9408051690004, 417.7018789544881], [1015.2702679323925, 418.106131582095], [921.65849153963, 293.21153953671285], [874.1105203952168, 712.0455769523321], [906.3246976923798, 864.2888183303319], [921.9795673926208, 1007.9579980048929], [792.6200435182868, 383.27624646102345], [727.6175100734916, 312.8107794996764], [716.8740370581139, 241.87856895426654], [828.5648751002614, 655.2585746806146], [858.2196576482809, 826.8716592085616], [886.8755834756498, 973.9143109971697], [759.0951060134599, 366.5189733650967], [820.8571919547733, 346.4384167436196], [742.2614319064986, 357.14192162291465], [777.7290946668122, 326.1610178200938]], "kpt2d_body_mask": [true, true, true, true, true, true, true, true, true, true, true, true, true, true, true, true, true, true, true], "kpt3d_body_mask": [true, true, true, true, true, true, true, true, true, true, true, true, true, true, true, true, true, true, true], "kpt_list": ["Thorax", "Nose", "Pelvis", "L_Shoulder", "L_Elbow", "L_Wrist", "L_Hip", "L_Knee", "L_Ankle", "R_Shoulder", "R_Elbow", "R_Wrist", "R_Hip", "R_Knee", "R_Ankle", "L_Eye", "L_Ear", "R_Eye", "R_Ear"]}