{"id": 4, "class": "person", "kpt3d_body": [[-154.70140102187682, -175.86692705783165, 2616.9674480684125], [-303.2308812596766, -263.0608619293986, 2444.6749722241575], [-142.72425958423645, 309.59440416142854, 2851.1328423307145], [-39.15217817653339, -130.90593854798456, 2504.9730226292827], [-5.154891342805099, 161.11162563659775, 2605.536710578229], [-64.96906272337492, 400.77471010513864, 2678.2507574005035], [-88.13403533783605, 346.0871695715782, 2779.6033417989247], [-13.000922082304163, 683.7217445436937, 2973.3952465191946], [36.143882928554504, 1036.8650531763237, 3154.2198414835757], [-269.84152953524153, -213.73242800352486, 2734.419478390072], [-259.1275348420189, 26.499320181031862, 2908.2586914022104], [-311.4446345398321, 283.5253414505082, 2968.9777728306008], [-197.31328287001887, 273.1024448259731, 2922.662860488993], [-172.92098213411975, 616.2327056691656, 3124.314803958901], [-141.09603699009003, 971.25650403642, 3316.454883263742], [-271.6253631738676, -289.6924896695418, 2418.5846316927386], [-164.92800065490633, -302.2626342711402, 2436.5867727003833], [-309.95841057739443, -309.79483053257894, 2458.2624863431424], [-265.6733627010537, -352.3689708754702, 2541.5130147951845]], "kpt2d_body": [[846.0933550821354, 447.24802637743807], [750.2075507658817, 387.9303101005829], [859.724046727266, 708.4201160408224], [910.8925912820621, 469.37259522872216], [931.2736243668656, 639.2617598661609], [898.2090112275062, 768.8772863376585], [887.0653652412315, 731.9565528263674], [927.7999910033718, 885.2884753440234], [950.9353480303146, 1024.2189085528223], [787.4033365468765, 431.18019598795007], [801.3940875102924, 560.748465065361], [778.339390547963, 688.7668346096403], [833.7216080216434, 685.9718689467369], [852.4426050807631, 837.9790916589457], [872.071538879587, 974.1992762381695], [767.608255365378, 369.9129965586038], [833.6244621788446, 363.2577843700029], [747.3926233927223, 360.8976952954648], [779.2668272817818, 342.1498617193782]], "kpt2d_body_mask": [true, true, true, true, true, true, true, true, true, true, true, true, true, true, true, true, true, true, true], "kpt3d_body_mask": [true, true, true, true, true, true, true, true, true, true, true, true, true, true, true, true, true, true, true], "kpt_list": ["Thorax", "Nose", "Pelvis", "L_Shoulder", "L_Elbow", "L_Wrist", "L_Hip", "L_Knee", "L_Ankle", "R_Shoulder", "R_Elbow", "R_Wrist", "R_Hip", "R_Knee", "R_Ankle", "L_Eye", "L_Ear", "R_Eye", "R_Ear"]}