{"id": 4, "class": "person", "kpt3d_body": [[-151.60522062105403, -253.4812048368775, 2616.5995273653357], [-273.9190016361832, -281.8300165131677, 2514.7907377320025], [-159.38662917681313, 244.47137701964692, 2837.077367404085], [-62.74432755810919, -217.0585604704216, 2497.585631501336], [30.39673104102381, -294.63683361137413, 2233.537589917614], [43.86550463132957, -478.27969254562134, 2075.52480048341], [-106.70174879573429, 275.23516273524933, 2770.9656508631506], [-63.457726739285505, 649.5080254411639, 2998.8755663386933], [-26.257214099946616, 1014.5329587461893, 3206.054159954819], [-239.69667647240243, -307.85100598351306, 2718.92070160185], [-428.7865302656842, -541.2597555598402, 2809.4716204150573], [-491.3160707516576, -766.695406117509, 2757.271990104687], [-212.07002086747224, 213.70694437132883, 2903.1902693896177], [-167.80915121426102, 593.3903861529371, 3116.745848368877], [-108.01321532346164, 969.7819133513187, 3318.9838579391035], [-250.9459516210363, -304.87196322150453, 2480.74321775969], [-147.74243559100728, -333.8287398991392, 2478.6630431265476], [-285.26577410397874, -327.4016704264744, 2523.2143094903945], [-234.13923782866138, -388.87168275314536, 2590.575747852846]], "kpt2d_body": [[847.9515427603804, 403.29073149728976], [772.5247002503149, 381.216547958098], [850.5313039838571, 675.2622804342036], [896.7742129404733, 417.9438470773206], [954.4728384777055, 351.4713194707766], [965.3980825701733, 208.33530825657726], [876.8720291937585, 694.788666128279], [903.0106811176677, 866.0760389075546], [922.3262404371391, 1007.2366219584155], [803.2210578362947, 379.3391945594997], [709.6780022871363, 264.39338275024994], [675.0481315675011, 143.63923719092628], [825.4072994964042, 656.5917532555227], [854.6106080114267, 828.0794504783412], [886.675205346748, 973.3425402250368], [784.0875684626452, 365.2228333458439], [845.6766103457315, 347.58291702328665], [766.6103340808753, 355.2724486758999], [800.2647840711602, 325.2228657315826]], "kpt2d_body_mask": [true, true, true, true, true, true, true, true, true, true, true, true, true, true, true, true, true, true, true], "kpt3d_body_mask": [true, true, true, true, true, true, true, true, true, true, true, true, true, true, true, true, true, true, true], "kpt_list": ["Thorax", "Nose", "Pelvis", "L_Shoulder", "L_Elbow", "L_Wrist", "L_Hip", "L_Knee", "L_Ankle", "R_Shoulder", "R_Elbow", "R_Wrist", "R_Hip", "R_Knee", "R_Ankle", "L_Eye", "L_Ear", "R_Eye", "R_Ear"]}