{"id": 1, "class": "person", "kpt3d_body": [[9.851102818412372, -182.79343563640566, 2484.0792344403253], [86.32626868164643, -360.0323193859191, 2379.1531600993567], [-8.195518490874534, 414.84283460659157, 2454.6283575113835], [149.1681063141655, -178.39462972549825, 2574.3552472654164], [414.3540627310854, -120.64671573826729, 2666.1166605114977], [407.43249387319656, -351.4681449902204, 2555.884415073398], [85.1687854639404, 424.62811335356196, 2498.017177553416], [43.095755529304185, 855.0686294390641, 2488.5544329811273], [13.13696337262872, 1243.8748767385166, 2474.7011405006965], [-139.2340040007858, -195.87217083755263, 2400.584888470811], [-331.7155361799438, -131.84644172479835, 2182.542409530136], [-172.18319260269482, -331.76010205900155, 2186.3252326655606], [-101.55958044731497, 405.0565737921738, 2411.2396677778947], [-104.82841140052815, 843.7062847880612, 2410.6307556872544], [-122.35641286783354, 1241.6154273981297, 2401.923449811659], [100.12575451665491, -392.1915582215061, 2413.9059489181545], [93.20730403065966, -373.78452104378226, 2515.6461223405895], [50.27275177709825, -392.20742077046737, 2383.3770797216216], [-37.02993933154103, -377.8192784031475, 2436.137822859932]], "kpt2d_body": [[961.4926780198945, 442.6736405403284], [1006.3977973967436, 335.4428111619928], [951.3275096080732, 779.2229253249391], [1036.8659831356435, 448.7229401165547], [1171.8941676465895, 482.52550761607046], [1176.3424862041281, 355.6399474690337], [1003.278577356669, 780.490939577306], [979.4822996148739, 1009.7022175085435], [963.0505180230314, 1203.5843813965698], [875.0109764776597, 431.6680745598443], [744.8739992857394, 461.55413328724194], [846.6532178429733, 335.18029514668285], [897.5143749294258, 777.715115376867], [897.1616858728906, 1017.6031869090209], [889.4311295224672, 1219.7937594959647], [1013.5572817180336, 320.2395702651171], [1007.4741352218547, 339.2023238005884], [985.2551590839139, 317.31402765544817], [934.8325847760588, 330.24041655878716]], "kpt2d_body_mask": [true, true, true, true, true, true, true, true, true, true, true, true, true, true, true, true, true, true, true], "kpt3d_body_mask": [true, true, true, true, true, true, true, true, true, true, true, true, true, true, true, true, true, true, true], "kpt_list": ["Thorax", "Nose", "Pelvis", "L_Shoulder", "L_Elbow", "L_Wrist", "L_Hip", "L_Knee", "L_Ankle", "R_Shoulder", "R_Elbow", "R_Wrist", "R_Hip", "R_Knee", "R_Ankle", "L_Eye", "L_Ear", "R_Eye", "R_Ear"]}