{"id": 1, "class": "person", "kpt3d_body": [[23.88716460476788, -147.9227386470683, 2470.9656830986014], [110.62953940129984, -351.68999992431395, 2342.088118037761], [-6.03963638977989, 409.0110483350252, 2455.9981263458785], [183.2577760698459, -140.44496802061644, 2549.687660581324], [214.7975396324315, 137.7643829832884, 2550.0681079378464], [215.15812439103755, 373.49293895819386, 2453.8309811361705], [89.3636904052805, 415.5327898735217, 2501.4537804297233], [44.32277177401577, 850.3818688816446, 2491.057178238517], [15.883092249884054, 1243.0875366580688, 2474.294875602761], [-131.5250428393802, -160.3561314107506, 2383.8721707003597], [-182.52300574011912, 121.27096711457497, 2340.820732115986], [-125.9942720758892, 376.4833182205828, 2271.55190781768], [-101.44302230717885, 402.49030375798753, 2410.5424215432126], [-107.80435955617645, 847.4050982035475, 2417.2263237365833], [-124.47144765233762, 1240.673978441813, 2406.8714646634244], [127.09228869594438, -384.56572519888624, 2375.820225996863], [124.77022569399227, -368.50265245143277, 2479.5598273196065], [75.16555346517372, -387.1421786377172, 2348.441932534981], [-11.934126990501746, -377.173127856837, 2407.1636490767473]], "kpt2d_body": [[969.4661211014717, 461.75492596274944], [1021.6106635045314, 337.0919467219042], [952.5475159767541, 775.8588269445061], [1056.3189203754594, 468.5175958500114], [1073.5157055108193, 620.4260171345857], [1077.6240380048612, 755.8475097164245], [1005.5567420762746, 775.2121064975352], [980.1348397706644, 1006.8692757831873], [964.5096170283578, 1203.3080962097984], [878.9010587982594, 451.5416494186584], [847.0986711591268, 617.3575729829766], [879.005686921961, 774.5656635972774], [897.5587807788539, 776.3312053061669], [895.6640549008805, 1018.3194165990296], [888.3972381519131, 1218.0988600511296], [1030.2225291570114, 321.1349994915371], [1025.9002792629572, 339.2233058627946], [1000.4035296541426, 316.95217744217075], [949.0700615752665, 328.0409469373111]], "kpt2d_body_mask": [true, true, true, true, true, true, true, true, true, true, true, true, true, true, true, true, true, true, true], "kpt3d_body_mask": [true, true, true, true, true, true, true, true, true, true, true, true, true, true, true, true, true, true, true], "kpt_list": ["Thorax", "Nose", "Pelvis", "L_Shoulder", "L_Elbow", "L_Wrist", "L_Hip", "L_Knee", "L_Ankle", "R_Shoulder", "R_Elbow", "R_Wrist", "R_Hip", "R_Knee", "R_Ankle", "L_Eye", "L_Ear", "R_Eye", "R_Ear"]}