{"id": 2, "class": "person", "kpt3d_body": [[-18.942382589813995, -48.322872129075165, 2610.547225386008], [80.65279929275687, -194.29264422764817, 2463.5694979865907], [-76.6208030163634, 464.29765794380614, 2615.1016404949096], [134.3417131877157, -38.49969095066285, 2679.5712834974033], [265.02478790543114, 161.73086653562635, 2824.800600645717], [139.57775912993117, 357.4709061579763, 2730.654033682211], [3.801762535605171, 471.3133448458714, 2673.1195371713575], [-20.377926429261688, 858.5689640858923, 2654.7927473778786], [-75.05030983811163, 1223.196202614513, 2647.175511852231], [-159.9908249039203, -64.32887820473297, 2532.306892722798], [-392.899885819204, 92.33197637686473, 2478.578562997658], [-270.3534893185952, 318.53908422088625, 2525.100517622297], [-157.04264066294706, 457.2810119077283, 2557.083758505058], [-204.61766238131725, 842.66079247574, 2530.7924287472824], [-230.99881755720247, 1209.0720863711892, 2520.7301613272825], [98.17198385283422, -226.12294257545273, 2497.297493674919], [91.30640571955809, -207.1798281876127, 2601.035394547941], [43.760991449838436, -227.98296144019417, 2469.350037763966], [-43.794150284493924, -214.1159448888564, 2529.9063706379507]], "kpt2d_body": [[945.7935595513015, 519.3939958944562], [1001.6784245771859, 435.3707790800265], [915.3325459824821, 790.7813709602907], [1026.0682583251137, 525.1885212288508], [1086.823360692312, 624.8756311267376], [1027.1005282267345, 726.9381570266141], [957.9371410400024, 789.1751506463925], [945.5613915692842, 983.9278081931884], [918.5067627528573, 1155.606363063554], [867.6439273678453, 509.8186408859549], [735.7886803154677, 596.829606930366], [807.2835062306452, 719.9332403429903], [870.8787840572884, 792.3197396427834], [846.4001373170614, 995.4000334881937], [835.3504119868211, 1175.384619786204], [1010.8223891312147, 419.1876021947394], [1004.9788934811628, 434.28404341944696], [980.6938699656943, 416.68137591162105], [931.77558722861, 427.34676867383547]], "kpt2d_body_mask": [true, true, true, true, true, true, true, true, true, true, true, true, true, true, true, true, true, true, true], "kpt3d_body_mask": [true, true, true, true, true, true, true, true, true, true, true, true, true, true, true, true, true, true, true], "kpt_list": ["Thorax", "Nose", "Pelvis", "L_Shoulder", "L_Elbow", "L_Wrist", "L_Hip", "L_Knee", "L_Ankle", "R_Shoulder", "R_Elbow", "R_Wrist", "R_Hip", "R_Knee", "R_Ankle", "L_Eye", "L_Ear", "R_Eye", "R_Ear"]}