{"id": 1, "class": "person", "kpt3d_body": [[19.903545373303206, -147.4196009198144, 2472.486416558533], [105.33914434538391, -354.97253065533243, 2345.050014624812], [-8.436966889679987, 409.2623249983393, 2453.913080513514], [178.86647501090678, -139.50302180367544, 2550.6480153773628], [210.48117526425477, 138.752415593962, 2550.2696896869847], [211.62657933191426, 373.66817471011416, 2452.4014623615544], [86.81728971929434, 416.11164414960865, 2499.5934171227896], [43.40903024666776, 848.5153524424526, 2488.9312925281115], [15.755739131471618, 1243.3117130589544, 2474.108054339197], [-135.8159372705023, -159.90467732231537, 2384.932330210567], [-186.31278810953478, 121.97385026965364, 2342.295691729948], [-129.94610183538182, 379.07135115669433, 2271.3904393254948], [-103.69107538700959, 402.4130733777372, 2408.233898678048], [-109.88141617524249, 847.132662234811, 2416.204854478957], [-124.22502486162031, 1241.0948398155804, 2404.535319598921], [121.69201203499703, -387.5984071714666, 2378.695094537947], [120.76355737212658, -368.23439841870623, 2482.6025347607665], [69.78083830991582, -389.00666281661273, 2351.7846381357454], [-16.298883474366388, -376.41236048721794, 2410.840989263068]], "kpt2d_body": [[967.2052607354461, 462.0887483134588], [1018.3895952706093, 335.4239046696788], [951.1881758977212, 776.1907920974556], [1053.8848845824418, 469.05453936856765], [1071.1518584155283, 620.9644770508218], [1075.7031212701434, 756.0803025737093], [1004.1787727665, 775.7006066817187], [979.6594203170746, 1006.2874433967695], [964.442479275994, 1203.4581453402513], [876.426759086314, 451.85158760387145], [844.9174713836292, 617.7241581552263], [876.5994928768646, 776.1209078433078], [896.2094741302777, 776.500054922167], [894.4770288173379, 1018.3545609738719], [888.4758848567366, 1218.8822683981016], [1026.9790568234591, 319.647856709707], [1023.5759632897672, 339.6112607737223], [997.1607075957279, 316.1818000526746], [946.563785523935, 328.80065929331965]], "kpt2d_body_mask": [true, true, true, true, true, true, true, true, true, true, true, true, true, true, true, true, true, true, true], "kpt3d_body_mask": [true, true, true, true, true, true, true, true, true, true, true, true, true, true, true, true, true, true, true], "kpt_list": ["Thorax", "Nose", "Pelvis", "L_Shoulder", "L_Elbow", "L_Wrist", "L_Hip", "L_Knee", "L_Ankle", "R_Shoulder", "R_Elbow", "R_Wrist", "R_Hip", "R_Knee", "R_Ankle", "L_Eye", "L_Ear", "R_Eye", "R_Ear"]}