{"id": 6, "class": "person", "kpt3d_body": [[318.3336003044751, -51.18343514795356, 2507.4310432943157], [399.81592267017993, -208.71253150991436, 2360.933184346325], [338.79531916217263, 490.91553374481407, 2638.56085868406], [423.021378177575, -84.51468663718714, 2633.542869801632], [660.2776046596043, -65.9730991755265, 2761.602545605313], [660.1432893260037, -266.7736243153513, 2622.687473019477], [400.3602744862633, 472.06132271232195, 2709.1562041159136], [414.6621218874576, 889.7506451699028, 2806.302638188022], [418.70025364371895, 1306.6304853416477, 2908.3498955175396], [194.6553578189797, -20.022898178149262, 2405.583914692286], [97.67316207900087, 99.78549803690228, 2175.342930887444], [192.19906431662523, -127.55214179045367, 2120.3862136847624], [277.2302493565741, 509.7707542024234, 2567.96560244255], [280.1309017894274, 922.9516551099522, 2674.101439753749], [301.0363637991057, 1332.824582083391, 2789.371334563079], [406.4992339405052, -250.1666616905112, 2391.673236063699], [378.1681878711402, -259.37466805939266, 2495.9042065369426], [360.2852652678662, -241.33061443832048, 2351.790299003197], [263.7337448447395, -233.6081725799798, 2394.483369186923]], "kpt2d_body": [[1118.4729106982386, 524.9732256390936], [1176.39543340424, 430.91515994780184], [1118.7719014719958, 810.1860967136354], [1164.8809700093552, 508.82740724486223], [1271.3923561478184, 520.504433457281], [1287.3312155586725, 413.88279746634987], [1145.5328890969213, 793.8204564474271], [1141.7815089359099, 982.8273076177538], [1132.0493524128565, 1147.5509541291758], [1054.452491444925, 541.7877041545962], [1004.0189249315122, 617.5682568618877], [1067.894072123482, 469.4794997148347], [1090.4771231522104, 827.3783572543941], [1083.094435070493, 1019.9520126488765], [1083.703372593778, 1182.878231786017], [1177.0360248225174, 408.6053649218402], [1151.7751735916336, 409.30281136227643], [1154.0982399365996, 411.1213260952918], [1094.7535142701101, 417.6623340388604]], "kpt2d_body_mask": [true, true, true, true, true, true, true, true, true, true, true, true, true, true, true, true, true, true, true], "kpt3d_body_mask": [true, true, true, true, true, true, true, true, true, true, true, true, true, true, true, true, true, true, true], "kpt_list": ["Thorax", "Nose", "Pelvis", "L_Shoulder", "L_Elbow", "L_Wrist", "L_Hip", "L_Knee", "L_Ankle", "R_Shoulder", "R_Elbow", "R_Wrist", "R_Hip", "R_Knee", "R_Ankle", "L_Eye", "L_Ear", "R_Eye", "R_Ear"]}