{"id": 6, "class": "person", "kpt3d_body": [[308.88495178319266, -51.48868328648888, 2520.811074863916], [400.2461751324799, -201.29084326506927, 2363.5681941021003], [339.02854411815736, 494.4176367175471, 2646.3835580425093], [422.8616497086449, -86.79924821607841, 2636.1672333240094], [653.3507671208606, -45.08859475143396, 2770.2544000687376], [676.9873440832278, -242.9932115416409, 2618.8371328216813], [415.33805150228045, 485.42797812672035, 2709.8347617533095], [405.84654213418156, 883.0796560940172, 2818.168755397065], [417.7625725079316, 1303.982356585011, 2908.3203018443805], [194.47742727088738, -19.453997899122726, 2410.135618350657], [85.18681602328445, 107.04920979491277, 2187.0187597529657], [198.40501509280557, -108.52128948887412, 2109.1702717448325], [262.71938511617145, 503.40847571207416, 2582.9315510403603], [279.1543737429585, 924.7352096382135, 2677.113434644177], [290.7892230929396, 1330.282968281827, 2797.6767257480055], [407.67905389305065, -244.1852115478173, 2392.4688553370124], [379.7711875410714, -261.51692432824973, 2494.6855219611834], [362.5191365310237, -234.17474018796895, 2351.6200759446906], [264.20422316418234, -232.07910326775362, 2395.182773354294]], "kpt2d_body": [[1112.3463382612608, 524.9466280049762], [1176.422882593105, 435.3844555944703], [1118.3582023528736, 811.2382279869374], [1164.5747514771433, 507.66742837376705], [1267.0691804898172, 530.9821293545635], [1296.52496603031, 426.1925402171464], [1152.934393298499, 800.3373566133771], [1136.856279010979, 978.1814773403516], [1131.6619321023989, 1146.4727946326555], [1054.1361660496943, 542.1394090902019], [995.6789913878249, 621.8743527132231], [1072.6987473071347, 481.6165754103198], [1081.9407110626382, 822.59319189296], [1082.436972693011, 1020.3169010296162], [1078.5319862188296, 1180.231585512758], [1177.6667842526685, 412.1000842791467], [1152.74780164962, 408.0580378482829], [1155.453700667226, 415.31835807609366], [1094.986793366093, 418.58672833279536]], "kpt2d_body_mask": [true, true, true, true, true, true, true, true, true, true, true, true, true, true, true, true, true, true, true], "kpt3d_body_mask": [true, true, true, true, true, true, true, true, true, true, true, true, true, true, true, true, true, true, true], "kpt_list": ["Thorax", "Nose", "Pelvis", "L_Shoulder", "L_Elbow", "L_Wrist", "L_Hip", "L_Knee", "L_Ankle", "R_Shoulder", "R_Elbow", "R_Wrist", "R_Hip", "R_Knee", "R_Ankle", "L_Eye", "L_Ear", "R_Eye", "R_Ear"]}