{"id": 6, "class": "person", "kpt3d_body": [[314.489489199266, -48.03439250295554, 2500.3811502994877], [402.14064732942927, -201.5071042206432, 2346.021689978854], [332.0906800371513, 496.6187666050297, 2634.469118694669], [421.5620375154646, -82.61037873235551, 2624.892115460222], [649.4925582835328, -47.45058722317623, 2758.3490861233176], [665.8729231218239, -234.5747991290716, 2598.4879275269077], [393.5562935912404, 472.5744061059632, 2704.2508607737777], [404.781272872254, 886.49708110122, 2812.6604430450634], [418.0366672962197, 1305.6390577688014, 2909.217742028825], [191.0256643899816, -19.268933452997317, 2401.5991368057216], [93.27638277199391, 109.41659033998604, 2167.6737553282323], [202.22162593313996, -101.33890037263058, 2092.103932996496], [270.62518713117873, 520.6640878650302, 2564.687645655443], [277.03619367900274, 925.6949024688413, 2672.8996320992674], [293.21388937867715, 1332.0357027536238, 2795.1128299399434], [409.4981781325067, -243.31539236319912, 2374.9324137322224], [382.0840047250496, -255.8634072134805, 2479.9016863015277], [364.8493411825551, -235.14692021248038, 2335.1262306593944], [267.65119998264584, -230.4925567329994, 2378.2248296724542]], "kpt2d_body": [[1116.8417731894983, 526.6454651237858], [1179.2507837885648, 434.4013578233494], [1115.5101292525892, 813.5491868030815], [1164.8469207996136, 509.6879097451022], [1266.5559237609536, 529.7040491581213], [1293.5788755295073, 429.5849867820456], [1142.448932421818, 794.5500218791335], [1136.66948581641, 980.5387029702697], [1131.711172693052, 1146.9898628451974], [1052.5296945294417, 542.2064213728107], [1001.3922654528126, 624.0027900980783], [1076.3183911751946, 485.82548767732646], [1087.0523788350883, 833.4908486960925], [1081.5683113235705, 1021.4801528620253], [1079.7684159869461, 1181.4664537086892], [1180.4264301087442, 411.594026797582], [1155.2936999305698, 410.361302533111], [1158.3033338479395, 413.79942258793176], [1098.0849072386193, 418.57270122200646]], "kpt2d_body_mask": [true, true, true, true, true, true, true, true, true, true, true, true, true, true, true, true, true, true, true], "kpt3d_body_mask": [true, true, true, true, true, true, true, true, true, true, true, true, true, true, true, true, true, true, true], "kpt_list": ["Thorax", "Nose", "Pelvis", "L_Shoulder", "L_Elbow", "L_Wrist", "L_Hip", "L_Knee", "L_Ankle", "R_Shoulder", "R_Elbow", "R_Wrist", "R_Hip", "R_Knee", "R_Ankle", "L_Eye", "L_Ear", "R_Eye", "R_Ear"]}