{"id": 4, "class": "person", "kpt3d_body": [[264.69588009339725, -239.08114985651196, 2558.042379197124], [447.95009292850324, -386.1413935964012, 2480.107297288541], [289.2644956346805, 183.35679303792148, 2837.6334960335157], [237.40663067451288, -329.28923598320324, 2692.9278488734553], [218.3817730416029, -91.1407285566952, 2898.418595399471], [319.7859155481358, 84.26110000737097, 3017.668721333972], [317.98016153035303, 118.73340323454741, 2920.6891813853213], [579.3151389630294, 321.3650001539871, 3076.206670897605], [396.7824322294298, 677.7839144703808, 3233.309756698697], [280.3422181641781, -157.42049568027852, 2410.4527014897308], [255.29071904903034, 116.00698027043123, 2527.224446064358], [337.7471552390315, 310.45839961413617, 2661.8131339192037], [260.5501528075633, 247.98232111251068, 2754.577896038656], [283.6515419091461, 610.838052811099, 2931.0188638131076], [268.75488092627927, 981.1234982680148, 3121.0975286241173], [429.8641317867069, -432.52354982658176, 2487.49153577111], [331.61434223619483, -459.46824174507725, 2530.3260845358545], [431.03254348573927, -402.0971850448686, 2437.463869890933], [339.0977160095497, -380.21973625743897, 2396.923061177946]], "kpt2d_body": [[1109.191742580367, 433.96851740804874], [1213.7562348594333, 349.9915444338903], [1107.2415302470706, 652.9874601289487], [1087.8147283745393, 394.2229347122209], [1070.5014534417244, 519.693307468036], [1112.9556403521372, 602.1382456657091], [1116.9273132111205, 619.7781452275465], [1225.0576721830412, 706.9640951049674], [1134.0629108368435, 850.4591970718858], [1127.075235032623, 472.91352771012146], [1106.0484725327942, 627.081887176765], [1141.1852017418014, 724.422067374048], [1096.9294326933139, 688.1286618494954], [1098.6594113639621, 849.2637518943995], [1082.357656151031, 988.4719065316629], [1202.8214053550903, 325.2792280622908], [1145.9678459179643, 314.06591495104726], [1208.454685760668, 337.38638304115494], [1160.5701422678003, 345.2866284226627]], "kpt2d_body_mask": [true, true, true, true, true, true, true, true, true, true, true, true, true, true, true, true, true, true, true], "kpt3d_body_mask": [true, true, true, true, true, true, true, true, true, true, true, true, true, true, true, true, true, true, true], "kpt_list": ["Thorax", "Nose", "Pelvis", "L_Shoulder", "L_Elbow", "L_Wrist", "L_Hip", "L_Knee", "L_Ankle", "R_Shoulder", "R_Elbow", "R_Wrist", "R_Hip", "R_Knee", "R_Ankle", "L_Eye", "L_Ear", "R_Eye", "R_Ear"]}