{"id": 3, "class": "person", "kpt3d_body": [[-16.28952374692739, 37.13696581107598, 2684.746929413156], [-5.275716148225484, -83.15421224835092, 2564.144156322607], [-76.09912602856254, 551.6749060949438, 2630.3603946854073], [98.94449883453575, 38.86363703806467, 2596.9791110823644], [-64.20143906991231, 8.866818088627895, 2368.856634118043], [-206.35663968355072, -21.182458218792135, 2188.382752432058], [17.464372518778593, 576.0161152190599, 2584.786671638692], [-44.53679274232202, 896.8142485410274, 2650.443341359744], [-92.96919148944951, 1252.1994572820875, 2659.8992554808374], [-124.22837659985754, 34.57691687113396, 2797.1179823756693], [-351.4707714789855, -19.44239144626721, 2724.5597769750293], [-189.1680369058846, -124.33863115968933, 2636.757550148766], [-169.6625184787643, 527.3337289082707, 2675.9346218386554], [-207.64024275043639, 882.9897618445228, 2616.7394223294104], [-238.607088646105, 1229.4705227740799, 2571.077816493257], [23.549810871497154, -113.50932712621557, 2586.875122979175], [66.14162113274553, -95.50165973933815, 2664.653408603478], [-32.92319498837468, -113.26110766119967, 2583.252826894053], [-88.18559807469002, -97.82529226591805, 2677.4221210564083]], "kpt2d_body": [[947.4565567377203, 564.5358291885523], [953.0696901540805, 499.9758910263265], [915.9878305006541, 834.3012865605106], [1009.2502742685931, 566.1082614809909], [918.0241600072791, 550.4525261077541], [824.3217877865006, 531.7533964796575], [965.2991797966307, 851.974146274066], [933.2107118807944, 1003.0294430489248], [909.8570402683234, 1165.8920924301488], [893.8274670501409, 562.4727819725182], [776.2800775441322, 535.3162235792078], [855.7562361020863, 479.5489322274701], [868.300412306612, 816.981396765823], [848.5108846164983, 1001.1324759880938], [833.7838040456211, 1173.6311253520519], [968.6834065706886, 484.0154713582673], [990.6720391335155, 495.22785537104556], [938.1218429977413, 484.0660163207239], [909.8831703923636, 494.26532244964216]], "kpt2d_body_mask": [true, true, true, true, true, true, true, true, true, true, true, true, true, true, true, true, true, true, true], "kpt3d_body_mask": [true, true, true, true, true, true, true, true, true, true, true, true, true, true, true, true, true, true, true], "kpt_list": ["Thorax", "Nose", "Pelvis", "L_Shoulder", "L_Elbow", "L_Wrist", "L_Hip", "L_Knee", "L_Ankle", "R_Shoulder", "R_Elbow", "R_Wrist", "R_Hip", "R_Knee", "R_Ankle", "L_Eye", "L_Ear", "R_Eye", "R_Ear"]}