{"id": 3, "class": "person", "kpt3d_body": [[-100.0639900009673, 81.13325884276179, 2669.0831354265147], [-19.070538291914758, -64.50995494675027, 2536.6038492120097], [-105.02382277779616, 571.6254891279794, 2606.1890534569466], [42.33812025973201, 82.13207682300123, 2739.404905605519], [102.51291450802476, 326.0619026059469, 2734.494704496056], [125.38221198557345, 554.7489766238851, 2659.3177310570463], [-15.657603036959618, 577.331912983097, 2645.770903384757], [-55.930586709428894, 901.0308861134979, 2658.989535548871], [-96.35425420580827, 1251.6375449934444, 2659.0717111820713], [-246.26609622616698, 72.54434820052552, 2593.3912639528353], [-305.1498256225033, 305.8977085524066, 2533.0123035174165], [-284.5704015619945, 524.7321885068392, 2452.2304308493913], [-194.3904082707044, 565.9190354848381, 2566.607044349691], [-214.93919125467943, 886.9253816883156, 2572.597863718534], [-216.6388260402658, 1239.4563117265147, 2567.0069738222564], [-0.6822196411450676, -101.24086796227203, 2564.47387769555], [2.137132829505717, -100.09622303528971, 2658.215808281082], [-54.647080191455615, -97.35197377335282, 2536.2320219166813], [-132.11020657990582, -101.96630276255917, 2585.9077240566694]], "kpt2d_body": [[903.5137576893052, 587.6295026980466], [945.4279345610364, 509.7376153629025], [900.3566591339488, 847.1237199123187], [977.5733142257825, 587.0656667995402], [1008.1936869747541, 710.9315885465683], [1021.1188212421074, 832.6906674457632], [947.8000607161734, 845.7549112254753], [927.4746709897785, 1003.6440710499372], [908.1601366242522, 1165.801831506039], [823.4282162583522, 584.1621201336847], [788.754820301073, 712.3937476227583], [796.2423826656786, 838.9773345586262], [851.5806013443291, 848.3284485298278], [842.9881214640361, 1010.353412232048], [844.9401578146335, 1179.3280583672401], [955.5766323534057, 490.14797379861983], [957.0735390949865, 492.6890427773359], [925.8090615829497, 491.68065339281304], [884.533398234337, 490.2563428085811]], "kpt2d_body_mask": [true, true, true, true, true, true, true, true, true, true, true, true, true, true, true, true, true, true, true], "kpt3d_body_mask": [true, true, true, true, true, true, true, true, true, true, true, true, true, true, true, true, true, true, true], "kpt_list": ["Thorax", "Nose", "Pelvis", "L_Shoulder", "L_Elbow", "L_Wrist", "L_Hip", "L_Knee", "L_Ankle", "R_Shoulder", "R_Elbow", "R_Wrist", "R_Hip", "R_Knee", "R_Ankle", "L_Eye", "L_Ear", "R_Eye", "R_Ear"]}