{"id": 5, "class": "person", "kpt3d_body": [[-128.0367520085549, -195.53384207379963, 2669.483982217866], [-268.7526669306958, -276.6495562202283, 2509.5132209718913], [-122.88978948724937, 271.0499934383181, 2894.668165832784], [-25.73613124424286, -142.1154912681061, 2550.990553232603], [189.82754299604863, 57.79894081134515, 2567.253151926009], [55.05154615996136, 207.99947839661073, 2712.3794423230997], [-52.93569204057466, 309.5743576168836, 2831.7741062822256], [-24.859086658212163, 660.9453045151042, 3020.8564200588903], [43.43019183296306, 978.4513939957584, 3237.881696888087], [-225.7562694761903, -251.28404942972765, 2789.928713796826], [-274.59689213599427, -158.03625854084558, 3071.4747381013794], [-250.02519407784033, 95.64879682272348, 3015.353102579882], [-192.8427654149749, 232.5254422506491, 2957.562503273324], [-174.18611129419529, 610.6962007180847, 3156.211561963426], [-113.71391754485474, 926.4003135401797, 3362.6410686430436], [-237.0618691418507, -305.33956630731154, 2482.041920114453], [-136.77926404455832, -316.094564570584, 2502.5849115961773], [-274.8025557375363, -322.68919241628055, 2526.0177161277543], [-233.19193437101558, -360.284412226236, 2611.7080715529446]], "kpt2d_body": [[862.7123027442278, 438.246480751379], [775.2082242444922, 383.891700386862], [870.980132699926, 686.3613892312035], [919.1657608761093, 464.23697038450223], [1044.5291663009925, 580.7013367001991], [964.5002269999702, 661.29910460097], [906.3919037445635, 709.598588694311], [922.0986780880696, 869.2854634167015], [953.8473816338021, 987.4083408610579], [813.7963122801134, 413.4684691410665], [801.0322571624341, 470.7252921663023], [810.6084601354307, 594.3739907189745], [837.0844058244568, 664.0466379686313], [852.646048174601, 832.5604137929781], [884.7008103326413, 949.8899008083955], [792.4291859623193, 364.98886570241336], [852.9734863973068, 359.8628998331161], [772.8773249644115, 358.1749698070388], [801.7617228540977, 343.01551002727234]], "kpt2d_body_mask": [true, true, true, true, true, true, true, true, true, true, true, true, true, true, true, true, true, true, true], "kpt3d_body_mask": [true, true, true, true, true, true, true, true, true, true, true, true, true, true, true, true, true, true, true], "kpt_list": ["Thorax", "Nose", "Pelvis", "L_Shoulder", "L_Elbow", "L_Wrist", "L_Hip", "L_Knee", "L_Ankle", "R_Shoulder", "R_Elbow", "R_Wrist", "R_Hip", "R_Knee", "R_Ankle", "L_Eye", "L_Ear", "R_Eye", "R_Ear"]}