{"id": 5, "class": "person", "kpt3d_body": [[-124.07355042028865, -196.9837250515917, 2671.899517313891], [-264.4524083953862, -281.9746734688553, 2518.442557499498], [-107.74366026534962, 262.5291757754393, 2902.330545696316], [-24.30493766286031, -144.62726463321303, 2551.9860003953854], [194.69851055412508, 54.82162972629837, 2564.3630272502405], [64.42461009480105, 203.0427765384249, 2710.9770629278837], [-48.541484580092586, 306.69519306809025, 2832.0968710159577], [-5.521290394940821, 638.4477094595192, 3023.036815243937], [43.54106315268825, 979.1165659915389, 3237.988954919714], [-221.06299406151808, -252.20601717384483, 2793.2247891781612], [-270.16826727601904, -160.74856470671804, 3075.6110166010108], [-241.59368335902118, 91.98611571031691, 3018.5331605386327], [-166.94569895970443, 218.3623599297566, 2972.5635619341574], [-173.11179796867222, 610.0891003039567, 3155.7095789300793], [-113.33392220601144, 926.8385876998047, 3362.524689076791], [-234.44646615765933, -310.6703940559174, 2490.9355788958333], [-132.52713427742233, -322.41678022896593, 2507.105348075631], [-269.40648180664544, -327.12594694132804, 2536.081581447475], [-224.8918355047893, -365.17757536811644, 2620.8833421903446]], "kpt2d_body": [[864.987192168381, 437.5356421853206], [778.3049010776558, 381.3357296838005], [878.9068448846538, 681.6667806900468], [920.009210779882, 462.8056699827645], [1047.4799784487452, 579.0092637813567], [969.6739450636135, 658.6414040113312], [908.7036461704131, 708.0817618645655], [931.5440567223328, 858.3568068865679], [953.8962365323141, 987.6807628897404], [816.431582566898, 413.1277231270474], [803.3499224765364, 469.51356463164285], [814.8856669943968, 592.52637353691], [850.512316994295, 656.4302265072039], [853.1343311510809, 832.3292093404842], [884.8655322254754, 950.0876917905131], [794.4998373343617, 362.47682735319984], [855.6494599465087, 356.47927044133155], [776.6639139223232, 356.3250525876922], [806.9164944905958, 340.9548047699709]], "kpt2d_body_mask": [true, true, true, true, true, true, true, true, true, true, true, true, true, true, true, true, true, true, true], "kpt3d_body_mask": [true, true, true, true, true, true, true, true, true, true, true, true, true, true, true, true, true, true, true], "kpt_list": ["Thorax", "Nose", "Pelvis", "L_Shoulder", "L_Elbow", "L_Wrist", "L_Hip", "L_Knee", "L_Ankle", "R_Shoulder", "R_Elbow", "R_Wrist", "R_Hip", "R_Knee", "R_Ankle", "L_Eye", "L_Ear", "R_Eye", "R_Ear"]}