{"id": 5, "class": "person", "kpt3d_body": [[-97.63395684252656, -207.27343136043203, 2689.4463033226684], [-225.15410511536018, -304.660321198142, 2535.5817344189754], [-108.52959939287872, 262.4166441135304, 2904.0512668832575], [1.8555522589859264, -149.72793568633605, 2575.4009607749617], [105.50456874847282, 37.34682362345765, 2385.465711068432], [-6.89091651954802, -148.19261424484324, 2266.1058940874327], [-44.34486488510266, 307.9992183126718, 2837.2379202617194], [-5.572295093322146, 636.8961883034445, 3023.705476109166], [44.478926430941854, 980.181320324781, 3237.3989959574637], [-183.4198901373226, -264.02248606248037, 2805.6400564365604], [-419.8447037257452, -283.98719394881283, 2988.9742524279163], [-522.7384623157802, -439.1740462660533, 2818.215113228352], [-172.71431289070176, 216.83400777883094, 2970.864738795475], [-168.24765496596828, 601.2707615295423, 3158.6400617753297], [-113.01186579092588, 928.3914083405889, 3365.2323045819157], [-195.32229058011595, -334.6617639551451, 2509.8072601062295], [-92.66634589797826, -342.71158819896783, 2528.8758222215843], [-230.6017155862058, -349.45461466429805, 2554.178294416411], [-186.71240693626652, -384.2212403064704, 2641.3666955377244]], "kpt2d_body": [[880.0924051949347, 432.54955182713513], [802.3299791561763, 369.1454238356772], [878.5363493709043, 681.5294229929744], [935.3017690316391, 460.62490146732637], [1000.2667925749992, 570.5198664625698], [929.6884280191048, 449.8401409093899], [910.9527516116416, 708.4728447590236], [931.5194911871663, 857.5502947759621], [954.321838185889, 988.2154272323106], [836.8895145772893, 407.4202237225104], [725.9336570846959, 406.63530151740986], [661.2158903195673, 318.35340339612054], [847.5737334159368, 655.7231694916811], [855.4599463352483, 828.039957061254], [885.046996193997, 950.4260915390992], [818.6753091634162, 349.6772550302654], [879.7629479595673, 346.2367228252958], [800.2781237627469, 344.6857070379881], [829.3329732317385, 331.84657411250686]], "kpt2d_body_mask": [true, true, true, true, true, true, true, true, true, true, true, true, true, true, true, true, true, true, true], "kpt3d_body_mask": [true, true, true, true, true, true, true, true, true, true, true, true, true, true, true, true, true, true, true], "kpt_list": ["Thorax", "Nose", "Pelvis", "L_Shoulder", "L_Elbow", "L_Wrist", "L_Hip", "L_Knee", "L_Ankle", "R_Shoulder", "R_Elbow", "R_Wrist", "R_Hip", "R_Knee", "R_Ankle", "L_Eye", "L_Ear", "R_Eye", "R_Ear"]}