{"id": 4, "class": "person", "kpt3d_body": [[12.326322987996683, -110.51722304523196, 2620.522815857457], [85.34635925727474, -255.50435344950756, 2472.7730013899895], [-21.79617113258475, 423.10776555504174, 2574.1090537919986], [141.7351885909806, -113.65574695686547, 2701.7561292304417], [345.66587891702846, 42.172918569394255, 2797.1509809744766], [333.7188798731738, -163.3184972843739, 2702.1036764224864], [66.64112056436988, 431.9656428265988, 2610.6505726483897], [30.81856352110286, 854.5947149437656, 2637.85565330553], [4.354369797912909, 1252.8743727603082, 2667.4796402366496], [-134.78256589730037, -120.19090137869512, 2560.8435314507365], [-388.4816468620235, 23.563554229939996, 2460.031541024743], [-266.6882369210743, -199.28281235205702, 2429.0775497229065], [-110.23394682628827, 414.2518524183787, 2537.567274318521], [-165.7442534474886, 813.7500541660903, 2535.106829435607], [-204.7785432906228, 1234.3578566343465, 2534.522565514447], [108.35822210507732, -286.8342925480516, 2499.8781873555627], [113.4440868184387, -285.3003253595085, 2609.0806072722535], [56.51812679182857, -293.356959815909, 2474.484454034046], [-21.637896550823932, -302.40565888733556, 2539.3432699087175]], "kpt2d_body": [[962.5290769996689, 486.3910092155719], [1004.098876034823, 401.48539124160544], [944.2017907426962, 772.9011270170241], [1029.2829316463249, 486.58317860266993], [1128.1694887083559, 566.1827539107651], [1127.9018178836614, 461.3082361877077], [991.4072030726186, 774.3593789525911], [971.8920209021345, 984.6565773430309], [958.2210931281727, 1164.7902272406986], [882.3931838185515, 479.8120203882205], [736.5306365333021, 558.5021158509014], [803.1268765275568, 431.334071566466], [895.65516284026, 771.2481748571877], [867.1396895917954, 980.3406347654497], [849.7599660931237, 1184.330687444893], [1016.3647915431075, 385.75222671170314], [1016.5730301915897, 393.1926130111045], [987.7911215349815, 380.4325021614952], [944.0776411415457, 379.67698746931194]], "kpt2d_body_mask": [true, true, true, true, true, true, true, true, true, true, true, true, true, true, true, true, true, true, true], "kpt3d_body_mask": [true, true, true, true, true, true, true, true, true, true, true, true, true, true, true, true, true, true, true], "kpt_list": ["Thorax", "Nose", "Pelvis", "L_Shoulder", "L_Elbow", "L_Wrist", "L_Hip", "L_Knee", "L_Ankle", "R_Shoulder", "R_Elbow", "R_Wrist", "R_Hip", "R_Knee", "R_Ankle", "L_Eye", "L_Ear", "R_Eye", "R_Ear"]}