{"id": 4, "class": "person", "kpt3d_body": [[14.305496437532383, -87.67893105217951, 2605.181046243929], [109.06155724058505, -253.6204115380795, 2453.5714411695444], [-22.972433083636652, 446.0314562220127, 2572.700887083149], [157.34842192372793, -78.51087283463613, 2690.81332954962], [183.1905147358583, 230.8516245051166, 2684.004056019903], [192.18607715889718, 471.4777779640947, 2597.8853793774965], [69.63120488712399, 458.6328790526478, 2606.9325436029344], [38.57949905156435, 856.9624913360985, 2641.7740635775726], [6.50940156659404, 1251.0051259798288, 2667.978912196433], [-134.4072199048344, -96.14404812999055, 2529.9199922410203], [-197.0644011428854, 202.63329144088914, 2508.506469749851], [-171.73923677239412, 453.0504741542683, 2425.4997454502154], [-115.57683732293178, 433.43002645198555, 2538.4699873885597], [-164.05990061537045, 834.181983520109, 2533.160081013547], [-202.90660381019524, 1237.7858412418689, 2534.1005347069636], [129.32340500312708, -283.8033918922807, 2485.3309346078554], [128.19197129831124, -274.32252077761063, 2593.9485253354546], [79.45112332236991, -290.3434245038608, 2457.1048341204023], [-4.376802085868352, -291.05531062753926, 2517.7604235622157]], "kpt2d_body": [[963.6316731723881, 498.26630487854464], [1017.9451971943206, 401.4600385936571], [943.5725103386417, 785.1625996612081], [1037.6982511415565, 504.54989566057435], [1051.157665039896, 664.8774162183331], [1058.3960409635054, 795.8298199299734], [993.0145993208168, 788.6042440230269], [975.8624272667984, 985.1821922936348], [959.289229662767, 1163.8530532951581], [881.6860585769773, 492.2498028604417], [846.4078318272968, 657.5669355067192], [857.9836601562184, 803.0157462764407], [892.8036450870255, 781.4496695216026], [868.0978811609039, 990.9999459264964], [850.7443857143802, 1186.0330713596911], [1028.4610997581788, 386.54443652275546], [1024.8575460804352, 398.179995958845], [1001.0204028342255, 380.9907212990878], [953.5311210204254, 384.4834913504774]], "kpt2d_body_mask": [true, true, true, true, true, true, true, true, true, true, true, true, true, true, true, true, true, true, true], "kpt3d_body_mask": [true, true, true, true, true, true, true, true, true, true, true, true, true, true, true, true, true, true, true], "kpt_list": ["Thorax", "Nose", "Pelvis", "L_Shoulder", "L_Elbow", "L_Wrist", "L_Hip", "L_Knee", "L_Ankle", "R_Shoulder", "R_Elbow", "R_Wrist", "R_Hip", "R_Knee", "R_Ankle", "L_Eye", "L_Ear", "R_Eye", "R_Ear"]}