{"id": 4, "class": "person", "kpt3d_body": [[166.72208373323045, -151.6345868412465, 2554.7103348586397], [133.7515833447351, -277.02863233300843, 2377.732110970909], [174.2349206767463, 381.52435637717247, 2604.3441723080978], [316.52942028906875, -171.3073075432841, 2552.500455248473], [553.4630879992587, -38.947237555515954, 2555.0764440642597], [475.9936354169184, -223.139510337178, 2440.1147465651347], [272.8708024794052, 381.9708525075086, 2593.457297260688], [292.81510090160066, 799.2434588590305, 2675.776974464165], [328.8085294069634, 1188.762708749882, 2757.351535201122], [8.458486649869492, -144.71834857816404, 2572.018269337973], [-242.04429248036845, 24.92299296462633, 2635.275938532841], [-179.95712887722368, -197.17712962008804, 2519.6396320539275], [75.59842479533447, 381.07778519446765, 2615.2321266489926], [69.0193087826805, 780.6782929272737, 2685.7112412134734], [79.85474927675527, 1198.332879401111, 2748.465756676066], [163.43058401644043, -312.5269699781261, 2385.9163119552486], [225.7270701507913, -327.70432661112284, 2476.4658717308153], [106.04651790335254, -313.01345902649143, 2390.9713059496676], [73.0470686109903, -327.11177028759846, 2488.438609437983]], "kpt2d_body": [[1048.6855579373257, 460.8219904782215], [1033.8256221721338, 368.24986651049267], [1050.9617669952129, 794.657300482348], [1143.9873405456283, 448.48235186724514], [1292.6938931789757, 532.7616611488454], [1257.88020442257, 409.823708828337], [1112.9698247592828, 795.6034334768051], [1117.5139099978887, 1034.0738359549366], [1130.2507526900497, 1234.2905929947449], [947.6275535506487, 465.75984191656664], [792.5482091508812, 572.7188947650594], [825.9137159080797, 430.20676188040886], [989.2748830418235, 793.5733051355078], [983.6063003067713, 1022.6193262189774], [988.2873493676594, 1242.777332836988], [1053.6422374207475, 344.9810595819573], [1090.3511707130313, 342.9844550901876], [1014.425037161599, 344.98271311043754], [990.0359010430279, 344.07072297884434]], "kpt2d_body_mask": [true, true, true, true, true, true, true, true, true, true, true, true, true, true, true, true, true, true, true], "kpt3d_body_mask": [true, true, true, true, true, true, true, true, true, true, true, true, true, true, true, true, true, true, true], "kpt_list": ["Thorax", "Nose", "Pelvis", "L_Shoulder", "L_Elbow", "L_Wrist", "L_Hip", "L_Knee", "L_Ankle", "R_Shoulder", "R_Elbow", "R_Wrist", "R_Hip", "R_Knee", "R_Ankle", "L_Eye", "L_Ear", "R_Eye", "R_Ear"]}