{"id": 5, "class": "person", "kpt3d_body": [[132.72838171482383, -125.03091086876807, 2648.121870578236], [115.2828584608001, -255.7754956161169, 2462.7471058336832], [138.41152429141815, 386.0421228117075, 2685.8201660900977], [297.8962763577654, -127.91449383985523, 2631.327907482944], [498.9789351125222, 49.13621318310973, 2752.6661023530437], [361.52071126351984, 249.69422997239775, 2709.2737895591017], [234.3129904051957, 393.13824337202743, 2675.557752040449], [255.70720438622243, 773.8218469068329, 2743.177960377961], [261.1419312281761, 1169.3383457384537, 2830.0353903305413], [-32.704696466653544, -119.11033739288868, 2661.6879718418113], [-215.17635656049464, 79.31259171762534, 2790.952053593224], [-79.89909218548351, 286.5026820617075, 2707.90020494521], [42.50995895792727, 378.9460044846352, 2696.082592406005], [46.17685338190551, 804.0326809510404, 2720.6788715427388], [54.92929088048822, 1178.527336911428, 2810.003173168157], [144.54150083195995, -294.3869879150957, 2474.824394218499], [196.86132140743973, -304.76083571318225, 2563.561720661067], [85.1725039703105, -290.78155906674954, 2480.020219537356], [44.41339326520847, -296.0662940532684, 2575.379766923488]], "kpt2d_body": [[1024.0475925671476, 480.5141048294233], [1018.5167647079863, 388.6484723916458], [1026.0405303338764, 790.3072680442189], [1126.6046831562192, 478.41392444608044], [1236.346116618743, 586.2245254787284], [1159.0465509643057, 706.6451320091992], [1084.4524061701434, 795.2130006039072], [1091.903850996823, 1008.6493810391055], [1088.2053673372216, 1208.1267808148173], [922.1994573545181, 484.4902455161515], [816.5376909318544, 603.5591390574671], [894.2057774485658, 729.2217745241248], [967.9228717726876, 785.3031953548327], [969.5903021409055, 1030.1512099821991], [973.3520492211131, 1218.1478151409742], [1037.3140745779651, 364.3184467744728], [1067.1744054973271, 364.53071399335374], [998.1878511503194, 366.98034484537175], [970.3570044091199, 370.6448715188141]], "kpt2d_body_mask": [true, true, true, true, true, true, true, true, true, true, true, true, true, true, true, true, true, true, true], "kpt3d_body_mask": [true, true, true, true, true, true, true, true, true, true, true, true, true, true, true, true, true, true, true], "kpt_list": ["Thorax", "Nose", "Pelvis", "L_Shoulder", "L_Elbow", "L_Wrist", "L_Hip", "L_Knee", "L_Ankle", "R_Shoulder", "R_Elbow", "R_Wrist", "R_Hip", "R_Knee", "R_Ankle", "L_Eye", "L_Ear", "R_Eye", "R_Ear"]}