{"id": 4, "class": "person", "kpt3d_body": [[153.53778485498657, -134.37989779197167, 2584.323411472123], [134.59507367527382, -274.4959579540399, 2378.7584858320542], [168.8623248971007, 412.7585662686374, 2610.216448385117], [322.640760767058, -136.97086399031988, 2578.0488868203274], [374.12503204880727, 168.4319831535889, 2592.9282725891508], [362.4648581858227, 419.373793314203, 2538.3122403159905], [264.72334366802056, 411.4343151641748, 2600.841151067209], [299.43921895555576, 794.7483018488888, 2694.34676873043], [329.78901174159176, 1187.8574254924918, 2756.341031294462], [-13.216690373664228, -109.63301189259155, 2576.5869728535563], [-41.162861844922105, 179.1606777212438, 2638.4266125748845], [-31.98350638264447, 441.12736086831933, 2575.941094285182], [73.00094184820934, 414.08083297801227, 2619.5916061405087], [69.53588170723197, 800.0049270321583, 2691.9962102366717], [80.14809044035741, 1202.2489913036648, 2748.1363634615177], [164.9383080299255, -312.223675749069, 2391.33512927626], [223.8254118510294, -317.10255153261346, 2483.2561752698575], [106.48909806881801, -312.94864301071937, 2394.9487149957877], [69.26408844544, -316.4199828933697, 2491.974845204153]], "kpt2d_body": [[1039.1770883683248, 472.7574539756001], [1034.3674002341254, 370.05040548287997], [1047.305252365204, 813.3312591925421], [1145.9043528518212, 471.13910208994844], [1176.7329302480368, 662.6047250648916], [1173.2506056283764, 823.8087064743358], [1107.3156942596656, 813.11176113533], [1120.3001953819248, 1028.2865395171032], [1130.8811128934437, 1234.0285091716396], [933.883458920436, 488.06663314802915], [916.807179012315, 667.8304793291318], [922.1401989355807, 834.5172070163458], [987.5536343586268, 813.4035452431008], [983.7924726460911, 1032.6789621052296], [988.4538105482742, 1244.967251871749], [1054.4160330737095, 345.6656855403355], [1088.743721189204, 350.42561190312466], [1014.6066068989196, 345.3767885163628], [987.5088769177047, 351.27944597751997]], "kpt2d_body_mask": [true, true, true, true, true, true, true, true, true, true, true, true, true, true, true, true, true, true, true], "kpt3d_body_mask": [true, true, true, true, true, true, true, true, true, true, true, true, true, true, true, true, true, true, true], "kpt_list": ["Thorax", "Nose", "Pelvis", "L_Shoulder", "L_Elbow", "L_Wrist", "L_Hip", "L_Knee", "L_Ankle", "R_Shoulder", "R_Elbow", "R_Wrist", "R_Hip", "R_Knee", "R_Ankle", "L_Eye", "L_Ear", "R_Eye", "R_Ear"]}