{"id": 5, "class": "person", "kpt3d_body": [[149.49216751822428, -136.54449857819245, 2693.414469229575], [137.81277608341998, -287.195139776111, 2541.327695976424], [154.29010264034696, 382.3562683848469, 2686.0190383057115], [300.34680105631844, -142.673950653858, 2694.5176643864984], [469.7249330789116, -101.22309032742393, 2437.3389669676176], [285.9173678112913, -251.71846347263468, 2374.4884674581704], [253.2133674878113, 394.4873775232277, 2677.9200897527794], [262.4914409118277, 774.5535651595108, 2741.3131614755603], [261.96648833751823, 1170.504020441733, 2830.059772622448], [5.823135148201288, -134.76451758979763, 2696.8559961199303], [-180.4595906530234, -78.45583844410967, 2488.726523186576], [-17.567400179800714, -239.79211610799283, 2380.7898051751254], [55.36749902146006, 370.2241480663155, 2694.11781281419], [50.12636448591838, 800.1636288037869, 2721.282960546383], [55.64517433908989, 1181.571740517301, 2809.8263338933384], [160.49747774171178, -322.17288565382785, 2555.4622075268976], [214.82754364846699, -319.42444579613255, 2643.1696066136674], [102.15581484032407, -316.7826644416998, 2563.9346552841525], [67.89542698435173, -310.0749554535706, 2657.7574111715053]], "kpt2d_body": [[1032.811973387294, 474.8659958745047], [1030.55111713581, 373.8896921305116], [1035.6383172349188, 788.0557261437161], [1123.7602414793387, 471.3721495365895], [1254.5571078474177, 490.24545310722897], [1137.899681606453, 385.606754143423], [1095.7426020703842, 795.7519511994923], [1095.9557569457706, 1009.3218712022399], [1088.6559971332986, 1208.7310002310578], [945.7838199008537, 475.9948531869611], [824.0046849879496, 506.0727160337115], [930.2434453373402, 393.65993055680804], [975.7074836617387, 780.25364611283], [971.916295635523, 1027.8463452125663], [973.7530945859598, 1219.8000993659994], [1044.4286322757648, 352.8644934943874], [1074.4366497729811, 361.3884784218242], [1007.1179866875611, 356.82786420373293], [983.8697239595656, 367.90015365874433]], "kpt2d_body_mask": [true, true, true, true, true, true, true, true, true, true, true, true, true, true, true, true, true, true, true], "kpt3d_body_mask": [true, true, true, true, true, true, true, true, true, true, true, true, true, true, true, true, true, true, true], "kpt_list": ["Thorax", "Nose", "Pelvis", "L_Shoulder", "L_Elbow", "L_Wrist", "L_Hip", "L_Knee", "L_Ankle", "R_Shoulder", "R_Elbow", "R_Wrist", "R_Hip", "R_Knee", "R_Ankle", "L_Eye", "L_Ear", "R_Eye", "R_Ear"]}