{"id": 4, "class": "person", "kpt3d_body": [[157.3465294898059, -141.13420728304234, 2559.11797445133], [132.08222671254052, -276.9791094914881, 2358.2981746789455], [166.3182210928, 399.66893215519235, 2604.978269695406], [318.9682880013816, -144.89380247983732, 2550.038078630747], [513.026572717122, 37.2258163560916, 2669.421601262113], [431.63401214122615, 267.72737010654254, 2557.332520575151], [264.9239871763641, 400.69381484606765, 2595.465753965764], [298.8791653833649, 795.2749921900622, 2693.1822257596477], [329.4473416805208, 1188.032159253007, 2756.798332171661], [-1.3493125975952935, -136.69663776342148, 2569.9849273737213], [-176.5494453618138, 51.76279203294854, 2733.9156375488783], [-117.82488907857221, 226.37901129176655, 2561.260896805892], [67.71225656980928, 398.6440539308127, 2614.4908099575646], [70.08231487827388, 798.8847586255056, 2688.4351044351974], [79.66311821197638, 1201.7844575540917, 2746.92316657181], [162.38637118150191, -311.01887168876044, 2373.140251731018], [221.5020567782617, -311.8388688259729, 2466.7802682297706], [104.98466574375222, -312.52610391520295, 2376.6845490058504], [69.83419244766861, -312.3061551938848, 2474.913273921834]], "kpt2d_body": [[1042.5474519483282, 467.64224674379045], [1033.424416789684, 366.7336818781574], [1045.9634723689653, 805.793773227832], [1145.7811613065314, 465.15863430861054], [1253.8047156455407, 579.8894810490799], [1215.7367267354066, 726.4823022871005], [1107.8205728567143, 807.0098520802459], [1120.0392413889283, 1028.7887420964328], [1130.6557657836358, 1234.0197046592903], [941.4024122781333, 470.76170352650934], [836.8993156499766, 588.1507556109369], [867.2974082052756, 700.9907268044528], [984.3702349128761, 804.4344251518678], [984.1733656106046, 1032.6424332566191], [988.1957773101736, 1245.0037922638846], [1053.5262045340041, 344.86846478354175], [1088.2030004512112, 352.4844160269667], [1014.1300084538029, 344.04513236769964], [988.1971278896013, 352.54852252378276]], "kpt2d_body_mask": [true, true, true, true, true, true, true, true, true, true, true, true, true, true, true, true, true, true, true], "kpt3d_body_mask": [true, true, true, true, true, true, true, true, true, true, true, true, true, true, true, true, true, true, true], "kpt_list": ["Thorax", "Nose", "Pelvis", "L_Shoulder", "L_Elbow", "L_Wrist", "L_Hip", "L_Knee", "L_Ankle", "R_Shoulder", "R_Elbow", "R_Wrist", "R_Hip", "R_Knee", "R_Ankle", "L_Eye", "L_Ear", "R_Eye", "R_Ear"]}