{"id": 3, "class": "person", "kpt3d_body": [[-260.9711839238218, -52.67495904683393, 2682.2520496823818], [-195.65372570171664, 28.19715058615614, 2505.8424697041464], [-192.8878868991277, 281.3509140430705, 3111.389082625951], [-138.39086153620212, -106.93035135654817, 2703.522301115853], [70.4573873951548, -176.8739916076995, 2814.4926842103187], [271.17575067189654, -283.9096899243648, 2909.782349276248], [-82.61559113994524, 247.13834596660428, 3127.0006329959624], [-87.70993760303045, 430.00131427877614, 3389.6600590928033], [-66.63655115528604, 610.6725601852779, 3695.9187255153565], [-383.221223140948, -5.696353634614439, 2661.225739300572], [-595.7841752076231, 84.34597225209693, 2735.562209165259], [-828.4527743056688, 146.82077457328916, 2773.936170283032], [-303.16065776860177, 315.56362491389257, 3095.7774699664324], [-265.46144462109805, 492.4827362459707, 3363.0177668599244], [-238.65716872261117, 676.1403807685365, 3658.088133329501], [-181.18192243372775, -13.166481103933165, 2485.790202890913], [-174.52031078446788, -95.30884833885061, 2530.1744570056435], [-234.82283948350016, 12.419902497059141, 2485.9779216683073], [-303.9499991390545, -36.867660819261516, 2520.5814883969388]], "kpt2d_body": [[784.5417055700445, 530.5296799315681], [814.9270945862797, 579.4496875895336], [840.6100593941554, 704.7194203883864], [857.5955528701488, 498.9165596357906], [978.7312520603559, 461.98831740128185], [1086.633558292253, 407.3956316659888], [896.9862723547252, 686.8419044735788], [897.9548685428368, 762.1697022153107], [910.4720749347285, 822.2061733511784], [711.0094730740993, 558.2413297498977], [596.3569890521114, 610.0154675236892], [473.4782524547246, 643.9413183322267], [783.9047804308209, 722.6325255838668], [814.1963087452908, 792.5485092528452], [836.0988057000932, 852.415309109344], [823.1488075889224, 553.2251656897473], [829.384943244351, 501.9314742257472], [789.0101790230997, 569.5311877230628], [747.8031799689891, 538.4911178828273]], "kpt2d_body_mask": [true, true, true, true, true, true, true, true, true, true, true, true, true, true, true, true, true, true, true], "kpt3d_body_mask": [true, true, true, true, true, true, true, true, true, true, true, true, true, true, true, true, true, true, true], "kpt_list": ["Thorax", "Nose", "Pelvis", "L_Shoulder", "L_Elbow", "L_Wrist", "L_Hip", "L_Knee", "L_Ankle", "R_Shoulder", "R_Elbow", "R_Wrist", "R_Hip", "R_Knee", "R_Ankle", "L_Eye", "L_Ear", "R_Eye", "R_Ear"]}