{"id": 5, "class": "person", "kpt3d_body": [[-91.3105466584991, -60.99840373736939, 2722.0451995827902], [-237.91714794632207, -125.52194448736742, 2545.0434254242246], [-133.83256872204382, 268.6639596506492, 3104.5661487718435], [-34.36497988536834, 63.61592256562986, 2622.8893833722627], [-47.1300657182456, 288.52005304630956, 2806.1280602070974], [-219.66026734806684, 349.3103319326934, 2987.1421340273996], [-95.02328602668246, 340.24718875432876, 3047.8411164047816], [-104.96581442270427, 595.1912355123317, 3350.4509854661655], [-60.64270065388203, 820.8136013826379, 3665.3069740976716], [-155.95638625672737, -180.45600174988365, 2823.9209247258536], [-220.9567649752953, -23.18117330746361, 3057.575828070489], [-302.5672244354882, 226.72949287508766, 3095.116948806822], [-172.64177628313627, 197.07990746818425, 3161.2905754193707], [-201.58500882491765, 458.16768007756093, 3467.0224926661103], [-173.6387095613713, 686.8729622999595, 3776.8079596175994], [-207.86296990999642, -134.18621712667317, 2505.105729957392], [-104.84203573534879, -129.40505082271144, 2505.058952553675], [-232.50114301265725, -175.76363037192863, 2542.323574845148], [-166.7212067374098, -233.46140820130017, 2598.528967585946]], "kpt2d_body": [[903.7363827569042, 516.9477408530696], [820.4589347285474, 479.67776568593774], [890.5346497994321, 668.3338135077875], [932.2637060184234, 581.9134465122169], [927.1905886141038, 690.8916024210863], [848.4625161142607, 710.0991543097596], [907.2060208324153, 703.0157059505785], [907.2569322888965, 793.2806070993036], [927.8526749386489, 855.6670110086181], [873.6042595108245, 459.3277642130374], [849.8103900061787, 537.5989250022767], [814.6664398569532, 649.7105455250683], [874.4594068114299, 634.7861695793771], [869.8778811493512, 731.083710891951], [887.0437611150131, 798.9134691192924], [835.0316922536708, 473.7542038145215], [892.1923158361037, 476.28999045647845], [823.3568845241053, 452.22409774556786], [861.2916536758927, 423.45211182541505]], "kpt2d_body_mask": [true, true, true, true, true, true, true, true, true, true, true, true, true, true, true, true, true, true, true], "kpt3d_body_mask": [true, true, true, true, true, true, true, true, true, true, true, true, true, true, true, true, true, true, true], "kpt_list": ["Thorax", "Nose", "Pelvis", "L_Shoulder", "L_Elbow", "L_Wrist", "L_Hip", "L_Knee", "L_Ankle", "R_Shoulder", "R_Elbow", "R_Wrist", "R_Hip", "R_Knee", "R_Ankle", "L_Eye", "L_Ear", "R_Eye", "R_Ear"]}