{"id": 5, "class": "person", "kpt3d_body": [[-67.11280060145211, -81.85622914090061, 2711.3626046340933], [-200.39597563878263, -152.63579959160808, 2546.8363753259705], [-132.6375931038736, 259.2223164819473, 3093.559536291186], [-10.230735671978346, 37.60536983111038, 2618.1989170952584], [0.7604814828723949, 300.9515213333015, 2508.7084685866657], [-87.13008016385233, 141.8350031526593, 2346.298381163522], [-95.09366424986611, 340.4455718735562, 3043.268434502189], [-85.8523837283977, 578.7473533163338, 3338.5872013835137], [-61.367646732243315, 822.3049916079874, 3664.4725913176635], [-117.82889091377427, -197.09359614941818, 2803.3814888765596], [-294.07928565334, -345.0595217729844, 2991.8211929465], [-389.18901745360006, -455.2685581488954, 2791.0207012554765], [-170.1818081533949, 177.99921382189808, 3143.85181484065], [-204.62875968187828, 454.45110567952224, 3466.7968990613117], [-172.42696348959447, 686.7260022610894, 3778.463302211767], [-169.45908961358464, -161.96452016376682, 2507.681871732671], [-66.46956050671092, -146.62440971667252, 2509.887981025558], [-191.33738444356936, -200.4503477176702, 2548.5072325013516], [-123.54237318275597, -248.63898928684975, 2608.0808554955024]], "kpt2d_body": [[916.0066876161167, 506.11420712870097], [841.0069053810146, 464.91284679251726], [890.8499554491605, 664.5386927433623], [945.098803043566, 568.1447206335712], [950.9994984638989, 714.5351530958953], [898.7823305826121, 632.2052167585863], [907.1094713696655, 703.336351838366], [915.0032756377127, 787.478967520472], [927.5767467107651, 856.2780578118027], [891.9840048310681, 450.4140501911954], [814.2282448122004, 388.5644671206607], [758.4162682444025, 323.8881924941155], [875.1107157260959, 626.8481423906587], [868.6497276370292, 729.6201456104097], [887.513565743195, 798.7553017147866], [856.4427449179474, 458.4188027760609], [913.6219328419091, 466.87575341674915], [846.0897260947706, 438.97340216937357], [884.6372918559296, 415.795546320886]], "kpt2d_body_mask": [true, true, true, true, true, true, true, true, true, true, true, true, true, true, true, true, true, true, true], "kpt3d_body_mask": [true, true, true, true, true, true, true, true, true, true, true, true, true, true, true, true, true, true, true], "kpt_list": ["Thorax", "Nose", "Pelvis", "L_Shoulder", "L_Elbow", "L_Wrist", "L_Hip", "L_Knee", "L_Ankle", "R_Shoulder", "R_Elbow", "R_Wrist", "R_Hip", "R_Knee", "R_Ankle", "L_Eye", "L_Ear", "R_Eye", "R_Ear"]}