{"id": 5, "class": "person", "kpt3d_body": [[-102.0969792910368, 98.78391109545106, 2605.940516841187], [-56.398289978191904, 154.39405904574286, 2374.5694160909234], [-140.42446547315717, 383.7594052807399, 3011.9670929931767], [57.92541011167209, 140.46441209720825, 2612.6477119271103], [99.32675098193812, 306.84198398619577, 2853.2816214725904], [78.99250778753154, 551.3527990721462, 2925.985213253962], [-42.97391911813526, 413.6789338450506, 2989.5131800676054], [-46.757166014496185, 768.5933464606292, 3209.4940742251724], [-61.82635804006584, 1045.181887631611, 3460.5015423042228], [-262.79717764023763, 52.815544610046885, 2607.340695145212], [-406.44688367346413, 160.9207437939932, 2844.3610323509915], [-494.03091189051054, 378.0009044015571, 2961.789404835811], [-237.8749289765114, 353.8392921147292, 3034.420192668201], [-225.18735511403807, 528.209068717966, 3379.0187663498587], [-186.87387772292703, 688.822804451195, 3760.1536372464534], [-24.261739595090603, 117.16530993945213, 2362.993348651044], [2.5605298350175154, 37.57719129872626, 2420.7337576201776], [-83.23909717498411, 120.63394182140243, 2348.7040984838627], [-144.71682054616483, 46.00231997480776, 2386.0668044721074]], "kpt2d_body": [[895.8977231377471, 600.8871098143173], [917.4414183248255, 638.5682317903388], [885.8213264141966, 724.6488180000348], [981.4941918748941, 622.9512075738076], [999.0174232569577, 697.3842036027036], [987.9353031126075, 807.936972738526], [930.6214735297355, 739.8020477771656], [930.6244094826353, 876.3660726969047], [926.3657134154824, 958.3974610531084], [810.2673001760952, 576.2612157227154], [752.4223153341405, 626.3850112562842], [720.6183906904021, 723.6450127028551], [841.7396507741988, 709.6112362809374], [858.3008361276078, 764.055532434486], [881.9132713122376, 800.6786790164358], [936.2314731174738, 617.1462758955757], [952.032447653836, 569.7602897721493], [901.1273166084975, 619.590046506671], [865.9707305785282, 574.9581826529136]], "kpt2d_body_mask": [true, true, true, true, true, true, true, true, true, true, true, true, true, true, true, true, true, true, true], "kpt3d_body_mask": [true, true, true, true, true, true, true, true, true, true, true, true, true, true, true, true, true, true, true], "kpt_list": ["Thorax", "Nose", "Pelvis", "L_Shoulder", "L_Elbow", "L_Wrist", "L_Hip", "L_Knee", "L_Ankle", "R_Shoulder", "R_Elbow", "R_Wrist", "R_Hip", "R_Knee", "R_Ankle", "L_Eye", "L_Ear", "R_Eye", "R_Ear"]}