{"id": 5, "class": "person", "kpt3d_body": [[-137.10187690706164, -74.2589479146099, 2720.1912796449756], [-288.48270961244674, -151.33347797722095, 2535.147391820042], [-158.3068250343036, 245.6500354680083, 3099.1629507555817], [-67.3138703493733, 50.78990749962074, 2625.304923941404], [-16.089872451997955, 261.46363559089855, 2814.5706729294575], [-82.60096248736497, 475.94599783120657, 2965.7184243795523], [-153.76180340038252, 339.1152736709853, 3042.74894075249], [-190.3137493666855, 593.3785286106565, 3311.7438400573615], [-87.26965269525857, 811.0817691269785, 3654.4518794114974], [-201.412451714197, -194.31398300631784, 2821.8393873320906], [-210.2157388025244, -69.61745032499209, 3083.9687256627203], [-304.03637889869344, 128.46489024451543, 3249.5064321123295], [-162.85047462645963, 152.18406357384737, 3155.576361426845], [-245.4283080798483, 457.12327667156956, 3466.856577681121], [-151.30876015396558, 700.4226008707578, 3746.0851174789445], [-258.7106437378874, -159.9796986780798, 2496.4244921449417], [-153.17360478633705, -142.45884154141223, 2500.733652239914], [-277.9007771232, -200.35563090590287, 2535.9512949987534], [-209.90258421397562, -247.70492331914838, 2599.0840659121695]], "kpt2d_body": [[880.2463257732401, 510.1593965362524], [792.4413588514799, 465.4036059092805], [879.4233530607444, 658.2419963299477], [914.7621089550063, 575.0768596008804], [942.605252849344, 677.2004102830541], [911.9939775205221, 769.9683418692141], [880.3151018203251, 702.6849985694275], [871.1623876895127, 795.180482261684], [917.7462592296542, 852.967625896131], [851.1824844656297, 452.51238595297497], [855.5235794053881, 516.7510939323982], [820.3171552452432, 603.0278969565494], [878.6037787145756, 615.2057318271651], [852.3669794886127, 730.5910576701403], [894.7872816114296, 805.8612505044639], [806.4886535727444, 459.27690326499203], [865.2065222493807, 468.9654986692044], [798.3645733833482, 438.6886710064237], [838.3080492461982, 416.00355664034043]], "kpt2d_body_mask": [true, true, true, true, true, true, true, true, true, true, true, true, true, true, true, true, true, true, true], "kpt3d_body_mask": [true, true, true, true, true, true, true, true, true, true, true, true, true, true, true, true, true, true, true], "kpt_list": ["Thorax", "Nose", "Pelvis", "L_Shoulder", "L_Elbow", "L_Wrist", "L_Hip", "L_Knee", "L_Ankle", "R_Shoulder", "R_Elbow", "R_Wrist", "R_Hip", "R_Knee", "R_Ankle", "L_Eye", "L_Ear", "R_Eye", "R_Ear"]}