{"id": 1, "class": "person", "kpt3d_body": [[-306.69501439605034, -240.77916026428085, 2800.293506743708], [-451.51330574575627, -404.43794190929395, 2773.64306415037], [-305.43577378152196, 344.996868880816, 2943.3541985927704], [-318.2524359612021, -199.06607499645787, 2644.6457553644696], [-446.8934094886964, -165.9836587530492, 2380.5988760310306], [-549.0932958894955, -390.5551130242705, 2457.6822655400915], [-315.65113145346123, 371.1049645108868, 2847.4886032235095], [-284.5424308257731, 786.8441910257753, 2973.424941202936], [-264.9662047891092, 1164.5899708086304, 3074.722146368219], [-290.07283545834633, -282.6447284976737, 2952.7416254029977], [-365.0421375662765, -381.9202565156735, 3233.675858039942], [-470.90168211111586, -541.8932755120036, 3073.6668719294394], [-295.22039754427743, 318.888747758278, 3039.219888859153], [-255.98468129575934, 744.3810052931351, 3134.298897611722], [-247.00720546225622, 1137.9250537119078, 3227.227312236171], [-432.96076594900995, -430.39097984345517, 2736.262788714776], [-345.86212542581364, -402.7719103003628, 2683.9256410837297], [-428.05919710536153, -442.29590529725044, 2793.5661600160165], [-328.73684433513915, -438.2217650169386, 2831.935712764698]], "kpt2d_body": [[733.4904750956061, 393.2207926051004], [636.0831419617225, 283.7425399222493], [744.3175607469166, 769.0437790955511], [713.4565563638456, 413.06156495750577], [589.6230698946154, 423.7498726871168], [525.813872929269, 260.8064307278148], [731.3557311818838, 793.1066203719423], [760.7848654277451, 1037.6338166163941], [779.6768380426556, 1241.1874003689427], [754.4037177793832, 375.18046596795375], [727.5064481225266, 334.0426768081245], [654.0720996827347, 227.9170354809496], [756.4907920115961, 746.4538970505623], [786.2088023237209, 988.869153140209], [796.9306640800158, 1194.9678041557813], [644.5877212468916, 262.69048818377615], [698.392852648232, 275.5283712295318], [653.7633566590954, 260.7284060513949], [721.9677289565568, 266.8258684809271]], "kpt2d_body_mask": [true, true, true, true, true, true, true, true, true, true, true, true, true, true, true, true, true, true, true], "kpt3d_body_mask": [true, true, true, true, true, true, true, true, true, true, true, true, true, true, true, true, true, true, true], "kpt_list": ["Thorax", "Nose", "Pelvis", "L_Shoulder", "L_Elbow", "L_Wrist", "L_Hip", "L_Knee", "L_Ankle", "R_Shoulder", "R_Elbow", "R_Wrist", "R_Hip", "R_Knee", "R_Ankle", "L_Eye", "L_Ear", "R_Eye", "R_Ear"]}