{"id": 3, "class": "person", "kpt3d_body": [[265.50221664616606, 232.52940912663504, 2813.697585610389], [317.8284736155784, 136.615410978211, 2968.054250479272], [221.5694159809131, 737.5684335031083, 2770.462084721593], [112.06194944131573, 209.79454521684517, 2829.1761311468485], [-89.39019876525379, 252.37729164314644, 2923.6526501040616], [5.854494666147092, 82.91316061560877, 3041.9965024510925], [118.89075326402892, 732.1403240605981, 2795.4426661918287], [97.72666577506615, 1052.3887699504496, 2724.1696533733534], [65.6305956013749, 1396.4164275741045, 2640.5844460174685], [415.4252489037706, 242.8756162322601, 2762.372146783851], [617.5605188766793, 340.4367028543702, 2731.801031726088], [692.6348033940285, 171.84829992611583, 2842.3646148917596], [324.24758185634516, 742.9964095837828, 2745.4806227042586], [269.49872895709564, 1063.8593354904015, 2696.5488060255943], [210.9414262502135, 1406.3038549658484, 2630.2449882014644], [293.1914585001731, 95.73557551889905, 2964.441882958342], [229.81298907224354, 73.7649580158265, 2897.1219957535754], [347.90670346303153, 107.99711387583358, 2949.7702509138644], [372.9573132717767, 98.3811573398512, 2857.3038968738497]], "kpt2d_body": [[1078.0652747745985, 655.8441292721477], [1095.8575594638544, 605.0973534766995], [1056.2493280313288, 904.2778485655799], [1002.0274914949853, 644.3190959845423], [904.1894060555778, 661.1808744105442], [949.4809845747616, 579.1795004923682], [1005.1319589801138, 899.0206771122887], [995.0940412591875, 1058.2543851972555], [979.4632483531383, 1228.4340222419735], [1155.1790766715358, 662.6746564402731], [1257.0150471730906, 711.6808335484335], [1281.5322367315293, 623.984492754419], [1107.9933075599233, 909.3329471816846], [1080.632093161555, 1067.35954370298], [1051.359485869597, 1234.3409820551328], [1084.5754548103666, 586.0697510921947], [1057.4179715966889, 576.6175660772418], [1110.9032287197233, 592.0026995969216], [1128.2666708864786, 588.9366359194119]], "kpt2d_body_mask": [true, true, true, true, true, true, true, true, true, true, true, true, true, true, true, true, true, true, true], "kpt3d_body_mask": [true, true, true, true, true, true, true, true, true, true, true, true, true, true, true, true, true, true, true], "kpt_list": ["Thorax", "Nose", "Pelvis", "L_Shoulder", "L_Elbow", "L_Wrist", "L_Hip", "L_Knee", "L_Ankle", "R_Shoulder", "R_Elbow", "R_Wrist", "R_Hip", "R_Knee", "R_Ankle", "L_Eye", "L_Ear", "R_Eye", "R_Ear"]}