{"id": 3, "class": "person", "kpt3d_body": [[242.2952868482362, 246.47808787045662, 2743.372106348208], [291.78464178509654, 118.94657589219833, 2903.5672325739047], [211.15164598595487, 739.5828580130733, 2741.2683852276773], [93.14624421472061, 227.20860536962803, 2790.2280446218474], [13.179140418821378, 464.731646412078, 2819.740813760518], [11.970144988612379, 699.8910646967021, 2869.365856479334], [117.19771144363072, 732.0838381219357, 2770.3097986623425], [85.44230080966707, 1051.8033381465225, 2693.8350306556804], [61.19086685034904, 1399.4466753837944, 2639.5586881311183], [403.17939166739393, 259.64059065711496, 2703.4476913275944], [449.17519004619095, 501.5054335496876, 2687.269727994415], [454.1956452114824, 729.9354347954165, 2741.8220461958954], [305.10569516048014, 747.0808991287245, 2712.2271689173526], [262.0375226271827, 1060.415910139233, 2655.506660799379], [213.21397022519608, 1410.287534659441, 2626.246604819472], [266.9260088956713, 76.66616544923556, 2898.499215655993], [201.08765690310884, 63.111738763037124, 2832.6212762721248], [322.7186601093299, 89.09871610206181, 2882.2619585557404], [345.3800451219012, 83.0266703657611, 2793.8147688224376]], "kpt2d_body": [[1069.656556507648, 665.8293229733721], [1086.7516678490833, 598.0992270433361], [1052.1769626783102, 909.0031121157003], [993.3369303117737, 654.4127659189057], [953.2981946392384, 769.0513098953401], [952.5825884187609, 875.4087380412778], [1004.8055859080065, 902.1208848753708], [989.4873057857072, 1063.4085249795926], [977.2762189876655, 1229.9961337475029], [1153.3801089665585, 673.8477096214267], [1176.3871934384213, 796.7451485289166], [1172.2406573752344, 902.3192763688355], [1100.2864953302017, 915.7595395642461], [1078.8306979770327, 1073.3058793822952], [1052.5885359571116, 1236.9826299113347], [1075.1440994425325, 577.9687681694852], [1045.8323713545522, 572.2065170252075], [1102.6627934738206, 584.117159468251], [1118.76416290295, 582.4268791582529]], "kpt2d_body_mask": [true, true, true, true, true, true, true, true, true, true, true, true, true, true, true, true, true, true, true], "kpt3d_body_mask": [true, true, true, true, true, true, true, true, true, true, true, true, true, true, true, true, true, true, true], "kpt_list": ["Thorax", "Nose", "Pelvis", "L_Shoulder", "L_Elbow", "L_Wrist", "L_Hip", "L_Knee", "L_Ankle", "R_Shoulder", "R_Elbow", "R_Wrist", "R_Hip", "R_Knee", "R_Ankle", "L_Eye", "L_Ear", "R_Eye", "R_Ear"]}