{"id": 3, "class": "person", "kpt3d_body": [[259.8550041407508, 226.40809246962576, 2869.2252676411495], [308.8348222445958, 99.90839907675223, 3031.9060233166947], [210.57645265916463, 679.6698209299209, 2811.7441753454286], [103.5175535458963, 209.69761456192472, 2889.3181689968465], [-8.824378635241468, 381.315414122665, 2770.382695529529], [-65.1173632619068, 620.6717150445836, 2778.53381270742], [105.1139868790271, 653.1604219774192, 2876.1585682370614], [167.81573578126745, 850.3730616486407, 3147.1705480155156], [64.06080489633192, 1164.3508407786958, 2947.5701827786793], [420.14116944907187, 239.9413553920094, 2844.360099205139], [489.6002605880267, 462.8522823997106, 2894.883045659137], [449.8980886265273, 485.44255582754204, 3126.4838366158356], [316.0398892408214, 706.1793770399657, 2747.3305055346464], [239.85884402350476, 1046.2120009142002, 2786.6681018105546], [150.37891401988014, 1385.6481041284144, 2699.438987576193], [280.0373859097646, 61.4370483428209, 3022.0300155720583], [214.21765799051792, 60.5865021610623, 2954.692651658627], [338.4419755994231, 71.92313237172726, 3007.8515297289523], [362.1678277418312, 78.2680775583043, 2917.145989363132]], "kpt2d_body": [[1072.8318711717127, 650.7066653352416], [1088.6728281959993, 586.9749953142975], [1049.6448934271318, 872.033256334604], [996.7611355952675, 642.1408415240187], [942.384679642247, 731.927887323908], [914.5617007286518, 848.0154451277887], [997.1529847260923, 852.932824079257], [1019.8194917287924, 909.8254055536627], [976.0758229547309, 1069.122543780119], [1151.5488054828345, 657.7940334701437], [1179.636579269841, 760.6486063020053], [1145.4007824730256, 754.8492123279817], [1104.1268395933537, 891.5833464051199], [1062.5462659776351, 1043.9959700723116], [1019.877190469894, 1210.2294024637854], [1075.9515027899638, 569.4640301991637], [1047.9365787958238, 569.735788900327], [1103.4438855883814, 574.4014928070421], [1119.501118105173, 578.4217550574]], "kpt2d_body_mask": [true, true, true, true, true, true, true, true, true, true, true, true, true, true, true, true, true, true, true], "kpt3d_body_mask": [true, true, true, true, true, true, true, true, true, true, true, true, true, true, true, true, true, true, true], "kpt_list": ["Thorax", "Nose", "Pelvis", "L_Shoulder", "L_Elbow", "L_Wrist", "L_Hip", "L_Knee", "L_Ankle", "R_Shoulder", "R_Elbow", "R_Wrist", "R_Hip", "R_Knee", "R_Ankle", "L_Eye", "L_Ear", "R_Eye", "R_Ear"]}