{"id": 3, "class": "person", "kpt3d_body": [[246.94759577300692, 226.92070460794554, 2791.684852697997], [299.5521292929403, 125.74646065296037, 2948.794302415749], [204.5933600656599, 732.3463293083597, 2733.306272852235], [90.88876676449627, 217.982099630877, 2848.4592195528376], [-85.19157014066079, 306.70468000573055, 2903.557810189899], [-24.86801179941431, 143.66710945268068, 3042.7232740132704], [103.46643748810095, 723.5638020596164, 2757.664448650711], [85.31131157294068, 1048.2925823091316, 2696.620550851117], [57.822068881576236, 1397.4825693136106, 2637.732499915251], [394.34728509631617, 232.90919273173586, 2730.7509497174306], [583.2649756433848, 360.709946905601, 2704.3773657069924], [655.555116133885, 190.16701804541057, 2830.7660391537074], [305.72025191747633, 741.128844172748, 2708.948002700399], [259.5011701771259, 1059.3888964609525, 2661.431306367832], [213.4055608701576, 1409.3173675960247, 2623.3521464551263], [274.75653429879395, 83.86687388341073, 2944.9133038660334], [210.8267127147033, 67.722794865835, 2875.0761007040837], [330.45182711427884, 95.8751740411958, 2929.237187122324], [354.22352172906983, 90.3721245927207, 2840.797821814922]], "kpt2d_body": [[1069.8978199224055, 654.0022878916437], [1088.2595626349812, 600.422953889318], [1049.237798430574, 906.593319528781], [991.2909538798696, 647.6224434962461], [905.9558451094899, 687.8608974058221], [935.3835460726926, 606.951841720677], [998.2684173462934, 899.6853389409692], [989.3906811231475, 1061.297274587771], [975.6351701272611, 1229.570234498267], [1147.01718858335, 659.1116729993837], [1242.936359993749, 723.7773128090015], [1265.318858276042, 633.3085575074621], [1100.818714242049, 913.3175134234782], [1077.3009331907003, 1071.764884608377], [1052.794384233796, 1237.2332806978848], [1076.815055236695, 580.7837273277491], [1049.0847242076059, 573.9762028331864], [1103.8249668431333, 586.636248420615], [1120.2315336390507, 585.3267158457983]], "kpt2d_body_mask": [true, true, true, true, true, true, true, true, true, true, true, true, true, true, true, true, true, true, true], "kpt3d_body_mask": [true, true, true, true, true, true, true, true, true, true, true, true, true, true, true, true, true, true, true], "kpt_list": ["Thorax", "Nose", "Pelvis", "L_Shoulder", "L_Elbow", "L_Wrist", "L_Hip", "L_Knee", "L_Ankle", "R_Shoulder", "R_Elbow", "R_Wrist", "R_Hip", "R_Knee", "R_Ankle", "L_Eye", "L_Ear", "R_Eye", "R_Ear"]}