{"id": 3, "class": "person", "kpt3d_body": [[271.0650706912856, 232.4062099298932, 2822.563225624748], [318.53809862140986, 138.4468013473716, 2984.8455513976915], [225.4359598892358, 740.3148034621825, 2785.083562432215], [117.95714702432937, 214.21545976029321, 2850.750195987319], [-88.02985598128802, 252.91637442083314, 2932.5089989150797], [-2.490194002902104, 82.50595465894918, 3061.9103639626273], [122.62699558552367, 731.8874997234166, 2800.39460694043], [100.5583144226982, 1052.7480595088518, 2728.4171536674035], [65.77723813329482, 1396.1222951539946, 2641.2350528414], [418.0871015592401, 239.65099155015466, 2766.172196928132], [623.3855551814269, 334.0439420614563, 2747.1263117064996], [698.7469861952015, 155.1175652827922, 2856.5156531815264], [328.2448631678744, 748.7432079269179, 2769.773453166365], [271.9978932668507, 1065.145132428574, 2701.0805742218226], [211.5581144063483, 1406.1200243179937, 2631.1017507245374], [294.8613962281795, 98.04739725172112, 2980.8012315409223], [230.9882789551976, 75.87491505833782, 2910.4787844437415], [349.13964426492834, 110.25867808067744, 2965.90437659031], [378.49984138233424, 98.96301929556017, 2876.878141272463]], "kpt2d_body": [[1080.3850279820188, 655.4150226181614], [1095.3517102603034, 605.5904034031665], [1057.5758174924083, 903.7231958831655], [1004.4885569581145, 645.6865277146144], [904.9639503359772, 661.0757608266169], [945.6567084744897, 578.7474103921234], [1006.859727703609, 898.282592815513], [996.415487289155, 1057.663299316841], [979.5291057934393, 1228.15650550098], [1156.2263243919942, 660.8972756335077], [1258.2242319100228, 707.5622898570732], [1282.8374870118962, 615.5579276284334], [1108.5518243325212, 908.9331184996149], [1081.6453787886821, 1067.1115603860449], [1051.6350018416829, 1234.0574362698699], [1084.5980613332715, 586.9003427379116], [1057.4722483682028, 577.4628140514354], [1110.58933938867, 592.7844782405931], [1129.6970372212477, 588.8885620147202]], "kpt2d_body_mask": [true, true, true, true, true, true, true, true, true, true, true, true, true, true, true, true, true, true, true], "kpt3d_body_mask": [true, true, true, true, true, true, true, true, true, true, true, true, true, true, true, true, true, true, true], "kpt_list": ["Thorax", "Nose", "Pelvis", "L_Shoulder", "L_Elbow", "L_Wrist", "L_Hip", "L_Knee", "L_Ankle", "R_Shoulder", "R_Elbow", "R_Wrist", "R_Hip", "R_Knee", "R_Ankle", "L_Eye", "L_Ear", "R_Eye", "R_Ear"]}