{"id": 6, "class": "person", "kpt3d_body": [[-275.7300297496498, -151.08995061459274, 2491.46348319772], [-233.2847719900947, -145.84078095212482, 2281.6492212637277], [-214.38279685521292, 191.79541262567682, 2939.728273546376], [-143.4609550337621, -219.6800078466418, 2539.901469371662], [113.74516210219377, -84.38400382076047, 2491.349671663429], [-13.28529370354861, -79.34177170151067, 2264.0638664825206], [-129.69191999799813, 156.3590043134726, 2954.8732592385422], [-98.41906624957049, 402.76871195341926, 3311.531416063609], [-78.11764211581036, 655.4783005261539, 3661.33009599368], [-428.4333196486941, -105.5092659530225, 2469.652732813235], [-494.87579576642986, 135.8206270387837, 2332.4715361050007], [-313.758513939689, 18.15238108111238, 2179.4434193886086], [-299.0732021044226, 227.23313865259868, 2924.583514158901], [-269.342620812921, 486.1490741513079, 3270.6920333423295], [-235.88192340165108, 711.1903898854998, 3627.7041374012674], [-215.32275911674827, -191.21562931208865, 2274.5026015006792], [-207.3212035754991, -271.34991735052785, 2343.871902230891], [-270.3306213118228, -172.88284515139645, 2260.479686849246], [-344.9916188149438, -219.77812025943797, 2312.620534184386]], "kpt2d_body": [[763.5704407973676, 465.74818611954765], [776.869314792648, 460.53597295370764], [823.203039487477, 664.9212530205838], [849.3253640556705, 424.70837039611047], [1011.5287786186638, 507.90288278227314], [929.6094096415807, 506.02173772848823], [869.2014935522021, 645.4995833495935], [891.8497587404836, 753.9460385413599], [905.2881040882179, 843.6637414004219], [665.0564722183228, 494.3285771968268], [605.2024799781191, 653.0144267363409], [711.0737781804683, 574.7740028287047], [776.9114785549043, 684.4444659586165], [808.8349508103553, 795.950174629309], [836.5433169854184, 869.7686399725698], [788.9304870792155, 428.71301562342114], [798.9505482348294, 378.80911986805495], [749.6225812784332, 440.82732440152046], [703.3871955507104, 411.90330455932343]], "kpt2d_body_mask": [true, true, true, true, true, true, true, true, true, true, true, true, true, true, true, true, true, true, true], "kpt3d_body_mask": [true, true, true, true, true, true, true, true, true, true, true, true, true, true, true, true, true, true, true], "kpt_list": ["Thorax", "Nose", "Pelvis", "L_Shoulder", "L_Elbow", "L_Wrist", "L_Hip", "L_Knee", "L_Ankle", "R_Shoulder", "R_Elbow", "R_Wrist", "R_Hip", "R_Knee", "R_Ankle", "L_Eye", "L_Ear", "R_Eye", "R_Ear"]}