{"id": 6, "class": "person", "kpt3d_body": [[-266.8310937668176, -124.3752182511357, 2487.9490378851456], [-226.94375238135046, -112.1537540886596, 2259.79294996572], [-216.21123106902303, 208.01544351651316, 2936.323796102716], [-106.96263124688008, -187.52002601638856, 2518.0452142171944], [137.76953479430932, -261.3786515281894, 2579.445352539], [179.50890064264328, -219.58656744482107, 2337.3559668086905], [-134.17466108128738, 165.80830032018852, 2958.7816632669296], [-100.53094791989467, 416.2927583347771, 3306.402690463487], [-77.93402716322369, 656.6172508806405, 3661.199228506307], [-418.48162615467015, -56.79422319620578, 2458.0068092395168], [-625.7704167634461, 110.22279258620976, 2386.84113086898], [-553.2733170745184, 93.52014837815432, 2152.6498177453614], [-298.24829729096814, 250.22335305940265, 2913.8666545172737], [-275.28866577955296, 484.9517964269194, 3268.6300914646795], [-229.01102953858305, 721.1436288099901, 3621.30392551394], [-208.85474556513245, -159.9050618421851, 2249.4783629710078], [-198.80622215578904, -241.12658512873998, 2318.117499668854], [-266.6866898523584, -140.77210043718344, 2238.332518126685], [-342.6833010220318, -188.6643124618967, 2291.937606192751]], "kpt2d_body": [[768.9136634736117, 482.5531740607528], [779.6749225670135, 483.0972173613231], [822.1046542765835, 673.7652795618438], [871.4909874315349, 443.64466826961296], [1023.6792518472738, 401.2779696839506], [1060.7434275853448, 413.01140245974335], [866.8946331782915, 650.4415569808389], [890.77762618655, 760.6629361406681], [905.3670710949034, 844.1570284771542], [670.003822157303, 525.2077724007889], [528.5389271477891, 633.7556275319272], [536.3600103881308, 629.5248420813294], [776.8151743037167, 697.3274338243789], [805.8854925546609, 795.5078999386265], [839.3742252810017, 874.5673277584253], [791.736220424638, 449.17896689768463], [803.1118072111001, 397.252468030355], [750.238831338851, 462.24498613222835], [702.7363011505389, 431.87708096028155]], "kpt2d_body_mask": [true, true, true, true, true, true, true, true, true, true, true, true, true, true, true, true, true, true, true], "kpt3d_body_mask": [true, true, true, true, true, true, true, true, true, true, true, true, true, true, true, true, true, true, true], "kpt_list": ["Thorax", "Nose", "Pelvis", "L_Shoulder", "L_Elbow", "L_Wrist", "L_Hip", "L_Knee", "L_Ankle", "R_Shoulder", "R_Elbow", "R_Wrist", "R_Hip", "R_Knee", "R_Ankle", "L_Eye", "L_Ear", "R_Eye", "R_Ear"]}