{"id": 6, "class": "person", "kpt3d_body": [[-267.11933802770477, -107.29808411973842, 2479.1532737345974], [-235.24443395104817, -102.35798599564937, 2250.740376145275], [-223.79327450610606, 224.2550950991098, 2935.838761884174], [-119.6687213564351, -181.44703845815764, 2517.7647901732744], [137.55281674447414, -183.9719008649633, 2582.7558954307046], [115.14349907413413, -216.96195867813833, 2342.9097758343514], [-140.28499033401457, 167.83558256487856, 2957.1439841640154], [-106.59068069478488, 411.0863123873121, 3308.630036863799], [-78.13923171431279, 653.596750944962, 3658.4449034760023], [-417.67808723631305, -56.60311788214585, 2460.2145510645637], [-597.3003410349884, 153.9086759929089, 2409.985825193079], [-516.8273274311068, 73.82475577356182, 2192.315315813674], [-307.3023874896111, 280.6754739359547, 2914.534221580447], [-277.1632450661397, 489.94325977458846, 3270.2577284474223], [-227.83887375537316, 723.3277399571153, 3620.894152946189], [-217.08311708066248, -150.12099378881965, 2239.8530450059707], [-206.88994136316722, -231.1564137997595, 2310.114745463548], [-274.0224468597195, -129.49505477147449, 2229.576502870306], [-350.36396990026856, -177.44272110214672, 2286.19096805165]], "kpt2d_body": [[768.1052531334985, 493.1592963465065], [773.2032369069514, 489.675107112785], [818.0221196430076, 682.5070302140086], [863.4716635859163, 447.4562756794016], [1023.5309919389961, 448.7732375523512], [1016.9482606008951, 415.0182099989011], [863.5770037687823, 651.5714180803432], [887.9038844914893, 758.0539054418189], [905.251056383395, 843.0840856256405], [670.7508319117861, 525.3614803585075], [550.5276183860651, 661.4888780172946], [568.7917827374338, 614.3803591221784], [772.030101062413, 713.7211011172702], [805.0621343351073, 797.7702490354443], [839.8776210161936, 875.5366610520048], [785.2870380347172, 455.6110278442548], [797.0942318867158, 403.4988262564434], [744.3018481041231, 469.8541574347447], [696.8563108944455, 439.2984532656026]], "kpt2d_body_mask": [true, true, true, true, true, true, true, true, true, true, true, true, true, true, true, true, true, true, true], "kpt3d_body_mask": [true, true, true, true, true, true, true, true, true, true, true, true, true, true, true, true, true, true, true], "kpt_list": ["Thorax", "Nose", "Pelvis", "L_Shoulder", "L_Elbow", "L_Wrist", "L_Hip", "L_Knee", "L_Ankle", "R_Shoulder", "R_Elbow", "R_Wrist", "R_Hip", "R_Knee", "R_Ankle", "L_Eye", "L_Ear", "R_Eye", "R_Ear"]}