{"id": 2, "class": "person", "kpt3d_body": [[-7.991945350243244, -189.02895120811323, 2597.015395377297], [56.720581448179026, -255.50766199441, 2408.2310494801523], [-20.801139394676834, 313.42625105509217, 2793.8018638206654], [132.95246283424558, -207.93666032296343, 2645.567828872525], [406.36588709424336, -142.4952095586903, 2647.303353020571], [390.84216072262996, -276.6757710837338, 2460.1842878716393], [68.86471505165515, 295.9109486285999, 2830.215382737093], [62.79347322967415, 619.7302482241857, 3008.5308849953926], [23.82843826942181, 934.6194468168951, 3194.535111947883], [-153.1226451022352, -179.33567071246557, 2559.782288229366], [-363.1137199122194, -64.08646511219928, 2379.307251313202], [-251.1869917440821, -217.1968471145091, 2227.3187332643433], [-110.46717335555351, 330.9410922565872, 2757.389219573335], [-136.13034934742672, 649.16303013786, 2923.8426812995344], [-156.81353337282982, 965.0687651156443, 3121.66548075003], [76.40805396971038, -299.9991977979718, 2417.1158256817816], [83.38038853660748, -340.93409055584107, 2514.188341349867], [20.852763406151045, -289.87999737220093, 2400.7017274290574], [-57.90085239410189, -315.9086474755502, 2467.0626822303025]], "kpt2d_body": [[927.880196133761, 462.17969518666746], [964.9739491296154, 416.10359217807417], [921.809027247125, 719.2078854718015], [1002.2205462327312, 454.1987521247784], [1145.0618330836141, 489.0025373649257], [1151.8071721416782, 408.3964076961702], [966.0599764554862, 708.6590771375581], [960.9901158798191, 847.0243667280431], [942.3616263000749, 961.578834077487], [848.7937151471885, 466.0643661549747], [720.3897046410034, 526.1725635773358], [775.5909405053651, 428.4233408910336], [876.4545395360459, 729.9226344071835], [868.0603174641892, 868.3703107376239], [863.8601085044716, 982.7716167094509], [976.1395857892245, 391.3046350393975], [978.2593546347877, 375.5316295013291], [944.2612221655564, 395.8920372130707], [899.5390390830242, 385.8741942855668]], "kpt2d_body_mask": [true, true, true, true, true, true, true, true, true, true, true, true, true, true, true, true, true, true, true], "kpt3d_body_mask": [true, true, true, true, true, true, true, true, true, true, true, true, true, true, true, true, true, true, true], "kpt_list": ["Thorax", "Nose", "Pelvis", "L_Shoulder", "L_Elbow", "L_Wrist", "L_Hip", "L_Knee", "L_Ankle", "R_Shoulder", "R_Elbow", "R_Wrist", "R_Hip", "R_Knee", "R_Ankle", "L_Eye", "L_Ear", "R_Eye", "R_Ear"]}