{"id": 2, "class": "person", "kpt3d_body": [[-19.13093030303368, -189.0974278382336, 2600.1768961804605], [47.01580669866519, -262.2999971776616, 2411.933840640231], [-25.628374191711952, 313.95726005650573, 2792.9733399437055], [132.81254211150446, -204.83405484186207, 2643.754298927769], [390.55452836761555, -121.97214598238261, 2652.3105964394495], [372.4903359014221, -244.03273985648497, 2459.2720143195306], [61.538334464206656, 296.6967686793234, 2832.3299858260943], [56.5343246535781, 618.3800314171674, 3007.735118970865], [22.676580397539603, 934.8476177835635, 3194.972537842077], [-160.939612158574, -177.21342882399185, 2559.7069131269477], [-365.05868461039495, -53.444583565704846, 2381.511344658058], [-234.6672144138614, -178.8759048812068, 2229.37392967462], [-112.79521507515781, 331.21816931468413, 2753.6180534329924], [-139.19602112957955, 649.5317462879641, 2923.026976742184], [-156.80633707876285, 965.449698440827, 3122.3122256882884], [66.28329809284527, -305.54284719395116, 2422.196683566473], [72.2784483659925, -344.83440425896686, 2520.500040372437], [12.089423114506905, -295.3716519406071, 2404.691367172306], [-66.493778203345, -318.6394111439505, 2470.3706170575488]], "kpt2d_body": [[921.908730627904, 462.2672886438866], [959.3172674746188, 412.43569067504507], [919.4000699084256, 719.5144834316982], [1002.198316363735, 455.7497101216807], [1136.544073829518, 499.79811772931214], [1141.8672999283388, 426.44662445911337], [962.4329946874262, 708.9391739528085], [958.1267532889406, 846.5004486223313], [941.8682397716565, 961.6201084661975], [844.5411302918127, 467.2211602909578], [719.451713658616, 532.3911529681495], [785.829427314737, 452.20244471952924], [875.2045750005553, 730.2836748118699], [866.6013833170915, 868.6132502644565], [863.8780139706788, 982.8464667516267], [970.2311224515922, 388.5040774905435], [972.0227217937776, 373.8606235836115], [939.1694103327856, 393.0230172200244], [894.7502455141727, 384.5999654228788]], "kpt2d_body_mask": [true, true, true, true, true, true, true, true, true, true, true, true, true, true, true, true, true, true, true], "kpt3d_body_mask": [true, true, true, true, true, true, true, true, true, true, true, true, true, true, true, true, true, true, true], "kpt_list": ["Thorax", "Nose", "Pelvis", "L_Shoulder", "L_Elbow", "L_Wrist", "L_Hip", "L_Knee", "L_Ankle", "R_Shoulder", "R_Elbow", "R_Wrist", "R_Hip", "R_Knee", "R_Ankle", "L_Eye", "L_Ear", "R_Eye", "R_Ear"]}