{"id": 2, "class": "person", "kpt3d_body": [[-0.8700422659054308, -158.04962367941854, 2564.376212586266], [64.92948118446809, -255.701921715861, 2368.4799931720463], [-22.3235004447959, 319.57327379016374, 2778.774346048258], [163.63687785009267, -175.77741694172317, 2612.034959870197], [209.5761565318367, 51.87703808078027, 2758.884545060177], [213.17939397477375, 302.05614344889995, 2795.636490284674], [72.26337093894425, 309.1675681479303, 2808.84195410185], [60.842038517842816, 622.6063707831769, 3006.367539680325], [23.82837949097344, 933.3621565846134, 3194.2730422847258], [-166.65422931566977, -139.2046762797422, 2507.0593802009193], [-234.5206692786643, 125.59302168209967, 2589.192960433079], [-190.6271945828098, 382.24928875319006, 2627.1255950068717], [-116.91064734906492, 329.97852669598376, 2748.707586003025], [-137.17960147427368, 653.2749712534326, 2919.0355765326112], [-156.65175224982758, 965.0286135766266, 3121.719013190245], [86.87697810222798, -298.01354146829823, 2381.2404510866927], [95.27362084849457, -326.8960870789017, 2480.1289424431984], [28.490390277772278, -290.01142106270123, 2360.506159886731], [-50.49504971542079, -302.9284913782568, 2430.7989359328653]], "kpt2d_body": [[931.6998902244106, 477.66252755145416], [970.3446772430473, 413.54182163952333], [920.9924072400737, 723.0917863026341], [1019.4996683830279, 469.9034461788531], [1038.1305134108022, 589.6080438125745], [1038.1909953643994, 713.2543818476817], [967.9902296957368, 716.2638615043924], [960.1115385305162, 848.5114597768036], [942.3629911118632, 961.0985624548384], [839.4911654401659, 486.2463604540633], [805.9995919162669, 630.8368343067261], [831.5521087414468, 764.6699498908534], [873.021741141219, 729.9526428447218], [867.4745281635564, 870.7370358180926], [863.9314720329271, 982.7487873891339], [982.9080983126968, 389.8963943862225], [985.5654091948408, 380.7618997875226], [948.9665762986306, 392.98950671267016], [903.2805651995604, 390.5821770040667]], "kpt2d_body_mask": [true, true, true, true, true, true, true, true, true, true, true, true, true, true, true, true, true, true, true], "kpt3d_body_mask": [true, true, true, true, true, true, true, true, true, true, true, true, true, true, true, true, true, true, true], "kpt_list": ["Thorax", "Nose", "Pelvis", "L_Shoulder", "L_Elbow", "L_Wrist", "L_Hip", "L_Knee", "L_Ankle", "R_Shoulder", "R_Elbow", "R_Wrist", "R_Hip", "R_Knee", "R_Ankle", "L_Eye", "L_Ear", "R_Eye", "R_Ear"]}