{"id": 2, "class": "person", "kpt3d_body": [[-4.205759746475266, -172.10580589984673, 2564.995541185435], [50.75007176391654, -226.15622145021362, 2375.9347498583666], [-25.12023724252365, 284.7294970867529, 2791.045917410797], [157.25852602669266, -190.6950689929529, 2604.4594081873593], [217.2605787980923, 74.28836201094228, 2642.4807851474793], [19.669584687593957, 169.60952546525675, 2557.678539125146], [68.73877005625131, 274.9003864110937, 2821.8334523762], [60.833869259280135, 612.9296777061863, 3007.842475474571], [25.651357069978282, 932.6348380700414, 3195.5182943616824], [-167.20424882117146, -153.46414922617043, 2507.8231411797933], [-101.20987618469312, 114.05975509771977, 2504.9029074957707], [16.6986219173532, -74.09363492542155, 2434.294312021513], [-118.9784277744582, 294.5576522591634, 2760.2581376894545], [-138.67584543606395, 651.0772910696699, 2922.1897721222335], [-156.37834183496594, 964.2297905901488, 3121.4403295320967], [72.94268233744786, -268.2425231317428, 2383.0449610433043], [84.98149675700233, -313.0078007801568, 2477.6431667768206], [14.775390376341981, -260.017119259751, 2366.093072495068], [-61.251276332397, -290.9612121378798, 2434.43152021195]], "kpt2d_body": [[929.8853854108515, 470.07402145817633], [961.939411321317, 431.1716771455011], [919.6364472384557, 705.1742641433586], [1016.3267952985221, 461.68499938655214], [1046.8074828172364, 602.5414278944809], [942.9051841371953, 655.7376293660063], [966.1122774383563, 698.8055486637693], [960.1044523657081, 844.0492310935492], [943.1380619909617, 960.6538937912734], [839.2318225297888, 478.3802170048062], [875.7782653848234, 626.8338545444394], [941.7554201446077, 521.0513180805682], [872.1762653456412, 711.5837676709073], [866.8321919739329, 869.4062310754716], [864.0418461474276, 982.455418738503], [974.7790083650801, 407.2037023808899], [979.8683832240291, 388.26384095082267], [940.8699173941887, 410.84606465522893], [897.1675200332111, 397.610587893917]], "kpt2d_body_mask": [true, true, true, true, true, true, true, true, true, true, true, true, true, true, true, true, true, true, true], "kpt3d_body_mask": [true, true, true, true, true, true, true, true, true, true, true, true, true, true, true, true, true, true, true], "kpt_list": ["Thorax", "Nose", "Pelvis", "L_Shoulder", "L_Elbow", "L_Wrist", "L_Hip", "L_Knee", "L_Ankle", "R_Shoulder", "R_Elbow", "R_Wrist", "R_Hip", "R_Knee", "R_Ankle", "L_Eye", "L_Ear", "R_Eye", "R_Ear"]}