{"id": 6, "class": "person", "kpt3d_body": [[-21.32717123139983, -81.95888158388541, 2740.9343897754848], [-178.6640249572709, -241.4329707474988, 2662.316154678843], [13.764584663511492, 352.5550608909984, 3094.048094677395], [-64.91527557601891, 25.63534403104896, 2614.527516415769], [-135.27876936355153, 248.11002441101806, 2491.8717314793103], [-269.27175829208716, 37.01945831117513, 2452.7776014585484], [-6.550011918958951, 419.4692897968781, 3022.873048275024], [30.77701634579075, 740.7166056489368, 3282.548511944372], [62.64562357474915, 1071.4113380109204, 3557.7092951296345], [34.84204449388816, -181.77618229960075, 2856.0033755808076], [17.35486384404485, -325.62979815905095, 3100.532013187756], [-104.34531567516996, -403.817884939117, 2914.8377037125424], [34.07817835265991, 285.6399048705825, 3165.2227741143415], [51.98941291835041, 622.4176163452471, 3434.0149395145872], [99.38782551274203, 963.8444229667484, 3684.562776722283], [-166.1184339658237, -245.4529373257708, 2612.347087264201], [-85.23900735574863, -195.44971958614866, 2563.884355589553], [-150.41608723364806, -285.555492454302, 2657.40005973218], [-47.904033855478794, -293.1045675227256, 2677.7131546514456]], "kpt2d_body": [[935.3193163961804, 520.9230792340867], [852.94108596638, 436.8344479305714], [952.3580507648674, 720.405272323442], [911.5511572068799, 576.1366156251319], [870.7546850230495, 700.4755471884675], [793.6412326726293, 583.418605647345], [943.1775024231065, 754.4574782545077], [959.0996777407023, 871.9214320930178], [970.1950163646616, 971.0661576759683], [963.1617410935868, 474.07980822721447], [953.9565404713408, 416.8828666413851], [896.5551663401428, 370.9334197631878], [961.1517270861253, 687.7279314150154], [967.1107878503855, 812.2667466733941], [983.1280808089857, 919.4531635837573], [857.8331765742024, 432.30299642420607], [899.9039155072281, 456.68428658348216], [867.582838986426, 413.6767551441401], [921.3171026880768, 410.7887228459242]], "kpt2d_body_mask": [true, true, true, true, true, true, true, true, true, true, true, true, true, true, true, true, true, true, true], "kpt3d_body_mask": [true, true, true, true, true, true, true, true, true, true, true, true, true, true, true, true, true, true, true], "kpt_list": ["Thorax", "Nose", "Pelvis", "L_Shoulder", "L_Elbow", "L_Wrist", "L_Hip", "L_Knee", "L_Ankle", "R_Shoulder", "R_Elbow", "R_Wrist", "R_Hip", "R_Knee", "R_Ankle", "L_Eye", "L_Ear", "R_Eye", "R_Ear"]}