{"id": 6, "class": "person", "kpt3d_body": [[-14.15281177875805, -86.87039217462996, 2746.489179269147], [-185.90574208655045, -238.92384271736432, 2667.988135053108], [20.809252190642766, 361.58542353608595, 3100.6529935427448], [-57.178895738752864, 12.580989089270531, 2618.3156622771094], [19.043664146459598, 303.46196761201963, 2560.2230509050414], [-0.01656782796541023, 369.0126801348555, 2815.909976638074], [8.775584293502696, 418.1312320554363, 3023.07087259564], [43.54602226091714, 748.8872158038853, 3282.0115616204334], [64.62185245639145, 1073.1342251498802, 3558.20726995212], [9.613871840238097, -192.71754714515055, 2877.6895175601207], [145.8459870489445, -168.03261153045383, 3145.0688196918923], [65.29764822312941, 91.44747865482003, 3176.3405062405122], [32.84212880547763, 305.0400058035639, 3178.236289716622], [63.38664380406769, 626.788000937397, 3436.0531320120344], [103.23821588660039, 964.470486916597, 3682.762433313144], [-171.69661891355486, -244.24160598795453, 2617.945112067164], [-86.75106367327143, -199.19637756636547, 2571.353757565802], [-159.6403117359395, -284.3057278408665, 2664.270565926331], [-57.33763322440403, -296.6763196549081, 2688.10191851757]], "kpt2d_body": [[938.9831135650815, 518.5213015823961], [849.3727241867496, 438.4104345824618], [955.5003602859208, 724.075967091516], [915.7184688604298, 569.1841752199882], [956.509343840173, 726.7060692174447], [946.1726559185564, 743.8861932480347], [950.2086207055935, 753.8403834961078], [964.4454428963707, 875.2820141567394], [970.9455214763535, 971.6355625659787], [950.8226912033136, 469.4729052709313], [1010.7484403853152, 488.29157855987745], [974.8249697884174, 602.533231147559], [960.5459082762461, 695.6452780652969], [971.6777491020811, 813.835042669785], [984.574497564145, 919.8396338458815], [855.0656625721749, 433.2277800923895], [899.2231549275534, 454.97599522617134], [862.9839472485831, 414.72028724003945], [916.5398087179291, 409.54856591495525]], "kpt2d_body_mask": [true, true, true, true, true, true, true, true, true, true, true, true, true, true, true, true, true, true, true], "kpt3d_body_mask": [true, true, true, true, true, true, true, true, true, true, true, true, true, true, true, true, true, true, true], "kpt_list": ["Thorax", "Nose", "Pelvis", "L_Shoulder", "L_Elbow", "L_Wrist", "L_Hip", "L_Knee", "L_Ankle", "R_Shoulder", "R_Elbow", "R_Wrist", "R_Hip", "R_Knee", "R_Ankle", "L_Eye", "L_Ear", "R_Eye", "R_Ear"]}