{"id": 6, "class": "person", "kpt3d_body": [[5.634140978852038, -109.37189086245823, 2747.5036174393363], [-139.63090482713181, -248.95614041175833, 2673.3493043476265], [14.930798953267548, 340.88077369398593, 3092.513380152011], [0.41638587181243025, -5.7664815884490395, 2630.4020420245806], [-253.0573558287554, 133.584902629037, 2577.379141667286], [-312.425519619956, -119.74180785521867, 2595.9089818544035], [-3.2794589020813802, 396.2840182546937, 3019.8356680717548], [31.566588949015575, 739.239440239626, 3284.564081763947], [63.1735346562505, 1072.402205458658, 3558.097925443757], [50.79770025460217, -208.479787750679, 2865.5069417088685], [-135.74305609875762, -308.6909698899885, 3055.9219454421755], [-251.2410101719502, -343.9004524919986, 2820.8026547591635], [33.14289093143152, 285.47710264789646, 3165.18988223073], [54.00657835011806, 622.0088903921551, 3437.303897969146], [98.51577022312263, 962.665637700444, 3683.8802802184036], [-126.23553756984779, -252.21956136975678, 2626.378777248301], [-43.02964072544114, -207.4131144057617, 2577.1388613559375], [-114.08051648983036, -292.32807964915906, 2668.420887660663], [-14.12529897782072, -303.9170511773321, 2688.8857144427093]], "kpt2d_body": [[949.0256928625262, 507.1581222541979], [873.5814600297226, 433.4024319867232], [952.8859181979965, 715.2883414928293], [946.386749664721, 559.4527903631085], [809.7562859029155, 634.3307790340277], [779.1648611711196, 498.65557898180367], [944.673878843351, 744.1345198566062], [959.4229621186556, 871.1368989639327], [970.3933779065736, 971.3830521928512], [970.852449551712, 461.4665392580936], [884.4515182687392, 422.49561734567476], [822.7961260109312, 394.04026570272424], [960.7408308144145, 687.6583610275095], [967.9020093748038, 811.8701889699519], [982.8124333075716, 919.0972876511266], [879.3742754161934, 429.37535051278746], [922.9337660451168, 450.7773741073922], [886.7979083949587, 410.7340932655736], [938.8781889824983, 405.8655300223571]], "kpt2d_body_mask": [true, true, true, true, true, true, true, true, true, true, true, true, true, true, true, true, true, true, true], "kpt3d_body_mask": [true, true, true, true, true, true, true, true, true, true, true, true, true, true, true, true, true, true, true], "kpt_list": ["Thorax", "Nose", "Pelvis", "L_Shoulder", "L_Elbow", "L_Wrist", "L_Hip", "L_Knee", "L_Ankle", "R_Shoulder", "R_Elbow", "R_Wrist", "R_Hip", "R_Knee", "R_Ankle", "L_Eye", "L_Ear", "R_Eye", "R_Ear"]}