{"id": 6, "class": "person", "kpt3d_body": [[-34.84106089549062, -101.37923762883105, 2767.868491609812], [-183.27197128799116, -261.1725568601602, 2692.0032454247403], [0.5648443159885019, 342.5569367132159, 3111.5574764768453], [-49.39011161905022, 1.266544013282953, 2636.204178468918], [-167.7014181240226, 195.12589395882955, 2490.4024253144908], [-238.0192279419921, -15.447460570607916, 2398.916639164282], [-8.779557755244731, 397.9340409999718, 3032.524199585257], [20.71859947265274, 735.9110924667812, 3295.9333703631087], [61.417073260831856, 1072.0466622531258, 3557.4495610281583], [5.591958238871584, -198.98901858936, 2891.543473021038], [-54.719237695123155, -310.3697904955979, 3140.723429759201], [-153.5825344997583, -450.9466159252588, 2974.6155686487878], [9.91018018281654, 287.1817831265665, 3190.5914482028606], [53.18884060219446, 616.7320094298176, 3441.430653993493], [90.29974063733113, 964.086981281704, 3686.5359879441808], [-170.42065481387073, -267.1970173441906, 2642.7720823880213], [-86.61715941601048, -219.57321981235225, 2592.8145668359252], [-158.02474838398194, -305.69982658569927, 2687.999074610488], [-52.847216571338755, -314.88842958391473, 2710.578976158563]], "kpt2d_body": [[928.6215916347517, 511.57959554116036], [851.627753181692, 428.1094274720484], [946.4287314426617, 715.1013234085164], [920.0431476035221, 563.170170095814], [852.5643769305326, 671.1408173173663], [808.2201052990322, 553.5718226189247], [942.1633631150245, 744.1269392644751], [954.8535269303889, 868.757506397314], [969.726451016815, 971.3264728477645], [948.863263270761, 466.9125687770205], [921.9493191542676, 425.4484485856086], [874.7146773521954, 353.1829888680263], [950.4943924006836, 687.4069369623242], [967.5509183904431, 809.5018700188448], [979.7370002330683, 919.3666798533103], [856.6282724445003, 422.46068522501747], [899.699795909671, 444.9960254095578], [864.5865466330275, 405.065031802215], [919.0978840714117, 401.5615687461925]], "kpt2d_body_mask": [true, true, true, true, true, true, true, true, true, true, true, true, true, true, true, true, true, true, true], "kpt3d_body_mask": [true, true, true, true, true, true, true, true, true, true, true, true, true, true, true, true, true, true, true], "kpt_list": ["Thorax", "Nose", "Pelvis", "L_Shoulder", "L_Elbow", "L_Wrist", "L_Hip", "L_Knee", "L_Ankle", "R_Shoulder", "R_Elbow", "R_Wrist", "R_Hip", "R_Knee", "R_Ankle", "L_Eye", "L_Ear", "R_Eye", "R_Ear"]}