{"id": 6, "class": "person", "kpt3d_body": [[24.00078416765428, -133.91784619313881, 2771.511678216406], [-115.52850264328771, -274.8845996953034, 2702.260783822884], [21.77321059021846, 339.08567208759195, 3088.761135236152], [40.63139184451664, -40.02495845175872, 2653.355624060302], [-123.57970327677154, 128.66349620505503, 2468.7897130113006], [-366.55716344093946, 114.65702137797095, 2323.4220080036107], [23.588877213473864, 395.48431047397924, 3012.4190179420666], [40.11779255505331, 742.3024272771747, 3279.6489462152363], [64.14587601504505, 1072.874088590821, 3557.642175784817], [14.503137456290887, -223.21977899612676, 2894.7337683157375], [-253.23740076101825, -168.80373503518996, 2884.109586026068], [-185.83552062460168, -207.08608734272843, 2644.450030676913], [19.957543966963094, 282.68703370120465, 3165.1032525302367], [55.676954615177934, 621.6678390098905, 3432.0417795659196], [99.52197404787458, 964.2389488779265, 3684.4106986964853], [-99.94232879602333, -287.74159243173045, 2653.162520971563], [-6.118935853574747, -242.20506557365326, 2608.9691742310656], [-87.35132283206792, -316.14460227729126, 2704.6425959200637], [12.46297232516035, -325.76712358517227, 2734.463087532813]], "kpt2d_body": [[958.2359823112524, 495.339741959027], [886.7680026333262, 421.51132626025], [955.972724749026, 714.6719122518108], [967.5182425720279, 541.5229866647315], [876.4748851603055, 634.8779592038687], [727.9233278982382, 630.5988776981075], [957.0471157258253, 744.2124110751444], [963.0252054404768, 872.8277908107355], [970.7675876466093, 971.6034215105057], [953.1459619279831, 455.4281448424483], [824.1343197170961, 481.3607850030314], [848.4965038893147, 453.93342367252035], [954.9458747252839, 686.4459498270962], [968.6072978554946, 812.110147247513], [983.1788420903579, 919.6079441346102], [893.8473035981136, 412.22760102691086], [942.910919062531, 433.69441928066055], [901.3309399631378, 400.6055047268412], [952.5083738274936, 397.4666086833904]], "kpt2d_body_mask": [true, true, true, true, true, true, true, true, true, true, true, true, true, true, true, true, true, true, true], "kpt3d_body_mask": [true, true, true, true, true, true, true, true, true, true, true, true, true, true, true, true, true, true, true], "kpt_list": ["Thorax", "Nose", "Pelvis", "L_Shoulder", "L_Elbow", "L_Wrist", "L_Hip", "L_Knee", "L_Ankle", "R_Shoulder", "R_Elbow", "R_Wrist", "R_Hip", "R_Knee", "R_Ankle", "L_Eye", "L_Ear", "R_Eye", "R_Ear"]}