{"id": 1, "class": "person", "kpt3d_body": [[1554.672060042819, -788.6163615973305, 2949.5150448411073], [1777.9661928763999, -943.6798205422201, 3012.50274293911], [1433.344258180571, -427.1185254021227, 3292.7339748829163], [1448.167519101911, -903.3949511380822, 3020.902168078635], [1320.2867852005454, -755.4956831620061, 3230.1931718375554], [1472.7070908209803, -697.6071381706203, 3432.7907232761136], [1377.1134528119119, -495.4804487181378, 3342.487740155523], [1447.588096037016, -283.14166396294945, 3695.156314592841], [1272.4692558271124, 80.64366612634501, 3882.6237658544187], [1644.86120159827, -669.3698877428371, 2865.6796424116837], [1619.163526914112, -400.66630911596087, 3018.7324532876623], [1732.4783599970433, -298.5833471242966, 3231.2052758860723], [1489.565588064556, -358.7528567244143, 3242.98079906428], [1706.8070543779027, -226.17581518074013, 3666.609079629423], [1800.5708595163571, -59.539248867264476, 4007.4628334030353], [-137.8629705, 583.2974875, 3817.355695], [-137.8629705, 583.2974875, 3817.355695], [-137.8629705, 583.2974875, 3817.355695], [-137.8629705, 583.2974875, 3817.355695]], "kpt2d_body": [[1731.0407095128141, 161.1012843390294], [1819.4445631288877, 95.82004674183014], [1604.9524416877616, 363.7530200410364], [1661.5424656606563, 112.2699577305226], [1562.8143806293933, 205.70302457490556], [1593.431893079889, 252.52860688578994], [1570.7353475790078, 334.9774798936568], [1542.9219285080185, 443.8347197432617], [1448.9517456377623, 593.8659322729947], [1798.8871004941293, 212.7965461090069], [1748.760238509012, 361.86336415900337], [1749.3409874104368, 422.4021326377541], [1639.9166790147965, 393.3094525734763], [1649.644427278433, 467.7394093496479], [1626.842637584955, 538.9617802192607], [881.8403631301273, 802.7576722323345], [881.8403631301273, 802.7576722323345], [881.8403631301273, 802.7576722323345], [881.8403631301273, 802.7576722323345]], "kpt2d_body_mask": [true, true, true, true, true, true, true, true, true, true, true, true, true, true, true, false, false, false, false], "kpt3d_body_mask": [true, true, true, true, true, true, true, true, true, true, true, true, true, true, true, false, false, false, false], "kpt_list": ["Thorax", "Nose", "Pelvis", "L_Shoulder", "L_Elbow", "L_Wrist", "L_Hip", "L_Knee", "L_Ankle", "R_Shoulder", "R_Elbow", "R_Wrist", "R_Hip", "R_Knee", "R_Ankle", "L_Eye", "L_Ear", "R_Eye", "R_Ear"]}