{"id": 5, "class": "person", "kpt3d_body": [[50.153360100159496, -267.9475161969482, 2668.254454000184], [87.8194466563302, -346.91238053887207, 2483.629045994771], [-31.41114555240138, 209.06816896673504, 2853.579719915602], [164.39950220354018, -219.31943803258875, 2592.4621106030127], [-27.102228390655405, -110.18554847540898, 2420.6515727596266], [-188.87765711845816, -250.4910593133043, 2327.6314219900514], [57.03339356815209, 227.61135766000976, 2848.0978906355103], [28.08183254294547, 558.0038816334056, 3068.9814171025005], [-24.71079137214581, 883.5173997776205, 3311.609610273187], [-81.52218835395075, -302.00603646423247, 2712.453606640257], [-297.6257881777965, -211.38327885145472, 2565.972201755786], [-214.70009572203085, -286.82724393721855, 2373.9454396597894], [-119.85606869689171, 190.52501422779628, 2859.0614425527424], [-166.31950840571346, 594.9051608225745, 3015.406818481937], [-206.35755380488257, 916.7362318622045, 3220.0478924088275], [119.98887544349394, -379.0623966312187, 2494.7054168224145], [149.3513345285015, -401.54482959392124, 2586.8275560770207], [64.02361542557082, -390.30968770737775, 2480.2885350456345], [4.7516482328024345, -426.30884376678193, 2561.1217328181533]], "kpt2d_body": [[958.3601077502176, 423.9339213307536], [981.292613544972, 369.9527087572242], [916.8175462314289, 665.3806531367817], [1020.5010964581561, 445.9396328546326], [916.5388037752699, 500.0636869292138], [819.3770285659158, 414.26505102700474], [960.099338260245, 674.5936005292963], [944.8422460848852, 814.427774126008], [921.9600045936029, 927.899456584266], [890.3383960681006, 408.8886785243217], [771.0386996152927, 449.3179608417265], [806.6209898464134, 396.17359123939445], [873.7036099956165, 656.1428016533371], [856.0199791644567, 835.1089547443834], [844.7232327219128, 950.9130535568919], [998.9006862910102, 353.23179401769545], [1012.2261324065062, 348.81507719814033], [967.9854972357855, 345.73849223444705], [934.7484057746899, 333.310744672112]], "kpt2d_body_mask": [true, true, true, true, true, true, true, true, true, true, true, true, true, true, true, true, true, true, true], "kpt3d_body_mask": [true, true, true, true, true, true, true, true, true, true, true, true, true, true, true, true, true, true, true], "kpt_list": ["Thorax", "Nose", "Pelvis", "L_Shoulder", "L_Elbow", "L_Wrist", "L_Hip", "L_Knee", "L_Ankle", "R_Shoulder", "R_Elbow", "R_Wrist", "R_Hip", "R_Knee", "R_Ankle", "L_Eye", "L_Ear", "R_Eye", "R_Ear"]}