{"id": 5, "class": "person", "kpt3d_body": [[-11.850268386985796, -240.1077391496885, 2630.0675760786617], [51.55767747155715, -298.2928041207747, 2419.5058465503457], [-41.49823615184601, 219.97139040864624, 2854.324034315956], [146.73290201710003, -255.4062189559778, 2678.0213959341436], [274.90296456108246, -155.28529722036438, 2924.390866334431], [156.901200154712, 60.73872413194266, 2906.923741485606], [54.87580144751802, 222.33733212325234, 2885.337023144071], [23.062800878551137, 545.0136158345618, 3089.882493362286], [-24.417650478763903, 880.2305639712921, 3312.7771000368075], [-169.39683787737226, -222.47766853715248, 2581.417301875874], [-396.5801188590241, -64.44376916510961, 2693.0923248832232], [-249.04359968916665, 142.57287649857545, 2750.7835055634323], [-137.87256176916264, 217.6054741597916, 2823.3109655056287], [-162.168213374701, 605.7071761828445, 3001.657935970882], [-205.49025221755184, 919.7135116517272, 3220.6970397429836], [74.89999529895671, -342.00540991419916, 2427.226288582644], [87.13532749649002, -387.30074222058977, 2519.575895772186], [18.19260413370329, -333.78950591894306, 2409.8804554501835], [-56.7875625701042, -367.0524884314459, 2474.9423864794594]], "kpt2d_body": [[925.8932400779996, 436.54034025002545], [961.8177001440595, 392.4170087307059], [911.8954675999653, 670.6478365710518], [1008.4709406375679, 431.01072517274986], [1063.0889689052112, 489.7030082216934], [1007.5187486412465, 592.5399528520012], [958.6997843263058, 670.6322240031566], [942.5136870919924, 807.0613722731152], [922.0831819556931, 926.4721397506448], [840.789684794082, 443.75880955842956], [727.719590736457, 530.3161045738062], [806.0688771517176, 635.4467614635646], [864.1047390688652, 670.5921158060614], [857.6153913451052, 841.1799692815131], [845.1189503867815, 952.0460465897668], [975.039689018787, 368.2594544329725], [980.1604415639498, 350.7492657585017], [942.6661604744636, 371.493702962303], [900.3190917184696, 358.1037538642676]], "kpt2d_body_mask": [true, true, true, true, true, true, true, true, true, true, true, true, true, true, true, true, true, true, true], "kpt3d_body_mask": [true, true, true, true, true, true, true, true, true, true, true, true, true, true, true, true, true, true, true], "kpt_list": ["Thorax", "Nose", "Pelvis", "L_Shoulder", "L_Elbow", "L_Wrist", "L_Hip", "L_Knee", "L_Ankle", "R_Shoulder", "R_Elbow", "R_Wrist", "R_Hip", "R_Knee", "R_Ankle", "L_Eye", "L_Ear", "R_Eye", "R_Ear"]}