{"id": 5, "class": "person", "kpt3d_body": [[-8.184421195176048, -239.9723217967177, 2655.7167625257266], [59.81423519339061, -338.7555738583093, 2459.648000238356], [-24.92629864361589, 226.28600905087737, 2853.0655169872903], [140.72003300179912, -250.80136019066543, 2705.0709151173314], [176.6911050771061, 16.082361840549453, 2584.902698720658], [163.04555639109705, -192.40989756613473, 2492.185845558857], [67.58737802074118, 224.03627194709202, 2890.7586350559477], [30.695479175707973, 546.2032938533132, 3094.7115378814487], [-23.976783049548793, 880.1394027429534, 3313.893357923901], [-151.11061687613994, -214.6839996878117, 2591.1833694762036], [-125.38219134505528, 67.90162023424813, 2587.7164337004774], [101.95018694812799, 55.114473765745515, 2622.440773324568], [-117.44016093480234, 228.53674127369075, 2815.3726340373264], [-154.1678949231253, 599.2034571080007, 3003.1325458718725], [-204.65904864998976, 920.0123745397232, 3220.1995443626724], [83.49820095125483, -381.34403799827976, 2470.8154258361715], [93.56711149017971, -413.6615332626967, 2567.543227785208], [26.566182168295313, -374.74344421592275, 2451.2924923819783], [-49.12580123399566, -400.6743040041771, 2514.558449172842]], "kpt2d_body": [[927.8778226466745, 437.83051307227566], [965.9667700668023, 372.59613246444087], [919.9888034905576, 673.766881784552], [1004.6289901191212, 434.6701679541047], [1027.5557842135806, 572.1101017889241], [1023.3224215118188, 456.18136931205595], [964.7807602529102, 671.240873973956], [945.9129805437809, 807.2067327214402], [922.2686681904661, 926.318529293389], [850.9276458656906, 448.33917255844204], [864.5317287131131, 599.9841301979237], [986.4631578821003, 592.721665136728], [874.0290182619999, 676.2914093566503], [861.3051449912193, 838.1536227167305], [845.4587953499919, 952.2276063471498], [979.063143516015, 349.8958544977886], [982.7052662014981, 340.66929385225603], [947.2185912515648, 351.83436442520747], [905.0763866340308, 343.0257383041674]], "kpt2d_body_mask": [true, true, true, true, true, true, true, true, true, true, true, true, true, true, true, true, true, true, true], "kpt3d_body_mask": [true, true, true, true, true, true, true, true, true, true, true, true, true, true, true, true, true, true, true], "kpt_list": ["Thorax", "Nose", "Pelvis", "L_Shoulder", "L_Elbow", "L_Wrist", "L_Hip", "L_Knee", "L_Ankle", "R_Shoulder", "R_Elbow", "R_Wrist", "R_Hip", "R_Knee", "R_Ankle", "L_Eye", "L_Ear", "R_Eye", "R_Ear"]}