{"id": 5, "class": "person", "kpt3d_body": [[-23.832727231395268, -257.23037405997303, 2652.7383977334657], [30.642914769430305, -329.610655988704, 2450.24236145547], [-47.271439439649974, 217.9874342428782, 2857.1593303955256], [129.72809445893296, -266.98561780565353, 2701.0091538974525], [396.064763121324, -181.85395699655302, 2753.6533549972073], [393.92560997669375, -329.48749581526374, 2555.056893563934], [43.83816711170131, 216.02108530339194, 2895.8612238981], [22.10497110835317, 543.1681826479381, 3090.9748215478908], [-23.282476895436112, 879.6398279352745, 3313.037859154747], [-173.6851684733744, -247.6024390952925, 2610.8287788869147], [-420.62655627046524, -137.9175237320115, 2486.088066851571], [-366.3974707432669, -278.58433953448593, 2285.7943298467344], [-138.38059351313308, 219.95369546580363, 2818.4576549974763], [-165.3380877430685, 601.4372336157929, 3003.6676756561205], [-207.25150672323815, 920.6495705940916, 3222.3037764926257], [53.54591898772937, -374.1269554466056, 2457.9452313671777], [69.39847032978152, -416.41538042446894, 2551.446070806482], [-3.504543330344667, -364.02002841221235, 2443.2734424436167], [-75.65824373911079, -393.5171495704519, 2509.722024958805]], "kpt2d_body": [[919.6545446662961, 428.695081935856], [949.5593827220648, 376.96741364462844], [909.0969225590254, 669.5772944787913], [999.0552459132217, 426.183783456331], [1131.7308509615868, 472.0731024267372], [1145.1733270740037, 385.77918433379364], [953.2903611470689, 667.2240549039486], [942.0815023508402, 806.1667853515448], [922.5531007988034, 926.2107606259535], [839.5761735402409, 431.8049397494707], [697.8870630920064, 486.83719957956237], [710.7508352956551, 395.5478104755506], [863.7397458441742, 671.9292706036886], [856.1979463483254, 839.0767654213842], [844.4200172401482, 952.2321072082295], [962.4122858811296, 352.76307190133554], [969.8889225403035, 337.7773192599702], [930.1839680961687, 357.14119799304126], [890.356479741789, 346.52961564366353]], "kpt2d_body_mask": [true, true, true, true, true, true, true, true, true, true, true, true, true, true, true, true, true, true, true], "kpt3d_body_mask": [true, true, true, true, true, true, true, true, true, true, true, true, true, true, true, true, true, true, true], "kpt_list": ["Thorax", "Nose", "Pelvis", "L_Shoulder", "L_Elbow", "L_Wrist", "L_Hip", "L_Knee", "L_Ankle", "R_Shoulder", "R_Elbow", "R_Wrist", "R_Hip", "R_Knee", "R_Ankle", "L_Eye", "L_Ear", "R_Eye", "R_Ear"]}