{"id": 5, "class": "person", "kpt3d_body": [[-8.750110269790374, -236.92444698396287, 2624.9273549143577], [54.45568177991025, -289.45639000159633, 2411.8385001026327], [-39.722968743626964, 220.19496385273, 2853.145204491787], [149.7180118750817, -251.9855243436929, 2671.579280263111], [278.0850449146776, -153.58560950835852, 2918.859480981989], [159.4731318299266, 64.75024081803895, 2903.0915618726226], [57.38114528476612, 223.11459383618086, 2883.2196717757874], [23.4908225569827, 544.428033837615, 3088.9821655232727], [-24.59015002340636, 879.9568262125155, 3312.7582461932707], [-166.6995066079127, -219.48061458836136, 2576.420470938884], [-393.68870913869733, -62.85467023907927, 2691.5431015753084], [-246.34404154669437, 144.0506558512685, 2750.711133884666], [-136.8268159209813, 217.27624127174664, 2823.071190431005], [-161.125974775131, 606.4330700270739, 3001.83800106591], [-205.4940261812759, 919.099170039437, 3220.072429600059], [78.43830586316327, -332.8221650935394, 2419.1514466310127], [90.783057831189, -381.1320721016357, 2510.542737388387], [21.337102273220758, -324.76930126841023, 2400.94439836881], [-52.71748673250829, -359.4689513745665, 2463.7582193939807]], "kpt2d_body": [[927.5269842638753, 437.97066017553175], [963.5899142181645, 396.9212453733834], [912.7549336360732, 670.8011476693227], [1010.2121625097126, 432.4671876393122], [1064.8481994839906, 490.3758887382386], [1008.851273772474, 594.5004791477161], [959.9305338492838, 671.0832806134399], [942.7087323636157, 806.8737396099324], [922.0116651867024, 926.3654303738133], [842.0629276898205, 445.1324837181474], [729.0752193386894, 531.1116832071741], [807.428252342994, 636.1974291333911], [864.6142713038329, 670.4407256253871], [858.100170767095, 841.4919122555232], [845.0987183208774, 951.8695524412822], [977.2248335570855, 372.8223020790908], [982.355647144582, 353.35627353338384], [944.5281637129652, 375.94034732656496], [902.4614936625471, 361.3894804973859]], "kpt2d_body_mask": [true, true, true, true, true, true, true, true, true, true, true, true, true, true, true, true, true, true, true], "kpt3d_body_mask": [true, true, true, true, true, true, true, true, true, true, true, true, true, true, true, true, true, true, true], "kpt_list": ["Thorax", "Nose", "Pelvis", "L_Shoulder", "L_Elbow", "L_Wrist", "L_Hip", "L_Knee", "L_Ankle", "R_Shoulder", "R_Elbow", "R_Wrist", "R_Hip", "R_Knee", "R_Ankle", "L_Eye", "L_Ear", "R_Eye", "R_Ear"]}