{"id": 5, "class": "person", "kpt3d_body": [[5.597327879540401, -252.78980491824882, 2650.6695404138645], [42.753612848433946, -324.7844597125139, 2440.824695726038], [-27.776595908037955, 220.05487559232066, 2855.7418155760124], [165.67276719855374, -254.4464420768378, 2682.4551347910874], [427.63473510426013, -150.45437901843854, 2729.371645898095], [401.19333623286525, -296.57012458932456, 2545.116308035812], [65.78738230858295, 223.69701683902676, 2887.3210169256545], [31.6490251587038, 548.8505493165924, 3087.3623537704725], [-22.813091729865494, 881.0682837722131, 3313.5281600071407], [-151.21885476377673, -252.41693477281785, 2624.141658415874], [-428.32316640662384, -165.49775754376697, 2578.2086796741087], [-366.14083877583516, -284.9310074997089, 2381.1475640075496], [-121.34060167671177, 216.4126890719733, 2824.162699027206], [-157.42756060619757, 602.4881500195482, 3002.0534235794794], [-206.25073672387006, 920.183010356269, 3221.5258406129788], [69.99285552082658, -366.30545963206214, 2445.2148670241554], [97.45315666363453, -406.5236441621561, 2537.728860767706], [11.693698470977019, -359.84483368363567, 2436.537294588306], [-52.92442254030168, -393.5184130421253, 2511.4438976331544]], "kpt2d_body": [[935.1170232044793, 430.90337765180436], [956.5252027513387, 378.97637350817683], [918.6068490860305, 670.6390126163685], [1018.1594027406588, 431.75298463365675], [1149.3996453070326, 487.2316209284896], [1150.0682993541932, 402.8174866690363], [963.9504331472399, 671.2067520556394], [946.3716408842477, 808.9396200254866], [922.7491507839927, 926.7259911438837], [851.9433210731728, 429.89380746591553], [702.124951848162, 474.80185328534304], [719.6144530000034, 398.4819248597536], [872.2742976391851, 669.9913958180138], [859.7923204978474, 839.7143099873256], [844.8208310619927, 952.1372653152453], [971.909616177178, 356.0714078844136], [985.4243488435668, 341.93205418710215], [938.8401873003647, 358.92254848889667], [902.9382923333321, 346.6470954188459]], "kpt2d_body_mask": [true, true, true, true, true, true, true, true, true, true, true, true, true, true, true, true, true, true, true], "kpt3d_body_mask": [true, true, true, true, true, true, true, true, true, true, true, true, true, true, true, true, true, true, true], "kpt_list": ["Thorax", "Nose", "Pelvis", "L_Shoulder", "L_Elbow", "L_Wrist", "L_Hip", "L_Knee", "L_Ankle", "R_Shoulder", "R_Elbow", "R_Wrist", "R_Hip", "R_Knee", "R_Ankle", "L_Eye", "L_Ear", "R_Eye", "R_Ear"]}