{"id": 5, "class": "person", "kpt3d_body": [[-6.463724798250414, -234.76921484646994, 2621.3216100384752], [57.01524645096295, -287.36792466983115, 2408.5221848185724], [-39.72959207187668, 220.51890220628366, 2852.2002065263187], [152.3185166851714, -249.59780439354788, 2667.7310873348215], [280.657720841203, -151.34959515817172, 2914.2980284836667], [163.02455915480377, 65.15468849236996, 2900.1312129008247], [57.75930828702731, 223.83772750597672, 2881.9808639579674], [23.886668676136928, 545.0888275153036, 3089.3113239433137], [-24.39887580672432, 880.0723756157747, 3312.9749461746883], [-164.85930884151156, -218.0873693383893, 2573.894534895685], [-391.65813334028417, -61.54217269215522, 2689.04106344582], [-243.97715448482782, 146.4623814031428, 2748.3307351241815], [-137.21919202472301, 217.20009105303689, 2822.419447270341], [-158.4969107725053, 610.8341778656279, 2997.6128102684656], [-205.20461682551516, 919.3234885154401, 3220.2119274714514], [81.08261076557045, -331.3078924026304, 2414.8827701651685], [92.63499403819824, -379.7222179582668, 2506.064643269071], [23.384167193418158, -323.14820051819265, 2397.562285187533], [-50.99989860644279, -357.10070961580027, 2459.613708445404]], "kpt2d_body": [[928.736363683363, 438.9364731677904], [965.1128839421085, 397.88964127136694], [912.7453846570746, 670.9940182140703], [1011.6826722356648, 433.52033637860035], [1066.2804053374396, 491.3296228662295], [1010.6355478472539, 594.7249420242067], [960.1250786576805, 671.476990198976], [942.8848649545355, 807.138398344812], [922.0914533037696, 926.3885261374717], [842.966089724743, 445.76279768806717], [729.923232056887, 531.7557076279326], [808.5183311685676, 637.4803153653992], [864.4051438927888, 670.4275184488621], [859.2188429634299, 843.8560485879024], [845.2256122205063, 951.9453828681455], [978.8262424547718, 373.3525957169322], [983.47121537706, 353.757654174853], [945.7328259071475, 376.60706801563964], [903.3792249124566, 362.3691067397742]], "kpt2d_body_mask": [true, true, true, true, true, true, true, true, true, true, true, true, true, true, true, true, true, true, true], "kpt3d_body_mask": [true, true, true, true, true, true, true, true, true, true, true, true, true, true, true, true, true, true, true], "kpt_list": ["Thorax", "Nose", "Pelvis", "L_Shoulder", "L_Elbow", "L_Wrist", "L_Hip", "L_Knee", "L_Ankle", "R_Shoulder", "R_Elbow", "R_Wrist", "R_Hip", "R_Knee", "R_Ankle", "L_Eye", "L_Ear", "R_Eye", "R_Ear"]}