{"id": 4, "class": "person", "kpt3d_body": [[-237.31648364387382, -155.8575825309361, 2533.8187384421785], [-199.01396694275917, -87.25234686553058, 2359.75203100037], [-181.24229024159462, 194.60487835038222, 2961.6385462006156], [-93.9012743450374, -218.39303417517732, 2548.6502660201954], [170.94596853833622, -439.2052052322413, 2542.0780104913724], [326.2387175762681, -576.7437380728754, 2509.6020833281473], [-84.80176632394713, 170.91695490766057, 2974.0926948974093], [-82.13868953291382, 355.22339707805656, 3355.0487430190033], [-70.15898073367833, 572.2290145834803, 3719.756949219641], [-380.28885941212525, -105.37828312199885, 2517.313650315828], [-693.3794625293386, -110.1391077385167, 2444.70509494138], [-925.3342112493601, -141.11729494543164, 2337.9146854549253], [-277.6833103934514, 218.2935681396686, 2949.1851230825914], [-307.7945978401626, 433.6161601392805, 3309.800167308873], [-333.50252197283737, 644.5478314448184, 3684.8224226160755], [-177.3827357748208, -126.2194948175803, 2343.2796042677473], [-161.89657219898686, -218.94716007028683, 2396.7802211942762], [-233.41203423049464, -109.53411469213243, 2333.9493721286285], [-304.0163802688751, -171.23645577403545, 2373.420793345007]], "kpt2d_body": [[790.4068244417033, 464.2989291344577], [805.0615036673171, 503.06316428472644], [841.7828675622549, 665.6966839917625], [880.4589555634259, 425.9122013801075], [1045.1524530245727, 289.51978452314927], [1142.7465056197586, 202.37175678333836], [893.6285562584518, 652.7318548423342], [900.113495471992, 729.1896149283812], [909.1290830000072, 804.4298648475249], [700.0351747233562, 495.574053193317], [496.0459508920263, 491.4320051921598], [330.0802589943721, 468.97734992491075], [789.6793877888538, 678.6861930029686], [791.9118813413833, 768.294869866815], [796.2695635212297, 836.7828950260227], [818.7782838218316, 476.31798827775293], [831.8269893243933, 417.0931384644586], [780.3271970127441, 487.36205161645523], [736.2323307031569, 447.7099677331407]], "kpt2d_body_mask": [true, true, true, true, true, true, true, true, true, true, true, true, true, true, true, true, true, true, true], "kpt3d_body_mask": [true, true, true, true, true, true, true, true, true, true, true, true, true, true, true, true, true, true, true], "kpt_list": ["Thorax", "Nose", "Pelvis", "L_Shoulder", "L_Elbow", "L_Wrist", "L_Hip", "L_Knee", "L_Ankle", "R_Shoulder", "R_Elbow", "R_Wrist", "R_Hip", "R_Knee", "R_Ankle", "L_Eye", "L_Ear", "R_Eye", "R_Ear"]}