{"id": 4, "class": "person", "kpt3d_body": [[-221.77763419889033, -190.26872912138424, 2597.4629277727904], [-197.0717991238307, -159.0547290728906, 2401.2081488897443], [-165.37894480879046, 163.50784722733806, 2997.8990801641103], [-76.41939062345881, -231.1389210660098, 2614.76310907761], [163.1102491731338, -79.74615382433747, 2531.9487709520995], [43.44029448871139, -43.56024365682842, 2326.5862667551955], [-71.39994828159584, 138.24148088398806, 3012.6398781719445], [-53.45473010970352, 340.15551108716284, 3390.8324037999764], [-22.90275846283528, 552.6489035099978, 3728.3081985238823], [-358.2814374763398, -145.10868294633957, 2581.7911308382163], [-443.9303706555234, 127.19848052575408, 2463.0249907621105], [-250.1104297758949, 82.35818140529545, 2283.2067394886467], [-259.35820389546194, 188.77283302645395, 2983.1580832589684], [-262.1014343211832, 416.106773018637, 3327.467125144401], [-244.98468218138862, 653.2507500072691, 3677.8146769413142], [-177.34864705841153, -197.73966103495889, 2387.3760042304866], [-153.98142475973145, -287.37635697722703, 2443.7235832190313], [-231.37038219646308, -182.59894174905548, 2381.1578878471328], [-296.98449789649624, -243.613068885364, 2426.316675868857]], "kpt2d_body": [[803.5365522775178, 445.72405704413734], [808.7389970053109, 456.78140972160617], [851.3156277635651, 648.0487721561071], [892.5513588570705, 421.6208155422943], [1041.322230158532, 511.689703435385], [968.6407175153518, 531.9101086748525], [901.2638332496452, 634.3947507664759], [913.9336481322314, 720.4442342407851], [929.2450870516367, 795.6932110645923], [719.3719859646934, 472.8990989457788], [654.5896423952472, 642.911907796744], [765.2463431349435, 618.6816986731145], [801.0267277072644, 661.765758538929], [814.2904318852283, 759.0748573969142], [833.8786488894322, 841.2113368766047], [821.1261387659315, 430.563630712188], [839.1382300113672, 375.771956747747], [784.9448477268045, 440.36801425534156], [745.3916879603275, 403.21731056206363]], "kpt2d_body_mask": [true, true, true, true, true, true, true, true, true, true, true, true, true, true, true, true, true, true, true], "kpt3d_body_mask": [true, true, true, true, true, true, true, true, true, true, true, true, true, true, true, true, true, true, true], "kpt_list": ["Thorax", "Nose", "Pelvis", "L_Shoulder", "L_Elbow", "L_Wrist", "L_Hip", "L_Knee", "L_Ankle", "R_Shoulder", "R_Elbow", "R_Wrist", "R_Hip", "R_Knee", "R_Ankle", "L_Eye", "L_Ear", "R_Eye", "R_Ear"]}