{"id": 4, "class": "person", "kpt3d_body": [[-253.5515655055296, -146.22444375825586, 2604.724939496301], [-194.8469815042958, -101.33238555166663, 2425.7121334002263], [-197.53150947092, 193.36326253096706, 2998.0143351070183], [-85.54196572185762, -188.00176843932428, 2641.9742930836605], [-21.5219761974625, -10.489764384078484, 2867.2956517717967], [6.603126733776694, 185.31336669410663, 3007.7134609993627], [-107.30172622782675, 183.6286196994913, 3015.588712648289], [-107.66002628131088, 377.310779433457, 3372.9041304305647], [-93.56686006210836, 591.1112366426264, 3708.597752134382], [-400.1976512069377, -74.97288805208477, 2568.118205084179], [-405.48467450374335, 116.36768781703971, 2805.176967243773], [-365.1356830121245, 307.48601023740576, 2958.555876050522], [-287.7611589464058, 203.09809020822803, 2980.438558302276], [-270.0534565421753, 414.648407073812, 3338.919152972572], [-236.20679008525872, 629.662696074628, 3698.9786291771047], [-171.23544942715185, -138.03706287501092, 2406.9125361296474], [-160.4847201326646, -240.75244745021075, 2441.224184660337], [-223.1811856373763, -120.26407667560882, 2389.7868748438677], [-299.0329583595363, -186.3188584165389, 2394.1569180697365]], "kpt2d_body": [[784.568271495727, 472.80158867241755], [811.4200715101031, 495.4583027425922], [834.346665217367, 663.7669539514039], [887.5140529987366, 448.85578363076434], [926.9992647455665, 555.813305772677], [942.434653731796, 659.314106275438], [882.4068120826392, 658.1412302957536], [888.3369598454838, 738.5957833502603], [899.0735565069149, 813.0815257054769], [692.5337178291034, 515.566940174443], [710.2406324106754, 627.1030289219948], [743.8232299915513, 725.5602484287385], [785.8709858771588, 669.4037558762034], [810.9524527476169, 757.7019486049016], [838.1556180403089, 829.746529652303], [826.0015217567042, 470.7912361458708], [834.7227792840375, 405.63272471458936], [790.7893765010922, 481.9746192214291], [741.2838249630611, 438.7508628469946]], "kpt2d_body_mask": [true, true, true, true, true, true, true, true, true, true, true, true, true, true, true, true, true, true, true], "kpt3d_body_mask": [true, true, true, true, true, true, true, true, true, true, true, true, true, true, true, true, true, true, true], "kpt_list": ["Thorax", "Nose", "Pelvis", "L_Shoulder", "L_Elbow", "L_Wrist", "L_Hip", "L_Knee", "L_Ankle", "R_Shoulder", "R_Elbow", "R_Wrist", "R_Hip", "R_Knee", "R_Ankle", "L_Eye", "L_Ear", "R_Eye", "R_Ear"]}