{"id": 4, "class": "person", "kpt3d_body": [[-269.4192360448172, -197.94365611504924, 2583.5525446354854], [-241.64597424222663, -124.2121363301137, 2392.4277765004495], [-223.6952618496126, 150.57188707659884, 3006.5896336817286], [-131.02221682517282, -262.43754528891907, 2607.2505723751833], [91.36400936234038, -230.78516755636292, 2772.7494914319527], [119.6601634773741, 4.886626266523635, 2730.861344837179], [-132.5136883531672, 119.88772816491654, 3019.6764496101173], [-98.10925604917672, 346.16284797349795, 3385.2791192671566], [-71.38366983390385, 577.3539412390107, 3720.958965419124], [-409.5119118366691, -145.99809107471282, 2560.818467773658], [-663.9458728842296, -4.583901150635583, 2647.997542487158], [-527.0336968257013, 201.01281401396434, 2626.423550044892], [-314.87723655820906, 181.25678377597472, 2993.503555790012], [-330.3837677862348, 418.55551115443643, 3330.0647592699993], [-336.4115394046088, 644.1771529358487, 3688.3330190391243], [-219.4409826228787, -162.45698735957438, 2369.930104296277], [-194.8104782939604, -260.0904765155311, 2411.16470082321], [-275.69897660434685, -146.65534342348957, 2371.1114829695744], [-340.69802872505284, -217.96072341197237, 2404.8846317224566]], "kpt2d_body": [[773.7235297379771, 440.5160976317784], [778.7719651967907, 479.48263549729086], [820.8183067169721, 640.9418334007867], [859.2489703640945, 402.3560718476027], [991.2772750340781, 429.7662656327102], [1008.6255820919655, 564.457957533931], [869.1922816380004, 624.5714516490665], [892.9698895654351, 723.4747396056933], [908.6213830060442, 806.5022788124726], [686.2934896810326, 471.75610318458564], [545.781600406098, 558.9182720965741], [623.1337235881757, 681.803588698962], [772.2088987782635, 657.3749261798525], [782.0751154864929, 759.9078494547632], [795.1629794962762, 836.3605203959779], [792.121838874685, 453.1806015305974], [810.9781235968528, 391.165482546582], [754.7513010198326, 463.8710191429673], [715.0902278625633, 418.7410660860283]], "kpt2d_body_mask": [true, true, true, true, true, true, true, true, true, true, true, true, true, true, true, true, true, true, true], "kpt3d_body_mask": [true, true, true, true, true, true, true, true, true, true, true, true, true, true, true, true, true, true, true], "kpt_list": ["Thorax", "Nose", "Pelvis", "L_Shoulder", "L_Elbow", "L_Wrist", "L_Hip", "L_Knee", "L_Ankle", "R_Shoulder", "R_Elbow", "R_Wrist", "R_Hip", "R_Knee", "R_Ankle", "L_Eye", "L_Ear", "R_Eye", "R_Ear"]}