{"id": 4, "class": "person", "kpt3d_body": [[-251.45448727166632, -177.7883185264398, 2577.667627673011], [-239.51815477074888, -134.73378971259967, 2391.407032381313], [-169.43034429900166, 148.57747937835774, 2994.2191559129446], [-128.30664276455283, -247.55231098972422, 2619.911296409491], [173.8005086666749, -243.85519634614775, 2669.1725672855064], [112.13790155986628, -239.06907636440218, 2439.6149665570306], [-92.38195044833718, 106.10381168994763, 3023.178368869845], [-57.020960483347594, 322.4218588920512, 3382.2858168207467], [-22.74687217327303, 550.5607626352231, 3729.187352823062], [-359.4319387413319, -99.20061988665417, 2532.023957420872], [-91.63365280571477, 50.351210565283395, 2497.210479118598], [19.290972384896286, -177.04535018124125, 2436.3506869487396], [-246.4783784486248, 191.05188121169653, 2965.2593639513943], [-257.9948571127564, 420.44588556457796, 3325.7738012098976], [-244.55541188560267, 654.0657940261615, 3676.5533561651023], [-223.13698022788802, -175.972960744536, 2370.8235418494046], [-200.76526082524572, -267.77633631132693, 2417.266066558653], [-278.89343830329193, -155.06531336476792, 2377.6587395739757], [-338.1574864282407, -212.82190628811298, 2430.117714460616]], "kpt2d_body": [[784.2981284297335, 452.53670495965827], [780.1260820165238, 472.4931276688747], [849.0510450848025, 640.259279562302], [861.2527778234194, 412.0697138924658], [1042.2577133778339, 417.0358717062163], [1011.8899786424719, 406.5102474694752], [890.355374173617, 617.287206852912], [912.1900994172674, 712.5762699234116], [929.3129358877794, 794.7629794321458], [714.2997337610993, 499.76612975145184], [880.5928740581268, 593.6028956736135], [951.5282281295387, 446.43699227969887], [807.0685413576228, 663.5988256376714], [816.1856470182739, 761.2289054804629], [834.0289418667585, 841.6508920047324], [789.7438663503144, 444.2325316623817], [807.4304728897366, 386.61170979020955], [753.1591592041561, 458.5658844801927], [719.0034935888574, 423.51933618356605]], "kpt2d_body_mask": [true, true, true, true, true, true, true, true, true, true, true, true, true, true, true, true, true, true, true], "kpt3d_body_mask": [true, true, true, true, true, true, true, true, true, true, true, true, true, true, true, true, true, true, true], "kpt_list": ["Thorax", "Nose", "Pelvis", "L_Shoulder", "L_Elbow", "L_Wrist", "L_Hip", "L_Knee", "L_Ankle", "R_Shoulder", "R_Elbow", "R_Wrist", "R_Hip", "R_Knee", "R_Ankle", "L_Eye", "L_Ear", "R_Eye", "R_Ear"]}