{"id": 1, "class": "person", "kpt3d_body": [[579.6156009003996, -253.07800470570882, 3725.987613079203], [637.2670956909732, -324.94221164967587, 3964.4260462824723], [493.5837784492804, 221.40878574771932, 3564.1609433470057], [412.49183479764724, -280.9406055644796, 3726.642844749008], [272.3993020610692, -61.70080000580796, 3584.0563059064298], [265.0242452470461, 180.93130528344616, 3664.7427631357314], [378.14373417457625, 200.42678360060734, 3537.8560719637057], [269.4776686101716, 601.1728249926879, 3594.9840392750602], [142.11785443789915, 998.5372293518423, 3440.1095173762087], [741.4806094085145, -214.77716067580545, 3726.094912924214], [856.8757042716109, 81.85381062469986, 3650.3300963852535], [876.1934122565503, 275.69051889570585, 3828.1725801031725], [609.0305182845904, 242.3899435520174, 3590.474501303472], [669.7898470541912, 605.9393632894563, 3801.370390455984], [682.1557421475416, 1006.4045635984437, 3865.537617648524], [613.849304070764, -365.6270618959393, 3956.6396941071107], [553.1344168332956, -394.73644807088294, 3878.9913417762355], [665.6033067362873, -355.1198576901344, 3948.933504589226], [697.0919855543841, -370.69289516601873, 3835.607648609871]], "kpt2d_body": [[1165.17494010217, 471.8868272709959], [1172.1279681039157, 452.6052209919811], [1141.8267805011628, 651.6737597245545], [1103.4835433934286, 461.2587646709619], [1055.6456124331946, 541.7873795344836], [1050.4604194666556, 634.3308803685874], [1098.3347770504158, 644.293308627147], [1053.3845275547183, 796.4136638655991], [1006.0430464025956, 960.5022547396571], [1224.2709141321966, 486.39781439060073], [1272.4664311451213, 596.465249018331], [1264.2394030714952, 664.418056374784], [1184.355499258947, 658.8604345610984], [1191.9056894991606, 784.244089842719], [1189.5650200467135, 918.6325169907906], [1164.3730228714326, 438.1939160328225], [1147.1169566840679, 425.21041242636454], [1182.676479125451, 441.74988631930916], [1200.502542280021, 432.7045987733057]], "kpt2d_body_mask": [true, true, true, true, true, true, true, true, true, true, true, true, true, true, true, true, true, true, true], "kpt3d_body_mask": [true, true, true, true, true, true, true, true, true, true, true, true, true, true, true, true, true, true, true], "kpt_list": ["Thorax", "Nose", "Pelvis", "L_Shoulder", "L_Elbow", "L_Wrist", "L_Hip", "L_Knee", "L_Ankle", "R_Shoulder", "R_Elbow", "R_Wrist", "R_Hip", "R_Knee", "R_Ankle", "L_Eye", "L_Ear", "R_Eye", "R_Ear"]}