{"id": 2, "class": "person", "kpt3d_body": [[-268.0012641484716, -116.36406805194476, 2633.714471345122], [-189.49699197387156, -75.63646504439284, 2417.1103208419518], [-220.271300826093, 211.61712480240567, 3046.30027509752], [-111.40823557043413, -173.65439667971492, 2657.0242551480937], [-35.25371357220591, -76.33018685316195, 2912.3264948167953], [56.67928257876797, 41.028282541429135, 3112.886990430158], [-136.01852385778463, 166.60139827568813, 3072.4595266115157], [-114.65689529847356, 374.5469405262576, 3379.0010462529494], [-119.50247027306784, 572.143677611287, 3692.3861927487123], [-421.884080406041, -62.29125730955239, 2604.7746356171156], [-470.96459517591285, 121.3795564945734, 2820.7791257506005], [-535.1662787157808, 297.94579417264924, 3000.585376918062], [-304.52424321231376, 256.6308243855833, 3020.140046784261], [-294.8727607897558, 466.36417535456656, 3327.378312031005], [-276.2437024173038, 652.251611265, 3648.6092901330385], [-173.1664999605477, -119.94591151324933, 2404.4367787013616], [-176.66264342897, -204.39213729036135, 2469.5643498897452], [-228.17966465501615, -97.12125837114264, 2393.4848116112057], [-313.4177482351272, -142.3261978429482, 2439.273109722165]], "kpt2d_body": [[777.554774563829, 491.7125059407159], [814.4479071198447, 512.0473951296602], [824.1972804970924, 671.59811680818], [872.3404360022926, 458.050948735127], [919.6876648759207, 520.0341123153004], [967.904896645356, 582.5340525195485], [868.6016902660888, 647.5703024491345], [885.1432688355351, 736.9855564631954], [887.7778894513667, 806.1315393138688], [682.9348521173329, 523.91015808387], [675.2095836491726, 629.4367096909511], [657.967194481199, 717.7001042053041], [779.2112819442408, 695.9191695540648], [798.8835669223422, 782.6486059385256], [819.5669797382809, 842.9095715945441], [824.5917110632572, 482.601789911527], [825.4765580545823, 430.65005778369465], [787.6867896238177, 497.3929751382811], [735.5255340780709, 469.46262441115175]], "kpt2d_body_mask": [true, true, true, true, true, true, true, true, true, true, true, true, true, true, true, true, true, true, true], "kpt3d_body_mask": [true, true, true, true, true, true, true, true, true, true, true, true, true, true, true, true, true, true, true], "kpt_list": ["Thorax", "Nose", "Pelvis", "L_Shoulder", "L_Elbow", "L_Wrist", "L_Hip", "L_Knee", "L_Ankle", "R_Shoulder", "R_Elbow", "R_Wrist", "R_Hip", "R_Knee", "R_Ankle", "L_Eye", "L_Ear", "R_Eye", "R_Ear"]}