{"id": 3, "class": "person", "kpt3d_body": [[-253.5499448462051, -27.5769793970629, 2715.6989795127674], [-197.0700969416767, 12.57052110604711, 2514.7418507479833], [-199.48639877350735, 282.7394919934254, 3104.9522359934576], [-107.09225862860251, -90.77770451263525, 2744.4885659254123], [-18.722259191075512, 24.96419079530753, 2940.950919503034], [74.59222574437847, 163.7170735741666, 3084.0240754921347], [-98.36370330683735, 251.46047885433163, 3118.8253611674136], [-93.11787490594571, 421.9575714654259, 3398.57593624127], [-66.38255740013308, 610.3634118620074, 3696.376753174516], [-406.2004965210429, 22.870786647563932, 2690.739790007024], [-460.925798617454, 178.0567164998805, 2882.6859086359755], [-451.00691773577535, 347.68126359661835, 3018.4449786022797], [-300.608774021411, 314.01880104458695, 3091.0813602407598], [-270.17283762310836, 488.69892378963937, 3365.572358271102], [-239.5703563909076, 676.0544051193568, 3660.1444671741206], [-182.9656923480979, -30.920925798730465, 2496.5553056788117], [-171.96128012611985, -109.0162761471614, 2548.4504062276847], [-235.97596291893433, -4.96422101825047, 2494.722670407309], [-307.2647983454001, -47.085625056993266, 2534.4815436869576]], "kpt2d_body": [[790.7430310168206, 545.5397825998892], [814.4698471090064, 569.5404386980255], [837.045015971991, 705.7102692050125], [876.9076992748095, 509.1627203863538], [928.8128748915875, 575.0896647817635], [977.3943538575352, 645.8038227539848], [888.8638124464047, 689.3488113961871], [895.5341938453553, 757.9275935840801], [910.5839582340553, 822.0441337087448], [700.1090596792856, 575.0377872293574], [686.3522402463213, 658.9744151136955], [703.2306576413422, 742.9240455093575], [784.9690213082326, 722.0951403393495], [812.0740926346293, 790.6072144915005], [835.7627122397702, 852.2160881061602], [822.5183312666385, 541.9914516967393], [831.7708380864702, 493.8397537149939], [788.8023728096309, 558.4691131347057], [746.7914597495082, 532.244672049802]], "kpt2d_body_mask": [true, true, true, true, true, true, true, true, true, true, true, true, true, true, true, true, true, true, true], "kpt3d_body_mask": [true, true, true, true, true, true, true, true, true, true, true, true, true, true, true, true, true, true, true], "kpt_list": ["Thorax", "Nose", "Pelvis", "L_Shoulder", "L_Elbow", "L_Wrist", "L_Hip", "L_Knee", "L_Ankle", "R_Shoulder", "R_Elbow", "R_Wrist", "R_Hip", "R_Knee", "R_Ankle", "L_Eye", "L_Ear", "R_Eye", "R_Ear"]}