{"id": 2, "class": "person", "kpt3d_body": [[-435.8722840429094, -1.720801696301777, 2581.5774495443193], [-323.0092807194507, 15.040363198857492, 2378.6062713733204], [-341.88403669087097, 251.04178290675088, 2987.974738489361], [-324.3492177071238, -113.72340275214135, 2630.669251364431], [-242.70193485109104, -72.82009857528145, 2898.17171438446], [-127.39201311514438, 18.038545932413967, 3094.5285588274583], [-296.02368159835976, 157.8704639554365, 3000.4075681427134], [109.36325083335268, 115.77077023731675, 3030.338735473614], [367.17306315711204, 219.42561828609, 3298.64607799063], [-546.4934562882436, 113.47279069722262, 2523.457745014475], [-593.476493707443, 310.2708254078261, 2730.3589359636867], [-551.7355998390088, 493.35501637428035, 2901.2362048811424], [-387.74557079363115, 344.2132311598633, 2975.5431710625635], [-334.6828916282112, 509.73143591960036, 3285.3937595686866], [-283.7245378435832, 656.3284856404902, 3638.043731385321], [-316.87234638069805, -34.444277287994254, 2365.885861988718], [-348.6431786191538, -114.82065153912806, 2423.838748943644], [-362.5428313186026, 5.39467359752102, 2349.7562553720063], [-461.95038152721594, -17.37429631084474, 2382.9844805590546]], "kpt2d_body": [[672.1734428799318, 560.5716906345053], [723.8815541297524, 571.6117196569938], [757.8020167856953, 694.323598522211], [743.6170554584869, 493.2963596037581], [805.9772337677325, 521.820381428457], [873.4812575674563, 570.8657433614619], [782.4706965618994, 644.8709670518156], [996.3249758049259, 622.214046665337], [1115.4014854213779, 666.8046294783269], [598.3258282928291, 632.1901557679191], [597.899255374022, 739.5296956196939], [640.8675070367547, 827.5861138568762], [733.1272232276816, 743.9179889835498], [778.1967922699239, 805.910753692435], [816.0035628124173, 845.4308097862073], [726.8173500493076, 538.6170394775548], [711.3826429139392, 486.8521583380083], [694.8990925867432, 565.244827515355], [633.2839913441037, 550.1538045600036]], "kpt2d_body_mask": [true, true, true, true, true, true, true, true, true, true, true, true, true, true, true, true, true, true, true], "kpt3d_body_mask": [true, true, true, true, true, true, true, true, true, true, true, true, true, true, true, true, true, true, true], "kpt_list": ["Thorax", "Nose", "Pelvis", "L_Shoulder", "L_Elbow", "L_Wrist", "L_Hip", "L_Knee", "L_Ankle", "R_Shoulder", "R_Elbow", "R_Wrist", "R_Hip", "R_Knee", "R_Ankle", "L_Eye", "L_Ear", "R_Eye", "R_Ear"]}