{"id": 6, "class": "person", "kpt3d_body": [[33.97589462352319, -205.82240885078505, 2832.0915230145806], [-105.64887568939412, -410.75404930896127, 2796.7898239588526], [76.04805294008099, 291.3422317017064, 3026.148022014915], [-9.512878040836714, -143.52991240301066, 2673.2147051786314], [0.40402051407429695, 152.40262773722804, 2733.1987102426765], [-60.51130976415819, 382.4849174965833, 2867.9702919980527], [59.16023279654729, 319.0118340638162, 2925.5987856230327], [-5.973598172030146, 708.0848233607637, 3113.9416371539946], [9.65532288440424, 1098.9257773585953, 3280.712097918376], [77.0932051985365, -272.64584242826714, 2990.6795863305792], [78.88652710558202, -11.864419536309896, 3159.784500877695], [12.538997876043645, 240.13545058737748, 3243.527768834765], [92.93579772280468, 263.67082798146583, 3126.696386954199], [78.65911300275768, 654.0152340743555, 3271.0677881032666], [94.80342864300758, 1041.0898570718623, 3413.2952965542695], [-97.66335545666571, -425.75017048473256, 2747.3749154399547], [-28.12791726849862, -387.13017306803437, 2679.210527184619], [-73.96527659406497, -453.3032724007438, 2800.128579606798], [28.941395790674868, -450.54628400361537, 2808.6181249406063]], "kpt2d_body": [[966.7429565227312, 443.4915347747676], [896.064103161589, 339.0269025082857], [985.4212115084694, 683.4714177029003], [944.5628507597489, 470.4259051671079], [949.8501883498799, 626.1072258471598], [919.6840467223544, 735.6741489252013], [978.4153127654487, 701.4897697208903], [946.9759722067982, 865.9318977962056], [953.8005165963733, 1009.6616296556363], [986.3560017193633, 417.32998349145225], [985.273592338425, 541.4572667799853], [955.1514257586425, 652.0286628638275], [991.9813925417762, 666.5778982098433], [983.6160611373207, 828.2511317067718], [988.3789701576081, 970.2276368138478], [899.2563268885831, 327.7015723311283], [934.750289927189, 342.2661126175392], [912.2222052267327, 318.0145997051419], [964.264775273421, 320.0196816385187]], "kpt2d_body_mask": [true, true, true, true, true, true, true, true, true, true, true, true, true, true, true, true, true, true, true], "kpt3d_body_mask": [true, true, true, true, true, true, true, true, true, true, true, true, true, true, true, true, true, true, true], "kpt_list": ["Thorax", "Nose", "Pelvis", "L_Shoulder", "L_Elbow", "L_Wrist", "L_Hip", "L_Knee", "L_Ankle", "R_Shoulder", "R_Elbow", "R_Wrist", "R_Hip", "R_Knee", "R_Ankle", "L_Eye", "L_Ear", "R_Eye", "R_Ear"]}