{"id": 6, "class": "person", "kpt3d_body": [[-1180.3802609345694, -297.36144747798704, 3614.154914412015], [-1368.901799436585, -253.54170611225527, 3768.01570797654], [-732.9795465937239, 7.994203616325706, 3542.4338188322185], [-1178.5282314233873, -272.7098005736522, 3470.304365145928], [-951.952544898083, -87.03662884314127, 3343.823814199507], [-864.2971311013195, 157.9588342591036, 3377.018445271525], [-750.7949132146064, 39.646831540892435, 3447.6281365668096], [-693.5164698282564, 489.9233619560752, 3512.151991286374], [-499.2818063451355, 886.2091843185001, 3555.6569394573557], [-1197.7036465023573, -321.876658963657, 3789.2145448180336], [-1155.4502768021132, -58.93235499225568, 4010.772759355252], [-1401.1837454152815, 1.0299200149989929, 4107.241657037501], [-715.1646210006447, -23.658204251409245, 3637.2390040367986], [-853.9446435335028, 410.8422460026968, 3823.6464531017828], [-875.330042860953, 804.0717491584646, 3954.4804288370096], [-1377.1741815131347, -279.9463635360465, 3732.0313500484717], [-1328.5482863215814, -343.2186043142107, 3620.9731908689782], [64.6210901, 1193.370208, 3277.40485], [64.6210901, 1193.370208, 3277.40485]], "kpt2d_body": [[497.27341688683845, 433.09229968107064], [449.2889468814771, 454.31156053230603], [657.769276002803, 549.9577179874527], [480.20004152763573, 438.4063217258714], [552.1585152739772, 510.5216479989205], [591.0141663222182, 612.1382032848712], [642.848007089535, 562.9375782188521], [672.2844319240437, 742.1847330239063], [753.6271931070685, 893.8031080448056], [511.1495044567118, 429.2241784301102], [547.5727436611952, 526.3132080771973], [477.4927015081306, 547.0968278655362], [671.9746697588488, 537.624661066643], [636.1895994419737, 697.1740667996517], [641.3095000843431, 829.2522236538352], [442.05542438111996, 443.8291249124412], [445.16969438264607, 416.75298975485964], [976.9254567044342, 1047.4079387305305], [976.9254567044342, 1047.4079387305305]], "kpt2d_body_mask": [true, true, true, true, true, true, true, true, true, true, true, false, true, true, true, true, true, false, false], "kpt3d_body_mask": [true, true, true, true, true, true, true, true, true, true, true, false, true, true, true, true, true, false, false], "kpt_list": ["Thorax", "Nose", "Pelvis", "L_Shoulder", "L_Elbow", "L_Wrist", "L_Hip", "L_Knee", "L_Ankle", "R_Shoulder", "R_Elbow", "R_Wrist", "R_Hip", "R_Knee", "R_Ankle", "L_Eye", "L_Ear", "R_Eye", "R_Ear"]}