{"id": 3, "class": "person", "kpt3d_body": [[-153.31329253581214, 10.286736140072748, 2591.498734507182], [-322.71860466954183, -67.76315293999858, 2482.18305525073], [-107.1830300040849, 363.01360433275295, 2852.6433475552153], [-83.56375069535501, 65.08707094045477, 2458.53556984745], [3.8561846302655844, 290.13894653217517, 2504.3293597366705], [-5.4471737141364995, 522.5113838510666, 2547.357732780417], [-101.49354106903509, 449.87531253694164, 2782.5296307189874], [-109.60289267177853, 731.2394891955673, 2991.2534338868445], [-104.59528124985853, 1030.5097030566146, 3199.1804086609254], [-232.59681875091613, -43.87505832256451, 2720.3067187633173], [-209.00458192833312, 79.9511797108778, 2947.6734366434976], [-230.51277692012007, 177.41467570652958, 3162.0628466387843], [-112.87291712282706, 276.151821806867, 2922.7572539330804], [-141.8166198020146, 693.5956062511409, 3040.24331298106], [-7.435084010829209, 1016.5495456957082, 3306.636499702745], [-299.5738277929373, -96.24966155020161, 2451.058427376648], [-204.4648857590284, -100.83136676329943, 2442.03787436445], [-325.6477708165131, -109.9460071887674, 2502.426208880858], [-276.5886509682144, -145.23538017516856, 2571.4042315540887]], "kpt2d_body": [[845.923466183184, 553.1092456799124], [740.8849438589468, 506.6947447960206], [878.3561777696309, 735.9764294745697], [883.4709011834453, 586.6358063173377], [936.5223804669197, 719.2549533931694], [931.0803693290471, 849.5971107308574], [880.1297865608444, 786.4335707579769], [880.3499134308761, 905.8977632739127], [886.6657872859937, 1014.9816758651464], [806.7393919371651, 523.2076488267464], [828.4575976528861, 587.5601820294488], [825.5611207468033, 630.6298739130217], [876.6915029119527, 687.6239899804758], [865.5145231644578, 882.5132146499994], [930.9788314183463, 994.7204693184556], [752.4156005616704, 488.92129451509857], [809.4246000942433, 485.8000812808995], [740.7677016591851, 482.0346434275625], [774.1481018597619, 463.3409173764398]], "kpt2d_body_mask": [true, true, true, true, true, true, true, true, true, true, true, true, true, true, false, true, true, true, true], "kpt3d_body_mask": [true, true, true, true, true, true, true, true, true, true, true, true, true, true, false, true, true, true, true], "kpt_list": ["Thorax", "Nose", "Pelvis", "L_Shoulder", "L_Elbow", "L_Wrist", "L_Hip", "L_Knee", "L_Ankle", "R_Shoulder", "R_Elbow", "R_Wrist", "R_Hip", "R_Knee", "R_Ankle", "L_Eye", "L_Ear", "R_Eye", "R_Ear"]}