{"id": 2, "class": "person", "kpt3d_body": [[-262.2625766094085, -153.0414488317797, 2670.31362751526], [-379.2339433510253, -258.82505216452074, 2495.6350292515535], [-222.52955499945017, 298.33871871353597, 2904.196703497895], [-154.1787118803225, -102.42628900947409, 2545.9787143710746], [-69.0027817785743, 150.13055128322094, 2630.2251073263255], [-105.98894368828071, 382.3935167554522, 2716.4483320065306], [-166.51667385667108, 334.09701632935594, 2832.1653179028226], [-144.2577938087552, 680.3675576383222, 2991.555315967089], [-80.51319987956369, 983.6467902624847, 3199.389549375332], [-374.6667747994611, -207.58500141255823, 2788.363213809393], [-399.4149726921818, 11.525529698785988, 2976.3701239635725], [-423.3841130134924, 266.1266829811974, 3020.002061877796], [-278.54225572301425, 262.5797831927388, 2976.229378676678], [-251.38430932742455, 621.9170815924899, 3120.444705133641], [-167.35356193542557, 942.8164884574958, 3296.0402213563516], [-344.5449169631789, -286.83364257509083, 2475.611558941111], [-244.97549439390565, -285.16601036841195, 2511.473766598915], [-386.11707993107996, -302.83400204960543, 2517.798958342716], [-349.49144738788436, -323.2368835281437, 2619.020795593472]], "kpt2d_body": [[787.9916382991381, 462.0668797376263], [709.1795504307383, 393.9612255090209], [820.2503280549347, 699.634045128289], [843.8780559140735, 487.3221826979563], [895.0732242325068, 632.1781412585765], [876.265675527113, 755.8228956078816], [846.792667801607, 722.2042723164556], [863.1905153301682, 881.4854579696071], [897.5417347926515, 994.6795727411651], [734.7123806910984, 436.9155703070502], [734.6892968985973, 552.9381556371918], [726.2814868819337, 677.587102969528], [795.0179385759164, 678.1110983515848], [815.3076618253685, 840.7106602937379], [859.9856702205943, 964.5739788459755], [728.0546179802444, 375.9592721842389], [789.3445080167107, 378.943249864823], [707.3474307802405, 369.66731442849493], [736.5575697417163, 364.8037696522616]], "kpt2d_body_mask": [true, true, true, true, true, true, true, true, true, true, true, true, true, true, true, true, true, true, true], "kpt3d_body_mask": [true, true, true, true, true, true, true, true, true, true, true, true, true, true, true, true, true, true, true], "kpt_list": ["Thorax", "Nose", "Pelvis", "L_Shoulder", "L_Elbow", "L_Wrist", "L_Hip", "L_Knee", "L_Ankle", "R_Shoulder", "R_Elbow", "R_Wrist", "R_Hip", "R_Knee", "R_Ankle", "L_Eye", "L_Ear", "R_Eye", "R_Ear"]}