{"id": 2, "class": "person", "kpt3d_body": [[-177.12274911012395, -158.99584794194297, 2665.312667420501], [-296.7063645620393, -236.649716722589, 2511.6912617376], [-194.6282152159228, 338.5713863531636, 2877.6390488059214], [-72.13888233929421, -115.99997067261981, 2563.99049915613], [-15.190227049130902, 41.831662379978525, 2335.9716858330985], [-160.7813944727513, -131.0051160261328, 2255.297320755985], [-131.61495613089076, 371.25087426809785, 2809.078742084808], [-94.76379461586406, 693.5010628499774, 2971.263224477798], [-61.83810545285736, 1014.2318573030873, 3155.491290648064], [-276.2417915745536, -206.2627162022443, 2766.6661222082844], [-520.4591031658207, -265.8005176272991, 2913.8237547244876], [-542.2996141445592, -334.30249694808083, 2674.7210480314443], [-257.6397070770202, 305.8922817501596, 2946.2006859373205], [-248.51580748984048, 635.2833986430468, 3113.1660828951362], [-198.57983590766838, 959.9880077532658, 3285.8177887796505], [-264.93220105571663, -268.07507579559285, 2488.4457505244313], [-163.27582299763694, -279.3682918175685, 2515.0491978797522], [-303.45307599666944, -281.255531877799, 2529.8638896035477], [-264.3993273246306, -318.1204334872524, 2620.3659238119644]], "kpt2d_body": [[835.1498260655778, 458.4750942611036], [758.7863648646389, 407.59782491006683], [833.6739523393351, 721.6975702151377], [892.221943822515, 479.82019202483], [924.5108724877944, 573.8865423350854], [827.9539191188546, 460.81510420282484], [864.5935182157068, 743.1489660773983], [887.2670466453278, 890.1460422596106], [905.7256947336506, 1014.0914430767743], [785.6606653699747, 436.53093535830857], [670.1269477687131, 412.6309530863624], [635.6665314568334, 363.5680558719126], [804.2165630661443, 701.1844680153187], [816.4432708414314, 847.5852093094354], [845.9512153114306, 973.0335150526636], [776.1140576308892, 387.58597850193115], [837.6540590277331, 382.35067087497106], [756.2635394848139, 382.639175360699], [784.4514457456708, 367.4137368418463]], "kpt2d_body_mask": [true, true, true, true, true, true, true, true, true, true, true, true, true, true, true, true, true, true, true], "kpt3d_body_mask": [true, true, true, true, true, true, true, true, true, true, true, true, true, true, true, true, true, true, true], "kpt_list": ["Thorax", "Nose", "Pelvis", "L_Shoulder", "L_Elbow", "L_Wrist", "L_Hip", "L_Knee", "L_Ankle", "R_Shoulder", "R_Elbow", "R_Wrist", "R_Hip", "R_Knee", "R_Ankle", "L_Eye", "L_Ear", "R_Eye", "R_Ear"]}