{"id": 3, "class": "person", "kpt3d_body": [[-124.77275762691805, -84.55900265555911, 2763.779082347956], [-243.2873886343652, -147.07578665525077, 2639.824224151971], [-105.59058095432951, 379.21379848766776, 2978.3655552265805], [-7.893197399370271, -58.76405654076564, 2668.2396474294706], [99.6211611961159, 70.08771686068428, 2514.908729892777], [-21.081438979062284, -87.13341154125843, 2412.2826879520144], [-36.116016835694026, 410.5774304080928, 2906.650319796978], [-19.337256952467577, 693.3230866992386, 3072.5916185414108], [5.69347925448116, 1000.5435129309444, 3247.3498129086142], [-196.39483405068273, -147.01313843012656, 2894.983286733419], [-358.3631463631181, -118.6895715085663, 3057.023011926586], [-449.8002921622728, -260.280613728886, 2934.26377481532], [-175.0652035046808, 347.84911134788814, 3050.0806762103553], [-142.8883340731825, 642.6000589717685, 3188.662971850633], [-110.07755142187867, 963.4109142024304, 3335.1723408259663], [-217.75357745896605, -177.1779455147096, 2612.3093394322723], [-124.68586370936808, -197.97330824432578, 2622.8637657455456], [-254.52584882132552, -188.25072948172448, 2655.565550618123], [-220.5180689605521, -231.28203636358194, 2733.7583095521777]], "kpt2d_body": [[866.8302215342294, 501.635541462878], [796.9573167319879, 464.4120906098718], [881.5079235964473, 736.0836572983029], [929.8060749522765, 514.3799555084038], [993.3718217055227, 588.7098200752597], [921.1734553324217, 493.3840950467904], [915.7664715375896, 756.6105199944876], [924.9633137652887, 879.1265419844086], [936.8187433180265, 995.672953222888], [833.0642949163882, 471.6548842559947], [759.7915177013205, 489.56129856512814], [707.0634170289248, 416.0534494866132], [848.847509472393, 716.4370020009792], [868.0239833053797, 844.2545307451092], [885.9788665161751, 968.6771857436224], [810.0675543950529, 446.4159204937352], [863.3514614487357, 434.93477443883893], [791.5640916204014, 441.9338997195236], [814.1426660505862, 421.55240229545694]], "kpt2d_body_mask": [true, true, true, true, true, true, true, true, true, true, true, true, true, true, true, true, true, true, true], "kpt3d_body_mask": [true, true, true, true, true, true, true, true, true, true, true, true, true, true, true, true, true, true, true], "kpt_list": ["Thorax", "Nose", "Pelvis", "L_Shoulder", "L_Elbow", "L_Wrist", "L_Hip", "L_Knee", "L_Ankle", "R_Shoulder", "R_Elbow", "R_Wrist", "R_Hip", "R_Knee", "R_Ankle", "L_Eye", "L_Ear", "R_Eye", "R_Ear"]}