{"id": 3, "class": "person", "kpt3d_body": [[-120.62156807450901, -123.10146744645053, 2767.759076409653], [-225.81823144341763, -145.36887797463208, 2645.5033660758363], [-127.51516073194273, 384.30586445682695, 2967.258765351972], [-13.010874912280785, -82.19788543438327, 2652.93410458884], [-44.1415304551682, -58.27891110737909, 2422.7086982509354], [-221.00580141892993, -193.07266027096674, 2437.1071776031604], [-49.44981389264061, 413.62766476928175, 2895.715192434463], [-23.617694748226043, 692.0078827888693, 3072.63209137468], [4.508292894539245, 1001.0296849300214, 3247.9896472396404], [-229.4528796339187, -172.34438866987418, 2867.9338414840554], [-423.4007708763579, -262.1731896269796, 2866.889657278835], [-395.34692637962974, -285.5157288742717, 2648.9635372018392], [-205.58031121971158, 354.98329869014253, 3038.8016064731323], [-147.45305392337002, 642.782921927279, 3188.285185101132], [-110.181249871945, 964.5913570994082, 3335.79965147338], [-198.8486590444669, -176.70718043892606, 2619.7697491481285], [-115.8948033807731, -205.67154022366338, 2630.187577082421], [-235.91170175228, -185.90157661513516, 2665.4791656846287], [-214.82515115647578, -240.88116106132247, 2734.247931753885]], "kpt2d_body": [[869.1814212088001, 480.977719559214], [807.0441942805054, 465.52135908243235], [870.3418355049823, 739.2784554460217], [926.8999543911877, 501.0328841465493], [907.0107126805589, 511.3562423708461], [799.2577593084097, 429.5684404983174], [908.8575735998601, 758.9303170400019], [922.9085748044987, 878.5066343237311], [936.2857728097874, 995.796795892683], [815.0102594539896, 457.86809994580267], [715.303932888402, 411.95483191094564], [713.1994091819165, 387.94506874493686], [833.6434252676967, 720.4618288945186], [865.9034099451161, 844.3619124834662], [885.9445297279498, 969.0968407093964], [821.1328085840944, 446.9378563135055], [868.5336374756885, 430.89679836083144], [802.4369768858963, 443.5937371762867], [817.2717462133338, 416.3698273054992]], "kpt2d_body_mask": [true, true, true, true, true, true, true, true, true, true, true, true, true, true, true, true, true, true, true], "kpt3d_body_mask": [true, true, true, true, true, true, true, true, true, true, true, true, true, true, true, true, true, true, true], "kpt_list": ["Thorax", "Nose", "Pelvis", "L_Shoulder", "L_Elbow", "L_Wrist", "L_Hip", "L_Knee", "L_Ankle", "R_Shoulder", "R_Elbow", "R_Wrist", "R_Hip", "R_Knee", "R_Ankle", "L_Eye", "L_Ear", "R_Eye", "R_Ear"]}