{"id": 2, "class": "person", "kpt3d_body": [[-165.0730305217178, -168.04452184805896, 2678.906348825762], [-277.5805254504452, -251.90846267602183, 2522.0342204915096], [-192.09439109394393, 334.48847333934555, 2882.7914703606525], [-81.15586973724743, -121.82793492920979, 2572.6659463481997], [-115.68685138023861, -26.80221335214256, 2309.5389551880057], [-294.70406404483805, -175.49771256120167, 2312.942763640504], [-121.60834173914942, 360.82343484016735, 2820.0032317926566], [-94.60955736901806, 692.3574976903313, 2973.2829551151094], [-61.92568007513508, 1014.5315728179821, 3156.41628307276], [-247.69265077835252, -217.62682333495036, 2787.9036856937846], [-553.8706032730877, -265.2885814986399, 2777.214897679998], [-513.0510339059333, -295.9015000890926, 2531.443479205805], [-262.58214831204214, 308.15316162539546, 2945.5783051645303], [-248.180040103151, 635.7482673320076, 3115.627003528662], [-199.41668083565537, 960.7758945664768, 3286.1804483114765], [-246.79276481143685, -279.3649466100558, 2503.9145698038174], [-149.20596966705259, -287.24761170471794, 2533.0616080402897], [-284.368870322401, -295.05307077738195, 2546.1828525990727], [-249.5997248647389, -325.28510886564135, 2635.8425734406665]], "kpt2d_body": [[842.3524610993748, 453.8954511753866], [770.7366234006624, 399.17767100525145], [835.1470937227149, 719.3081504824063], [887.1360966328168, 476.6809169449149], [859.4420151891662, 529.9153617171572], [744.9576391088567, 434.75215152743573], [870.1131034683345, 736.978063231629], [887.3723042494739, 889.369671410142], [905.693664140528, 1014.0924003966558], [801.9759591360967, 431.27701110286705], [639.9857780429401, 406.5852594772839], [635.6374845636238, 375.37869343122134], [801.7105165998075, 702.3366026803387], [816.6943934790158, 847.5699988158119], [845.5920712465212, 973.3208001135592], [787.8200215562084, 381.8583020426296], [846.5984206310169, 378.896360408817], [768.4881721027693, 375.63551487211873], [793.6389894872605, 364.410025937128]], "kpt2d_body_mask": [true, true, true, true, true, true, true, true, true, true, true, true, true, true, true, true, true, true, true], "kpt3d_body_mask": [true, true, true, true, true, true, true, true, true, true, true, true, true, true, true, true, true, true, true], "kpt_list": ["Thorax", "Nose", "Pelvis", "L_Shoulder", "L_Elbow", "L_Wrist", "L_Hip", "L_Knee", "L_Ankle", "R_Shoulder", "R_Elbow", "R_Wrist", "R_Hip", "R_Knee", "R_Ankle", "L_Eye", "L_Ear", "R_Eye", "R_Ear"]}