{"id": 2, "class": "person", "kpt3d_body": [[-165.6285086202904, -165.82344734332608, 2698.04183665852], [-282.41534307403896, -255.7928762359404, 2526.7704793370913], [-181.3819096440759, 331.2885700581188, 2904.6260035075884], [-58.541154454193105, -108.57963427918307, 2572.9071968723892], [-0.7658527550458416, 148.28429577983428, 2661.5306060859266], [-55.652842358609846, 378.466723426112, 2732.2663273269113], [-108.06719454979785, 358.1608219233857, 2841.544324931426], [-87.97439172365907, 674.8580685626314, 3013.38552872473], [-69.51665064806278, 986.0096573084379, 3207.322470506808], [-282.165650008686, -221.01244334098723, 2812.6454200573608], [-305.5535234123139, 7.652713660888679, 2984.2864013537883], [-348.3987722208725, 263.56280820021436, 3032.3697314280007], [-254.69599911440625, 304.4159285288903, 2967.7084215137156], [-214.9771841809036, 618.6776368955914, 3137.919295559481], [-153.93964660552595, 943.0848935281289, 3299.0440502850934], [-248.86489991539963, -284.51295214371896, 2504.387400400692], [-147.74095074622284, -289.9237452241087, 2535.690749922496], [-288.47522694330894, -301.6793498857166, 2547.456026414962], [-251.39838670139468, -333.0968486163903, 2642.7034428941624]], "kpt2d_body": [[842.692649092651, 455.77730823837567], [768.2285223796601, 397.2017258182782], [841.3516405429835, 716.4242407999975], [900.2525424719158, 484.34009916249823], [933.7966107222888, 630.1654912694827], [903.9572072877858, 752.578957262333], [877.6711368489105, 734.193513555732], [891.1932532286351, 876.6265819170831], [902.6337910727755, 994.6643254370033], [784.9828244260455, 430.57677973632394], [781.6847942568588, 551.0078387035969], [763.5157402382933, 676.0264921767041], [806.615517823308, 699.3520800967732], [833.0308901711105, 837.749051302613], [865.992503221989, 964.3630300844845], [786.6420174967678, 378.86965798673816], [847.5519160308787, 377.5104247852298], [766.2194396503644, 371.9121215874353], [793.0202121033317, 360.54116656838164]], "kpt2d_body_mask": [true, true, true, true, true, true, true, true, true, true, true, true, true, true, true, true, true, true, true], "kpt3d_body_mask": [true, true, true, true, true, true, true, true, true, true, true, true, true, true, true, true, true, true, true], "kpt_list": ["Thorax", "Nose", "Pelvis", "L_Shoulder", "L_Elbow", "L_Wrist", "L_Hip", "L_Knee", "L_Ankle", "R_Shoulder", "R_Elbow", "R_Wrist", "R_Hip", "R_Knee", "R_Ankle", "L_Eye", "L_Ear", "R_Eye", "R_Ear"]}