{"id": 2, "class": "person", "kpt3d_body": [[-174.87757009715523, -179.55840337374767, 2688.328769332569], [-274.25986876518823, -260.72244783201313, 2538.2921838585594], [-186.87373237542022, 315.97507863899057, 2876.1573304407], [-56.41097077839446, -135.58829834433197, 2600.924337130091], [-177.1958195083998, 67.49917957121411, 2418.3233454583424], [-264.3656977618074, -100.15564562175868, 2304.61104803486], [-116.21555993932853, 342.0837899534207, 2820.8011333057157], [-86.72430360399501, 694.8496380412876, 2972.8482198156726], [-59.571127959633955, 1014.842149379456, 3154.272937830992], [-296.4019541088534, -228.72294649470916, 2766.9724908453354], [-422.09908029272344, -74.99328473571396, 2569.7899778659066], [-287.1883726492542, -142.44121843197433, 2372.2323245786365], [-257.53202353277396, 289.8663011269562, 2931.51367428335], [-245.0538046538416, 633.2897607676714, 3113.733464939516], [-198.58192720351087, 960.3127326614335, 3285.020609778099], [-246.2606235984278, -289.8456597900983, 2518.98875400462], [-144.4500773561536, -301.6418126204303, 2555.6410547977134], [-284.8822938332928, -301.5862129949292, 2561.824212180669], [-254.1894125469274, -330.8641608375643, 2657.895862880272]], "kpt2d_body": [[837.261210869232, 447.87659092581026], [773.7324031585478, 394.9848640538463], [837.5766615360267, 710.225565148291], [901.8491071299335, 469.56712916479853], [824.937617015795, 588.7285536134258], [763.5237969742232, 482.6795009095357], [872.9441373008896, 727.1563150002006], [891.27531415139, 890.6312187338547], [906.7624451563489, 1014.5340073650325], [774.9505562764778, 424.58091261827377], [690.6069294303331, 504.01124307776337], [754.2220904559011, 458.12878918928027], [803.5879307169917, 693.883533158058], [818.0921604472906, 846.6219484017006], [845.9309844605469, 973.2708255975651], [789.0334634746564, 376.70915808630446], [850.1584969284963, 372.0592983134118], [769.2162134411926, 372.9215298172926], [792.2579791392238, 362.8384523189284]], "kpt2d_body_mask": [true, true, true, true, true, true, true, true, true, true, true, true, true, true, true, true, true, true, true], "kpt3d_body_mask": [true, true, true, true, true, true, true, true, true, true, true, true, true, true, true, true, true, true, true], "kpt_list": ["Thorax", "Nose", "Pelvis", "L_Shoulder", "L_Elbow", "L_Wrist", "L_Hip", "L_Knee", "L_Ankle", "R_Shoulder", "R_Elbow", "R_Wrist", "R_Hip", "R_Knee", "R_Ankle", "L_Eye", "L_Ear", "R_Eye", "R_Ear"]}