{"id": 3, "class": "person", "kpt3d_body": [[231.29603653575492, -19.046479824910563, 2829.869858865648], [277.8761819911184, -181.01029293821128, 2912.7061919303897], [230.68091905271288, 452.5774821863132, 3063.3978702713484], [89.96546500274212, -41.95621327197017, 2863.1845074290595], [-97.8714647194691, 70.6187031005635, 2973.972717774825], [25.0562477116509, 254.12449320161926, 3096.6020540364093], [117.5245031280181, 441.79092057643186, 3090.9756713823153], [132.07290496952575, 757.9528281389128, 3171.9304906892876], [133.71326738079478, 1091.936481898248, 3291.8464689372763], [370.6970294801803, -0.14422848640549546, 2778.3768924394863], [536.3245889902161, 180.2114280679703, 2737.3991552663783], [453.7670665600265, 332.8339241531705, 2916.657394300639], [343.83690268832345, 463.3641438304967, 3035.8198386841655], [303.91102629628904, 776.1896349023496, 3127.6041474564154], [286.17876372209446, 1101.1042354371623, 3269.4742691365145], [250.03244533453017, -213.6053153820744, 2891.429866834871], [181.2305475363453, -190.25632551879553, 2831.877258990226], [304.79971570943417, -198.45963400800443, 2877.3534230933237], [322.2771363000865, -160.14137401902659, 2794.488700300145]], "kpt2d_body": [[1072.0407794563603, 543.9308872989558], [1092.8650760743103, 458.9866676630963], [1061.5733075243238, 779.984530656855], [994.6379128681158, 531.7345675388892], [895.4708337827836, 590.7687654098528], [958.6580041922759, 680.2691763485202], [1004.5349589536406, 772.9253626876205], [1009.5582455696645, 916.6816359132447], [1007.3356476653574, 1051.5563647806277], [1151.085789049942, 554.1873636130728], [1245.3210426451355, 654.4998020924563], [1184.0232964048732, 728.2267187624373], [1119.3788416254336, 786.9953754054727], [1093.6157799124114, 929.6436330036988], [1077.6048892903702, 1058.1946880378205], [1079.1400926422464, 441.00239746557327], [1044.6854146966314, 451.1543161116007], [1108.9358043769244, 448.59512278727937], [1123.3450774052242, 466.4815882830385]], "kpt2d_body_mask": [true, true, true, true, true, true, true, true, true, true, true, true, true, true, true, true, true, true, true], "kpt3d_body_mask": [true, true, true, true, true, true, true, true, true, true, true, true, true, true, true, true, true, true, true], "kpt_list": ["Thorax", "Nose", "Pelvis", "L_Shoulder", "L_Elbow", "L_Wrist", "L_Hip", "L_Knee", "L_Ankle", "R_Shoulder", "R_Elbow", "R_Wrist", "R_Hip", "R_Knee", "R_Ankle", "L_Eye", "L_Ear", "R_Eye", "R_Ear"]}