{"id": 3, "class": "person", "kpt3d_body": [[224.73026953830512, -26.207694624527704, 2924.9856268081244], [289.8994023785032, -214.26639699895148, 3007.716394255178], [225.7892478459911, 401.8560984340759, 3135.8130120007922], [79.88017003024316, -62.119073536839124, 2982.318298108663], [-17.629976072982352, 144.76760864683683, 3066.3548938497543], [62.79595082427683, 228.33879943044124, 3283.438184778858], [109.5770356467434, 384.7773927883347, 3137.7000803931887], [155.24434649769438, 679.861617942106, 3333.5692910230523], [160.66546114056763, 1037.9574843390253, 3376.12987066128], [378.0627151930798, 2.940455446327519, 2872.0532337405084], [419.9009656426492, 243.89741911187997, 2868.0324400866953], [457.8114677975053, 469.0564631219766, 2944.1815189154495], [342.00203435807936, 418.93446801373227, 3133.9267164113126], [376.9629286645974, 623.840900168297, 3335.0939332678245], [303.9320582683755, 1014.5998596096819, 3359.5925471374067], [258.23254717221965, -246.16042854864943, 2987.153251431201], [184.73978078236908, -220.3017487444491, 2935.4806730326436], [313.70809418354713, -230.13083775886187, 2971.0980568884415], [329.95394998583856, -190.87499376817377, 2888.382471286873]], "kpt2d_body": [[1064.5130998342443, 540.5050466218082], [1094.3279387245766, 445.08161695711294], [1056.6707326112535, 750.3348812109964], [987.4897126739975, 522.2393817003989], [937.3365006533404, 626.8337769808264], [975.6549279320146, 661.084130048323], [999.8495333985406, 742.1247370313187], [1017.2944828562667, 864.6588501179588], [1018.0283371476789, 1016.6401021672782], [1148.3639981498497, 555.8349132483829], [1170.4520660065698, 684.1657081735862], [1183.2259430918143, 796.4357445745953], [1113.3087261439455, 758.3986255269804], [1118.564673770842, 838.7048327344999], [1082.6176105705972, 1008.2236928638961], [1079.058050831114, 427.9639807525385], [1043.0264446644796, 439.11282581001115], [1108.3619718678813, 435.6317334623925], [1121.633952490496, 453.0563310110897]], "kpt2d_body_mask": [true, true, true, true, true, true, true, true, true, true, true, true, true, true, true, true, true, true, true], "kpt3d_body_mask": [true, true, true, true, true, true, true, true, true, true, true, true, true, true, true, true, true, true, true], "kpt_list": ["Thorax", "Nose", "Pelvis", "L_Shoulder", "L_Elbow", "L_Wrist", "L_Hip", "L_Knee", "L_Ankle", "R_Shoulder", "R_Elbow", "R_Wrist", "R_Hip", "R_Knee", "R_Ankle", "L_Eye", "L_Ear", "R_Eye", "R_Ear"]}