{"id": 6, "class": "person", "kpt3d_body": [[657.9046276266041, -536.4199640128522, 4122.530258589684], [722.1547563844227, -532.7253324600123, 4359.862342206762], [601.3122555448547, -114.35952911130002, 3782.1605854474024], [518.7489718973972, -549.9629371342614, 4068.306221473389], [401.89515707566227, -335.9127636069355, 3870.034519052719], [361.36750709218035, -74.99042453065158, 3870.68293628611], [500.223328294347, -117.92629703677633, 3768.623963692808], [399.761988190847, 317.3390977904299, 3862.600387904822], [339.8203153430513, 755.7693746262487, 3815.7785395336796], [815.2912065637558, -520.326086706731, 4198.706230313502], [922.7579012909455, -211.76549995368376, 4314.417058652302], [916.2022857491899, -229.9783447329365, 4582.921214504839], [702.405177182578, -110.79733572787987, 3795.705215225207], [658.564655460675, 268.28350744502217, 4107.198642878749], [618.3459411038588, 642.844459236955, 4280.798397519082], [712.1648906568754, -561.565057898626, 4354.489762258266], [651.5330368430149, -598.9790943706289, 4266.5978365043875], [133.05449579999998, 1172.533007, 3292.065567], [133.05449579999998, 1172.533007, 3292.065567]], "kpt2d_body": [[1189.852512926277, 356.16144416934156], [1199.09130786062, 368.2330571433371], [1189.8594675857537, 508.05452679333], [1141.231720154653, 348.0767276041169], [1105.6470744964472, 421.36155752923287], [1089.8606954667207, 524.5339161614935], [1149.9889174244172, 506.35491328512114], [1105.1420253381898, 680.0940707627958], [1082.029820565991, 855.4837412750135], [1241.940491502283, 366.05330334594896], [1272.3186991616353, 479.6357309286866], [1251.4277566782155, 477.86507405481484], [1229.2186864334387, 509.7480921885373], [1191.7241219522155, 654.0141459415564], [1166.6916885284027, 782.855331305404], [1195.8418204951904, 357.9670321191575], [1179.3106990066901, 340.5601578110283], [1006.8314428256535, 1086.366563792108], [1006.8314428256535, 1086.366563792108]], "kpt2d_body_mask": [true, true, true, true, true, true, true, true, true, true, true, false, true, true, true, true, true, false, false], "kpt3d_body_mask": [true, true, true, true, true, true, true, true, true, true, true, false, true, true, true, true, true, false, false], "kpt_list": ["Thorax", "Nose", "Pelvis", "L_Shoulder", "L_Elbow", "L_Wrist", "L_Hip", "L_Knee", "L_Ankle", "R_Shoulder", "R_Elbow", "R_Wrist", "R_Hip", "R_Knee", "R_Ankle", "L_Eye", "L_Ear", "R_Eye", "R_Ear"]}