{"id": 6, "class": "person", "kpt3d_body": [[166.36708081042792, -174.73368394950782, 2743.3978040580587], [240.1692084405247, -409.3707337047597, 2827.460110729551], [171.3937884572809, 334.3376161367158, 2957.6150545932605], [4.082213077581702, -202.44949127276797, 2801.467073149486], [-86.4576764319227, 69.02261037854572, 2922.3237436944232], [39.356229094834134, 222.92112476066507, 3093.2722829658696], [77.0806426264265, 329.1857593269749, 2997.6110298632366], [57.03185391952931, 686.4057085131863, 3157.619647717266], [-23.95361198573447, 1108.9428967633537, 3201.9104892747337], [329.1709348070861, -152.60193947548473, 2682.473273207754], [415.380547241455, 124.39742203576827, 2779.111111821848], [351.0985810074271, 261.00041638149844, 3001.9800845319237], [265.7068268224033, 339.4912019310473, 2917.6201181030497], [291.0627971506382, 706.0067161562835, 3122.03598038858], [253.99456392611984, 1103.7655286991862, 3243.088201033115], [205.2063291158581, -443.51697431694436, 2808.2314270154875], [120.59136753654153, -422.05849706118545, 2744.2517582491223], [261.1966869789202, -429.18206215531666, 2783.769998030175], [260.35073099594683, -387.04731950795133, 2685.9970768858097]], "kpt2d_body": [[1039.5433025066695, 456.49196890999093], [1076.3153832387238, 333.106053142569], [1035.2239853528044, 727.4463754797862], [948.4439752115678, 443.26911453293246], [900.5918596442198, 590.5763203074802], [965.7944345303852, 664.9560005782631], [985.7358803190583, 722.6370513916805], [973.7680029026401, 884.8063009066175], [935.0589922788454, 1072.560718041549], [1134.6138492283092, 467.1570044644342], [1175.3687819172428, 622.711040494244], [1125.6534111392298, 687.3045999922931], [1085.9148052026953, 732.2872785468733], [1087.9873543453095, 897.1771288853486], [1063.762801647811, 1063.4250639654438], [1058.081153687064, 313.1424353050857], [1013.5583619629485, 319.20123270537727], [1089.7804311344134, 319.0091405374632], [1094.6083019396099, 334.25522456665266]], "kpt2d_body_mask": [true, true, true, true, true, true, true, true, true, true, true, true, true, true, true, true, true, true, true], "kpt3d_body_mask": [true, true, true, true, true, true, true, true, true, true, true, true, true, true, true, true, true, true, true], "kpt_list": ["Thorax", "Nose", "Pelvis", "L_Shoulder", "L_Elbow", "L_Wrist", "L_Hip", "L_Knee", "L_Ankle", "R_Shoulder", "R_Elbow", "R_Wrist", "R_Hip", "R_Knee", "R_Ankle", "L_Eye", "L_Ear", "R_Eye", "R_Ear"]}