{"id": 1, "class": "person", "kpt3d_body": [[-88.51775251633534, -261.6046382281391, 2886.4751153870648], [-217.74911319478366, -460.35663944774683, 2885.761173456548], [-117.85118094202988, 276.38321413941026, 3122.79788149666], [-171.15672958907123, -208.60955624744264, 2758.661093499426], [-431.9931219027628, -79.98389489158498, 2711.860396411566], [-569.5891996768478, -291.42478189936156, 2738.3557134445437], [-169.0667927209184, 306.80964386537664, 3046.8018759054276], [-157.54527458137596, 707.9378433112936, 3212.9995848965273], [-149.67229227991413, 1070.6265023197143, 3360.7678638919106], [3.3193436045509994, -316.2079095054784, 3005.686187619499], [-8.443602837070516, -319.43570946458436, 3310.8184336626487], [-195.57657328956395, -481.23057101894517, 3249.3389929858604], [-66.63627034066212, 245.9583380030611, 3198.795337849549], [-61.311603542969316, 657.8640855184653, 3339.5890671715297], [-61.19243241947058, 1028.7787055493025, 3482.454958721485], [-215.6249349070527, -478.40882647050535, 2840.385984989652], [-162.83931944449353, -432.28976797561245, 2762.180586531104], [-183.47734985056286, -495.58188017981337, 2886.057444256453], [-79.532255905024, -481.66535159240397, 2881.521743282108]], "kpt2d_body": [[905.9743000766096, 418.10235604281456], [842.8523574369417, 321.61747968110967], [895.9107610073709, 672.4558773228083], [861.30687479228, 439.4349566946581], [723.9113388078771, 505.1116893873868], [657.1338930314627, 397.52353097120886], [870.7280191771948, 689.6071017853591], [880.648967816784, 856.0763048595984], [887.8635595262751, 987.9381129709477], [951.2172265343972, 397.4817915999603], [946.0123844719512, 409.79510289597357], [864.3285039398797, 337.42943479138773], [919.9567513554277, 656.0583552582876], [923.7394323236588, 824.1918143945579], [925.2005815364975, 957.540078900176], [842.2928590447123, 309.2383640688089], [866.1372744261535, 325.6940765190567], [859.7300332234329, 304.5626547643996], [910.5619738610815, 310.68079494709207]], "kpt2d_body_mask": [true, true, true, true, true, true, true, true, true, true, true, true, true, true, true, true, true, true, true], "kpt3d_body_mask": [true, true, true, true, true, true, true, true, true, true, true, true, true, true, true, true, true, true, true], "kpt_list": ["Thorax", "Nose", "Pelvis", "L_Shoulder", "L_Elbow", "L_Wrist", "L_Hip", "L_Knee", "L_Ankle", "R_Shoulder", "R_Elbow", "R_Wrist", "R_Hip", "R_Knee", "R_Ankle", "L_Eye", "L_Ear", "R_Eye", "R_Ear"]}