{"id": 1, "class": "person", "kpt3d_body": [[-113.88269321223355, -275.2874218735843, 2877.6939447781806], [-227.37423468908585, -461.0644565146268, 2878.7603325324217], [-116.07590245411352, 279.63611069995153, 3106.986868817482], [-196.52133470398408, -223.08668260132237, 2746.476640145983], [-417.93774548785103, -165.74365042738123, 2564.8749014442938], [-456.7111957798267, -396.7921410905012, 2598.6606471507785], [-182.6250715137931, 313.6997503024688, 3034.93019591751], [-158.44120056375453, 710.8690066850497, 3206.321852481984], [-148.3592279834699, 1068.3840190366952, 3358.44963327798], [-15.47363643297417, -328.48348998254266, 3001.077297701544], [52.617582573938606, -443.6168638679416, 3275.043351645141], [-72.31650685223289, -604.7402941722939, 3149.800321006121], [-49.527965272816516, 245.57273477436624, 3179.045455600972], [-64.80081457711347, 657.9999278455741, 3332.2858002842804], [-61.112467446208576, 1028.748015235296, 3479.208836119392], [-224.1117920985148, -478.3832687759255, 2833.0875706694424], [-172.93499139070335, -430.7799163331964, 2756.030876813539], [-194.64248011607054, -495.0409874062535, 2880.069042431359], [-89.71057874379937, -477.14979120031984, 2875.1623672473124]], "kpt2d_body": [[893.315075711569, 411.0166312684605], [837.8833763007856, 320.76880649090253], [896.4545776105355, 674.5731953070122], [847.8283939371561, 431.54295463535726], [719.0193738890134, 455.58077309634496], [702.4576723688305, 332.59956220410265], [864.0925792332328, 693.340253268305], [880.1242599631722, 857.9501410322566], [888.3587375248837, 987.3531257124541], [942.30926180006, 391.4873107847482], [972.472161344339, 354.93443749967344], [917.2188249124682, 276.2229615171324], [927.440007277442, 656.5695638348485], [922.2057573614006, 824.839787738726], [925.2108700942314, 957.8945292684734], [837.7993801743229, 308.68042044596825], [860.771535946666, 325.99928893384254], [854.0748740858778, 304.3627482697224], [905.458750272045, 312.36616786658163]], "kpt2d_body_mask": [true, true, true, true, true, true, true, true, true, true, true, true, true, true, true, true, true, true, true], "kpt3d_body_mask": [true, true, true, true, true, true, true, true, true, true, true, true, true, true, true, true, true, true, true], "kpt_list": ["Thorax", "Nose", "Pelvis", "L_Shoulder", "L_Elbow", "L_Wrist", "L_Hip", "L_Knee", "L_Ankle", "R_Shoulder", "R_Elbow", "R_Wrist", "R_Hip", "R_Knee", "R_Ankle", "L_Eye", "L_Ear", "R_Eye", "R_Ear"]}