{"id": 1, "class": "person", "kpt3d_body": [[-119.08908706230892, -269.82344877263813, 2883.528198633124], [-250.77287235482532, -464.5975214356139, 2890.209624807261], [-141.8469012180035, 274.3327056729772, 3120.1177093486017], [-193.32485602243975, -220.4749284426319, 2753.5148499054735], [-332.2014528112776, -26.088562880484716, 2595.384783554925], [-433.33515976978276, -224.2166265519242, 2545.5096859108125], [-188.8350237682098, 310.07938525598945, 3036.279599254699], [-173.5968200924774, 702.7212761353692, 3217.830958598417], [-149.54295012027185, 1068.8941049991636, 3359.6116686706278], [-21.569632382406468, -319.31294972528207, 2995.7647562398965], [127.0665996120041, -259.81060843126187, 3246.6352305431833], [55.103694385254755, -497.2831663124262, 3226.655952052875], [-94.85921351718183, 238.58716254420756, 3203.9557226036313], [-66.94432401626311, 658.491484740469, 3333.8743738908106], [-60.160223778804685, 1029.3090420700942, 3477.7786124836325], [-248.88704810526173, -483.47853818276604, 2845.736460979906], [-194.89024537611851, -439.66067148169515, 2767.0846176942], [-218.00616402568875, -499.8250154894015, 2891.7586099896175], [-114.39159588734779, -485.9884649025105, 2887.436125103319]], "kpt2d_body": [[890.8548570475389, 413.9720777787978], [826.9198960871014, 320.0305157550631], [884.9251275851202, 671.6109300845668], [849.7297763080196, 433.1717110369206], [767.7739168026224, 532.5520298070268], [709.0952180580232, 422.66214308129395], [861.2226243872512, 691.5847282776925], [873.7233962117006, 853.3635181904107], [887.8915189524587, 987.4046261374536], [939.3986295376898, 395.53159267870086], [1005.3988246749872, 433.1182691225379], [973.8773158721212, 328.81729808881016], [907.4533610650823, 652.6101696240563], [921.3113133736957, 824.9112712226295], [925.5836741164867, 958.2713989998788], [826.0453858847948, 307.32726880877505], [849.9385068981125, 322.45987890411993], [843.077233327502, 303.10538709140343], [893.5605981607248, 309.1287016334413]], "kpt2d_body_mask": [true, true, true, true, true, true, true, true, true, true, true, true, true, true, true, true, true, true, true], "kpt3d_body_mask": [true, true, true, true, true, true, true, true, true, true, true, true, true, true, true, true, true, true, true], "kpt_list": ["Thorax", "Nose", "Pelvis", "L_Shoulder", "L_Elbow", "L_Wrist", "L_Hip", "L_Knee", "L_Ankle", "R_Shoulder", "R_Elbow", "R_Wrist", "R_Hip", "R_Knee", "R_Ankle", "L_Eye", "L_Ear", "R_Eye", "R_Ear"]}