{"id": 1, "class": "person", "kpt3d_body": [[-33.20284998733602, -251.18841406604503, 2874.788701278512], [-172.18700061801084, -446.22539711351124, 2872.4901980747204], [-48.762973803341836, 259.2244705411242, 3112.919293761847], [-118.11334519389294, -196.77274869265432, 2732.813076095754], [-112.49869957075245, 87.32768276120296, 2765.5609313430896], [-185.07074156034068, 272.9630590387716, 2941.1125259967457], [-103.49232692045038, 289.8752918726714, 3036.498717459435], [-107.96826223554781, 688.1792792770409, 3187.4897133842187], [-71.85882281029146, 1073.5605353136327, 3337.436798838166], [48.74787157683031, -319.37333623233826, 3018.979092498409], [69.78938570211048, -68.47623545649611, 3166.0438463236665], [-43.51914974802757, 159.12027778581958, 3266.143832733309], [5.966822053024146, 228.57314405146923, 3189.33852128806], [-2.2350433339480347, 657.1766860296799, 3331.051133174208], [-3.70965337096413, 1032.9494756493123, 3457.2041310264985], [-169.186897548949, -464.51792607256294, 2826.0027190472774], [-110.72663671436622, -423.07762190680535, 2747.154022583507], [-139.2554888314712, -483.84622575655044, 2873.295164591632], [-33.39699260152702, -475.3938881864738, 2871.2969273578456]], "kpt2d_body": [[933.1892836991009, 422.6750621395552], [864.728675749383, 327.3169329367179], [927.3254046759455, 665.1006174333686], [888.0612361501604, 444.4972360631688], [891.6125512174527, 591.7166907231234], [860.1369603719637, 678.4415854612755], [901.1309055886745, 682.2971155093907], [901.9483459202683, 850.1131601901275], [919.8152998448368, 992.1976004197069], [972.62633336206, 396.6643188654533], [981.0994492332146, 516.019190385272], [930.6313402513088, 616.102173886753], [952.307822091246, 648.6739676426799], [948.7187707648276, 824.6337559684715], [948.2088073107208, 962.0455894373895], [864.9033447341959, 314.7395225522533], [892.5117139855911, 329.0643405855436], [881.047157578081, 309.06548762694854], [933.1765390902135, 312.8488440602915]], "kpt2d_body_mask": [true, true, true, true, true, true, true, true, true, true, true, true, true, true, true, true, true, true, true], "kpt3d_body_mask": [true, true, true, true, true, true, true, true, true, true, true, true, true, true, true, true, true, true, true], "kpt_list": ["Thorax", "Nose", "Pelvis", "L_Shoulder", "L_Elbow", "L_Wrist", "L_Hip", "L_Knee", "L_Ankle", "R_Shoulder", "R_Elbow", "R_Wrist", "R_Hip", "R_Knee", "R_Ankle", "L_Eye", "L_Ear", "R_Eye", "R_Ear"]}