{"id": 1, "class": "person", "kpt3d_body": [[-68.7002798545918, -283.04451759688675, 2937.684223354062], [-172.5738154781218, -470.3262406919373, 2944.4711082121958], [-119.85732462297744, 264.39887467720524, 3129.3812595857894], [-56.08092979206845, -224.62129105252671, 2790.2738664984026], [-288.77640738106953, -73.9668877382995, 2704.567386577577], [-388.7282091187169, -259.5326663833177, 2733.3003009626327], [-143.22586276055, 295.951400682183, 3038.2436493576956], [-156.37221448355572, 705.2118684056786, 3211.702376420058], [-149.6559078002847, 1069.4402785413977, 3360.5258760892957], [-56.81997107896275, -331.19593080565863, 3081.260626865578], [-340.05870600668027, -243.24103094269987, 3022.364120526934], [-443.4640600785439, -282.1320798737423, 2793.86225851104], [-96.48819278057104, 232.84760714822227, 3220.5184777007107], [-69.899980584739, 653.7417011706355, 3346.0250082890398], [-59.24600887705044, 1027.14522873046, 3479.911840130821], [-165.84950741627335, -496.08817320265103, 2901.436544144148], [-104.08057992379042, -463.12589178684306, 2823.6092703211466], [-138.83389872134381, -502.60362056458064, 2954.966404491289], [-36.39126845287371, -486.1911342968324, 2957.531747480243]], "kpt2d_body": [[916.3482700885304, 410.00600152589647], [866.646818976792, 321.1913964410177], [895.1006236196652, 666.776414449983], [921.0030689748228, 432.4150800439878], [797.7418817615426, 507.9981287605509], [748.267392187842, 412.71116896703774], [882.5723124531767, 685.000476782518], [881.1282599522801, 855.0401522783955], [887.862467924768, 987.5042812318803], [923.4055177058946, 394.2774391905998], [789.8824183292877, 432.8354921955641], [725.2700315797562, 404.4307537911586], [906.9457971953551, 649.5423253329541], [920.1599205760092, 821.9622465929697], [925.9614691591105, 957.2054908357057], [868.777657950408, 305.5327075927697], [897.4390878755615, 315.08768948576665], [883.1534087897338, 306.70181717048365], [932.2205044570841, 314.48871953154014]], "kpt2d_body_mask": [true, true, true, true, true, true, true, true, true, true, true, true, true, true, true, true, true, true, true], "kpt3d_body_mask": [true, true, true, true, true, true, true, true, true, true, true, true, true, true, true, true, true, true, true], "kpt_list": ["Thorax", "Nose", "Pelvis", "L_Shoulder", "L_Elbow", "L_Wrist", "L_Hip", "L_Knee", "L_Ankle", "R_Shoulder", "R_Elbow", "R_Wrist", "R_Hip", "R_Knee", "R_Ankle", "L_Eye", "L_Ear", "R_Eye", "R_Ear"]}