{"id": 5, "class": "person", "kpt3d_body": [[-74.83300180558939, -54.24013497130488, 2710.0191976121405], [2.1593732153518275, -225.23676847880978, 2542.8421547518083], [-88.35628696703446, 400.09498754412664, 2680.6441999277013], [84.53966157114596, -45.6444226674904, 2766.3515269569803], [129.60448261306868, 246.72778845476515, 2811.8866649533375], [178.77611410088554, 485.80527036719286, 2734.575980904806], [-10.226885742513474, 437.5607455502392, 2735.943668757429], [-46.42619072517956, 820.1310164812525, 2666.5414824209292], [-131.73914941684617, 1221.831482728504, 2663.12626997398], [-236.91297707521318, -54.82736308716113, 2659.0933955789915], [-318.7838632979465, 222.54179646820205, 2731.980740747222], [-323.32069655712405, 487.2442144324709, 2686.6984762338984], [-166.48587880355825, 362.63022133733045, 2625.3447321847557], [30.003047079428384, 475.15518484357517, 2291.704619390115], [-43.317206521084984, 878.0035120293365, 2373.3532213067374], [23.882513538049235, -261.02889788658416, 2572.462393864007], [26.254446256007604, -259.8731812241931, 2677.984775728646], [-31.805769407657376, -260.753750686294, 2548.1466209560967], [-114.0014176286025, -260.1929618852344, 2611.8051154930226]], "kpt2d_body": [[917.3136952603786, 517.3014138578892], [957.1379422794674, 421.8668795441406], [910.1346055606147, 752.1749373692162], [998.7074130408861, 522.2051112902597], [1020.2846841427368, 667.3659533363877], [1046.5490789740595, 790.7118297469418], [950.7674591226422, 766.845029408176], [932.2555527593873, 963.4935199830394], [890.5168000243209, 1151.4535877188814], [831.5590419744525, 516.51894194991], [793.5971977046886, 658.2662347115645], [789.785897717831, 794.994904496878], [867.7896798369106, 736.7573441196917], [974.0726070018883, 831.138137455829], [931.397187963038, 1042.9389366511223], [968.9088860718721, 404.0110898370829], [969.6373410784752, 410.14265153112876], [938.5367001818042, 402.8260230703417], [895.0709574121709, 406.6463417171626]], "kpt2d_body_mask": [true, true, true, true, true, true, true, true, true, true, true, true, true, true, true, true, true, true, true], "kpt3d_body_mask": [true, true, true, true, true, true, true, true, true, true, true, true, true, true, true, true, true, true, true], "kpt_list": ["Thorax", "Nose", "Pelvis", "L_Shoulder", "L_Elbow", "L_Wrist", "L_Hip", "L_Knee", "L_Ankle", "R_Shoulder", "R_Elbow", "R_Wrist", "R_Hip", "R_Knee", "R_Ankle", "L_Eye", "L_Ear", "R_Eye", "R_Ear"]}