{"id": 5, "class": "person", "kpt3d_body": [[-2.3397036608304234, -29.54662936018906, 2770.1356973079505], [-125.96140657296021, -176.20680180448915, 2676.75503742411], [-35.07017870423965, 497.2187851997354, 2710.2151073197283], [108.23323200408666, -37.68243328034629, 2660.29632731709], [327.70186211232266, -36.28702553594508, 2473.087261244458], [224.4228716144787, -267.5086984120128, 2407.006548497528], [35.744252310088534, 494.2027150085339, 2644.534983118576], [37.20605144811322, 914.6313771492498, 2629.250717153402], [60.65827376031134, 1293.9668303029712, 2658.2312537084936], [-104.1047057923872, -21.42906218134982, 2885.0530601624605], [-265.28591147858725, -39.082672670021736, 3130.6245432588044], [-358.64712895256946, -256.5738328755552, 3021.242809393074], [-105.88466156292618, 500.23487245188915, 2775.8954576206083], [-101.18441290930829, 928.0599814335071, 2747.1186765030443], [-28.46667873888137, 1299.4300129478072, 2752.299341430288], [-93.79039706059345, -211.76991791386996, 2670.625733107033], [6.516610728897643, -207.7709782318911, 2699.0366420137775], [-133.68345469485786, -203.74034451911456, 2714.9649855341886], [-96.4231056434317, -189.7768930938625, 2809.654215917898]], "kpt2d_body": [[933.4055914522952, 543.8791064256092], [868.8872371902813, 467.0596429943548], [916.6818815968696, 812.2824148451411], [991.4720217144311, 539.0045793695058], [1119.0303719589435, 538.3780844696199], [1064.259689986837, 404.5525623469621], [953.3222093854058, 816.9142725113509], [953.7997479401841, 1028.2598730988375], [964.7463713683482, 1197.696686092211], [884.1320991544748, 548.4021182709066], [816.3116107632409, 541.3751233658347], [769.5602136326074, 440.9549703152183], [881.7725229140586, 807.7734177659088], [884.7462877118109, 1015.3678450375027], [921.0566971148223, 1180.467381612957], [885.5691143483383, 448.3270688018064], [937.9621607747367, 451.501701796582], [865.8710115119453, 454.26682553536295], [886.6617013062346, 464.6465461232894]], "kpt2d_body_mask": [true, true, true, true, true, true, true, true, true, true, true, true, true, true, true, true, true, true, true], "kpt3d_body_mask": [true, true, true, true, true, true, true, true, true, true, true, true, true, true, true, true, true, true, true], "kpt_list": ["Thorax", "Nose", "Pelvis", "L_Shoulder", "L_Elbow", "L_Wrist", "L_Hip", "L_Knee", "L_Ankle", "R_Shoulder", "R_Elbow", "R_Wrist", "R_Hip", "R_Knee", "R_Ankle", "L_Eye", "L_Ear", "R_Eye", "R_Ear"]}