{"id": 4, "class": "person", "kpt3d_body": [[-50.6228094489725, -22.221162927500018, 2670.7479607597365], [-165.26764386997812, -199.37157723305717, 2582.0990471750365], [-71.53412133024585, 500.2842962707705, 2605.791026007227], [61.66707662637614, -10.692136386952598, 2532.661079670349], [94.10295739227492, 277.5410718938416, 2474.461161670019], [-0.7493999569444476, 475.2544364013993, 2413.0483591718403], [-15.481196302244058, 509.12552797514337, 2524.0817768726383], [8.023539409247835, 905.795115832932, 2544.7479056795005], [28.53049920778597, 1306.297217929105, 2538.381502427111], [-165.752067001378, -13.348764137394085, 2793.7834431424403], [-189.29652154633774, 288.3468646565019, 2836.5956495482815], [-249.2663030635266, 521.7809723009136, 2752.9460880705474], [-127.58764353445929, 491.44399818192255, 2687.499346840882], [-96.52978749319391, 919.7401738168892, 2674.7728124447253], [-54.139888887553425, 1318.6020426292123, 2660.6785620059845], [-132.69303368998044, -234.28227379827462, 2573.3166800271306], [-25.209875051691952, -232.5369510835776, 2599.596233361426], [-171.46949094425582, -233.6864949311729, 2616.5667553002295], [-132.1587915678423, -228.9730530369019, 2712.8313660366193]], "kpt2d_body": [[908.0759909321085, 547.1541771132142], [845.3170139379504, 451.30772517914727], [896.6237335607814, 823.7795228945652], [968.6425368517265, 552.8735119672165], [987.5740930186932, 714.6513279583712], [934.1789475434767, 830.5446453984684], [926.1303699147213, 836.9534655958273], [938.9171476184943, 1038.4846000832786], [949.4355622836966, 1230.1785810207443], [851.6850754593975, 552.1014763897374], [841.6553237697889, 700.0020409053109], [809.5608752098474, 819.9012686481619], [868.8835603034207, 811.3156118866018], [885.8074345849102, 1023.0285377221338], [907.9989127971523, 1208.0081311733616], [862.6860831150245, 432.09077375557865], [921.0566950976512, 434.2008742124184], [843.2454853996749, 434.549281049366], [866.6297858838993, 441.280150902734]], "kpt2d_body_mask": [true, true, true, true, true, true, true, true, true, true, true, true, true, true, true, true, true, true, true], "kpt3d_body_mask": [true, true, true, true, true, true, true, true, true, true, true, true, true, true, true, true, true, true, true], "kpt_list": ["Thorax", "Nose", "Pelvis", "L_Shoulder", "L_Elbow", "L_Wrist", "L_Hip", "L_Knee", "L_Ankle", "R_Shoulder", "R_Elbow", "R_Wrist", "R_Hip", "R_Knee", "R_Ankle", "L_Eye", "L_Ear", "R_Eye", "R_Ear"]}