{"id": 5, "class": "person", "kpt3d_body": [[92.63067046048747, 17.570738341646006, 2680.4460619318643], [-45.25824275736891, -167.944827652465, 2578.258171796288], [24.71221085506757, 467.4990795963562, 2663.4425921552515], [179.0306670980381, 23.80430023534842, 2534.7969866648], [215.44162290748088, 316.7712774890315, 2476.790755802771], [156.8121005497812, 553.1705280422709, 2393.623400634623], [89.79623374278435, 495.8707762047868, 2591.4221391024867], [52.18871371518116, 880.6611061649446, 2566.789795482602], [55.0528409536491, 1287.7715500954723, 2616.814685788576], [13.367251465571766, 21.82323658819797, 2832.812629255982], [41.90102325006912, 306.4654778919956, 2913.0650810801108], [-6.908013208009098, 565.5471749985347, 2902.9247166778237], [-40.37187509955275, 439.1263917523936, 2735.463198422526], [-324.40924337362475, 570.6742292573814, 2475.485363294536], [-405.0517254093104, 962.7895360168338, 2381.287450975287], [-11.312105344249801, -203.98844502181703, 2568.1650907997396], [90.73531630446601, -197.88915779012598, 2588.5265769328776], [-47.823583486376684, -200.7794232208562, 2616.3241232494975], [-3.8845249167602702, -190.51146110895303, 2710.637496372514]], "kpt2d_body": [[982.91304272162, 567.9098320749655], [910.0655414647005, 467.9670842606614], [947.4669285760665, 801.5220233275079], [1033.2493930078715, 571.849705469721], [1055.4397011047135, 736.0166112515446], [1024.767133381601, 876.0054448990261], [982.5532671226354, 822.8960656894277], [962.18321662434, 1022.1923718704243], [962.3741086389535, 1203.9626171279288], [941.1876971564269, 569.5163765852438], [954.6470195757295, 705.0952490438727], [931.3156723375961, 827.6651639014697], [914.1127324373756, 781.0935776837091], [754.9424663255667, 874.0809254615639], [708.5722378593293, 1094.8955338090966], [928.4397766474544, 448.1008459671175], [983.5292668920067, 452.2734357821283], [909.0655298383253, 451.84482843615126], [932.5878316114954, 460.80611055100405]], "kpt2d_body_mask": [true, true, true, true, true, true, true, true, true, true, true, true, true, true, true, true, true, true, true], "kpt3d_body_mask": [true, true, true, true, true, true, true, true, true, true, true, true, true, true, true, true, true, true, true], "kpt_list": ["Thorax", "Nose", "Pelvis", "L_Shoulder", "L_Elbow", "L_Wrist", "L_Hip", "L_Knee", "L_Ankle", "R_Shoulder", "R_Elbow", "R_Wrist", "R_Hip", "R_Knee", "R_Ankle", "L_Eye", "L_Ear", "R_Eye", "R_Ear"]}