{"id": 5, "class": "person", "kpt3d_body": [[35.88663918854361, 16.577556243730953, 2730.055346752448], [-118.24271918078904, -159.76413756243574, 2633.483918721823], [12.420539597523765, 467.32727279193256, 2667.5888792462783], [129.55518337813072, 2.395887264922578, 2590.669337266765], [205.34366396135167, 284.0726576845411, 2525.493187453273], [158.402794207784, 515.9838381658551, 2428.402429092107], [77.75943167737618, 488.6614973744341, 2598.0430709510097], [56.24320204653639, 881.3814787655849, 2584.4613785566094], [53.668935498899174, 1290.3757158326507, 2621.406176356441], [-57.44809121196166, 38.89381575564528, 2871.467977447999], [9.425373220102173, 321.0469780142024, 2935.9549649424475], [-21.091561961881506, 585.8073461455969, 2894.998502783472], [-52.917794157050295, 445.9929946880814, 2737.133983689042], [-300.8923987340155, 606.2375378422619, 2462.8247456659765], [-214.34448497564784, 1014.6822632512044, 2520.5391459514804], [-86.431229088112, -198.6997905999229, 2625.442770597146], [16.54659519896967, -200.39919705779624, 2649.1937224275375], [-123.92568549936044, -190.07901380047684, 2672.341860034224], [-82.15568836275189, -179.84851897495417, 2767.1938708244015]], "kpt2d_body": [[952.9741323028452, 567.2391181188385], [871.8842716524143, 474.23052788385576], [941.0592345063806, 801.0673577877067], [1004.494983885949, 560.0532617988082], [1047.7030708037619, 714.8639375672168], [1024.5792130000523, 851.1141761076217], [976.0375895958798, 818.5050980264357], [964.1287225520883, 1019.5614900620858], [961.6311856981672, 1204.119540243017], [906.6065356707433, 577.6648676531487], [939.0684919723994, 710.8300751562612], [924.5385425885136, 837.8201016321068], [907.7698662552579, 784.370876298057], [767.3495005922458, 894.9793010353687], [821.0030815102109, 1095.5637755367534], [888.6283795483945, 453.33862231260616], [943.313377660573, 453.35560046760645], [869.8547549966111, 459.69493549201457], [893.1188969252495, 468.1853411573869]], "kpt2d_body_mask": [true, true, true, true, true, true, true, true, true, true, true, true, true, true, true, true, true, true, true], "kpt3d_body_mask": [true, true, true, true, true, true, true, true, true, true, true, true, true, true, true, true, true, true, true], "kpt_list": ["Thorax", "Nose", "Pelvis", "L_Shoulder", "L_Elbow", "L_Wrist", "L_Hip", "L_Knee", "L_Ankle", "R_Shoulder", "R_Elbow", "R_Wrist", "R_Hip", "R_Knee", "R_Ankle", "L_Eye", "L_Ear", "R_Eye", "R_Ear"]}