{"id": 4, "class": "person", "kpt3d_body": [[-51.169420071506195, -25.450931428628394, 2670.331588071239], [-163.36221995212028, -199.91548312794578, 2580.0938215442307], [-67.8802361121601, 498.9279403029542, 2617.3127872091363], [58.03925186850215, -12.733137365282516, 2530.2748281051554], [75.88779545555938, 273.4870408541708, 2455.9115251249013], [-16.132348539278922, 478.6864883612891, 2402.4032637162527], [-17.630833687015706, 511.44379191216956, 2522.5155062440635], [8.91013478952905, 909.9428663191185, 2545.4008626649193], [29.380032000882153, 1306.0041832990285, 2539.25029132497], [-176.55773588682047, -10.731839162651795, 2780.297180924208], [-209.97227090834258, 288.5573410069269, 2819.778548786519], [-269.11517464975327, 520.3528540482455, 2724.7019718685915], [-118.13001178491828, 486.4111271922897, 2712.1106124178887], [-97.88292993578885, 917.0343938703661, 2674.3655159795935], [-54.868391304229206, 1319.4883764065548, 2660.225087603195], [-130.10129944280789, -234.38405343183604, 2571.999213846218], [-23.660996359266377, -232.12788410185624, 2599.456394845557], [-169.7031580845764, -234.12495204509725, 2614.8949350114985], [-131.1370596877404, -228.86519034321395, 2711.746317372085]], "kpt2d_body": [[907.7857735587726, 545.464633500809], [846.276456397724, 450.9293716947702], [898.716120254317, 821.9427719644366], [966.669831268366, 551.7422729393281], [977.6494847092019, 713.563915906616], [925.3231151608957, 833.6445487609203], [924.9484167715534, 838.3593168448157], [939.3859330986164, 1040.4227987248887], [949.8689324989415, 1229.8407210250252], [845.8657028664327, 553.3818914642392], [830.9271320066114, 700.8963270677948], [798.2855699011425, 821.7293115686031], [874.2787427379417, 806.5763318856314], [885.1069466390039, 1021.8070979135445], [907.6374684766467, 1208.4941971102405], [864.0526196513414, 431.9676950942757], [921.8874144513965, 434.41190560771906], [844.1274861743891, 434.2350940936667], [867.1274941089035, 441.2872887962174]], "kpt2d_body_mask": [true, true, true, true, true, true, true, true, true, true, true, true, true, true, true, true, true, true, true], "kpt3d_body_mask": [true, true, true, true, true, true, true, true, true, true, true, true, true, true, true, true, true, true, true], "kpt_list": ["Thorax", "Nose", "Pelvis", "L_Shoulder", "L_Elbow", "L_Wrist", "L_Hip", "L_Knee", "L_Ankle", "R_Shoulder", "R_Elbow", "R_Wrist", "R_Hip", "R_Knee", "R_Ankle", "L_Eye", "L_Ear", "R_Eye", "R_Ear"]}