{"id": 5, "class": "person", "kpt3d_body": [[75.1416244102836, 30.52191056789809, 2687.200657886042], [-73.0081936363436, -151.15596182693167, 2587.6298486050746], [42.928502941246514, 468.7705701019014, 2685.622486882407], [163.44884458980823, 29.24474585450156, 2542.3835116572636], [196.32940359362556, 317.6249430664036, 2465.8794861135484], [112.82177262641737, 544.172243755871, 2366.3162423405847], [84.14364816222992, 488.11149756607267, 2599.8579343906777], [32.17685516329595, 871.5979472750123, 2555.6010962181986], [54.31995986926482, 1288.1939502098353, 2617.527330180599], [-14.641488795554363, 39.946570727757944, 2832.991256166801], [39.6441343737707, 322.87485375819443, 2919.475188197922], [22.431781587170477, 588.5874607447934, 2923.850410358977], [1.7135280671557407, 449.42963344195323, 2771.3869194642784], [-310.2657107644486, 265.1772314233615, 2492.3816068109713], [-509.1609252930124, 546.3265429686346, 2290.2732168505654], [-40.66861609137945, -188.628135287193, 2578.1208747347455], [61.94712608820599, -185.25897683430827, 2598.057737664594], [-76.88140038881878, -183.76777281520106, 2626.2398538256884], [-32.827991772156636, -172.54810073393543, 2719.6086195555013]], "kpt2d_body": [[973.6936373199167, 574.6125681481623], [895.1684815274137, 477.3328241122724], [956.7651485721319, 800.1851603426618], [1024.4138655977972, 574.7971098870883], [1045.2369762137616, 737.3305991203965], [1000.269868076647, 874.663586803546], [979.407651852384, 818.0305129688139], [951.7070638021456, 1019.6246888295732], [961.9984724770575, 1203.9962331192453], [927.3581209544293, 578.4425892392496], [953.5195400637185, 712.540235317766], [945.2163537227406, 836.4136197030974], [935.4598684490807, 783.3431791585563], [761.8325434265216, 706.0716034564244], [632.7391461665918, 881.9009698974567], [912.5584338071345, 456.80922973167014], [967.8921331549817, 459.3971035965733], [893.706193530319, 461.2615977737952], [917.7235240858686, 470.31707114934505]], "kpt2d_body_mask": [true, true, true, true, true, true, true, true, true, true, true, true, true, true, true, true, true, true, true], "kpt3d_body_mask": [true, true, true, true, true, true, true, true, true, true, true, true, true, true, true, true, true, true, true], "kpt_list": ["Thorax", "Nose", "Pelvis", "L_Shoulder", "L_Elbow", "L_Wrist", "L_Hip", "L_Knee", "L_Ankle", "R_Shoulder", "R_Elbow", "R_Wrist", "R_Hip", "R_Knee", "R_Ankle", "L_Eye", "L_Ear", "R_Eye", "R_Ear"]}