{"id": 1, "class": "person", "kpt3d_body": [[-1419.7267587346123, 351.5196648062459, 2387.63138887378], [-1602.179955071024, 483.99724558123233, 2306.805007974332], [-1154.0545961115502, 410.5383948790353, 2828.0129844088615], [-1268.8150154007471, 378.40185865410956, 2316.601809143604], [-1040.137137907352, 421.5385116220235, 2506.664494344364], [-1030.6029282336792, 563.5395719846681, 2729.088302559231], [-1047.484643362826, 425.0836984167268, 2786.7790240235263], [-1027.800791482796, 780.1430849166742, 3059.1002779973064], [-937.5421991729883, 1054.857792991691, 3394.1135531267137], [-1570.0908071649544, 329.17701568186203, 2453.8065431897585], [-1710.376954497182, 505.7583031728793, 2707.337067621066], [-1830.0795553132293, 739.1713274343937, 2673.243440514173], [-1260.6150027748977, 395.9903964948381, 2869.248587979001], [-1328.9258008822285, 748.4358893021401, 3139.303127463082], [-1324.3855645737272, 1039.8203791718054, 3424.017694973041], [-1584.606185295424, 465.44863802413613, 2268.1544759321646], [-1487.1274821678592, 421.5289265456097, 2247.414140827629], [-78.99241259, 862.0156461, 3755.7054749999998], [-78.99241259, 862.0156461, 3755.7054749999998]], "kpt2d_body": [[191.70729425845548, 735.6060807617978], [86.78195001560834, 808.5510471611751], [408.5003094592719, 740.5212981835928], [244.9149982468881, 758.1187388520432], [401.0489797147502, 770.3343255640077], [448.6546924478544, 821.9734807610529], [448.49056201785606, 751.4126832780898], [503.22921433462267, 886.9509526419312], [582.3459636993343, 961.589703384325], [141.71440538633885, 717.3286816388975], [152.8851479519019, 783.513748963594], [101.5627871535645, 890.4141553777649], [370.3035504491513, 729.9881172054024], [394.52774346465503, 860.6206887650894], [443.1620474676185, 945.7070776605603], [82.20053623519232, 802.688804867512], [120.5958463975278, 782.9019164456981], [921.698996476544, 863.096553564833], [921.698996476544, 863.096553564833]], "kpt2d_body_mask": [true, true, true, true, true, true, true, true, true, true, true, true, true, true, true, true, true, false, false], "kpt3d_body_mask": [true, true, true, true, true, true, true, true, true, true, true, true, true, true, true, true, true, false, false], "kpt_list": ["Thorax", "Nose", "Pelvis", "L_Shoulder", "L_Elbow", "L_Wrist", "L_Hip", "L_Knee", "L_Ankle", "R_Shoulder", "R_Elbow", "R_Wrist", "R_Hip", "R_Knee", "R_Ankle", "L_Eye", "L_Ear", "R_Eye", "R_Ear"]}