{"id": 1, "class": "person", "kpt3d_body": [[-427.83700653610487, 279.75175354037674, 2911.058180570408], [-602.4599377092206, 244.67398711036503, 2742.552588353519], [-142.32110485495764, 440.68777095372, 3341.828218387089], [-362.62222707703086, 382.78137545093114, 2822.261487965148], [-360.2763870070505, 697.3097198011614, 2823.0956121041113], [-373.94027729878223, 768.458686439318, 3070.2213196742177], [-110.19712668632657, 511.440353871689, 3279.5802368268523], [-394.3987879959817, 845.5459361336137, 3188.613051850368], [-252.88666345846758, 895.5512185877335, 3599.5920094443136], [-484.58048354947607, 164.63234211870358, 2992.4314942682504], [-706.5423035520997, 167.63949935189672, 3256.257942856866], [-657.9711875541204, 373.5787942551168, 3403.515188938448], [-174.4453803219591, 369.9347787076258, 3404.0765376811923], [-618.1317349865874, 484.0010084634337, 3478.0550107597046], [-348.43529968175335, 742.0166478935784, 3727.5925223152717], [-568.1813267326788, 237.323995725335, 2706.871633036363], [-465.8322418803963, 250.87702338850931, 2723.85456577263], [-594.1269546509338, 196.10842497865022, 2741.350422219949], [-528.9943787441663, 147.95353601882738, 2812.8117727845083]], "kpt2d_body": [[747.1948066991816, 680.7810889733523], [648.7564588216004, 670.4037118928388], [891.4394234033582, 730.7864420016232], [772.9760980145278, 735.1389893700139], [776.2493583380278, 884.8207975227605], [784.2127431355868, 889.2962854667805], [904.0105607488985, 763.7611042106023], [781.9986230361235, 908.8079450318245], [854.3584703152254, 888.2475670852892], [726.3858588528609, 624.1056499337516], [651.9174613205639, 618.815556631515], [684.4565873026686, 698.8526112782686], [879.313325299956, 698.8579455829176], [706.0297602154102, 739.1435772483503], [821.8674242966156, 821.605766964914], [661.819147234861, 668.4423535127574], [714.3805535751236, 675.0166350185016], [652.4600033060863, 646.2873621589414], [690.8696963122403, 620.5855594426566]], "kpt2d_body_mask": [true, true, true, true, true, true, true, true, true, true, true, true, true, true, true, true, true, true, true], "kpt3d_body_mask": [true, true, true, true, true, true, true, true, true, true, true, true, true, true, true, true, true, true, true], "kpt_list": ["Thorax", "Nose", "Pelvis", "L_Shoulder", "L_Elbow", "L_Wrist", "L_Hip", "L_Knee", "L_Ankle", "R_Shoulder", "R_Elbow", "R_Wrist", "R_Hip", "R_Knee", "R_Ankle", "L_Eye", "L_Ear", "R_Eye", "R_Ear"]}