{"id": 1, "class": "person", "kpt3d_body": [[-225.7770072021735, -184.92961788850366, 2742.754460755425], [-358.1758534087694, -279.700848787285, 2539.4935555446073], [-312.01017125953854, 236.89405885144828, 3086.982940829387], [-153.57237457730412, -74.3080525796583, 2628.5779856418553], [-124.72435136955627, 153.42017796602576, 2788.158309866868], [-201.43807722465354, 365.54565262457976, 2923.8515929003206], [-274.0292109246045, 304.56037459955803, 3002.3560229426184], [-417.1218663662412, 610.8435573027717, 3194.908485364527], [-313.9444286819152, 830.044260438989, 3581.660421684009], [-305.7258820426394, -298.9659116741018, 2854.8488379054106], [-334.13548705695604, -146.0234774109746, 3102.3825288595353], [-420.7611276000192, 84.24748056990936, 3220.2455022768854], [-349.99009037730684, 169.2277336182569, 3171.6099347217278], [-378.3933282459969, 479.83323994727215, 3436.7741426052385], [-294.0887805521081, 765.5535723404961, 3725.539002264561], [-323.5180990267269, -293.09984590690885, 2505.287650817152], [-219.90103572204362, -284.550780679067, 2520.0618780954082], [-351.98096759857066, -329.60412525363864, 2542.9596422173013], [-295.2909552909752, -380.9094809921339, 2614.6537350308645]], "kpt2d_body": [[836.0003185076124, 454.54760766724], [755.4475605562664, 396.14431315661795], [810.1049476965287, 654.5074199244468], [869.0785385781335, 508.8204194110787], [888.1880104488914, 624.6600858803158], [854.9428422031208, 721.2342933613241], [823.818727514591, 688.6479970757498], [771.0607821356266, 810.4030088449779], [830.3293226924793, 865.3973522924084], [802.0069981033698, 403.22928494558903], [800.7866223100746, 482.8536871315387], [769.0772128364998, 584.3822699085256], [797.1638374506687, 622.1182602900808], [798.2446854544283, 740.8202533164243], [841.8908224043613, 830.4374933461831], [771.8349917525577, 386.61047244990164], [829.4413938524552, 391.79673202577925], [759.2949651803929, 369.46074490580224], [794.4115361552222, 347.18944568251493]], "kpt2d_body_mask": [true, true, true, true, true, true, true, true, true, true, true, true, true, true, true, true, true, true, true], "kpt3d_body_mask": [true, true, true, true, true, true, true, true, true, true, true, true, true, true, true, true, true, true, true], "kpt_list": ["Thorax", "Nose", "Pelvis", "L_Shoulder", "L_Elbow", "L_Wrist", "L_Hip", "L_Knee", "L_Ankle", "R_Shoulder", "R_Elbow", "R_Wrist", "R_Hip", "R_Knee", "R_Ankle", "L_Eye", "L_Ear", "R_Eye", "R_Ear"]}