{"id": 4, "class": "person", "kpt3d_body": [[-202.6527589321011, -154.30065732369457, 2751.7331941188195], [-365.89474596387134, -296.94090615181125, 2749.9533772965024], [-188.8912906547386, 360.97093297343645, 2899.799393572321], [-199.09322454847722, -131.78813213428583, 2599.4110173723066], [-229.81169481368212, 62.1944366124923, 2409.6654504277076], [-314.47310105414897, -142.5545107540097, 2434.5430134080816], [-207.17297897101386, 386.5783641137102, 2809.268424924343], [-153.75259703259974, 798.8105556247375, 2901.0242091414348], [-101.03164197609202, 1189.718194628043, 2977.2982763432565], [-177.60909679781392, -190.19669126349015, 2905.1216863934087], [-94.91879649186049, -101.55105228707555, 3190.4477853503136], [-198.59916992825214, -299.2278091453585, 3077.394720447026], [-170.60856031961055, 335.36444346678206, 2990.3306220718687], [-128.85294632098254, 719.0999753690019, 3109.650992021585], [-93.61162077590222, 1126.6334408199546, 3218.3209628364466], [-357.0134823246721, -321.81013130359275, 2711.3989066521276], [-269.15792731236013, -310.45722869049996, 2645.765285373482], [-348.6976711598134, -338.52364315602273, 2766.1209648715367], [-251.14772180835962, -354.33139096137864, 2791.7894667509977]], "kpt2d_body": [[799.7820023796215, 448.37151392099577], [690.2526171731108, 352.84910910739063], [815.8227272781404, 782.6727748882872], [794.3034269619956, 458.3335316624109], [759.4430625890019, 600.1617723146512], [697.0729974253175, 443.98967290193474], [799.9650632274281, 806.769429829888], [839.2711532052496, 1057.3725990966793], [874.9912389923905, 1278.4523162252763], [823.0181137569023, 430.94118426013665], [881.2895556398583, 493.24501752195573], [816.8212746258721, 372.22091585739327], [830.7505579753844, 759.9882764110412], [860.2537414272401, 977.8940158061015], [883.5821786603618, 1190.8618276536477], [692.8976105177, 333.141246052783], [748.0937048160721, 335.36470200913675], [703.2637762782786, 326.2976056521586], [769.9160391016308, 317.6559417020352]], "kpt2d_body_mask": [true, true, true, true, true, true, true, true, true, true, true, true, true, true, true, true, true, true, true], "kpt3d_body_mask": [true, true, true, true, true, true, true, true, true, true, true, true, true, true, true, true, true, true, true], "kpt_list": ["Thorax", "Nose", "Pelvis", "L_Shoulder", "L_Elbow", "L_Wrist", "L_Hip", "L_Knee", "L_Ankle", "R_Shoulder", "R_Elbow", "R_Wrist", "R_Hip", "R_Knee", "R_Ankle", "L_Eye", "L_Ear", "R_Eye", "R_Ear"]}