{"id": 6, "class": "person", "kpt3d_body": [[-96.9745180903573, -187.2369559486924, 2785.172371931051], [-268.5079794416266, -381.7991088710707, 2767.4677446568594], [-105.32625947151072, 348.26194632432134, 2935.461026223533], [-108.57766166100775, -145.64650076678674, 2615.4585742270874], [-90.66036233564722, 163.56236536425172, 2645.0037974402494], [-155.98206949262484, 404.08758476907497, 2717.86584558927], [-105.13902439497252, 372.43824922675583, 2839.4853803977103], [-107.4881338934324, 760.2104521521242, 2955.0951251935016], [-90.6286602841322, 1161.011326923897, 3082.498344480777], [-89.18837285646349, -229.811254178735, 2956.59816206617], [-91.2510274568103, 51.2262341689906, 3093.1379486619385], [-161.06086678683596, 297.585973118054, 3145.2929391116527], [-105.51413424899386, 324.08583435789683, 3031.4360054714207], [-83.55756437932156, 711.275186120123, 3131.2723458268792], [-37.11943016032884, 1117.341369571017, 3234.07726191447], [-254.25411813962955, -410.2212814906457, 2725.5568991573414], [-168.50923620785548, -394.53780859294454, 2662.0841675554475], [-242.47883657636316, -423.6411517195836, 2785.835679437182], [-140.2440187778158, -427.8513433819637, 2810.4233719450035]], "kpt2d_body": [[871.9078408707102, 427.6313694764459], [756.9519485397734, 297.4203407756447], [870.0477999084974, 772.027952864923], [859.4446497262802, 449.01934975514314], [872.9055861305656, 667.0376035791467], [830.2993785904416, 827.1983201261617], [867.9583851539967, 795.0927869222454], [869.7259589070228, 1024.9127965053356], [883.1381445815842, 1237.929294008337], [880.5715036680799, 408.1820551271985], [881.7460269614647, 583.0648343143895], [841.5314735223527, 727.6411290352189], [872.0096865369335, 750.3927465358214], [887.4451217576667, 970.5424705607646], [915.7696286021618, 1182.8002008013073], [763.9588744980357, 274.36244548946286], [819.3669025214352, 278.3685146897847], [775.5036660488445, 271.4491666012619], [844.1903978428174, 270.8994585230704]], "kpt2d_body_mask": [true, true, true, true, true, true, true, true, true, true, true, true, true, true, true, true, true, true, true], "kpt3d_body_mask": [true, true, true, true, true, true, true, true, true, true, true, true, true, true, true, true, true, true, true], "kpt_list": ["Thorax", "Nose", "Pelvis", "L_Shoulder", "L_Elbow", "L_Wrist", "L_Hip", "L_Knee", "L_Ankle", "R_Shoulder", "R_Elbow", "R_Wrist", "R_Hip", "R_Knee", "R_Ankle", "L_Eye", "L_Ear", "R_Eye", "R_Ear"]}