{"id": 1, "class": "person", "kpt3d_body": [[358.1463420244369, -321.7542970463928, 2757.409776540613], [484.3215640764143, -500.3274964970417, 2772.0230377456037], [338.82058889963264, 246.8475047979848, 2944.399946469559], [274.29155549651205, -373.1208959889848, 2887.330956458328], [202.84011063585632, -456.5922690069233, 3156.923158878958], [323.38965465789755, -660.8007444458941, 3123.503423323198], [298.7347900232529, 221.15209648489582, 3035.058295113909], [275.68153804777654, 637.6541208108558, 3142.19837392832], [256.6874175796605, 1012.5967368893225, 3246.9831269605766], [433.1367188804967, -272.6213488460785, 2614.674824060895], [673.2452611822856, -175.15767730553577, 2453.7880333457915], [707.6519966037761, -409.6627399755057, 2542.1740729907056], [378.90699245096994, 272.544558595779, 2853.7431524146336], [344.77234663097806, 683.2048089618283, 2996.3295491839253], [324.9767130691275, 1064.7529560967052, 3118.802325901318], [452.76721788068386, -538.7588683847183, 2774.573137163685], [349.8830104230034, -529.2752015910584, 2773.9514528582094], [482.2742631275172, -520.2412138489756, 2727.9865224117607], [424.30809374066723, -484.30595001355005, 2648.4265794648663]], "kpt2d_body": [[1142.2866356227075, 386.0488659504033], [1207.664115435571, 292.50538872248893], [1120.4346157812743, 686.9373171481813], [1090.009506857721, 367.03393938443577], [1043.758823084745, 343.889241421146], [1101.7672925938452, 245.7645698470863], [1095.5447917163815, 670.5982146486725], [1078.3390247181949, 863.7056727902439], [1063.9209830290333, 1020.2792807101775], [1195.5910713759515, 404.9589699478833], [1354.688674541471, 455.1923528971922], [1358.5079746237434, 323.4425053617157], [1146.7939012511752, 704.2380801089272], [1118.5745543638025, 899.8008845664842], [1100.2871688154587, 1061.1669968637348], [1190.3924930358016, 272.2390970666493], [1135.66796399697, 276.4635375844526], [1210.4770883961326, 277.6145632722801], [1186.2482221786227, 288.7238238749643]], "kpt2d_body_mask": [true, true, true, true, true, true, true, true, true, true, true, true, true, true, true, true, true, true, true], "kpt3d_body_mask": [true, true, true, true, true, true, true, true, true, true, true, true, true, true, true, true, true, true, true], "kpt_list": ["Thorax", "Nose", "Pelvis", "L_Shoulder", "L_Elbow", "L_Wrist", "L_Hip", "L_Knee", "L_Ankle", "R_Shoulder", "R_Elbow", "R_Wrist", "R_Hip", "R_Knee", "R_Ankle", "L_Eye", "L_Ear", "R_Eye", "R_Ear"]}