{"id": 1, "class": "person", "kpt3d_body": [[363.0247868819359, -320.3409469332182, 2765.100264056563], [504.1542343613223, -507.27078155483855, 2783.7638999948877], [361.38322549747886, 242.42848017138556, 2956.112161800609], [276.0390657840374, -366.52246678363167, 2889.3697198158743], [153.3499979581313, -324.9287104645616, 3144.169347702554], [247.07621519469373, -531.9738145061156, 3150.0122766042364], [303.5716429245917, 215.33852775739263, 3036.804315351829], [274.72374028257326, 631.4419978778388, 3138.6355422796673], [258.6288844602689, 1013.7654984232247, 3247.4260184126815], [426.6703081137076, -278.2926194610609, 2626.236697196431], [543.167464710334, -65.6159587678745, 2456.31530107683], [643.1033111981322, -292.01816356342806, 2429.9452911351054], [419.19388122557154, 269.51851211115866, 2875.419641323815], [350.05600064639816, 685.1270050245529, 3001.607831910146], [322.5350773098727, 1066.3339872153185, 3118.638124009945], [474.25173543480156, -545.7782493391231, 2787.592030720658], [370.2429063261935, -537.6048971046679, 2787.188772007012], [501.8613644081495, -526.5082586479768, 2739.9546320736636], [442.7392154884427, -491.2049682324847, 2661.4198437083446]], "kpt2d_body": [[1144.3875210314418, 387.30854114107785], [1217.010797158598, 290.11011928394424], [1131.1863316450238, 684.1496189958866], [1090.8362003935608, 370.5739257268857], [1020.6682792827754, 405.39822787983564], [1064.837743775718, 308.09121531307363], [1097.8618881993948, 667.6545376647298], [1078.0542062252123, 861.1509814428747], [1064.7808156195076, 1020.7171228593918], [1190.842707909847, 402.3889135005876], [1277.9317843384842, 521.0932342427232], [1339.8968177949412, 383.0755367427993], [1166.1930134098125, 701.4659828047809], [1120.8776908910036, 900.1196606743192], [1099.1385535039046, 1061.9140593219693], [1200.576665303597, 270.0414377633708], [1145.5775122266434, 273.5297791021042], [1219.7996632502263, 275.6412984420301], [1195.2681931843517, 286.3621639951678]], "kpt2d_body_mask": [true, true, true, true, true, true, true, true, true, true, true, true, true, true, true, true, true, true, true], "kpt3d_body_mask": [true, true, true, true, true, true, true, true, true, true, true, true, true, true, true, true, true, true, true], "kpt_list": ["Thorax", "Nose", "Pelvis", "L_Shoulder", "L_Elbow", "L_Wrist", "L_Hip", "L_Knee", "L_Ankle", "R_Shoulder", "R_Elbow", "R_Wrist", "R_Hip", "R_Knee", "R_Ankle", "L_Eye", "L_Ear", "R_Eye", "R_Ear"]}