{"id": 1, "class": "person", "kpt3d_body": [[355.8340759650573, -325.537557934024, 2780.8320877412375], [508.9047605208137, -494.6291121967288, 2768.8462648928494], [359.0038967961143, 232.55608477464605, 2941.164058131949], [440.2793529309371, -352.93233213762153, 2898.070423919593], [720.2960821462591, -254.81949842872936, 2788.068420567347], [892.1762015168799, -231.9617402010489, 2635.8865700751353], [382.33443661674767, 210.76119941382444, 3034.4853138719727], [308.9474822204638, 639.340803711376, 3141.2356925402737], [260.5764637180925, 1010.5111588924633, 3254.0543174025065], [280.41369847360863, -296.099900935455, 2659.5541878037598], [485.86067878850514, -200.20972959350317, 2475.4249574006385], [497.7829393646301, -393.51526433318054, 2622.1226672172834], [335.67349934859965, 254.35009392780316, 2847.842252855735], [329.1983204617849, 689.9141822922861, 2978.8880645467734], [325.54507444025955, 1070.2571972901544, 3120.513698288333], [483.7568269474559, -530.3838190823258, 2784.426564482864], [381.7985448794195, -524.263714135853, 2806.5760402680917], [499.2749325619886, -522.4656560867016, 2731.911344301243], [413.9332823523172, -498.9043291118951, 2664.1760743251043]], "kpt2d_body": [[1139.4111173221036, 385.4656466538022], [1221.042254443248, 295.41658968398974], [1130.9272518586592, 679.7494660109786], [1175.0060521911769, 378.7374124581653], [1331.3488801176609, 425.3808843218631], [1445.3182084802745, 431.7632597781794], [1136.877139760201, 665.3192408297195], [1094.1469858325684, 864.4411401598456], [1065.4491467928333, 1018.4056598353425], [1105.8018408177445, 393.79105809457684], [1241.056197319202, 440.141875074773], [1230.518640274944, 337.5008967740937], [1124.578871106301, 695.1129325787682], [1111.7632141873491, 905.0780208206453], [1100.4357451434698, 1063.357224435863], [1205.9997659518829, 277.8705502811578], [1150.4277768113666, 282.5011819046426], [1219.2240451642747, 276.9655075079348], [1179.0151006759272, 282.1843344070006]], "kpt2d_body_mask": [true, true, true, true, true, true, true, true, true, true, true, true, true, true, true, true, true, true, true], "kpt3d_body_mask": [true, true, true, true, true, true, true, true, true, true, true, true, true, true, true, true, true, true, true], "kpt_list": ["Thorax", "Nose", "Pelvis", "L_Shoulder", "L_Elbow", "L_Wrist", "L_Hip", "L_Knee", "L_Ankle", "R_Shoulder", "R_Elbow", "R_Wrist", "R_Hip", "R_Knee", "R_Ankle", "L_Eye", "L_Ear", "R_Eye", "R_Ear"]}