{"id": 2, "class": "person", "kpt3d_body": [[-425.7868014624912, -179.567844535963, 3052.02196616284], [-578.6827010513305, -346.45998300943205, 3061.602096479059], [-403.83537815344005, 277.75225661342984, 3255.337695008216], [-510.36166391222565, -126.26031010024519, 2915.851656293457], [-525.5185740646966, 152.66722739741738, 2962.7135848365187], [-587.3568294562133, 352.09415042550916, 3092.550906824115], [-457.2571602601843, 323.351889018923, 3185.865436974395], [-439.909610612786, 642.232801747059, 3359.8618308581667], [-412.77704773697087, 953.8294274531986, 3541.7134805976525], [-346.5721281602706, -241.2832789515835, 3188.037600021632], [-339.9278988922552, -13.018996178314524, 3365.8842940369054], [-484.27949231717184, 150.1452317745708, 3508.601573724884], [-350.4135268643048, 232.15350916865717, 3324.810424272682], [-448.2626355526662, 502.1971207648764, 3578.365445950375], [-255.7653544624538, 844.4817780652338, 3551.037853419105], [-579.7840066092765, -363.3421425523346, 3015.2467474850387], [-522.723270131188, -324.54174534852086, 2937.1422649470082], [-546.3156746934429, -386.7046260753253, 3063.8511226327782], [-440.5936784238893, -379.48549282984544, 3057.332765062587]], "kpt2d_body": [[751.7646714186607, 463.5716247994269], [683.4070777862908, 387.8162772201814], [773.689574138104, 667.4755493793413], [702.0429840998833, 485.7016221111767], [698.8473408697255, 619.4447287360128], [682.1948510949478, 706.6688956842685], [746.5334434809839, 690.0243739911124], [765.5067925391934, 814.8925842812355], [787.1381149376311, 921.3486708681273], [795.2154876202376, 439.5810863109177], [805.8901705985948, 541.3073796930848], [753.7703934365564, 607.3520437867533], [799.8748824197761, 645.7415498915054], [772.5894630071914, 744.6049365418279], [848.5810814517158, 879.649335810842], [679.0129747195572, 377.63832217064964], [698.647994168756, 391.3719079259655], [698.4252449140472, 369.44029541598974], [745.9720043434759, 371.8410646426671]], "kpt2d_body_mask": [true, true, true, true, true, true, true, true, true, true, true, true, true, true, true, true, true, true, true], "kpt3d_body_mask": [true, true, true, true, true, true, true, true, true, true, true, true, true, true, true, true, true, true, true], "kpt_list": ["Thorax", "Nose", "Pelvis", "L_Shoulder", "L_Elbow", "L_Wrist", "L_Hip", "L_Knee", "L_Ankle", "R_Shoulder", "R_Elbow", "R_Wrist", "R_Hip", "R_Knee", "R_Ankle", "L_Eye", "L_Ear", "R_Eye", "R_Ear"]}