{"id": 3, "class": "person", "kpt3d_body": [[-29.76796555394656, -33.52610239947495, 2895.0614498328787], [-150.86486741397692, -166.36521647110953, 2924.748995520018], [-48.66363097634047, 443.15335316912865, 3118.3998387987053], [-88.67644532045688, 26.68011872602392, 2756.4661948169505], [-222.5847202771243, 141.30363701713847, 2630.0279689020413], [-268.7661928156134, 58.266193894557574, 2839.0135714590942], [-103.98592129670575, 481.3367937449864, 3027.00954560214], [-81.01444356771052, 777.255405148371, 3163.353948298302], [-52.50498652657476, 1108.8008589918602, 3283.176363533871], [73.48755486308947, -81.83477337593146, 2999.1086782130697], [187.45697838335983, -59.81906805634111, 3196.2010987583967], [-50.73857896032419, -79.60337828923087, 3173.743466785277], [6.657888984113152, 404.970581222168, 3209.791111526284], [29.278869997101758, 715.784839330022, 3303.2438978229334], [48.14890537806904, 1044.1473700111358, 3421.33147302408], [-153.2231938183945, -187.52236257980144, 2882.9295121865885], [-112.30846175659548, -156.4032832633677, 2803.4230490962846], [-119.37544760805568, -200.46147481296373, 2929.124487677902], [-25.81939306815884, -197.4564795689676, 2920.2249299998903]], "kpt2d_body": [[934.9590656193775, 530.3174822003422], [876.1242500566755, 465.9582125233311], [927.5016942469387, 747.9370648284072], [903.7274370523664, 560.5754987136622], [829.1740843937295, 623.0595541700884], [814.8604863749567, 575.935105817693], [900.9769231909332, 771.4862191730003], [913.7254823412591, 890.7777734844051], [927.572116904186, 1013.2185774958566], [984.6073264054394, 507.9702445002323], [1033.2870161726228, 520.1833718317274], [926.8201507156188, 511.1046819409307], [952.5970105051433, 725.6003748454639], [962.1640003887081, 851.2976345122925], [969.3037262702921, 970.5173345817177], [873.9168562262951, 454.38444521633045], [892.5242389980222, 467.48353448508476], [891.5625680114312, 449.5455311406896], [937.0340929058561, 450.6638694158372]], "kpt2d_body_mask": [true, true, true, true, true, true, true, true, true, true, true, true, true, true, true, true, true, true, true], "kpt3d_body_mask": [true, true, true, true, true, true, true, true, true, true, true, true, true, true, true, true, true, true, true], "kpt_list": ["Thorax", "Nose", "Pelvis", "L_Shoulder", "L_Elbow", "L_Wrist", "L_Hip", "L_Knee", "L_Ankle", "R_Shoulder", "R_Elbow", "R_Wrist", "R_Hip", "R_Knee", "R_Ankle", "L_Eye", "L_Ear", "R_Eye", "R_Ear"]}