{"id": 2, "class": "person", "kpt3d_body": [[-1.4470010849982362, -138.71191827849685, 2823.0939599173853], [-135.6712699847301, -286.64429740056875, 2851.513547637241], [-4.56693627535361, 361.0165408043508, 3060.0335112578073], [-60.19205556784708, -93.94060786374865, 2708.9438968366544], [-236.01110488289277, -7.4655100124296325, 2506.7079348941757], [-373.415056032596, 61.860491340282096, 2298.520383036931], [-50.94269223359611, 401.9944991358773, 2988.4318269436085], [-37.16616969410407, 748.8865463791919, 3128.4364128385005], [6.779929511661376, 1083.7735725281318, 3272.3312649713557], [89.40197157490351, -190.52080622562272, 2926.7020385241876], [250.36012568659245, -308.96340716832924, 3138.8993577768065], [418.44897516699666, -412.4502560041739, 3315.9924835562906], [41.80972222916349, 320.03876736795735, 3131.6347582803273], [67.64064981090722, 667.7339396928572, 3287.721772973764], [88.49027693805999, 1017.7205758812654, 3420.014203490004], [-135.02962644698084, -305.1712467453626, 2806.148930013441], [-78.25513754605045, -263.214032999698, 2729.016083459742], [-99.15888061703036, -320.30585509743133, 2855.540751664941], [3.7740556327912334, -301.94896232975793, 2848.64914619435]], "kpt2d_body": [[948.9075604930409, 476.89914460686566], [881.95403350223, 404.1819146918326], [947.5252393300693, 714.0874019321909], [917.9321931811533, 497.4581886910697], [815.5753332435369, 542.569234168341], [719.4954530765508, 584.8111801505429], [925.4406449271539, 737.2990505456983], [932.9844157586222, 882.2436197641775], [952.5930752686843, 1004.7342112200901], [993.1906316806682, 454.25536099530535], [1063.0284246351614, 407.2722686023684], [1128.3061165333447, 371.2022534141221], [968.6477306776624, 691.8447190860863], [978.7047453074142, 832.612086418884], [985.7711549051089, 960.3896415707184], [881.2194311937484, 392.5833488422963], [908.821195234455, 409.87490934747564], [900.2607485225536, 387.71711981076726], [951.5311169482734, 396.36163917165044]], "kpt2d_body_mask": [true, true, true, true, true, true, true, true, true, true, true, true, true, true, true, true, true, true, true], "kpt3d_body_mask": [true, true, true, true, true, true, true, true, true, true, true, true, true, true, true, true, true, true, true], "kpt_list": ["Thorax", "Nose", "Pelvis", "L_Shoulder", "L_Elbow", "L_Wrist", "L_Hip", "L_Knee", "L_Ankle", "R_Shoulder", "R_Elbow", "R_Wrist", "R_Hip", "R_Knee", "R_Ankle", "L_Eye", "L_Ear", "R_Eye", "R_Ear"]}