{"id": 1, "class": "person", "kpt3d_body": [[-101.50711985670199, -128.86411167123072, 2685.747350071223], [-211.27429999984926, -284.06546396574726, 2588.862654568831], [-93.35864022121832, 479.4863706166777, 2632.443673155972], [17.311887073876655, -150.23449769025206, 2592.9887784616044], [228.74978862390918, -167.59450825526244, 2412.3009601008166], [422.3524906688068, -202.8078498718017, 2213.7297382247034], [-21.86261323192884, 471.75479880026415, 2560.197476240182], [-21.75404951520992, 918.2975349380797, 2524.5035549571567], [3.0526096133414615, 1302.7043540546958, 2500.1938925374093], [-204.3140030663921, -114.28283550888693, 2801.923534943544], [-381.8179926023065, -71.9651613712648, 3044.2351491107056], [-615.0733293537793, 11.056901578700149, 3164.1906735222983], [-164.8556386650947, 487.21691736481955, 2704.689561023185], [-158.88966782402505, 927.6355892997076, 2671.798367057464], [-157.84115057237983, 1322.774082054666, 2652.7873789232467], [-177.69269105472932, -319.17974487375403, 2584.9867499971224], [-79.23345953001157, -307.6776827947157, 2618.731396499952], [-219.57545057609667, -313.7969032593753, 2625.842070511485], [-187.75184069578927, -296.6776559806564, 2724.6814866456975]], "kpt2d_body": [[881.7760894187466, 491.87000752501206], [821.0476036736212, 406.43205221264975], [885.4913664621486, 810.4160739100762], [943.9195776163847, 477.97590464884183], [1066.7332023355705, 462.1666689930149], [1198.1835054725957, 432.4641368760237], [922.7780994123491, 813.3797221796902], [923.0351083050824, 1048.2939364040437], [936.3324153942214, 1237.6027191884145], [832.7955681470414, 501.9521773491516], [759.9828969908608, 525.9191704972834], [665.6486568258597, 563.5652037396479], [850.2378390465282, 807.5164296333573], [854.2599098432288, 1026.9815898488553], [856.6890900676273, 1211.0978162926554], [838.9861105185364, 387.40394072729595], [892.446745995675, 395.4614873620686], [818.3339499223758, 392.97792332126835], [838.6603283239335, 407.5085281780231]], "kpt2d_body_mask": [true, true, true, true, true, true, true, true, true, true, true, true, true, true, true, true, true, true, true], "kpt3d_body_mask": [true, true, true, true, true, true, true, true, true, true, true, true, true, true, true, true, true, true, true], "kpt_list": ["Thorax", "Nose", "Pelvis", "L_Shoulder", "L_Elbow", "L_Wrist", "L_Hip", "L_Knee", "L_Ankle", "R_Shoulder", "R_Elbow", "R_Wrist", "R_Hip", "R_Knee", "R_Ankle", "L_Eye", "L_Ear", "R_Eye", "R_Ear"]}