{"id": 1, "class": "person", "kpt3d_body": [[-112.46374376798298, -77.90283907232606, 2675.700349997703], [-261.37543773276883, -215.11591251764315, 2586.7780065895568], [-118.29051224561698, 478.9408773819873, 2606.5712656169253], [9.347525839315889, -97.2598768817312, 2543.48980368275], [44.247522451758954, 169.7017676000479, 2468.2373513049415], [-23.56660738240242, 413.096359207246, 2401.696919106448], [-53.4838571242776, 472.99725547262926, 2529.68583124847], [-26.384417095739483, 916.2217355751777, 2517.3214086264907], [3.6172675263509646, 1300.953771338819, 2497.70660485685], [-240.97038765380265, -61.970672537821656, 2794.9507620342724], [-268.7693288429879, 221.3854743943591, 2782.940071093885], [-312.62880558081656, 473.0370585719969, 2692.7012973990354], [-183.09619694313096, 484.8845271772693, 2683.457084042634], [-163.03108176768916, 925.0421005486595, 2663.4333345622235], [-156.0951455215704, 1319.4959039900718, 2653.6480582064796], [-243.24273792965474, -260.53967827822845, 2574.6849131652875], [-145.064190947264, -294.330455455152, 2590.2248771340246], [-273.1904389847808, -246.16716766396706, 2623.7611685848333], [-228.94074332674853, -269.0679163428689, 2715.742375106968]], "kpt2d_body": [[875.8373253062571, 518.1602602919279], [793.9488912686525, 443.2647568707186], [871.7831350381664, 812.523055198955], [939.7267254511405, 505.41707202114543], [959.6289304179986, 654.5736129737039], [920.9956371043014, 796.7292079565079], [905.3343323710105, 817.0255286280567], [920.521221980709, 1048.5564975388822], [936.6292621170346, 1237.3931027035162], [814.2693667452513, 527.8876628717089], [800.1264330119086, 669.2634797554354], [774.2756524172843, 800.7843284729024], [840.1927213986726, 808.2025072088102], [851.9117361045967, 1027.1034909546308], [857.551696949083, 1209.4800979561896], [803.1663010677214, 418.29859491905], [856.6109666758156, 400.8891414172541], [789.7677971412134, 428.5482113041863], [817.2422542652193, 421.14768227250977]], "kpt2d_body_mask": [true, true, true, true, true, true, true, true, true, true, true, true, true, true, true, true, true, true, true], "kpt3d_body_mask": [true, true, true, true, true, true, true, true, true, true, true, true, true, true, true, true, true, true, true], "kpt_list": ["Thorax", "Nose", "Pelvis", "L_Shoulder", "L_Elbow", "L_Wrist", "L_Hip", "L_Knee", "L_Ankle", "R_Shoulder", "R_Elbow", "R_Wrist", "R_Hip", "R_Knee", "R_Ankle", "L_Eye", "L_Ear", "R_Eye", "R_Ear"]}