{"id": 1, "class": "person", "kpt3d_body": [[-95.45601180080368, -79.58028266833423, 2654.833614187351], [-213.02453763477308, -295.10944996214846, 2549.4715851502106], [-111.95775087305518, 482.83433833781544, 2603.6118493855524], [25.165658721888995, -92.36347439263625, 2532.0099431066687], [76.83621132068679, 176.51739064818727, 2471.9703883045813], [59.46288835092376, 432.1865610240541, 2397.9772945805635], [-31.358205339826863, 475.15888663165344, 2539.5159834854267], [-24.03040991484076, 912.7197162452404, 2492.9012277433935], [4.095681818047616, 1303.0355344352097, 2494.581506967874], [-223.81961544929447, -71.23925521818563, 2776.4890485478336], [-254.07600296332592, 212.8258442916635, 2815.4647521240913], [-310.1402067796635, 476.43896029952816, 2777.329927446328], [-192.55735844242542, 490.5097959907938, 2667.7077934915114], [-199.6089330186951, 928.773462032001, 2649.770178692374], [-148.34878714759083, 1320.5344275593905, 2643.4503314998874], [-177.54240136981826, -330.6151629967579, 2546.6839517932335], [-76.6084169880397, -311.76427279688994, 2577.504570740929], [-217.59881465846448, -325.4684431441592, 2588.558168765452], [-185.67644721179158, -301.45856067303896, 2687.015250183736]], "kpt2d_body": [[884.3235424174853, 516.9548630086621], [818.3941460047835, 398.1403759827392], [875.0860531084, 814.8467055131694], [948.4858555563882, 507.87222627327554], [977.9929512539115, 658.24203362012], [968.961327812419, 807.8762988709937], [917.5089459648877, 817.2213640905518], [921.6625558390676, 1051.269829235826], [936.8822948271218, 1239.1053732561502], [822.0637891208172, 523.0265702163535], [808.8793806923654, 663.8196801962423], [780.2914502869143, 795.2603417103367], [834.7771369109228, 812.4623615294898], [832.9357058900562, 1030.9112300802256], [861.1316024731105, 1212.2206470468568], [837.6787438738663, 378.68284949427937], [893.201029446146, 390.6831777816991], [817.7745294303958, 384.4130098560026], [838.4118209999673, 402.9497339777772]], "kpt2d_body_mask": [true, true, true, true, true, true, true, true, true, true, true, true, true, true, true, true, true, true, true], "kpt3d_body_mask": [true, true, true, true, true, true, true, true, true, true, true, true, true, true, true, true, true, true, true], "kpt_list": ["Thorax", "Nose", "Pelvis", "L_Shoulder", "L_Elbow", "L_Wrist", "L_Hip", "L_Knee", "L_Ankle", "R_Shoulder", "R_Elbow", "R_Wrist", "R_Hip", "R_Knee", "R_Ankle", "L_Eye", "L_Ear", "R_Eye", "R_Ear"]}