{"id": 1, "class": "person", "kpt3d_body": [[-282.69162012037265, -235.55818095771286, 2824.671119841619], [-416.4419851919937, -406.7379418027261, 2786.778947988028], [-297.4121224916899, 343.1184519043337, 2957.4808967254426], [-297.13144650087924, -200.49179356854836, 2671.1377845587276], [-559.6107617191096, -124.83705930268684, 2532.395476533028], [-622.8510414892326, -309.5397991643736, 2672.9629298870755], [-315.54830730678236, 370.8901592192949, 2859.5914479586845], [-285.1178976666703, 783.3653031292545, 2977.7997660540004], [-267.21115122762603, 1165.9824940980952, 3075.9094001895783], [-276.3631871525131, -270.989575228092, 2970.4301999803993], [-502.0106591626767, -263.6741541793438, 3167.969409994461], [-590.7036457623606, -393.825686238589, 2969.008988029831], [-279.2768086417722, 315.34656562712314, 3055.3711000729973], [-266.8888698481758, 748.8620133728881, 3138.2607832239046], [-248.87272781402433, 1135.377449997374, 3226.7582704911592], [-397.4862763078351, -431.76110112740105, 2751.0522521417874], [-308.44546245206635, -404.6445321596093, 2703.5414983475985], [-391.29742944259726, -444.24549806020224, 2809.6920089077275], [-296.26676402898835, -436.7118484739211, 2850.226831894517]], "kpt2d_body": [[750.9295756022395, 397.9503732062462], [660.5575393575689, 283.31389729525847], [750.2353736068682, 766.8674328645214], [730.2599054396435, 413.40452258134746], [528.8576676248811, 461.58053283581], [507.70205458954933, 339.6655623964451], [732.2819465671803, 791.9593950090996], [760.6677399477569, 1034.8315927223848], [778.4125925387834, 1241.7211308980582], [763.9966370266302, 383.44396116929033], [643.3277944925555, 398.63906068251424], [569.8317852968496, 308.3548845109281], [767.0798045606391, 743.3288108126749], [780.0224948649418, 990.8716454368146], [795.8470891682432, 1193.651625546735], [669.7816627503832, 263.1376982441113], [725.5843378691699, 276.0934308340741], [679.374863678386, 260.9343190457592], [744.3167691482627, 269.49131840911724]], "kpt2d_body_mask": [true, true, true, true, true, true, true, true, true, true, true, true, true, true, true, true, true, true, true], "kpt3d_body_mask": [true, true, true, true, true, true, true, true, true, true, true, true, true, true, true, true, true, true, true], "kpt_list": ["Thorax", "Nose", "Pelvis", "L_Shoulder", "L_Elbow", "L_Wrist", "L_Hip", "L_Knee", "L_Ankle", "R_Shoulder", "R_Elbow", "R_Wrist", "R_Hip", "R_Knee", "R_Ankle", "L_Eye", "L_Ear", "R_Eye", "R_Ear"]}