{"id": 1, "class": "person", "kpt3d_body": [[-292.4884776011324, -243.17294648985666, 2922.8522068055727], [-427.6104077193967, -414.484800747249, 2910.1449521656036], [-318.0697275382618, 332.6815229652985, 2977.9423359928105], [-191.69557451068815, -226.98829925135982, 2814.7438225103356], [-305.2075363509371, -112.58298400140916, 2559.7526086584858], [-446.2302654090001, -287.30827450005506, 2603.4689121367433], [-277.2100523043343, 349.0596094351996, 2885.223985618482], [-287.3828531990087, 784.6411890071761, 2982.3040657055844], [-269.56166475649826, 1167.415111811131, 3079.247530547693], [-374.4734102014252, -258.58747691495154, 3037.0792853055345], [-569.1923298064844, -189.42872384916797, 2822.1480377852818], [-604.205592277577, -209.4005506665951, 2537.5071663253416], [-358.92951019808976, 316.3045815537687, 3070.6602773426866], [-279.35356001489754, 745.4580595764781, 3146.174991687307], [-246.04467480842646, 1134.1822301648947, 3228.103171468978], [-411.7655390361099, -449.6270344789869, 2881.1617014584594], [-319.620659514964, -441.9993298288446, 2831.7634820472626], [-407.1797392649181, -442.77040193533793, 2940.666727997511], [-314.219196995054, -434.35710070105074, 2982.40176609328]], "kpt2d_body": [[750.9469139018529, 398.31229420475427], [665.0953777878625, 289.7390086263632], [738.6679393170513, 758.9001433193532], [810.1383145735829, 402.8904405794594], [715.3548467088938, 470.89683174628885], [619.8741540301261, 348.86264261094044], [758.5551501064926, 776.0388077127274], [759.5406764917417, 1034.8783617415402], [777.1952480202807, 1241.8090195634], [708.0521532904249, 394.85729182034856], [564.1084943163678, 428.64676315478], [498.06025861203585, 400.6937093548625], [719.995513319071, 742.7864210027524], [773.1141635709416, 987.7875303412327], [797.4983422898056, 1192.7451357932919], [672.6488259627698, 264.73832893900135], [727.8979250247539, 264.3319179083632], [680.7526901154904, 274.7270412173021], [741.6392999814232, 283.3992959180088]], "kpt2d_body_mask": [true, true, true, true, true, true, true, true, true, true, true, true, true, true, true, true, true, true, true], "kpt3d_body_mask": [true, true, true, true, true, true, true, true, true, true, true, true, true, true, true, true, true, true, true], "kpt_list": ["Thorax", "Nose", "Pelvis", "L_Shoulder", "L_Elbow", "L_Wrist", "L_Hip", "L_Knee", "L_Ankle", "R_Shoulder", "R_Elbow", "R_Wrist", "R_Hip", "R_Knee", "R_Ankle", "L_Eye", "L_Ear", "R_Eye", "R_Ear"]}