{"id": 1, "class": "person", "kpt3d_body": [[-273.356004497279, -233.75123516766848, 2820.647867672942], [-407.4336391877496, -406.65151758626394, 2785.891570944572], [-300.4041624999206, 343.8675352959176, 2956.083637471666], [-287.4926250177265, -200.17032594216317, 2666.4839799406154], [-536.6405988418696, -88.37093643615759, 2561.166247575147], [-612.8307414419272, -306.85856429172276, 2668.741741366844], [-313.484448739558, 372.3833678680458, 2859.403975544863], [-285.0897792284966, 787.1318946133267, 2979.0124232950593], [-266.82852040382807, 1167.3307168432384, 3077.2644029983844], [-250.7223232439298, -271.139365972887, 2975.590008775352], [-486.7773990406131, -234.5632405962607, 3165.5320217653352], [-568.7812251010419, -398.6553869429616, 2999.976024253408], [-287.32289390327696, 315.35172873123827, 3052.7631142003993], [-265.4949383877937, 750.4824428647355, 3139.256914412858], [-247.91942954665205, 1135.90626840606, 3226.700129764442], [-388.15052691350326, -432.4531770244252, 2749.518973183671], [-299.22874877243044, -405.8734892577061, 2701.387810770318], [-382.13961103665446, -444.7777350443087, 2807.960916059073], [-286.20148365544753, -436.82323384205404, 2845.960058722096]], "kpt2d_body": [[756.7845414815274, 398.8973144738068], [666.4037673172156, 283.2454147397841], [748.2800453132371, 767.4272384021799], [736.5807970630194, 413.36736571238555], [549.6170256122095, 488.74963180437624], [513.8267838008453, 341.12015493996165], [733.6046598244048, 792.940882432181], [760.7717941456485, 1036.9145662243882], [778.7118619827797, 1242.2028259003332], [780.2442603861479, 383.597587563105], [651.8734485524383, 415.43684732888516], [586.9011195576386, 307.77946012367295], [762.060956850704, 743.4781999119186], [780.8932950265428, 991.6731430426352], [796.3855522677244, 1193.95692403877], [675.8698791995212, 262.4741274319523], [731.7090491009249, 275.0073651287678], [685.2101625004768, 260.3690512792959], [750.554271914729, 268.9665842257586]], "kpt2d_body_mask": [true, true, true, true, true, true, true, true, true, true, true, true, true, true, true, true, true, true, true], "kpt3d_body_mask": [true, true, true, true, true, true, true, true, true, true, true, true, true, true, true, true, true, true, true], "kpt_list": ["Thorax", "Nose", "Pelvis", "L_Shoulder", "L_Elbow", "L_Wrist", "L_Hip", "L_Knee", "L_Ankle", "R_Shoulder", "R_Elbow", "R_Wrist", "R_Hip", "R_Knee", "R_Ankle", "L_Eye", "L_Ear", "R_Eye", "R_Ear"]}