{"id": 4, "class": "person", "kpt3d_body": [[44.627753314257106, 20.769384429542868, 2819.8197904737426], [196.40291747199925, -129.9984911527477, 2698.2910051178405], [5.625413066839933, 518.7822272213918, 2798.121347032127], [148.6860494641346, 36.71155177841172, 2949.318362586384], [154.01675573227277, 330.52508253797924, 2988.996707737961], [169.1592414264518, 577.8316981097543, 2932.6834798245322], [90.23489103328103, 560.3499929687418, 2854.7085790608066], [50.85782998343266, 928.0026065152858, 2813.146847419785], [-30.38335233545496, 1352.6162687675471, 2818.508480969124], [-66.58872286752253, 25.47076285101923, 2694.371954260974], [-208.82056804887029, 292.2385577760346, 2713.4785920631803], [-63.432679247376804, 375.7358557803725, 2526.47408119752], [-78.98443526377768, 477.21344653131496, 2741.5344376218573], [-93.61350364912636, 520.1872689362117, 2320.62095887401], [-188.52218309046486, 646.9738677887973, 1941.3063019581905], [199.09908644352967, -164.57169536845157, 2731.719271791123], [140.7189672582485, -167.0999039446363, 2827.2773346690037], [170.3397729577153, -165.38067261765576, 2682.3650609720476], [65.6943506946967, -170.306139519613, 2693.4710314856757]], "kpt2d_body": [[956.4294690937157, 570.3921894983106], [1035.7716007250945, 493.1619703468737], [937.1023679363061, 815.8641441460048], [1004.685362838979, 577.4577450034566], [1005.9853410520858, 713.5033534315886], [1013.9258573017776, 831.3124104854544], [977.9766238532359, 830.4889153327995], [958.8202342243408, 1006.0845735802941], [920.1043301553054, 1190.2110113051353], [899.8136169146138, 573.2987054681734], [827.3753159202895, 709.3974392562412], [899.4837025153826, 765.9399431850372], [894.438368978884, 800.4490445873236], [878.7948227568104, 867.8249417157839], [803.0439522016175, 1009.3645029495822], [1035.868067603185, 476.4196562858127], [1003.7271693378115, 477.9377290684342], [1022.8271996805877, 474.433580383155], [968.3487766933616, 472.16445306333515]], "kpt2d_body_mask": [true, true, true, true, true, true, true, true, true, true, true, true, true, true, true, true, true, true, true], "kpt3d_body_mask": [true, true, true, true, true, true, true, true, true, true, true, true, true, true, true, true, true, true, true], "kpt_list": ["Thorax", "Nose", "Pelvis", "L_Shoulder", "L_Elbow", "L_Wrist", "L_Hip", "L_Knee", "L_Ankle", "R_Shoulder", "R_Elbow", "R_Wrist", "R_Hip", "R_Knee", "R_Ankle", "L_Eye", "L_Ear", "R_Eye", "R_Ear"]}