{"id": 5, "class": "person", "kpt3d_body": [[7.376441340942259, -13.31199188817692, 2709.328184312648], [-111.67027469355563, -180.29679554551535, 2621.511577240868], [-21.343251075238907, 500.09309108647767, 2659.212424530423], [111.65301322093369, -17.067801885478673, 2585.3726150068633], [219.93566379087207, 52.71891128220801, 2328.6248777134874], [121.45573567310095, -167.00960595940018, 2317.014111969818], [45.149133361877574, 509.1408933355906, 2580.9394324662553], [67.80781949422295, 887.2150300099303, 2574.183030142274], [100.1101924134478, 1292.9320868438285, 2587.3466218871413], [-108.77328357261987, -7.287611629337505, 2820.6177499430983], [-326.67015679300516, 58.60272922002849, 2997.3984344979294], [-418.32066261569696, -163.1723632287276, 2926.1443128876717], [-87.83582265154305, 491.0443094954661, 2737.4857262207684], [-100.73862705195857, 917.5718952013109, 2704.455945675743], [-61.70832021365648, 1306.0628776762005, 2719.945903115608], [-79.47180189741724, -218.00858001317152, 2615.081163070303], [21.99543316043842, -211.7071534307678, 2638.921870165468], [-116.76366790763862, -208.47519066407216, 2659.8504981873775], [-76.57704044084305, -193.6787098859577, 2754.05576404487]], "kpt2d_body": [[938.3955564030459, 551.9076223772387], [875.113799112333, 462.95317086178125], [923.4942110424815, 818.5208203501268], [994.9687410771126, 549.5549117866158], [1066.3595689668186, 590.2714368063674], [1007.7575332142012, 458.3826789680719], [958.8033790282545, 830.9538283637941], [970.3084442637634, 1024.1404312114423], [985.4883212677729, 1212.6967921441255], [880.6676524898376, 555.1598007122861], [782.6950242485298, 585.9445586113615], [735.9811292386146, 481.4536247254249], [890.1537316703916, 806.6802702572656], [884.1961220084424, 1017.209090369517], [904.8194968852221, 1189.9152615872904], [892.175031906847, 442.6697566235822], [946.2290555583802, 446.99735674597594], [873.3247782161393, 449.62258597289], [895.7574982981561, 460.7711610709382]], "kpt2d_body_mask": [true, true, true, true, true, true, true, true, true, true, true, true, true, true, true, true, true, true, true], "kpt3d_body_mask": [true, true, true, true, true, true, true, true, true, true, true, true, true, true, true, true, true, true, true], "kpt_list": ["Thorax", "Nose", "Pelvis", "L_Shoulder", "L_Elbow", "L_Wrist", "L_Hip", "L_Knee", "L_Ankle", "R_Shoulder", "R_Elbow", "R_Wrist", "R_Hip", "R_Knee", "R_Ankle", "L_Eye", "L_Ear", "R_Eye", "R_Ear"]}