{"id": 5, "class": "person", "kpt3d_body": [[-19.029187771522462, -15.24662509653524, 2688.178631044959], [-150.10436537610485, -171.2100340740676, 2592.7354629650463], [-21.497577061053637, 498.6298927916616, 2657.289519173932], [86.55508657541871, -25.792896973908057, 2562.223549108615], [298.829323319975, 162.29356522811372, 2476.5708470162367], [158.4769833698467, 358.3748511062967, 2524.4870020179123], [38.36230768815845, 504.74298158804373, 2573.680064733781], [66.58201666399471, 887.8185364183989, 2573.5370039072723], [99.58550250589283, 1292.1211151870602, 2588.9700680646133], [-119.65722716119143, -5.2407805805751195, 2817.0161004839356], [-183.37230521643963, 213.5840425709121, 3012.494500489678], [-158.18242393651173, 404.63647872777346, 2836.915901518491], [-81.3574618102657, 492.5168039952797, 2740.898973614083], [-104.99999355570293, 923.3341973190629, 2697.919015293424], [-62.430575749991384, 1303.9954113951628, 2717.7796823127396], [-118.16481973818476, -208.43150568879025, 2585.0873820572365], [-16.530227318082904, -205.749114299214, 2608.1459728660084], [-155.47837703153186, -202.1621523711883, 2630.725130395415], [-114.62653281964168, -190.1634942762101, 2724.673709760868]], "kpt2d_body": [[924.6849811457631, 550.8493913096212], [853.7851478091401, 466.803651130511], [923.4051858314489, 817.9596054564423], [981.8275330610971, 544.7193350099575], [1102.4791659146497, 649.720114884958], [1021.8023973963903, 755.4932484209683], [955.2271984990526, 829.4043087911637], [969.6709999789549, 1024.55012943235], [985.1973383183613, 1211.9687918685095], [875.2023321329827, 556.1688461880542], [849.6670752676022, 657.4492161118769], [857.1390637564518, 756.4436482375547], [893.4830538048394, 807.1169964614661], [881.9646562671203, 1020.9498915119217], [904.4429176419507, 1189.4678837551369], [870.8062541764729, 446.50621406560515], [925.7401194687894, 448.8548847332495], [852.141135144865, 451.79735724949285], [875.8524113201888, 461.53863555257834]], "kpt2d_body_mask": [true, true, true, true, true, true, true, true, true, true, true, true, true, true, true, true, true, true, true], "kpt3d_body_mask": [true, true, true, true, true, true, true, true, true, true, true, true, true, true, true, true, true, true, true], "kpt_list": ["Thorax", "Nose", "Pelvis", "L_Shoulder", "L_Elbow", "L_Wrist", "L_Hip", "L_Knee", "L_Ankle", "R_Shoulder", "R_Elbow", "R_Wrist", "R_Hip", "R_Knee", "R_Ankle", "L_Eye", "L_Ear", "R_Eye", "R_Ear"]}