{"id": 5, "class": "person", "kpt3d_body": [[331.82249246876836, -305.36901825449024, 2832.466804504042], [375.93061902029405, -516.8398380593148, 2940.1228534420225], [325.71705284029974, 160.64125242953608, 3003.5116709807644], [198.92319400340955, -322.91718730521495, 2930.5019146695677], [150.47469829590193, -62.11186657934732, 3059.243765041653], [246.0287954788403, 65.94126313778347, 3258.919692969819], [249.09691692976338, 130.7564273809163, 3063.8054602062957], [315.83767614150196, 416.07399263111984, 3372.7792979429273], [349.20689265590875, 727.1518369429617, 3586.436177810291], [461.4780262508715, -277.92699892208486, 2731.7696706682345], [552.7672278636115, 4.265651612936097, 2751.7060227798015], [652.1306234233689, 178.79788406683573, 2918.406070926821], [402.3368675920622, 190.5245241701853, 2943.216549805011], [351.1903727731411, 558.4248224998172, 3061.5553790791237], [271.50765412070507, 949.3240874416038, 3172.0296130133765], [338.6706586772059, -544.4686339580594, 2918.8960031488136], [273.4196488444086, -518.2168428435767, 2845.334093284968], [397.70431973851464, -544.0748739488233, 2904.1116602631387], [420.0464786279945, -515.1008645936184, 2806.930370728518]], "kpt2d_body": [[1127.9130321370315, 414.3451044330618], [1141.708153209573, 321.83351569112995], [1116.2868250382116, 637.5522201809488], [1059.838255167376, 410.69261788717426], [1034.1235605680222, 535.1484240729297], [1070.7233201056808, 591.5174804245687], [1078.7450383977216, 622.672446219842], [1095.3656448691045, 733.9798125645259], [1099.5546482547009, 841.6775952200505], [1198.8248269684811, 423.2590672467564], [1242.8366362343793, 565.5194953936169], [1272.877862109499, 647.4212739313842], [1155.1341673590027, 652.9404060585721], [1123.6008837505922, 814.0385383671817], [1081.933815938822, 969.0766069686333], [1125.3577235458092, 307.14412231402736], [1098.1097450446357, 312.79690704112153], [1153.8886760890473, 306.41278056892884], [1171.2354461717543, 311.8226681809216]], "kpt2d_body_mask": [true, true, true, true, true, true, true, true, true, true, true, true, true, true, true, true, true, true, true], "kpt3d_body_mask": [true, true, true, true, true, true, true, true, true, true, true, true, true, true, true, true, true, true, true], "kpt_list": ["Thorax", "Nose", "Pelvis", "L_Shoulder", "L_Elbow", "L_Wrist", "L_Hip", "L_Knee", "L_Ankle", "R_Shoulder", "R_Elbow", "R_Wrist", "R_Hip", "R_Knee", "R_Ankle", "L_Eye", "L_Ear", "R_Eye", "R_Ear"]}