{"id": 5, "class": "person", "kpt3d_body": [[215.44553801092903, -269.75479267377534, 2689.122355506683], [362.71559890259994, -415.8006654665351, 2608.1752133148098], [274.13702673196246, 192.59127069764787, 2915.444746042371], [220.84111503898305, -342.26284244398613, 2834.183395898255], [314.26607458123624, -380.6570611100176, 3103.3621496443047], [401.30967783532833, -558.8650296208567, 2954.376207146151], [278.21601041322515, 157.82269289444415, 3011.9459032547356], [260.38382087914, 497.6996004210728, 3181.189671628003], [227.1831639833789, 863.9473952258502, 3355.7468298130007], [198.29179357052706, -202.3004247089075, 2550.7702466662568], [269.78534380831786, -26.866507630122385, 2317.7881142448814], [385.36709036189666, -227.35940648375447, 2218.3119685827714], [270.058136100801, 227.3587299945511, 2818.9435719381563], [295.7490680815712, 610.3386320393819, 3002.1502815868134], [257.5184254480488, 959.3445432813903, 3172.2378712489035], [342.6517435881715, -461.14744280498286, 2617.0678083044068], [252.19671010347327, -475.8875488417516, 2666.035292852908], [340.5590624114098, -428.92298421279435, 2566.659824263382], [247.85025757275176, -399.2612804655968, 2534.0964190463237]], "kpt2d_body": [[1076.8497691101018, 424.3694426060591], [1157.2785686256664, 344.1703956065329], [1096.2940671775352, 655.0231148515006], [1073.673086879605, 396.22622554008603], [1105.8973275476803, 393.8168059581179], [1152.3434275940895, 303.94537491925377], [1094.0571762059856, 636.1158069606971], [1078.7904851850992, 779.2909642458956], [1058.2254663374697, 914.7953084885098], [1073.6667634481164, 453.34994650033957], [1127.3900043807773, 547.3143514999158], [1205.3239989317817, 422.29066441832487], [1098.6660280122653, 675.1879142761273], [1101.1124152080176, 842.3984308343248], [1075.8995851639334, 973.2057142072824], [1145.8888813991327, 321.3191407538898], [1096.0993369459686, 317.68192246841807], [1148.4390983141425, 333.64491179582706], [1100.7648596717, 346.12569872428685]], "kpt2d_body_mask": [true, true, true, true, true, true, true, true, true, true, true, true, true, true, true, true, true, true, true], "kpt3d_body_mask": [true, true, true, true, true, true, true, true, true, true, true, true, true, true, true, true, true, true, true], "kpt_list": ["Thorax", "Nose", "Pelvis", "L_Shoulder", "L_Elbow", "L_Wrist", "L_Hip", "L_Knee", "L_Ankle", "R_Shoulder", "R_Elbow", "R_Wrist", "R_Hip", "R_Knee", "R_Ankle", "L_Eye", "L_Ear", "R_Eye", "R_Ear"]}