{"id": 5, "class": "person", "kpt3d_body": [[308.1240794116292, -259.4214107641859, 2700.984577192405], [469.57943046843917, -420.7413559176936, 2598.062865979453], [307.2924890606485, 186.2646856886154, 2893.34736413261], [340.536237840798, -326.60674523433187, 2855.4214422564155], [345.99837004184593, -82.54249943697246, 3034.8781113366044], [409.65799987484957, 144.04308765706034, 3144.565808821985], [320.71343553799784, 162.64449541326243, 2991.5664440118594], [295.8406701451057, 501.1845342215303, 3152.570723938718], [265.6715743299967, 878.2933878336908, 3308.956419495648], [278.16238856850566, -185.47816793935937, 2548.5044653777254], [255.5081045794123, 96.11908172278163, 2595.2736829388405], [459.37125379938175, 221.49572170004532, 2709.3360738517595], [293.8734709309945, 209.88411102592764, 2795.127397492424], [594.4696884165196, 475.9091569537229, 2927.8078538464424], [336.49754420443867, 746.3099850076869, 3078.243472949258], [450.64608674826263, -465.8105864431198, 2609.0870425865573], [362.47698576282625, -480.34454812284423, 2663.2897430918765], [444.0401470312887, -435.45619396307785, 2558.2570541684554], [348.80614343908456, -403.42833730199146, 2530.137392766461]], "kpt2d_body": [[1123.7910251443755, 430.4925483888826], [1213.792916612118, 341.5489353396845], [1113.1402953693105, 652.6342259481474], [1130.7488125493346, 405.34695932605155], [1124.0637916813537, 525.6685720979384], [1146.4144520447567, 626.8271903237453], [1114.5704779348448, 638.7804417312441], [1095.2789044070294, 782.6005791809894], [1075.2832263107168, 925.1005446530875], [1117.1598027603745, 462.5462093227689], [1102.5281342398803, 614.7980401673041], [1199.8902865551913, 676.0872672590951], [1111.602403922947, 667.4459298220443], [1243.7432547133792, 785.4907247433172], [1115.1914175630727, 894.3432608829228], [1202.5979834755567, 319.0116840749246], [1152.8685252969535, 315.8103626549811], [1203.9299618448983, 330.2328385900196], [1155.6294777441485, 344.11375697097077]], "kpt2d_body_mask": [true, true, true, true, true, true, true, true, true, true, true, true, true, true, true, true, true, true, true], "kpt3d_body_mask": [true, true, true, true, true, true, true, true, true, true, true, true, true, true, true, true, true, true, true], "kpt_list": ["Thorax", "Nose", "Pelvis", "L_Shoulder", "L_Elbow", "L_Wrist", "L_Hip", "L_Knee", "L_Ankle", "R_Shoulder", "R_Elbow", "R_Wrist", "R_Hip", "R_Knee", "R_Ankle", "L_Eye", "L_Ear", "R_Eye", "R_Ear"]}