{"id": 5, "class": "person", "kpt3d_body": [[213.1746142603003, -269.7085963151487, 2692.164023170243], [356.5066672146885, -418.070354662637, 2608.413194586667], [274.3095192807792, 192.51476832650823, 2914.9314117284707], [222.08843092920966, -337.99033067807045, 2838.7383461385098], [320.5543232820048, -375.86167071798684, 3104.2885023109457], [397.55265301362385, -555.54127252679, 2954.243907230737], [277.3841882187674, 158.48396214715734, 3011.3216398310115], [262.6819106706158, 497.71370471425774, 3181.1808950156073], [227.64581918100612, 864.267367814611, 3355.8910861436743], [199.24620767001866, -202.61776301452386, 2552.1225687198203], [264.2720944861616, -27.727629112996084, 2319.917034088831], [371.388085383725, -227.83952299025756, 2220.9561731795143], [271.23477129561326, 226.54491092928524, 2818.5402872902378], [299.4581905327009, 610.4022642396579, 3002.3149291644822], [257.550147938989, 958.5544535767422, 3171.7194019323724], [336.08110320732635, -463.3431151807355, 2618.034228964125], [246.36463610667434, -477.06567799410266, 2668.0007260175016], [333.40642775158165, -430.5711840193237, 2567.664361260164], [240.5673300697313, -399.4400212593379, 2537.0828036015655]], "kpt2d_body": [[1075.5571100561995, 424.54358772673237], [1153.99868825354, 342.97105977784076], [1096.3989571058319, 655.0025306076229], [1074.1200688930455, 398.5611982876963], [1108.6625396411316, 396.00371714927905], [1150.6406916339272, 305.42357753701026], [1093.7002248113465, 636.436115732228], [1079.786675261805, 779.2905604970716], [1058.4086841322305, 914.9045540360312], [1074.1277861959306, 453.2377096496425], [1123.9612002091212, 546.8117864860534], [1196.488262772611, 422.07647110340156], [1099.2639098150016, 674.8025332413679], [1102.7960289166217, 842.3935973762843], [1075.9344782469566, 972.9476898464703], [1142.3836640992738, 320.2310672913724], [1092.996770142723, 317.23460849227774], [1144.5541531894025, 332.8180926858954], [1096.6583281736578, 346.24815605846356]], "kpt2d_body_mask": [true, true, true, true, true, true, true, true, true, true, true, true, true, true, true, true, true, true, true], "kpt3d_body_mask": [true, true, true, true, true, true, true, true, true, true, true, true, true, true, true, true, true, true, true], "kpt_list": ["Thorax", "Nose", "Pelvis", "L_Shoulder", "L_Elbow", "L_Wrist", "L_Hip", "L_Knee", "L_Ankle", "R_Shoulder", "R_Elbow", "R_Wrist", "R_Hip", "R_Knee", "R_Ankle", "L_Eye", "L_Ear", "R_Eye", "R_Ear"]}