{"id": 5, "class": "person", "kpt3d_body": [[237.99382399662576, -270.2171583234045, 2731.3764093737245], [390.7509021562612, -422.6344513826052, 2673.5067393514073], [280.0546705808432, 187.4735592489722, 2933.5771494678916], [258.7799619049683, -329.1362332358477, 2879.457204794871], [422.64612819869797, -97.05392669795955, 2918.9319355568587], [397.86195819429844, -264.7589309915189, 2758.0161421984735], [282.8652598432659, 152.96808243365433, 3025.9713357283863], [262.8607447708122, 501.253749066334, 3197.39158849175], [226.677018881114, 864.0161565669448, 3355.5424208234417], [239.86767819085455, -205.17333987951375, 2584.586196548628], [356.79052454536105, 38.35210530840257, 2659.1545741145046], [387.0712758359708, -38.94808272211591, 2874.357413395627], [277.2442316800828, 221.9787174562768, 2841.183576298177], [296.8139153011979, 600.0938979750897, 3014.6216050610456], [259.40856994588023, 956.4352229387484, 3172.826987850967], [372.91702367560947, -465.9847399572186, 2686.656671722243], [281.2307322493235, -482.473767790882, 2728.6628927049223], [371.7701452289273, -442.61845122773224, 2631.032612872657], [279.17352822493405, -423.45897616931296, 2588.501267885613]], "kpt2d_body": [[1086.5691246693855, 426.3191580971312], [1166.9646887177712, 346.10602988042933], [1098.2918079901997, 652.0373067874092], [1090.2434433824997, 405.18457244902424], [1166.4159830196845, 517.3800210601191], [1165.232294498346, 430.8471886063632], [1095.5990808971862, 633.5519543329727], [1079.2835746356202, 779.7213143366193], [1058.0246924173987, 914.8447317466087], [1094.5391307732955, 453.32587953367295], [1151.8765503208103, 583.3693424207937], [1152.5522655898994, 544.6208082563483], [1101.1414501701315, 671.6901596405307], [1101.10027601949, 836.7098880970395], [1076.7025123092412, 971.9400968397516], [1156.6754992040646, 325.1890623260218], [1107.7475198338088, 320.06869874704086], [1160.1730750576905, 332.2809254420555], [1114.4922304818735, 338.0489465470919]], "kpt2d_body_mask": [true, true, true, true, true, true, true, true, true, true, true, true, true, true, true, true, true, true, true], "kpt3d_body_mask": [true, true, true, true, true, true, true, true, true, true, true, true, true, true, true, true, true, true, true], "kpt_list": ["Thorax", "Nose", "Pelvis", "L_Shoulder", "L_Elbow", "L_Wrist", "L_Hip", "L_Knee", "L_Ankle", "R_Shoulder", "R_Elbow", "R_Wrist", "R_Hip", "R_Knee", "R_Ankle", "L_Eye", "L_Ear", "R_Eye", "R_Ear"]}