{"id": 5, "class": "person", "kpt3d_body": [[206.21936745874794, -268.09081964393755, 2685.3489134739775], [354.69574017358127, -412.18193806630353, 2604.9921363103904], [263.01887179523027, 195.42266111985597, 2909.560638526772], [215.2836969199338, -336.4776758776276, 2831.585482180017], [304.9250653198486, -381.8995150170184, 3098.8458101680885], [389.82513767836843, -554.8417666493151, 2951.05610888891], [263.0879402961313, 160.679760151845, 3002.6221066883036], [257.5908057950629, 499.4515223352754, 3181.41960291362], [226.3647545938051, 863.8090129912008, 3355.0704874077883], [197.11748343392821, -199.36567377753278, 2544.7935728483194], [261.60671747976556, -29.350553944010045, 2311.4951061972374], [373.2228799452379, -227.56799028022073, 2217.109156815478], [262.9497387375626, 230.16480763015096, 2816.498451598255], [289.61489636219386, 611.5839470931633, 3001.0569714103804], [256.9652056732299, 959.8758128876328, 3172.5909670803912], [334.3924274402835, -457.2554881045414, 2615.181925204951], [243.9113913643401, -473.76084405156774, 2662.5879232566494], [331.51340970789374, -426.07109123667243, 2563.8679951826975], [238.9735453761307, -397.58969482276314, 2530.827503113899]], "kpt2d_body": [[1072.250021296302, 425.00926906900304], [1153.3279249691157, 345.74285052932566], [1091.2618716334741, 656.5718403400463], [1071.070021006136, 398.8664661462884], [1101.9394944337423, 392.9954007094303], [1147.2714753519926, 305.4235540383675], [1087.4698284843473, 637.6776197268533], [1077.5666941201803, 780.0334752199337], [1057.9108988595317, 914.8121748684857], [1073.2845908809163, 454.6856570271983], [1122.9411663657095, 545.7766917812469], [1198.0075850484257, 422.01488334116306], [1095.2840814208853, 676.6749650530093], [1098.355711044614, 843.083655254212], [1075.6489261504485, 973.3814324857012], [1141.7287918417514, 323.10623140603286], [1091.999361177109, 318.4127882960068], [1143.8323359026415, 334.84971824860344], [1096.1180144999773, 346.70893027826764]], "kpt2d_body_mask": [true, true, true, true, true, true, true, true, true, true, true, true, true, true, true, true, true, true, true], "kpt3d_body_mask": [true, true, true, true, true, true, true, true, true, true, true, true, true, true, true, true, true, true, true], "kpt_list": ["Thorax", "Nose", "Pelvis", "L_Shoulder", "L_Elbow", "L_Wrist", "L_Hip", "L_Knee", "L_Ankle", "R_Shoulder", "R_Elbow", "R_Wrist", "R_Hip", "R_Knee", "R_Ankle", "L_Eye", "L_Ear", "R_Eye", "R_Ear"]}