{"id": 5, "class": "person", "kpt3d_body": [[185.77582541059567, -267.09583550375567, 2652.8545655405596], [309.8923246847114, -421.3856134411472, 2596.9176245690833], [267.6560010324338, 175.49736634120748, 2912.6451490394284], [96.18267506192782, -310.5799847590225, 2748.6766991191394], [310.6861270572519, -367.16163110423537, 2922.2489040329583], [370.1100306794837, -547.9141304785767, 2909.9062430421864], [227.7590784376075, 142.40662489335804, 2991.22801765948], [251.2165130919867, 498.15377968374315, 3192.022629825335], [226.3209306379525, 864.321593191993, 3355.674979620781], [280.5060415628273, -226.36465004735882, 2564.154910497843], [438.17241633336636, -312.6767640963958, 2818.9295633874926], [372.3965885623121, -547.3134027364523, 2909.7669260366856], [307.55261744638517, 208.58815480167664, 2834.062216834114], [303.6488501732094, 587.3914623565041, 3008.7362613831647], [260.71958959079774, 958.407470247771, 3175.560819053343], [282.1409592410822, -461.8609163142028, 2599.9080554483776], [184.74404877970267, -460.0606230003089, 2635.04619475043], [290.4635066620958, -426.9726257031411, 2557.1946205637273], [215.99468862739377, -378.1915195532784, 2513.309221692274]], "kpt2d_body": [[1062.8689911431388, 423.8027250531377], [1130.2502341063334, 340.01038614295453], [1093.3654109775573, 646.9976446033046], [1014.1787951551977, 406.69530863633463], [1112.8269421710222, 389.7774890543436], [1140.575130172702, 304.96117512055815], [1071.5680064899398, 629.5271540648914], [1074.45067693988, 778.7918124910692], [1057.875157259509, 914.9524767071337], [1117.3970954873944, 441.1547170852509], [1180.3349987923295, 410.51268838626135], [1141.6589296904715, 305.24092294358667], [1116.2813001028399, 665.368548551323], [1104.531494243138, 831.5243056759829], [1077.1601775667527, 972.400924822157], [1115.2149124154448, 319.0249616420663], [1062.4449169049667, 322.70672001758413], [1122.3123574815472, 333.5475926762747], [1084.4991098064843, 355.6399015927186]], "kpt2d_body_mask": [true, true, true, true, true, true, true, true, true, true, true, true, true, true, true, true, true, true, true], "kpt3d_body_mask": [true, true, true, true, true, true, true, true, true, true, true, true, true, true, true, true, true, true, true], "kpt_list": ["Thorax", "Nose", "Pelvis", "L_Shoulder", "L_Elbow", "L_Wrist", "L_Hip", "L_Knee", "L_Ankle", "R_Shoulder", "R_Elbow", "R_Wrist", "R_Hip", "R_Knee", "R_Ankle", "L_Eye", "L_Ear", "R_Eye", "R_Ear"]}