{"id": 5, "class": "person", "kpt3d_body": [[209.9041804231104, -256.1540023706246, 2700.1564612835814], [338.17141702332657, -423.660840078833, 2607.6285721917147], [277.52963329965263, 201.39116667105895, 2923.251663986517], [229.1473997738405, -330.6948751806482, 2847.776717738993], [389.4013989411781, -138.4075955385471, 2958.7418842294737], [371.72207111256876, -43.05366487032515, 2738.849733026477], [279.2275039270144, 157.34896918155087, 3018.598373193664], [262.68757076057983, 509.54994623137384, 3199.056731179299], [226.89249915977126, 864.1228537779871, 3355.235465650381], [212.0370619862012, -176.5492996291536, 2556.722405001802], [360.7248733565788, 53.18298398938623, 2633.4712023339207], [378.8668439640833, -70.24199111639788, 2835.780557006139], [275.83183333669166, 245.43354539883495, 2827.904591242258], [294.5732733193081, 606.6475630964172, 3007.367356148937], [258.4700663198179, 956.759306649206, 3171.928475940924], [317.3486241202784, -468.12333471799093, 2618.9631736843235], [227.4502002786204, -476.08504030819915, 2670.64522025738], [313.9721810965834, -437.0294362485376, 2566.349359782773], [222.2536543507302, -400.0175157678774, 2536.83664159649]], "kpt2d_body": [[1073.5857878598454, 431.8653185903323], [1144.415244369068, 339.887168071482], [1097.5384655979349, 658.9387952246191], [1077.2265150340254, 402.615246821997], [1148.2526430267662, 498.61299323579175], [1154.0041412632474, 541.6177423944677], [1094.240366708194, 635.737835671336], [1079.1252834847644, 783.1390349439953], [1058.1201350329748, 914.9167146374241], [1080.916258844116, 467.56198067870974], [1155.7181227823987, 591.3575594553974], [1151.0712978720815, 529.0805184308477], [1101.0301506240096, 683.6461936291139], [1100.3663735594273, 840.2871724543259], [1076.3299473994198, 972.1868084057347], [1132.5197184454676, 317.7328440445301], [1083.141099770203, 317.88634938567435], [1134.251436208619, 329.1765005699798], [1086.728449900732, 345.8399941018798]], "kpt2d_body_mask": [true, true, true, true, true, true, true, true, true, true, true, true, true, true, true, true, true, true, true], "kpt3d_body_mask": [true, true, true, true, true, true, true, true, true, true, true, true, true, true, true, true, true, true, true], "kpt_list": ["Thorax", "Nose", "Pelvis", "L_Shoulder", "L_Elbow", "L_Wrist", "L_Hip", "L_Knee", "L_Ankle", "R_Shoulder", "R_Elbow", "R_Wrist", "R_Hip", "R_Knee", "R_Ankle", "L_Eye", "L_Ear", "R_Eye", "R_Ear"]}