{"id": 5, "class": "person", "kpt3d_body": [[219.0884493364626, -271.4224946056713, 2693.8073592496244], [362.1868344849451, -418.52839566246274, 2610.3467827493437], [274.31156519284525, 190.01541449701918, 2913.809176967274], [228.35769477212392, -340.2156596766531, 2841.1560882823346], [327.0244444798176, -381.4362151251248, 3107.8883726330787], [401.68222886208514, -558.9092206274455, 2961.9653002336854], [280.7897224815782, 156.6522034186329, 3011.741308836936], [265.530650095999, 497.18786009559096, 3182.028404899248], [227.5225664442965, 864.1230738423211, 3355.7710896734993], [203.0088025105416, -203.94060673695776, 2555.0783648836086], [268.8576428717733, -26.61288682551742, 2324.8033824837294], [372.50372115788366, -230.92746643120307, 2232.014417485591], [267.83327992815043, 223.37764443885064, 2815.8767786520953], [305.64813052444555, 609.9259122221376, 3004.2849486192417], [258.29374868302784, 958.2303124212632, 3172.5177779683354], [342.27435310846965, -463.8719762551733, 2620.058694695539], [252.23552841936996, -478.09237337568163, 2670.5275288144503], [338.553669537991, -431.1336377533709, 2569.5445231223603], [245.82452721653118, -400.0476414703712, 2539.395147020622]], "kpt2d_body": [[1078.526471347644, 423.764284343631], [1156.8292222180921, 342.92823235167475], [1096.4541195475335, 653.8507046069459], [1077.0752697206728, 397.64015236688294], [1111.3500765535157, 393.75607176332124], [1152.04965054458, 304.5729653447083], [1095.2508533681007, 635.5789460552244], [1080.9925039310237, 779.0003929072107], [1058.3622674594872, 914.8605104831412], [1076.0421076817822, 452.65556309016506], [1126.3544762929776, 547.5134328777941], [1196.029907199236, 420.8736697606223], [1097.72554715039, 673.360756732608], [1105.5306809343122, 841.9720425464942], [1076.2272681741913, 972.7140931008472], [1145.4739411086466, 320.18161140417453], [1095.89412840566, 316.969723785669], [1147.1588969808417, 332.7190086913749], [1099.3869865632641, 346.1401490345693]], "kpt2d_body_mask": [true, true, true, true, true, true, true, true, true, true, true, true, true, true, true, true, true, true, true], "kpt3d_body_mask": [true, true, true, true, true, true, true, true, true, true, true, true, true, true, true, true, true, true, true], "kpt_list": ["Thorax", "Nose", "Pelvis", "L_Shoulder", "L_Elbow", "L_Wrist", "L_Hip", "L_Knee", "L_Ankle", "R_Shoulder", "R_Elbow", "R_Wrist", "R_Hip", "R_Knee", "R_Ankle", "L_Eye", "L_Ear", "R_Eye", "R_Ear"]}