{"id": 2, "class": "person", "kpt3d_body": [[162.56620379196787, 116.07427037183342, 2730.260057005483], [274.4233280159699, -96.270299333205, 2754.443980891181], [198.76149710471702, 470.03244212011174, 3059.222619189554], [14.175117848150451, 89.0948548998685, 2792.6492803119622], [-49.82897547173472, 334.5129799900702, 2905.15819557201], [2.335389371053429, 471.73150222127344, 3104.935505714054], [117.25832659315714, 420.011196773341, 3100.1795613566337], [212.85681984262033, 443.39239498137135, 3445.8084845084404], [154.62732920116883, 828.9639888965133, 3490.4919508793596], [310.1962552173153, 145.07637656900343, 2657.9394305909973], [516.657532880037, 305.59180021170164, 2748.6989443372613], [532.9284050925869, 77.24853411814792, 2715.549298129313], [280.26553654425106, 520.0525372599683, 3018.2655675316973], [297.20211899868707, 807.2627148933598, 3246.4330800246644], [207.11063726513186, 1152.9639238768405, 3395.2298186785756], [238.46586920440276, -125.50670188400275, 2745.1469467940924], [139.13717907230148, -93.61874060528166, 2734.9906416524946], [276.84728126776554, -102.3228353357608, 2703.3460654040355], [233.15685515378462, -32.7792048611515, 2633.583311915112]], "kpt2d_body": [[1031.7412014510094, 608.3536237240626], [1087.38059435202, 500.74193069241517], [1038.7385993152516, 761.492267310265], [955.8463606406798, 593.6572446337378], [924.9206937526175, 708.9454813827805], [949.8114885535763, 759.3982356049291], [1001.2611646941383, 736.8207443324949], [1034.486551654592, 727.3728903751398], [1009.6069405138011, 874.5744739596175], [1110.8890301861788, 624.88948254014], [1207.6464153485006, 701.9936950376921], [1219.6810658178454, 588.421831751485], [1076.9826672200377, 786.5755258379553], [1074.0914940717487, 888.7967775233761], [1031.233186808778, 1007.092939028898], [1069.6772039622822, 485.7690673364128], [1019.6922318173765, 501.6438914248817], [1091.2173047651886, 496.728964552533], [1072.0500685515046, 531.9610221262]], "kpt2d_body_mask": [true, true, true, true, true, true, true, true, true, true, true, true, true, true, true, true, true, true, true], "kpt3d_body_mask": [true, true, true, true, true, true, true, true, true, true, true, true, true, true, true, true, true, true, true], "kpt_list": ["Thorax", "Nose", "Pelvis", "L_Shoulder", "L_Elbow", "L_Wrist", "L_Hip", "L_Knee", "L_Ankle", "R_Shoulder", "R_Elbow", "R_Wrist", "R_Hip", "R_Knee", "R_Ankle", "L_Eye", "L_Ear", "R_Eye", "R_Ear"]}