{"id": 2, "class": "person", "kpt3d_body": [[99.32714011054517, -1.9619721437425142, 2793.25040172263], [241.6500959460634, -136.1020422542505, 2755.775279874013], [135.44418562172467, 441.21313619757916, 3099.063525121426], [94.05771923709023, -91.0666949100542, 2912.5944268659623], [387.72788440075044, -55.83414198427917, 2929.6603915015153], [412.09058075077326, -75.05984973103196, 2699.398077171042], [116.0176646339248, 391.26174735338225, 3183.8583870646808], [73.47051729502242, 679.661468604743, 3408.154905720539], [38.50546948549325, 976.044608953001, 3621.0776311005484], [90.02380804601057, 79.24354348959241, 2675.242087002071], [101.48929181834151, 246.15399694524427, 2429.5786728043868], [308.1586343390284, 167.55534743004105, 2336.2428040852856], [154.87059934374514, 491.1651882139705, 3014.2694304438965], [173.8688836404484, 800.7350400311798, 3257.0173360019], [132.2105550564911, 1090.211254008696, 3488.647532689053], [216.07041909180853, -175.54507364355857, 2753.692032518934], [112.8994960904825, -174.64771688175915, 2765.9985753014807], [233.70584580223812, -144.1023841611441, 2709.1208514150817], [162.13538079687345, -95.05548606705929, 2652.8302608938334]], "kpt2d_body": [[998.3767512111887, 548.2742953128761], [1070.802326260415, 480.6848592646239], [1009.3841086132694, 746.2278135027462], [993.8102620786933, 505.7443537320019], [1132.5521027464924, 522.849161338898], [1160.3966567014509, 510.7968286957131], [999.3878646554642, 719.550515696726], [978.5205919540894, 823.7787182641896], [963.3239994479795, 917.0541342058548], [995.7033103871117, 590.4694924325064], [1006.868242155242, 689.8300042486893], [1131.697337315701, 648.4725289089438], [1019.8898296298202, 774.2556577958741], [1021.9838356232248, 885.5761109696311], [1000.2659104492237, 972.7361069375925], [1057.963885768209, 460.74949957261833], [1005.6416675041278, 461.48114180913683], [1068.8180839703173, 475.40716637738944], [1033.9456414129336, 499.43381734565037]], "kpt2d_body_mask": [true, true, true, true, true, true, true, true, true, true, true, true, true, true, true, true, true, true, true], "kpt3d_body_mask": [true, true, true, true, true, true, true, true, true, true, true, true, true, true, true, true, true, true, true], "kpt_list": ["Thorax", "Nose", "Pelvis", "L_Shoulder", "L_Elbow", "L_Wrist", "L_Hip", "L_Knee", "L_Ankle", "R_Shoulder", "R_Elbow", "R_Wrist", "R_Hip", "R_Knee", "R_Ankle", "L_Eye", "L_Ear", "R_Eye", "R_Ear"]}