{"id": 5, "class": "person", "kpt3d_body": [[28.22206635646004, 64.93895961741245, 2681.3204899981797], [200.39244026608176, -102.06350448259585, 2633.515669797693], [36.41078656335769, 463.3963097017778, 3001.608189711502], [-40.58271843748148, -28.01221561475515, 2801.5327358453123], [-219.43027925875123, 58.92934761070521, 3015.5676970248232], [-62.016132607834436, 250.8393939879754, 3081.317466476846], [1.2098928371568096, 414.7577242796723, 3075.3118861896573], [-14.104024852040604, 743.8405835481893, 3316.8525919034705], [-70.05008931097154, 1060.7741686415784, 3514.5190009122616], [93.50741117089356, 154.37763748299503, 2560.714137030085], [23.44082228341221, 438.3546485291088, 2482.524530871752], [92.5667622737766, 490.06920820532207, 2735.7588191083823], [71.61169325937384, 512.0340716602324, 2927.903921709594], [66.89720521386609, 844.4974806872028, 3195.5752140279083], [-16.994047773672865, 1135.345488195589, 3421.349704231386], [171.9724786278562, -143.0154094996938, 2628.3044053195704], [67.0946062669651, -142.08080166338647, 2641.1364490548694], [191.72413107664622, -104.81711324883577, 2584.676428133045], [120.60202994207245, -50.05062234962409, 2530.691243848326]], "kpt2d_body": [[963.4513464858247, 582.9651125795621], [1054.7491446152906, 495.4030740015803], [965.5841801637675, 762.7382792841561], [928.5482348938832, 535.3318953405401], [847.3741678335839, 576.4145440818764], [920.7320005430985, 662.3639034573641], [949.31386272709, 736.0543265989779], [942.922206819537, 857.1183868009971], [921.6526851793612, 959.0701525818822], [999.6577137813787, 633.069700150288], [961.8327485241513, 792.9318698636067], [995.5540091838225, 796.3294452095697], [982.6068896718768, 790.5990544997958], [977.4325486423813, 910.0975943009904], [942.0575158651333, 997.6604436917187], [1039.8998981898776, 473.6464134245625], [984.1847546612614, 474.427713525101], [1052.0848575845575, 492.90303062141305], [1015.2271663255422, 521.7363446499302]], "kpt2d_body_mask": [true, true, true, true, true, true, true, true, true, true, true, true, true, true, true, true, true, true, true], "kpt3d_body_mask": [true, true, true, true, true, true, true, true, true, true, true, true, true, true, true, true, true, true, true], "kpt_list": ["Thorax", "Nose", "Pelvis", "L_Shoulder", "L_Elbow", "L_Wrist", "L_Hip", "L_Knee", "L_Ankle", "R_Shoulder", "R_Elbow", "R_Wrist", "R_Hip", "R_Knee", "R_Ankle", "L_Eye", "L_Ear", "R_Eye", "R_Ear"]}