{"id": 2, "class": "person", "kpt3d_body": [[157.45840807062024, 43.01680447537947, 2781.2876045778885], [298.3923573092784, -133.03129469897073, 2734.4374656547634], [162.1798847759868, 452.6018025060327, 3108.457322530519], [93.2078903220026, -59.07865780776632, 2903.4128172981264], [49.406219964738575, 115.19499943021088, 3112.944053604722], [118.40922408959798, 291.7140669368614, 3278.914094328304], [125.03709708204475, 393.849023530658, 3180.506910406885], [77.64374886910362, 678.1299473382464, 3410.9602014430534], [39.34851517611851, 976.9221298235655, 3620.107644479392], [236.27964101408082, 137.13161905211948, 2661.806433822644], [265.2031532149324, 394.62019965575234, 2786.23794808433], [334.94898503711386, 550.9596376441796, 2986.8429898395266], [199.32270739436, 511.35464084861377, 3036.4076621571257], [182.68409266411396, 798.9557755156434, 3262.31736295077], [132.4944953425902, 1090.0018300870881, 3488.4183307366607], [268.1107939772386, -171.49001849644605, 2727.476016627358], [165.16288401036758, -162.80710091886604, 2736.7143866670613], [294.2714376094929, -134.77936622750818, 2685.6205825303596], [231.7650737654064, -69.60953085394422, 2630.9249859451766]], "kpt2d_body": [[1027.7023590963893, 570.7646814941023], [1100.4574597374155, 481.7873166231533], [1021.0950666837786, 750.6035953417626], [993.5516239904903, 520.9329344402767], [970.9051915504742, 600.7498814173736], [999.0347631230753, 672.7934204692896], [1003.373894453342, 720.8356022644691], [980.1861230549564, 822.9493154802498], [963.6457894461632, 917.4663375123123], [1072.2870420038623, 620.7658736342264], [1080.5289445773853, 744.8298724455996], [1103.260651983727, 802.7479764091561], [1039.5491356148525, 781.5726085599492], [1025.5741997311643, 884.299866677874], [1000.3801078221488, 972.6845959441987], [1085.436521625697, 462.04592399415174], [1032.8254414045898, 466.59161919675364], [1101.0711219765817, 479.66328736733084], [1071.4219719250377, 512.5015309861844]], "kpt2d_body_mask": [true, true, true, true, true, true, true, true, true, true, true, true, true, true, true, true, true, true, true], "kpt3d_body_mask": [true, true, true, true, true, true, true, true, true, true, true, true, true, true, true, true, true, true, true], "kpt_list": ["Thorax", "Nose", "Pelvis", "L_Shoulder", "L_Elbow", "L_Wrist", "L_Hip", "L_Knee", "L_Ankle", "R_Shoulder", "R_Elbow", "R_Wrist", "R_Hip", "R_Knee", "R_Ankle", "L_Eye", "L_Ear", "R_Eye", "R_Ear"]}