{"id": 2, "class": "person", "kpt3d_body": [[112.35993113111815, 42.92924566533671, 2760.156989484162], [249.52971659837425, -113.388655255808, 2723.530655571724], [142.32056368983916, 453.9388478998882, 3107.2560478563546], [49.767702720133585, -44.33986298192977, 2865.198384501859], [48.119800267876364, -185.94944929741757, 3108.474462720821], [159.25833416219382, -327.4840008718826, 2974.345365082011], [97.86852371000305, 395.97223290239117, 3173.7418335269567], [73.01590754301631, 677.2051008836708, 3411.2076560594983], [39.43837542247578, 977.5983992018698, 3621.0101165421456], [164.55569391725163, 131.68315359444492, 2650.985600797965], [389.84293612882925, 278.8381372607363, 2520.750040252838], [457.1138522355471, 57.23196459332442, 2474.246880087241], [186.77343268824646, 511.90593587089074, 3040.771324741291], [178.78413915846227, 798.6442008153042, 3261.9794045793788], [131.92825093747712, 1089.968843767801, 3487.970945917471], [220.8584203792135, -152.99337367340172, 2712.706443516364], [116.23990949395278, -148.16842590570872, 2714.3501617773127], [244.97092618167522, -114.95630610797122, 2673.5768801152385], [180.43090312695765, -55.317052668052895, 2613.768251950686]], "kpt2d_body": [[1005.5491337161152, 570.8948359031497], [1076.273622102511, 491.45121461415454], [1012.2714210660342, 751.3034123378699], [973.0030921990631, 527.7090111652341], [970.3468468927382, 466.054531939696], [1023.1816504583708, 396.60299881464937], [991.6040625506004, 722.1455799557975], [978.3129490059047, 822.5691713987605], [963.6757834107425, 917.6230258226569], [1035.2446760115315, 618.287191366154], [1162.4406750830365, 701.7063881632748], [1204.1297258224824, 581.1430358919721], [1033.7245781177664, 781.5249424416658], [1023.9458018689257, 884.2187624945716], [1000.1660919696501, 972.7252828882897], [1062.0831806228887, 470.944550724399], [1008.4528376302571, 473.3535752294103], [1076.2788034597886, 489.5591795715409], [1044.9689274831085, 519.8287160652208]], "kpt2d_body_mask": [true, true, true, true, true, true, true, true, true, true, true, true, true, true, true, true, true, true, true], "kpt3d_body_mask": [true, true, true, true, true, true, true, true, true, true, true, true, true, true, true, true, true, true, true], "kpt_list": ["Thorax", "Nose", "Pelvis", "L_Shoulder", "L_Elbow", "L_Wrist", "L_Hip", "L_Knee", "L_Ankle", "R_Shoulder", "R_Elbow", "R_Wrist", "R_Hip", "R_Knee", "R_Ankle", "L_Eye", "L_Ear", "R_Eye", "R_Ear"]}