{"id": 2, "class": "person", "kpt3d_body": [[206.84860590867402, -24.453782083270426, 2712.8514213687527], [356.9510356724282, -189.27324293086713, 2758.4525862786], [268.3429976571159, 515.1205326337786, 2689.215689942952], [188.33010006801396, -12.109895109637137, 2889.726014726048], [161.43944340002176, 261.20132885802843, 2918.422286496648], [234.79516261043912, 494.24872560351434, 2897.5208848448237], [257.2908828710808, 518.5005223147085, 2786.1950662296654], [225.44767589381468, 876.5049956424082, 2754.858788530506], [191.1650651022655, 1238.7669225656937, 2701.540926699011], [240.02093709529925, -40.49703928418438, 2543.570203638257], [239.1870473971143, 234.33099023390866, 2463.5720204442937], [312.76842386158694, 479.2517660641847, 2481.3833378682534], [279.3951449772217, 511.74150101351245, 2592.2355579702594], [247.98958286991763, 863.8737243496444, 2569.73491680707], [203.6684388274692, 1231.1130403093964, 2572.1480827933765], [329.9574017055159, -219.7497676342357, 2786.5895880383805], [230.01766408948163, -195.71354150365465, 2815.1048932044223], [337.5331468581058, -224.27775572052127, 2725.5395503900836], [252.64857502594305, -203.9370008249361, 2662.325523849802]], "kpt2d_body": [[1058.0743798803376, 548.9342461532077], [1133.1646990736344, 464.4752361623906], [1090.10498722068, 831.5386181061745], [1042.3062749580868, 555.8003633812323], [1028.082567475679, 689.0405987481073], [1063.9676774646246, 802.7064691873096], [1079.7223672110983, 824.1006768996738], [1062.9703457671337, 1002.8800697453233], [1045.1836716007715, 1181.9770758242516], [1083.8136405730465, 539.1182570997134], [1087.345376990963, 696.75315278951], [1126.8726250318132, 833.3058238205317], [1101.2359543645457, 839.5052837103603], [1082.8851193552384, 1026.206654706955], [1056.14761558844, 1206.411103659112], [1117.5941444895743, 449.9125005195464], [1065.6888548448965, 462.92019303220934], [1125.2277882701878, 445.10995346959635], [1084.362353542939, 452.95651959827194]], "kpt2d_body_mask": [true, true, true, true, true, true, true, true, true, true, true, true, true, true, true, true, true, true, true], "kpt3d_body_mask": [true, true, true, true, true, true, true, true, true, true, true, true, true, true, true, true, true, true, true], "kpt_list": ["Thorax", "Nose", "Pelvis", "L_Shoulder", "L_Elbow", "L_Wrist", "L_Hip", "L_Knee", "L_Ankle", "R_Shoulder", "R_Elbow", "R_Wrist", "R_Hip", "R_Knee", "R_Ankle", "L_Eye", "L_Ear", "R_Eye", "R_Ear"]}