{"id": 2, "class": "person", "kpt3d_body": [[250.7498154901433, -11.96835174178517, 2735.698272077202], [403.255359057938, -184.23417878602294, 2773.138484364242], [279.3130207076871, 508.9799622192213, 2698.8521404542075], [240.3566040570509, -3.337501678817887, 2906.7767731018757], [228.28042051258018, 268.09510774280636, 2953.512612630054], [311.5176928156077, 505.0180063167801, 2934.5030722034207], [273.3206361402037, 515.604385639346, 2798.431324092734], [244.9269266430126, 884.8408725351339, 2791.9452448937873], [216.42473326830782, 1246.7431893026799, 2756.9593920654033], [278.08935951801277, -25.959519334267043, 2567.2801139273997], [298.3034163320033, 246.88888317779174, 2479.6952776148973], [394.80215228837943, 491.8355514449785, 2498.2018593837], [285.30540527517053, 502.3555387990966, 2599.272956815681], [284.1391614383707, 870.1669754303391, 2576.393514945819], [250.21011109062067, 1239.0715943376003, 2562.728518856894], [378.49856971997997, -216.57778938093628, 2801.817298627466], [279.8934823291316, -197.04911567535447, 2833.977431159409], [386.05795026412807, -217.64639884135505, 2741.5261663876836], [298.73970738154014, -200.66002370144219, 2679.9669455646945]], "kpt2d_body": [[1079.9817946881665, 555.5449207779467], [1155.6935750220075, 467.6722093073251], [1095.3548315603541, 827.3973405252789], [1067.237571777105, 560.1360485894337], [1059.309802656206, 690.7356687161677], [1099.3309331392209, 804.5137150335526], [1087.2341129327283, 821.4722225516371], [1071.1497635672315, 1001.1373988532147], [1055.7829052201419, 1174.0289625948024], [1103.6048535953582, 547.394560680569], [1120.0853618066421, 702.8340450623659], [1171.3420250603708, 837.7967208930946], [1104.0798030281032, 833.7586993570671], [1101.827687077658, 1027.940955532707], [1080.8441710950572, 1211.8936537699947], [1141.104440984971, 452.2452347225669], [1089.8780973229116, 462.99212057484624], [1149.1368209365826, 449.34255125511356], [1107.8253886013483, 455.5018485264541]], "kpt2d_body_mask": [true, true, true, true, true, true, true, true, true, true, true, true, true, true, true, true, true, true, true], "kpt3d_body_mask": [true, true, true, true, true, true, true, true, true, true, true, true, true, true, true, true, true, true, true], "kpt_list": ["Thorax", "Nose", "Pelvis", "L_Shoulder", "L_Elbow", "L_Wrist", "L_Hip", "L_Knee", "L_Ankle", "R_Shoulder", "R_Elbow", "R_Wrist", "R_Hip", "R_Knee", "R_Ankle", "L_Eye", "L_Ear", "R_Eye", "R_Ear"]}