{"id": 2, "class": "person", "kpt3d_body": [[192.40536605252092, -15.861046633134492, 2683.9159955809864], [356.71040636576373, -165.59009986544936, 2734.9373016492013], [193.19109766242067, 461.7152014513032, 2652.522638777881], [144.72463146425864, -13.96559588450856, 2848.2825472059226], [165.67070551903697, 248.41504569367473, 2912.02799720731], [407.298531870764, 284.5230275526093, 2921.824095121188], [171.20280077407415, 445.81718895405277, 2745.378683180888], [484.65133819602613, 709.5289535510539, 2804.3183967953923], [341.6007642886504, 1069.6819325565148, 2727.8794567286786], [245.0600498798389, -22.906820320493182, 2515.9153828817757], [224.05643749740136, 256.1753095218053, 2451.2945962900308], [241.26133345657993, 505.46242816494015, 2393.6242497489734], [215.17903105367708, 477.6141680921765, 2559.6657240417126], [211.80109892888845, 839.7068615257831, 2554.6314483557526], [189.78395406347704, 1229.8659094734799, 2566.315176097981], [331.9695453408331, -198.14338003297593, 2761.710872202946], [229.07292716706598, -188.59502726249673, 2787.895604904663], [342.45849975631154, -201.52808982321062, 2701.2007526302928], [256.93753563506687, -195.28484399877385, 2635.9231925873246]], "kpt2d_body": [[1051.5862865791305, 553.3534034134079], [1134.6603457504264, 475.89939159142074], [1052.3585139088443, 807.639806126851], [1021.8298530906247, 554.7821261591771], [1030.3394223276064, 683.0950285786251], [1146.9696051082171, 699.5676809364516], [1037.6571124566658, 791.4754065460937], [1190.264425234567, 913.7801300118078], [1120.7558938002294, 1097.5503739656447], [1088.1336445430838, 548.8181025354954], [1079.227775165818, 710.0425539008583], [1091.2246372992245, 858.5335151885442], [1068.062955417202, 824.8894585462303], [1064.2634436173892, 1016.7016543488269], [1049.090640424885, 1207.2516976218258], [1120.1767966426985, 459.98419781255734], [1066.3483486765613, 465.58109404271494], [1129.427885546164, 455.9853815371023], [1088.0283909048467, 456.53271782826636]], "kpt2d_body_mask": [true, true, true, true, true, true, true, true, true, true, true, true, true, true, true, true, true, true, true], "kpt3d_body_mask": [true, true, true, true, true, true, true, true, true, true, true, true, true, true, true, true, true, true, true], "kpt_list": ["Thorax", "Nose", "Pelvis", "L_Shoulder", "L_Elbow", "L_Wrist", "L_Hip", "L_Knee", "L_Ankle", "R_Shoulder", "R_Elbow", "R_Wrist", "R_Hip", "R_Knee", "R_Ankle", "L_Eye", "L_Ear", "R_Eye", "R_Ear"]}