{"id": 2, "class": "person", "kpt3d_body": [[235.79893023550454, -11.664503166802547, 2728.5958407226467], [387.67721054818395, -197.01911981837327, 2765.8408900788477], [277.80064586749813, 509.71368158883297, 2697.741459474212], [226.30282177912775, -4.791909273643, 2899.6866091945767], [220.6075218190631, 264.97753788071975, 2949.08266186364], [308.8424806772759, 502.5768836357298, 2931.065825475323], [268.72546757464244, 515.59910421493, 2796.439915616128], [242.5898927503037, 883.6059892310981, 2789.894913952349], [217.0549694142607, 1247.5009259976891, 2757.4078877078755], [257.3184783346786, -24.4798486719381, 2556.4226317332013], [291.77764902487, 248.82723035882748, 2475.1815567265576], [393.3599251389255, 491.389911017127, 2494.6850916265676], [286.87483289402553, 503.82724220721866, 2599.0426243873344], [283.3791028261264, 869.3341319151853, 2574.3426069554675], [250.50112908483152, 1239.1344446873165, 2562.391847859362], [362.7978025024645, -227.49171313909386, 2794.1197640996925], [264.6962421841123, -197.55423858451508, 2826.8875861377282], [369.42160540820464, -230.1511748741794, 2733.226988917559], [284.8826795158358, -203.2646750717845, 2670.13781050794]], "kpt2d_body": [[1072.537708475884, 555.6856500510329], [1148.2868026494527, 460.8538132364371], [1094.622492768499, 827.8879895477105], [1060.6323078330515, 559.4175184084048], [1055.7856038630289, 689.4466270044952], [1098.2316945261286, 803.6484514533556], [1085.0198733139937, 821.6722981711749], [1070.083186187924, 1000.875644654177], [1056.0708227758687, 1174.2729354588698], [1092.7449367521026, 548.1504063884047], [1116.6698627421506, 704.2156532865376], [1170.8468277385866, 837.940639589216], [1104.9305503066555, 834.5536389053826], [1101.5437713312215, 1027.8750645007776], [1081.01157455958, 1211.9973498420795], [1133.6888432253697, 446.38595103369835], [1082.6093975604842, 462.46495533827624], [1141.1434926049485, 442.4970468733428], [1101.061222183289, 453.7009126391699]], "kpt2d_body_mask": [true, true, true, true, true, true, true, true, true, true, true, true, true, true, true, true, true, true, true], "kpt3d_body_mask": [true, true, true, true, true, true, true, true, true, true, true, true, true, true, true, true, true, true, true], "kpt_list": ["Thorax", "Nose", "Pelvis", "L_Shoulder", "L_Elbow", "L_Wrist", "L_Hip", "L_Knee", "L_Ankle", "R_Shoulder", "R_Elbow", "R_Wrist", "R_Hip", "R_Knee", "R_Ankle", "L_Eye", "L_Ear", "R_Eye", "R_Ear"]}