{"id": 2, "class": "person", "kpt3d_body": [[-48.90905174726146, -358.2565629479502, 2852.608016402533], [-138.2992128882679, -521.1078432820501, 2950.7535703324943], [-64.16563982891577, 167.97547572582403, 2999.924656319377], [-172.885688719652, -342.67838477070245, 2767.66594467203], [-455.4081154248177, -298.4439870569047, 2770.758561191408], [-421.05398985108843, -508.47695754774907, 2863.1649076256126], [-148.1692437280399, 181.11601744677415, 2943.8239778269444], [-138.12305038185707, 540.9000013050352, 2986.5132659705073], [-105.8620537265832, 904.8017093781214, 3031.7797732762206], [85.33739639167861, -374.61081805249466, 2919.823499053844], [306.09146499992914, -416.9041134141979, 3103.3858631538164], [193.87372146895217, -613.8483892247807, 3116.906313869517], [19.838401390324247, 154.8358661189181, 3056.025770603646], [30.776553397319795, 514.7408964348872, 3123.362949178816], [47.64627461916981, 884.8471752203546, 3156.1865819452173], [-150.81396680653518, -550.7771553669515, 2914.409959538487], [-132.4536635143749, -525.0717236603065, 2812.764551834894], [-101.50537404218382, -552.0730668905311, 2947.0827442127415], [-8.230200920600314, -533.8455256914203, 2898.6663790882744]], "kpt2d_body": [[915.8981709523684, 364.1662459731398], [869.6346962987477, 285.5799777304026], [909.1418034331043, 648.0603771010516], [844.9673662204113, 367.0892065710742], [686.6271854155709, 392.9824699535443], [714.3406719241979, 285.287226652141], [863.7186766051336, 656.6581386964697], [870.6394401056469, 841.9755158786216], [889.0188039820565, 1018.8232090705405], [988.5467109425185, 359.9802561817537], [1096.9160403684875, 351.03533688790145], [1039.6650569602173, 254.53362864678138], [952.9534856659529, 639.7363024409252], [958.1703417361186, 817.0822171268676], [966.1402500326623, 992.1087988491372], [862.1175234006886, 266.64783033502636], [869.3540739258447, 270.14881752698807], [889.0641326260569, 269.07615821393205], [938.347661355931, 273.82604590281494]], "kpt2d_body_mask": [true, true, true, true, true, true, true, true, true, true, true, true, true, true, true, true, true, true, true], "kpt3d_body_mask": [true, true, true, true, true, true, true, true, true, true, true, true, true, true, true, true, true, true, true], "kpt_list": ["Thorax", "Nose", "Pelvis", "L_Shoulder", "L_Elbow", "L_Wrist", "L_Hip", "L_Knee", "L_Ankle", "R_Shoulder", "R_Elbow", "R_Wrist", "R_Hip", "R_Knee", "R_Ankle", "L_Eye", "L_Ear", "R_Eye", "R_Ear"]}