{"id": 2, "class": "person", "kpt3d_body": [[6.431197641365798, -351.1240890803116, 2933.885162305814], [-130.58862252994084, -527.2183338979785, 2990.6254229124497], [-20.275948203270513, 156.3503981800345, 3037.742030687828], [-103.11498307077815, -325.49459336999416, 2804.712333053589], [-150.23719991997896, -53.90477989212414, 2805.567016076141], [-232.65561931215953, 159.52879440881048, 2909.1411237478324], [-72.91942360632183, 165.51678331228942, 2952.59113417195], [-142.82079516461425, 527.3294199326467, 3025.9435543542418], [-101.4661325357387, 902.2753057259229, 3031.2352967191455], [102.99760295560938, -383.0827787204082, 3073.607173643886], [147.67674578093386, -123.93723732476516, 3187.05861833803], [84.96766973723845, 111.74986680302311, 3277.100875446481], [32.36752719978078, 147.18401304777942, 3122.8929272037067], [57.68341147893388, 512.7120494988529, 3145.246577174177], [51.52456190044148, 887.1421076054357, 3158.479668154111], [-133.34391009757752, -553.2434290822777, 2949.023563756923], [-86.29436764224502, -523.958505800395, 2859.823293350795], [-95.20773667486174, -562.8933331689678, 2995.773281509953], [8.643936860674177, -547.5143627334661, 2978.782646029997]], "kpt2d_body": [[946.1968631328039, 373.3192353533915], [874.62663453241, 286.0384574993547], [932.2598230502273, 640.9924950439926], [885.1409949835586, 379.01481162559753], [858.5999680225726, 530.2453865271744], [817.2712781916669, 646.1239304499147], [903.9461032898962, 648.1583583341575], [869.1163874391445, 831.4773300602219], [891.2373213622185, 1017.6799481321023], [995.2642417339358, 365.67022923460286], [1015.5683423581036, 499.42169203584643], [983.5102747079304, 613.7907243306719], [959.0418650512465, 634.2024577199078], [971.4337337835601, 814.3140077022305], [968.0188258930932, 992.8842967950852], [872.2788013461525, 268.7175331141423], [895.6993489521144, 275.3574438263523], [893.2159903487624, 268.19576835229816], [947.3066100317892, 274.3827919211139]], "kpt2d_body_mask": [true, true, true, true, true, true, true, true, true, true, true, true, true, true, true, true, true, true, true], "kpt3d_body_mask": [true, true, true, true, true, true, true, true, true, true, true, true, true, true, true, true, true, true, true], "kpt_list": ["Thorax", "Nose", "Pelvis", "L_Shoulder", "L_Elbow", "L_Wrist", "L_Hip", "L_Knee", "L_Ankle", "R_Shoulder", "R_Elbow", "R_Wrist", "R_Hip", "R_Knee", "R_Ankle", "L_Eye", "L_Ear", "R_Eye", "R_Ear"]}