{"id": 2, "class": "person", "kpt3d_body": [[-21.054206709438184, -333.7589866306125, 2842.4581727623527], [-122.73410331125773, -507.72569916260306, 2945.40349305436], [-27.410841872605385, 150.7137643341308, 2956.825343024962], [-158.01693213488036, -319.14280092615127, 2736.897230162309], [-146.02398270416688, -45.69353845967697, 2688.8968908740835], [-149.71905400707504, 197.23205994667765, 2709.102792561223], [-100.71055029143353, 168.37200237234526, 2890.612412236077], [-88.42266335758595, 537.3465263313129, 2949.6618755908676], [-35.43086317702585, 907.7431974310671, 2998.8988045548103], [114.62010480935041, -353.49092927205265, 2947.5843165048905], [168.2012981889271, -97.60832525408418, 3057.610694687833], [31.21359548540216, 36.74189140525911, 3232.905979838444], [45.8889512583556, 133.05551583464194, 3023.0383259139076], [-87.7223486295135, 400.93668492973455, 3250.0414521258235], [41.47083546838544, 769.8193105438203, 3146.8064886614316], [-134.53381460401528, -538.1564688167912, 2907.0047675134774], [-115.49738888324313, -513.0898705652281, 2805.8703806187173], [-83.48152881772846, -539.813266573966, 2941.966718733019], [10.532399045554774, -519.379494341896, 2895.8777693042116]], "kpt2d_body": [[931.1485451746197, 376.832018418791], [877.7181151668701, 292.0306933632171], [928.1801860212719, 640.212464547485], [852.3227032069111, 378.2413926507696], [857.4111709121349, 533.7235236863788], [856.0170344591503, 674.2589893066066], [888.0199877318421, 651.5685901213272], [896.009587634108, 843.6813036948203], [924.6281213508018, 1025.225235059972], [1003.6970132879928, 372.9938787050811], [1029.1929915812336, 510.3370134770572], [957.9323410263762, 578.165589231908], [966.6115731974846, 629.3213819330192], [900.4746160106588, 753.0263451671223], [963.2442099828558, 938.6392741503497], [870.6074140522073, 272.51676263189853], [878.5664494851075, 275.94853002118964], [898.505464425024, 274.93091374310035], [948.4545457852187, 281.2094193804585]], "kpt2d_body_mask": [true, true, true, true, true, true, true, true, true, true, true, true, true, true, true, true, true, true, true], "kpt3d_body_mask": [true, true, true, true, true, true, true, true, true, true, true, true, true, true, true, true, true, true, true], "kpt_list": ["Thorax", "Nose", "Pelvis", "L_Shoulder", "L_Elbow", "L_Wrist", "L_Hip", "L_Knee", "L_Ankle", "R_Shoulder", "R_Elbow", "R_Wrist", "R_Hip", "R_Knee", "R_Ankle", "L_Eye", "L_Ear", "R_Eye", "R_Ear"]}