{"id": 5, "class": "person", "kpt3d_body": [[51.18676527398123, -401.91966412891145, 2788.9174601412387], [-38.345534636627065, -558.5202302794944, 2896.41101310697], [46.876400248238696, 120.47599820984246, 2908.001094642769], [-67.98432571174519, -388.17934729667445, 2690.0163945749023], [-286.49055922111984, -370.76252816542774, 2508.5532881631543], [-496.5653480845771, -369.47214839430967, 2367.988814491669], [-21.338758619162903, 132.8101885624804, 2838.1721342562564], [-6.312686264157521, 553.116105499352, 2915.554786664905], [51.18605856553971, 923.4936642921626, 2951.963380536342], [172.346363624974, -414.26948195015075, 2872.380265125373], [378.967600961243, -485.31974418582524, 3048.831078168586], [590.7941607703134, -551.8474445677434, 3240.7206025238484], [115.09182930634677, 108.14278130301375, 2977.8302718246678], [133.0602605941295, 530.1347537661671, 3019.5735948752554], [155.10382042670716, 905.933862598597, 3027.642311093436], [-50.70260535364615, -587.0782101583718, 2860.1461982061155], [-33.3297702572108, -569.0948891001652, 2759.786593600853], [-2.2203528470483125, -590.3274589395459, 2894.8970927324763], [87.26126509864028, -577.7117324420424, 2850.340481616199]], "kpt2d_body": [[971.4919030078411, 335.48222941205967], [922.1385711202183, 260.58502577928454], [968.0903189339383, 625.2740013445], [903.2182331975216, 335.21453576899194], [764.6286817719939, 330.4888529842119], [618.1468409966284, 319.49910840165643], [930.9319430638354, 633.6752922621872], [939.4035493159416, 855.2884726267896], [969.515049279574, 1040.1872992793092], [1036.6099592692765, 335.4671536896951], [1136.4755580419476, 313.0473136782166], [1225.5534166654566, 297.02822462589774], [1003.4977617199087, 617.2506517545842], [1011.5532743427477, 833.5125009595171], [1021.7547786312562, 1019.8893335039912], [915.176469846657, 241.627764746389], [923.9776368337427, 240.1693167227417], [941.5903629147188, 243.64374139905635], [990.4732557984438, 245.58638432715316]], "kpt2d_body_mask": [true, true, true, true, true, true, true, true, true, true, true, true, true, true, true, true, true, true, true], "kpt3d_body_mask": [true, true, true, true, true, true, true, true, true, true, true, true, true, true, true, true, true, true, true], "kpt_list": ["Thorax", "Nose", "Pelvis", "L_Shoulder", "L_Elbow", "L_Wrist", "L_Hip", "L_Knee", "L_Ankle", "R_Shoulder", "R_Elbow", "R_Wrist", "R_Hip", "R_Knee", "R_Ankle", "L_Eye", "L_Ear", "R_Eye", "R_Ear"]}