{"id": 2, "class": "person", "kpt3d_body": [[-34.50495380462249, -370.25919345739123, 2852.4793280941253], [-132.79205279475423, -519.3149307263052, 2944.702192944979], [-52.08841067305677, 148.13345633219072, 2990.167841357502], [-152.27830436760354, -355.648523256976, 2773.567671857928], [-419.3487674553089, -466.393565204413, 2762.924964019912], [-366.495435188138, -594.1890851479571, 2946.7746070899916], [-123.79994255920931, 162.30902692751016, 2929.120913009688], [-129.1049282156654, 538.9124264670569, 2984.4910623938563], [-104.73459507338305, 904.5743474593654, 3030.8972805831163], [96.89561592331759, -385.03307632529345, 2916.3484257074747], [159.57912066000878, -571.898832090837, 3159.2693090039547], [-81.77506726981923, -629.2114629898917, 3156.6486761898796], [19.622951788830076, 133.95790665942002, 3051.2146655051943], [36.16117634170159, 514.687137544049, 3122.859969327919], [47.52998828996125, 884.6379518099258, 3155.995835898957], [-143.72886498609466, -549.4083857616841, 2907.30789459838], [-118.69301385568541, -521.2902674204936, 2811.04238241802], [-91.27947375201315, -552.4089334638147, 2939.7802302947043], [-1.3352190283834264, -536.5958487011791, 2900.3926629724738]], "kpt2d_body": [[923.8138215751403, 357.6267467397877], [872.3986120377622, 285.9465486165821], [915.3723617704643, 637.9677318953853], [856.8116224575263, 360.20983627335795], [706.9263042973835, 298.8061949210149], [749.707113253853, 248.23562037871898], [876.3609988054795, 647.1217461378117], [875.2960155807598, 841.1615172291431], [889.5761540695732, 1018.8433793279968], [994.7962346908149, 354.2174055055891], [1021.5810453425698, 278.79364621120385], [902.4190793846155, 250.7011685296959], [952.8595822655194, 629.1505379925269], [960.8671695439343, 817.0948787998013], [966.0848525240162, 992.0354306044318], [865.7147384441495, 266.64559425071474], [876.927666793779, 272.00267503872], [894.355397698527, 268.1735195594237], [942.0602644424755, 272.54016579604104]], "kpt2d_body_mask": [true, true, true, true, true, true, true, true, true, true, true, true, true, true, true, true, true, true, true], "kpt3d_body_mask": [true, true, true, true, true, true, true, true, true, true, true, true, true, true, true, true, true, true, true], "kpt_list": ["Thorax", "Nose", "Pelvis", "L_Shoulder", "L_Elbow", "L_Wrist", "L_Hip", "L_Knee", "L_Ankle", "R_Shoulder", "R_Elbow", "R_Wrist", "R_Hip", "R_Knee", "R_Ankle", "L_Eye", "L_Ear", "R_Eye", "R_Ear"]}