{"id": 6, "class": "person", "kpt3d_body": [[224.58277979791342, -47.145225076293826, 2691.873078820444], [370.49059866118307, -216.17628941500072, 2628.8072587063143], [183.73473554100173, 391.19060786307443, 3040.4570148134017], [132.98998173141214, -140.6754902249459, 2798.0723728015805], [78.23920851745379, -247.20032701106504, 3038.986230080247], [206.11465233516464, -395.12303112399877, 2887.005094061817], [133.53366276849476, 333.7333795815131, 3098.6242409805627], [96.20573670192861, 668.8105593095158, 3362.5913330343424], [73.82069041355753, 1006.7803452475068, 3626.6782579385267], [283.6973119463951, 50.407858102350644, 2577.509015627247], [494.40130833084413, 220.59889264069312, 2489.975542878124], [557.7961923065103, -16.841053247037365, 2442.983050970064], [233.934872029158, 448.6480263433245, 2982.2894933564285], [195.91999008141912, 777.7346871003144, 3237.633860546178], [150.40211385374036, 1101.9476895994592, 3508.4950946066247], [339.63629608022416, -256.37244959175433, 2620.378737987081], [231.25080117384243, -256.1625709019529, 2625.2165660985797], [365.13085142314907, -222.30222996022604, 2577.285337769851], [296.997805532414, -166.03506596373109, 2517.7534684309244]], "kpt2d_body": [[1064.9687156378172, 524.9168240378519], [1144.0045198649839, 435.60932452461276], [1032.6272356919944, 727.3617181452588], [1015.011071259956, 479.3473058346776], [984.6235181264201, 436.23135736157803], [1047.7457787979774, 359.97125705211283], [1008.6829274144735, 698.632552234283], [988.2525787786386, 823.0459783404742], [976.5875850174355, 927.5777695307038], [1101.843056723514, 576.3837958378989], [1222.2672594322657, 670.9828060814071], [1262.8589762906804, 539.787718005634], [1057.3631148620461, 757.007672358863], [1031.8051171739937, 878.0423344037115], [1006.9977605104814, 974.7212089542511], [1128.33347963061, 414.03600572278106], [1071.1132401370833, 414.05406641826136], [1144.978421399424, 430.082153720466], [1112.5597284468627, 457.9057533456556]], "kpt2d_body_mask": [true, true, true, true, true, true, true, true, true, true, true, true, true, true, true, true, true, true, true], "kpt3d_body_mask": [true, true, true, true, true, true, true, true, true, true, true, true, true, true, true, true, true, true, true], "kpt_list": ["Thorax", "Nose", "Pelvis", "L_Shoulder", "L_Elbow", "L_Wrist", "L_Hip", "L_Knee", "L_Ankle", "R_Shoulder", "R_Elbow", "R_Wrist", "R_Hip", "R_Knee", "R_Ankle", "L_Eye", "L_Ear", "R_Eye", "R_Ear"]}