{"id": 6, "class": "person", "kpt3d_body": [[272.7559594546875, -147.08422009410185, 2720.2982918593666], [441.8673951553311, -325.839638328774, 2754.996432919363], [270.6648195087626, 428.06680063774775, 2696.9086764382378], [264.0561116244637, -139.56207294990008, 2894.9447661330205], [127.92679216787526, 66.8698774178884, 3075.730455472662], [206.79596343790433, 266.25051622518185, 2923.404064819111], [251.7139463633785, 429.5170372145328, 2792.1502286290925], [236.60132643718987, 847.8231916840764, 2766.1625519297277], [243.55540635304138, 1272.3718326138264, 2731.5319866620193], [312.4690707879626, -152.92003920765922, 2562.7817268644617], [255.04953816553694, 26.384939505289537, 2324.6588170355553], [296.24164836312207, 252.97578356128597, 2473.1166748333276], [289.61670604681206, 426.61754629724385, 2601.6669045949448], [284.0065209688212, 839.8991107868555, 2574.6088241171883], [262.6530298603557, 1258.5055188956294, 2562.460679383752], [414.88406980985064, -357.08769357266533, 2787.1427750732973], [314.6815067799788, -342.5464315522484, 2821.9225971583023], [422.35475615448166, -364.2714452373616, 2723.963677665013], [334.0085703677801, -352.7837870637009, 2668.048696017153]], "kpt2d_body": [[1092.0824039527843, 484.923700665265], [1176.0859807176382, 394.8884365580113], [1091.3499261264446, 785.9908808344153], [1079.2664732270484, 493.20867832361404], [1008.6643506801145, 592.7631818121911], [1050.002128747029, 691.2000616569468], [1077.0104907392963, 779.2800286557042], [1068.3055891093713, 987.4045822124174], [1069.888060661562, 1190.5148316674686], [1122.6803584509864, 477.0906932963883], [1105.5773634518016, 577.9054184682444], [1119.3360209313205, 706.6794863301586], [1106.6984549990318, 793.1627104945733], [1102.1445003690842, 1012.8717642436201], [1087.1658713639338, 1221.0228702879594], [1159.840247891081, 380.9388115136337], [1107.4904358469269, 389.9137456738275], [1168.4091820169833, 373.191205794618], [1126.6112510581331, 374.8723960499878]], "kpt2d_body_mask": [true, true, true, true, true, true, true, true, true, true, true, true, true, true, true, true, true, true, true], "kpt3d_body_mask": [true, true, true, true, true, true, true, true, true, true, true, true, true, true, true, true, true, true, true], "kpt_list": ["Thorax", "Nose", "Pelvis", "L_Shoulder", "L_Elbow", "L_Wrist", "L_Hip", "L_Knee", "L_Ankle", "R_Shoulder", "R_Elbow", "R_Wrist", "R_Hip", "R_Knee", "R_Ankle", "L_Eye", "L_Ear", "R_Eye", "R_Ear"]}