{"id": 6, "class": "person", "kpt3d_body": [[268.6939697182777, -146.37758073638025, 2719.0451130055962], [442.6054950615457, -326.3282852149237, 2754.248516480811], [270.0984733958213, 428.0359814747835, 2696.392758208731], [260.5903936128399, -138.47653413984943, 2895.3013403271007], [121.316320633416, 65.27006497199892, 3073.958578052986], [205.62547930348182, 266.9842423466764, 2923.1360613309344], [251.24382435007766, 429.72062396285753, 2791.8203078226725], [236.556441830601, 848.9822539122426, 2765.5489791441605], [244.13515309584312, 1271.9503915717698, 2730.8526243637994], [296.6900595564531, -153.33668594199537, 2557.5134958466774], [249.57484169905632, 27.563212640374957, 2323.429262636876], [292.746089599537, 252.93286194134723, 2472.6571635004407], [288.9541254264965, 426.3513286430913, 2600.96514603093], [282.91065720220524, 839.3811741565322, 2574.6011918184395], [262.9623442066025, 1258.7995052628999, 2562.655628123314], [414.9433168712582, -359.46468334775574, 2785.5268355310473], [314.3749921561023, -341.21173636157977, 2819.138527760182], [422.2298148576903, -364.79772691115727, 2724.0292014176493], [333.85778624309177, -350.3071862861043, 2666.3296329771765]], "kpt2d_body": [[1090.0320133479609, 485.2510486066244], [1176.5175398164893, 394.59946964644087], [1091.080916989497, 786.0195805000103], [1077.553005176662, 493.74555060360126], [1005.6286868799705, 592.0407994169996], [1049.4411635331787, 691.5689306090924], [1076.7869229683427, 779.4088613996544], [1068.3005709597255, 988.0493132700929], [1070.205175977518, 1190.4621454734001], [1114.3229091531202, 476.65306570383206], [1102.322859813138, 578.6371677379481], [1117.3752033829915, 706.694892515815], [1106.3834933739815, 793.0849851227749], [1101.5632323638695, 1012.6195047763906], [1087.3150137593054, 1221.1134099981932], [1159.9772665036128, 379.6426746885729], [1107.4960845965686, 390.4103411282341], [1168.337003697231, 372.9250847969734], [1126.6558165105725, 376.0539773981126]], "kpt2d_body_mask": [true, true, true, true, true, true, true, true, true, true, true, true, true, true, true, true, true, true, true], "kpt3d_body_mask": [true, true, true, true, true, true, true, true, true, true, true, true, true, true, true, true, true, true, true], "kpt_list": ["Thorax", "Nose", "Pelvis", "L_Shoulder", "L_Elbow", "L_Wrist", "L_Hip", "L_Knee", "L_Ankle", "R_Shoulder", "R_Elbow", "R_Wrist", "R_Hip", "R_Knee", "R_Ankle", "L_Eye", "L_Ear", "R_Eye", "R_Ear"]}