{"id": 6, "class": "person", "kpt3d_body": [[260.3316630236079, -161.10692844095524, 2711.00304435312], [400.20167279056176, -322.1273328025819, 2737.48360083122], [277.4152243104935, 405.3884889862924, 2694.6033535604893], [216.12594318069085, -144.80105607868722, 2860.711317490337], [425.0653199780844, -60.127659156590596, 3043.8219391435564], [510.57645214103763, -259.7791071707971, 2910.9939040863746], [265.28228425769055, 408.1155022142738, 2787.7944834318264], [251.6031535708492, 840.9969853295131, 2765.447030793209], [247.750281776081, 1272.4579568135334, 2731.8402477489003], [264.9166195243629, -173.35024208798387, 2554.831931955859], [522.4677011306336, -124.84165680303619, 2430.769887470373], [559.3782627966234, -295.8390794269562, 2618.753323130117], [289.5481650187311, 402.6604659187932, 2601.4120814790303], [293.4297227623707, 834.4496341214273, 2575.4798815378062], [266.9585010137786, 1258.2372636648315, 2562.6844095079878], [374.6271816388214, -352.1618978448018, 2767.55282668976], [274.1489027903707, -341.40635081143273, 2803.0085210841476], [381.2590705918404, -359.4113156119542, 2709.9353759384194], [294.0719301765379, -353.17845266159, 2653.876519532475]], "kpt2d_body": [[1086.0513119904165, 477.30347011983105], [1156.258293837229, 395.5343619144082], [1095.0988455872184, 774.4102962626787], [1057.0073035370126, 489.73649170346766], [1147.8125394681786, 533.747690324469], [1197.3790182789717, 435.8185709245671], [1084.156286891069, 768.8382875360767], [1075.9037858673034, 984.1392695103123], [1071.9456019293739, 1190.4526688739836], [1096.866140470339, 465.3977102996753], [1252.5071296419153, 489.4777998275452], [1249.8690158020356, 403.15529151392366], [1106.800498348724, 780.3622021905895], [1107.1889513369542, 1009.8627516745139], [1089.4088231157925, 1220.798005668667], [1140.959154198033, 381.9754229107915], [1088.1405028684476, 389.20030754258147], [1148.3485376213744, 374.5170418923591], [1106.3704326555553, 373.5034492039056]], "kpt2d_body_mask": [true, true, true, true, true, true, true, true, true, true, true, true, true, true, true, true, true, true, true], "kpt3d_body_mask": [true, true, true, true, true, true, true, true, true, true, true, true, true, true, true, true, true, true, true], "kpt_list": ["Thorax", "Nose", "Pelvis", "L_Shoulder", "L_Elbow", "L_Wrist", "L_Hip", "L_Knee", "L_Ankle", "R_Shoulder", "R_Elbow", "R_Wrist", "R_Hip", "R_Knee", "R_Ankle", "L_Eye", "L_Ear", "R_Eye", "R_Ear"]}