{"id": 6, "class": "person", "kpt3d_body": [[244.72970490404697, -79.74066122713907, 2759.427318231082], [418.71413432732834, -273.08620153829906, 2847.628934834661], [339.5994699828634, 430.66045584432516, 2702.5185910515006], [182.3696345904213, -24.130284131430813, 2900.883850315189], [131.43174663697323, 274.99658196929954, 2803.99231741732], [156.16573129528268, 506.770942554308, 2704.453994485371], [309.60117477651374, 440.17199281066013, 2801.1379579268205], [410.19172799360774, 845.6725451292239, 2878.6748320527245], [235.59317349257077, 1242.6481322620868, 2780.485664647532], [282.85473126963353, -138.02924109308947, 2617.8556783406343], [355.9251131079663, -69.38002388193553, 2341.101822474784], [578.8785003632048, 44.78420092903292, 2411.9672821932004], [369.597771909224, 421.1499172110959, 2603.8991668538356], [451.82811004998115, 816.9870672421415, 2552.9752240634302], [251.52616062304716, 1216.4124817905397, 2505.2553233832978], [387.8833994828152, -300.91309911806746, 2876.8026198636353], [284.6403346458519, -278.3357347903288, 2898.014866689636], [400.85396883535117, -313.10031089541553, 2816.795747865851], [318.5628464763639, -304.389812363178, 2749.683730956415]], "kpt2d_body": [[1075.7356366068782, 520.650956663822], [1157.7036165442744, 426.1326856899471], [1126.893842058618, 786.5243984096036], [1039.0199283419824, 549.9190143037142], [1016.0318669762017, 701.2015677204763], [1030.9309730080768, 826.2481427658308], [1105.6764796360796, 783.6545387281888], [1147.3360715823217, 969.1927707689424], [1064.3309328093833, 1167.3449435477232], [1103.1059975723072, 486.86300598788324], [1165.1820621084273, 519.7767406592036], [1287.0593166613914, 587.8406215685862], [1149.6374679290545, 789.5743514377422], [1193.6699724100602, 1002.675156921163], [1084.501101316926, 1214.3069432573302], [1140.4826306886962, 413.759393347142], [1088.938728878263, 425.48735286331663], [1150.8986251260958, 404.6319541837356], [1113.7180610491714, 404.9814555542067]], "kpt2d_body_mask": [true, true, true, true, true, true, true, true, true, true, true, true, true, true, true, true, true, true, true], "kpt3d_body_mask": [true, true, true, true, true, true, true, true, true, true, true, true, true, true, true, true, true, true, true], "kpt_list": ["Thorax", "Nose", "Pelvis", "L_Shoulder", "L_Elbow", "L_Wrist", "L_Hip", "L_Knee", "L_Ankle", "R_Shoulder", "R_Elbow", "R_Wrist", "R_Hip", "R_Knee", "R_Ankle", "L_Eye", "L_Ear", "R_Eye", "R_Ear"]}