{"id": 6, "class": "person", "kpt3d_body": [[276.1008217675305, -146.53501242010805, 2720.137267640368], [450.3391319031407, -345.24274690299364, 2743.7645915927587], [270.7339583180206, 428.2580936451342, 2697.7362552081017], [266.05510557483046, -140.25720390589044, 2893.7141991497338], [128.8022668364596, 66.40007410412153, 3075.326825752465], [207.73806067806063, 265.6374632088331, 2924.17688354894], [251.05005414312336, 430.2226276170877, 2793.108893092612], [238.09562328895322, 849.642404529596, 2766.864234693686], [243.89011006996697, 1272.6124521607048, 2731.145883689326], [314.6931898632801, -152.95298684759956, 2563.5153567383577], [256.333138603859, 26.49160893938074, 2325.2714478759226], [298.5341655572747, 252.83006554246498, 2473.6388205731073], [290.41785880519507, 426.29356542638686, 2602.3637170898246], [284.66764395141894, 839.4767276085634, 2575.3722898024207], [263.7133421502609, 1258.9693492779525, 2563.0133876922555], [422.40843647259703, -371.50810785860017, 2778.318761396063], [328.9016204978071, -340.45001649624055, 2822.070530277987], [423.10825266192865, -379.1748775646991, 2716.749625640216], [329.4070053940694, -353.20375980640904, 2667.5219335579623]], "kpt2d_body": [[1093.8337129289316, 485.210910161122], [1181.1924861483278, 384.37196132134454], [1091.3423904590945, 786.021901780445], [1080.3008619393845, 492.84090179745994], [1009.0786527422415, 592.549328139115], [1050.4344474614181, 690.8679031556796], [1076.6292782433552, 779.5617858219509], [1069.0140038912687, 988.162597489754], [1070.0666705824037, 1190.7003751276588], [1123.855246217579, 477.10139313768616], [1106.3177936242764, 577.9658570685841], [1120.6068967141675, 706.5575494707728], [1107.0914854694984, 792.9246618781478], [1102.459503807318, 1012.5244754467415], [1087.6884661896183, 1221.1029578500716], [1164.2017259942597, 373.1608379394778], [1114.5900394030045, 391.01917222962896], [1169.2771817898506, 365.04950090720877], [1124.2197007925897, 374.59409620064366]], "kpt2d_body_mask": [true, true, true, true, true, true, true, true, true, true, true, true, true, true, true, true, true, true, true], "kpt3d_body_mask": [true, true, true, true, true, true, true, true, true, true, true, true, true, true, true, true, true, true, true], "kpt_list": ["Thorax", "Nose", "Pelvis", "L_Shoulder", "L_Elbow", "L_Wrist", "L_Hip", "L_Knee", "L_Ankle", "R_Shoulder", "R_Elbow", "R_Wrist", "R_Hip", "R_Knee", "R_Ankle", "L_Eye", "L_Ear", "R_Eye", "R_Ear"]}