{"id": 5, "class": "person", "kpt3d_body": [[33.60496899251366, -20.094482127796596, 2717.909269113957], [-75.46314029724189, -186.13531590040054, 2636.2465590823213], [-12.735530718960142, 489.9670718625539, 2654.2181339669055], [118.32588275058856, -28.443525527952715, 2592.3479056855695], [148.64598994570227, -131.1640066222742, 2316.915797966073], [-52.0169078543924, -250.9546274702359, 2391.84142090261], [51.88378940979656, 491.6816754070909, 2581.4182822427842], [71.29206692504471, 889.6492989938051, 2570.583466418206], [100.64604350057155, 1293.4315264119832, 2587.702376148218], [-65.52981633222507, -11.868412759787077, 2824.4397034411086], [-350.7707214585305, -66.44694180231994, 2878.9832455690703], [-314.5664491678848, -215.569041815302, 2669.479375720085], [-77.35509899228498, 488.2524921052834, 2727.0182985143624], [-96.1510871245662, 916.7270262476416, 2702.25940313928], [-61.495680626798226, 1306.2845761624444, 2718.625962447514], [-45.91286948848192, -221.8434009717717, 2633.3533891147063], [54.250180303946074, -206.23735275936525, 2655.28845192122], [-79.99849882476893, -214.8919524544263, 2674.105042914466], [-40.13851351113614, -190.58899948696222, 2767.9016836863584]], "kpt2d_body": [[951.8822403226419, 548.4467803886198], [894.6133000152073, 460.3816556727261], [927.9601206881616, 813.8371970984169], [998.4002450415351, 543.4594970998115], [1024.156340831368, 479.91010922371686], [904.2700010835974, 412.7989590187234], [962.4257574373072, 821.7607819783832], [972.1834581774417, 1025.9436423344903], [985.7515413890792, 1212.8395244909284], [902.1380864612615, 552.9011069920133], [764.9285295393826, 526.6888730252557], [770.7284241487885, 446.71155131311434], [895.3033893405359, 806.2419262002969], [886.4527164594822, 1017.1771734305939], [904.9102124735534, 1190.2864613078], [910.2525617425315, 441.4303914683222], [963.119714289121, 450.5535503198553], [892.8298849954634, 446.8388949346257], [914.3324027717871, 462.7950263362828]], "kpt2d_body_mask": [true, true, true, true, true, true, true, true, true, true, true, true, true, true, true, true, true, true, true], "kpt3d_body_mask": [true, true, true, true, true, true, true, true, true, true, true, true, true, true, true, true, true, true, true], "kpt_list": ["Thorax", "Nose", "Pelvis", "L_Shoulder", "L_Elbow", "L_Wrist", "L_Hip", "L_Knee", "L_Ankle", "R_Shoulder", "R_Elbow", "R_Wrist", "R_Hip", "R_Knee", "R_Ankle", "L_Eye", "L_Ear", "R_Eye", "R_Ear"]}