{"id": 5, "class": "person", "kpt3d_body": [[-21.128329096962943, -211.2087254713883, 2789.7197170564114], [84.49382825746476, -405.88319823175584, 2896.643176300367], [-24.70835998865759, 282.1309454364493, 2833.2724636155763], [-156.2267692167708, -215.4737826752121, 2896.312801045824], [-184.8787264770744, 65.50891339916319, 2945.0141276056283], [-106.58172221638957, 301.9045133330154, 3025.0076504025906], [-93.21720109461602, 292.5134277742663, 2910.9732391716616], [-127.64386520753163, 689.1704777301904, 2914.4578406432083], [-159.90973609198682, 1071.9636655350773, 2887.5286437955333], [115.1741530703973, -198.90291561163096, 2686.533432808376], [153.1646971581818, 85.35776828987721, 2680.9439415548077], [174.68312360786052, 290.4143163615444, 2821.399109642334], [43.80062976919149, 271.7494916682597, 2755.571546825158], [22.737840892724073, 703.6766496892392, 2831.2083438328254], [-47.22221932962924, 1077.0588531013536, 2834.198683396129], [49.69920154396153, -441.8699752625553, 2894.048177764787], [-45.61292252743616, -427.9067210460978, 2851.5264472357676], [96.04636273797645, -433.2615428393076, 2856.2685203189712], [75.04612513549347, -408.0332923457404, 2757.4258204587713]], "kpt2d_body": [[939.1337958898096, 460.45366967551774], [990.193705704146, 371.6967526500655], [937.5499615535767, 704.0066455432979], [874.5492921921344, 462.35908593134616], [862.1397896538004, 596.6620528794335], [900.6494418301012, 704.2708375109994], [905.117806428884, 705.2230021886294], [889.5204153817439, 889.7579199724762], [875.2391926978884, 1063.5794590462021], [1009.4366314040323, 462.8231399216276], [1029.3762035346888, 610.0103988824891], [1035.7983149839856, 708.4871619676558], [971.8268830776425, 702.6752314738029], [960.7230036040172, 905.9408572725824], [927.3256931228016, 1074.8808306644087], [973.5169913927693, 354.48937354709324], [927.5003776952942, 358.06701409110076], [996.3344872600195, 355.89573268849523], [987.4588508129016, 360.9444732789178]], "kpt2d_body_mask": [true, true, true, true, true, true, true, true, true, true, true, true, true, true, true, true, true, true, true], "kpt3d_body_mask": [true, true, true, true, true, true, true, true, true, true, true, true, true, true, true, true, true, true, true], "kpt_list": ["Thorax", "Nose", "Pelvis", "L_Shoulder", "L_Elbow", "L_Wrist", "L_Hip", "L_Knee", "L_Ankle", "R_Shoulder", "R_Elbow", "R_Wrist", "R_Hip", "R_Knee", "R_Ankle", "L_Eye", "L_Ear", "R_Eye", "R_Ear"]}