{"id": 6, "class": "person", "kpt3d_body": [[-59.556075910125976, -78.47968445464446, 2596.6995278384475], [-138.0814279582055, -109.26167893930526, 2371.4057812836], [46.326112477883186, 347.2678903775859, 2957.081397689247], [92.31075681122304, -76.44541538900512, 2539.4244213131233], [364.94487276199254, 9.183898649036735, 2653.116924725109], [239.7761310659941, 213.56514312195912, 2794.37368212094], [138.72986307447633, 358.90938957094784, 2922.980774739328], [151.50365065783208, 674.9851275246505, 3195.8207087537858], [171.0542654072847, 958.4093590415886, 3516.181030439695], [-219.2457262224479, -89.23679615674942, 2644.42431192192], [-363.5342421981569, -33.58449443734912, 2896.5604172214057], [-179.65812729490978, 189.96836320710145, 2923.337145675495], [-46.0776606984167, 335.6252860685527, 2991.1817594696618], [-18.41114421211099, 640.1084220913501, 3265.87352766194], [35.0603683261539, 898.4161152177135, 3593.5945971748833], [-103.7456307917229, -143.8861370212986, 2353.385143658269], [-23.560873611667397, -188.52929740812726, 2406.98055443646], [-162.26499758603154, -155.85724869526743, 2374.4093182577803], [-164.595877965225, -217.54327118320646, 2461.3260538919294]], "kpt2d_body": [[882.9413793184466, 521.1101230797855], [833.8929866438241, 499.16044238908415], [936.6307234972819, 725.7246890791669], [965.4956426303847, 521.2830578590739], [1105.5407332577777, 567.8965104756372], [1034.003478380513, 668.9693477694883], [980.6991920390044, 732.9863114394345], [980.1123802888748, 852.957526358798], [981.309707931068, 934.2060934224612], [799.6489975184315, 516.3067878304746], [740.8405575596452, 547.0646264984993], [829.4615165350021, 653.2361095265204], [893.5047003483356, 718.5285267009756], [907.1363713670844, 832.6860568961145], [928.2848672546511, 904.738772352639], [853.568890209122, 478.2544705518758], [901.2713352237312, 454.41680272042026], [819.9255236537556, 472.09641054633573], [822.0521056404435, 440.6764742440955]], "kpt2d_body_mask": [true, true, true, true, true, true, true, true, true, true, true, true, true, true, true, true, true, true, true], "kpt3d_body_mask": [true, true, true, true, true, true, true, true, true, true, true, true, true, true, true, true, true, true, true], "kpt_list": ["Thorax", "Nose", "Pelvis", "L_Shoulder", "L_Elbow", "L_Wrist", "L_Hip", "L_Knee", "L_Ankle", "R_Shoulder", "R_Elbow", "R_Wrist", "R_Hip", "R_Knee", "R_Ankle", "L_Eye", "L_Ear", "R_Eye", "R_Ear"]}