{"id": 4, "class": "person", "kpt3d_body": [[231.08716101223314, 86.97591171480781, 2878.4129743918816], [292.1775847878574, -53.1283764571549, 3070.5720315393], [192.66843135856274, 620.9445235094323, 2829.06854197668], [67.1949982826909, 72.03568255498965, 2909.778402276005], [2.480160469438415, 375.6638341602262, 2897.1680675660314], [16.227220431808593, 627.9038315319696, 2943.7735265913097], [101.6059750400689, 620.7154344480829, 2863.3259199512554], [35.12814371223798, 1001.0223389093562, 2766.4488706992374], [-21.11396009410865, 1391.6912522302707, 2701.9765273486773], [392.3862085068936, 100.71126091651479, 2836.765952399075], [402.91000402292, 402.0889508073701, 2779.263815522072], [396.50697555692113, 659.9975933021365, 2829.092518689772], [283.73075911810326, 621.1725023265294, 2794.8102917462393], [261.1157376927599, 1013.8204909400235, 2724.872889724088], [224.80321019236655, 1412.283034240472, 2660.6147399902184], [261.8773630253454, -90.50380068807556, 3065.0000767310485], [186.6765483595288, -101.06687624336729, 2984.9204455221065], [318.0430778249573, -89.90413277525448, 3050.3237599953486], [335.6512092595495, -96.45672569263695, 2947.9397717377383]], "kpt2d_body": [[1058.7411568610748, 583.225109405506], [1079.4118385632646, 517.1607978982919], [1040.5997487150298, 842.5125747917191], [979.0468928416403, 575.6943767781402], [947.9987716368756, 720.9895414821935], [954.4399057636986, 834.5763032444614], [995.7493798995254, 839.1552015014458], [964.0468956655361, 1027.8219185221744], [936.8360702047215, 1212.6325387699007], [1138.9890308988308, 590.3903503121958], [1147.0345523411272, 740.4316330221432], [1138.734461616381, 859.6625371757705], [1086.358476188962, 845.7616866841997], [1075.6708451533275, 1039.5774101653035], [1057.0181760222479, 1229.8311634061747], [1065.9137336200856, 500.15660044452176], [1034.058348083042, 494.0969361755472], [1092.0174243911601, 500.2705757072234], [1105.2820296603632, 495.788983459016]], "kpt2d_body_mask": [true, true, true, true, true, true, true, true, true, true, true, true, true, true, true, true, true, true, true], "kpt3d_body_mask": [true, true, true, true, true, true, true, true, true, true, true, true, true, true, true, true, true, true, true], "kpt_list": ["Thorax", "Nose", "Pelvis", "L_Shoulder", "L_Elbow", "L_Wrist", "L_Hip", "L_Knee", "L_Ankle", "R_Shoulder", "R_Elbow", "R_Wrist", "R_Hip", "R_Knee", "R_Ankle", "L_Eye", "L_Ear", "R_Eye", "R_Ear"]}