{"id": 4, "class": "person", "kpt3d_body": [[206.54332022630174, 39.302206750170114, 2857.0754812173204], [237.77738199646052, -69.53862546898648, 3015.8809952382526], [189.6261754931091, 576.7324775248181, 2830.713562932437], [86.9374669787895, 33.063865683826066, 2941.656851790257], [274.1741907519888, 104.18291217909342, 3178.5911714699105], [429.4761967808432, -42.44201365730845, 3053.5599662590957], [108.42117073305889, 573.4137556136388, 2877.752527017704], [42.97642294181091, 1005.7497834683044, 2782.738798738892], [-20.46910349756935, 1392.3517888682159, 2700.683261073022], [324.6020954291795, 48.94498396090114, 2773.896746177834], [606.3478876649921, 182.60197664520547, 2696.395803225213], [650.8535442711818, -5.7293700652880375, 2876.4974233936064], [270.8306834117071, 580.0510660741618, 2783.673718300072], [259.25530641487546, 994.2082562878156, 2723.114054776769], [224.20757689929175, 1411.483667923288, 2658.2597725678324], [205.06178479664732, -99.75046524563567, 3009.753658289331], [137.21071156194708, -110.48380480359413, 2930.20482266795], [259.4782064287964, -108.04142624657288, 3001.2536244117173], [282.1265465737746, -123.73169868179644, 2903.347485330256]], "kpt2d_body": [[1047.6528269838445, 560.3483992070677], [1056.7547580333276, 509.14084938105754], [1039.230768647803, 821.4197448758077], [988.0735066860069, 556.8688905313804], [1067.0330702410738, 586.7692711051966], [1142.2516512468544, 521.9410477164796], [998.8633399918332, 815.6104205730218], [967.7515501245755, 1027.2873756669464], [937.144917843181, 1213.2010053656968], [1109.6765975865353, 565.6958100882136], [1256.3359738047882, 634.1275832010493], [1258.599965072912, 538.4473101714444], [1080.788260001486, 827.2669085880168], [1074.996107001598, 1030.8851198132784], [1056.820627685362, 1230.0288477731474], [1041.8445253154057, 495.1024685106215], [1012.1574840412718, 488.7257366792427], [1067.3102687238525, 491.16857789127056], [1082.1574401994042, 482.00814034486893]], "kpt2d_body_mask": [true, true, true, true, true, true, true, true, true, true, true, true, true, true, true, true, true, true, true], "kpt3d_body_mask": [true, true, true, true, true, true, true, true, true, true, true, true, true, true, true, true, true, true, true], "kpt_list": ["Thorax", "Nose", "Pelvis", "L_Shoulder", "L_Elbow", "L_Wrist", "L_Hip", "L_Knee", "L_Ankle", "R_Shoulder", "R_Elbow", "R_Wrist", "R_Hip", "R_Knee", "R_Ankle", "L_Eye", "L_Ear", "R_Eye", "R_Ear"]}