{"id": 4, "class": "person", "kpt3d_body": [[231.17862694261544, 80.25469434695367, 2862.3629638841953], [290.8746737075641, -54.42186587793856, 3053.9065088525626], [193.46150549125105, 625.7755564428213, 2831.7033499057557], [66.09206690539989, 72.55915601211086, 2900.4507588485217], [1.9627133060347024, 375.99804076988175, 2888.164254797589], [16.47793074400509, 628.1096739306453, 2934.1792472937527], [100.02874838643486, 620.9539829485263, 2856.2303293837167], [33.99553764362927, 1001.881035343344, 2763.1905422187274], [-21.384599506819868, 1391.30359209007, 2700.357152239654], [394.6675405161194, 109.59003186290829, 2835.781848878588], [399.9592820799071, 397.28890806455297, 2763.792279087189], [394.5401643404871, 660.4380660304739, 2821.9563315137893], [286.8935042599599, 630.5970918639838, 2807.17662237379], [259.95703346287803, 1012.9400848020291, 2721.8428472262303], [225.92524840354216, 1411.9044499923848, 2660.318121666837], [259.92891563065433, -91.55737166178227, 3048.548254408243], [186.02041562207202, -104.21319467132633, 2969.6101829783547], [316.6486045950507, -90.44498731310853, 3034.5696242218373], [335.4668125247904, -98.79812663487002, 2933.7798357670517]], "kpt2d_body": [[1059.4151989033394, 580.1962856613928], [1079.5396952879084, 516.441134973459], [1040.881099906473, 844.5170494223626], [978.6194947364758, 576.0566396240768], [947.7534789302515, 721.7034402367163], [954.5822445961934, 835.6053952580507], [995.1068346878639, 839.990476909169], [963.5125938965298, 1028.749372102235], [936.6994552989763, 1212.8232851768316], [1140.1482539575268, 594.7380826187249], [1146.6992893638828, 739.1739230859706], [1138.2527638209056, 860.6591871678038], [1087.2479372009284, 848.9205687364167], [1075.241995993235, 1039.6979076976545], [1057.579649679807, 1229.725933045947], [1065.6655480071674, 499.4545795869254], [1034.1977186844724, 492.38103588826436], [1092.129897066864, 499.81090264691795], [1105.9520276036658, 494.4641539008461]], "kpt2d_body_mask": [true, true, true, true, true, true, true, true, true, true, true, true, true, true, true, true, true, true, true], "kpt3d_body_mask": [true, true, true, true, true, true, true, true, true, true, true, true, true, true, true, true, true, true, true], "kpt_list": ["Thorax", "Nose", "Pelvis", "L_Shoulder", "L_Elbow", "L_Wrist", "L_Hip", "L_Knee", "L_Ankle", "R_Shoulder", "R_Elbow", "R_Wrist", "R_Hip", "R_Knee", "R_Ankle", "L_Eye", "L_Ear", "R_Eye", "R_Ear"]}