{"id": 4, "class": "person", "kpt3d_body": [[215.99727810257733, 62.001093549286566, 2898.7699058564394], [306.6200313031307, -55.444113820526866, 3066.8055946047316], [195.71738673439157, 592.4781481284343, 2842.812157372248], [81.29161942800289, 68.74034479917242, 2983.4470188637406], [-125.62685555566972, 215.81641391494728, 3046.185447218023], [-16.41113325356489, 41.050836347754114, 3148.3103197308865], [108.6109756524322, 588.4422354034031, 2882.926164414629], [44.18932135603808, 1006.1656138097226, 2784.425892928205], [-19.668900837101138, 1392.4537517828364, 2700.7924297783593], [353.0946260728804, 63.65991513285337, 2821.7131770646074], [546.9698201027826, 195.19507917336782, 2615.3805297733206], [550.1019381803824, 8.775575507418125, 2772.1920068311474], [282.8238697269793, 596.5139560464793, 2802.6970808232727], [260.64560388357233, 995.2221884733442, 2724.0512252369554], [225.82917464108405, 1409.8138599766241, 2660.2242463357384], [276.1335485321493, -89.62901785116657, 3071.430526001586], [189.23539816527222, -100.77403674723541, 3003.5594300417556], [327.6981538440332, -93.3138349569515, 3047.894250145984], [329.79705666419477, -112.46977168946671, 2946.6720313542255]], "kpt2d_body": [[1050.734899752662, 570.9620569701164], [1086.1015931367947, 516.0879759225799], [1041.7386008487874, 827.6739665595424], [984.8488240012833, 573.3034676335658], [889.2962094458736, 639.7213074397417], [939.5098906174004, 559.378657850091], [998.8347540375122, 822.1445509089456], [968.3266453820519, 1027.1985063129703], [937.5326912250528, 1213.2214616771291], [1120.8682451411228, 572.4989515661562], [1235.1181915352277, 643.7778588945564], [1221.1121060128346, 545.5542034305906], [1085.6757230730495, 833.1837582006376], [1075.6303368869874, 1031.1833648019438], [1057.5544742370391, 1228.8475285741606], [1072.1096248759713, 500.6465833294181], [1034.7046766530082, 494.52542285454456], [1096.5146819129204, 498.69258955975874], [1102.5874695422856, 488.22572448236036]], "kpt2d_body_mask": [true, true, true, true, true, true, true, true, true, true, true, true, true, true, true, true, true, true, true], "kpt3d_body_mask": [true, true, true, true, true, true, true, true, true, true, true, true, true, true, true, true, true, true, true], "kpt_list": ["Thorax", "Nose", "Pelvis", "L_Shoulder", "L_Elbow", "L_Wrist", "L_Hip", "L_Knee", "L_Ankle", "R_Shoulder", "R_Elbow", "R_Wrist", "R_Hip", "R_Knee", "R_Ankle", "L_Eye", "L_Ear", "R_Eye", "R_Ear"]}