{"id": 4, "class": "person", "kpt3d_body": [[219.47879583798533, 54.88029896586056, 2855.470061742856], [285.0872905793846, -69.52176254515877, 3011.1822658237943], [192.7674335777739, 591.9097051664353, 2834.415840573995], [73.5827204433698, 44.2706477379906, 2898.047866605561], [-67.57611377897702, 160.54024090474712, 3110.519220123249], [105.35492558707041, 8.184523148163976, 3175.431511098281], [102.1761305379561, 591.3205239195382, 2863.9302287273576], [36.68518755789643, 1000.1517941776104, 2763.972539238755], [-18.81380746200219, 1392.2866883073552, 2700.295845389744], [360.47998730654393, 66.55303687487333, 2801.7451530258813], [588.6242954220685, 231.91658853342005, 2926.478133332126], [499.5476674503933, 31.37978089282086, 3069.9045533454414], [283.3590209936319, 592.4989006907574, 2804.9013579408843], [261.6447554296177, 993.5977619836291, 2725.0349506902107], [226.1030669800145, 1410.1622600872713, 2659.3771089740676], [255.5318626612745, -105.21873505840517, 3005.621218033257], [177.41412430636734, -119.74305313220441, 2931.4627546812208], [309.6449308985407, -103.93826226183421, 2988.483280000535], [322.899667683902, -114.16897633320843, 2889.59903402113]], "kpt2d_body": [[1054.0043528237206, 567.9423048083396], [1078.7411275123534, 509.1213000500461], [1040.583512680872, 828.2418397636956], [982.2588146969849, 562.4916035915294], [916.4714766769467, 613.0523597194572], [993.135034212962, 544.8025395772622], [996.0678960120679, 825.3258551495433], [964.8219644124506, 1027.8320915768431], [937.9450050719712, 1213.2604729077298], [1125.7293122135447, 574.1451871111735], [1224.2800126050388, 650.1965191621239], [1172.5215630216103, 555.33677350565], [1085.853239863676, 831.0424500842929], [1076.091556224266, 1030.2638251651647], [1057.7162739035475, 1229.1881628293327], [1065.314991222937, 492.54267642597324], [1031.2349368385721, 484.3770595923769], [1091.1008477138435, 492.9036585044841], [1102.3393280022224, 486.36400876928104]], "kpt2d_body_mask": [true, true, true, true, true, true, true, true, true, true, true, true, true, true, true, true, true, true, true], "kpt3d_body_mask": [true, true, true, true, true, true, true, true, true, true, true, true, true, true, true, true, true, true, true], "kpt_list": ["Thorax", "Nose", "Pelvis", "L_Shoulder", "L_Elbow", "L_Wrist", "L_Hip", "L_Knee", "L_Ankle", "R_Shoulder", "R_Elbow", "R_Wrist", "R_Hip", "R_Knee", "R_Ankle", "L_Eye", "L_Ear", "R_Eye", "R_Ear"]}