{"id": 4, "class": "person", "kpt3d_body": [[224.10060283082237, 60.66211951491226, 2892.6683919220363], [297.6016021801803, -61.78468044425529, 3055.5396657360297], [195.25805953902946, 593.3662359502987, 2832.7098650036282], [74.32334871534201, 33.34442194145794, 2915.934435912888], [-161.1420938411156, 159.67566784001548, 2984.2565343919014], [-46.661850397515884, -9.760818935781685, 3089.886807521361], [104.69461410055888, 590.556197718348, 2863.221016140684], [45.27294097539486, 1006.88043778972, 2780.4615650801024], [-18.643911462761658, 1390.7642574947547, 2700.24692443214], [375.5026546898655, 72.5105604004861, 2842.947048892125], [610.700201204894, 239.27366146657576, 2728.754265779473], [572.6311938509236, 29.143990497865957, 2865.292265573237], [285.8209024584796, 596.1751401422889, 2802.1979990769546], [263.8039324323776, 993.8210954914244, 2725.1535669415966], [226.01423593675338, 1407.9848462012083, 2659.8158349183577], [267.7215785990415, -97.76263099294766, 3055.0261666067086], [186.8764020309723, -114.8523085381538, 2979.8573829762527], [322.46733029646464, -97.90214570149601, 3036.2289973622383], [333.1990836716592, -111.86315490955224, 2935.3439518168743]], "kpt2d_body": [[1054.849324274121, 570.3772403833649], [1082.5186754418187, 513.1090477045477], [1041.842207648674, 829.0907137629583], [982.3970579411912, 557.1420486612511], [871.4886749595864, 615.6277917674024], [925.6951853549863, 536.8119038108282], [997.294293166149, 825.0312223768873], [968.8802755081305, 1028.167715232245], [938.0254301749471, 1212.6198448348414], [1130.4358115742518, 576.5637125819821], [1254.6407314290113, 661.4410183497633], [1223.0180475215047, 555.2080999199212], [1087.165256037021, 833.0556540050777], [1077.145697598067, 1030.3288356082744], [1057.6757743131277, 1228.150541245946], [1068.9522829095017, 496.72544311232497], [1034.2919425253165, 487.58483875419], [1094.6981101440124, 496.4286912407732], [1104.7867940599172, 488.31307160921824]], "kpt2d_body_mask": [true, true, true, true, true, true, true, true, true, true, true, true, true, true, true, true, true, true, true], "kpt3d_body_mask": [true, true, true, true, true, true, true, true, true, true, true, true, true, true, true, true, true, true, true], "kpt_list": ["Thorax", "Nose", "Pelvis", "L_Shoulder", "L_Elbow", "L_Wrist", "L_Hip", "L_Knee", "L_Ankle", "R_Shoulder", "R_Elbow", "R_Wrist", "R_Hip", "R_Knee", "R_Ankle", "L_Eye", "L_Ear", "R_Eye", "R_Ear"]}