{"id": 4, "class": "person", "kpt3d_body": [[-184.15220636073698, -145.51583580764486, 2818.2221065052154], [-249.83426779607493, -385.331675819929, 2893.04345095167], [-181.1437121184107, 347.52108354843597, 2931.803462473663], [-223.6088173957144, -104.31060665454737, 2651.250412676869], [-224.8563578978354, 198.22574736032522, 2685.0718700165366], [-272.949304959489, 419.3500276425168, 2761.851476566626], [-195.97628773065662, 367.85017703655, 2848.7292882458155], [-145.39776380038543, 768.5473723511793, 2949.3149973829572], [-106.55873322145894, 1169.3184543753148, 3059.0808673338524], [-164.00887262762063, -175.9974126460773, 2988.365332150135], [-147.21589695376437, 105.92770105054854, 3074.1213571360367], [-203.86638711527007, 337.92637888689256, 3137.7866418992653], [-166.30930571521984, 327.19122841891704, 3014.8764416672493], [-111.90439329366548, 719.3796442452731, 3110.3788791133793], [-67.07763575233759, 1135.683758571794, 3197.1696720030204], [-251.84907460415337, -414.4114208602778, 2852.473106034432], [-245.42062224454327, -373.80488648086697, 2752.0028773506756], [-207.981774379301, -403.30442243356913, 2888.7327410302887], [-132.1717413557303, -344.5312204277795, 2849.0512158070314]], "kpt2d_body": [[815.1753846975813, 456.574970191243], [776.6203810418813, 306.09593872421794], [822.0067633036948, 771.7371193766721], [779.9080303384435, 479.38807656015575], [781.1191593193762, 689.0955644504797], [753.7308669024537, 832.6918717762983], [809.0794295401328, 791.2049527974501], [845.9627490864804, 1030.8335986379293], [873.2585700149378, 1247.799496253284], [834.6137028300567, 443.10209846237757], [847.5658728578655, 616.2599887321755], [816.0526801859681, 751.7398093100314], [834.2416494139502, 753.3117354002339], [870.3201024030524, 977.9880270192708], [898.4230430835879, 1200.0232884799286], [773.1371374380634, 283.9096554244887], [771.4241853479988, 301.26990142390645], [803.2198589282693, 294.20093377268694], [850.5601013652253, 328.4476397559188]], "kpt2d_body_mask": [true, true, true, true, true, true, true, true, true, true, true, true, true, true, true, true, true, true, true], "kpt3d_body_mask": [true, true, true, true, true, true, true, true, true, true, true, true, true, true, true, true, true, true, true], "kpt_list": ["Thorax", "Nose", "Pelvis", "L_Shoulder", "L_Elbow", "L_Wrist", "L_Hip", "L_Knee", "L_Ankle", "R_Shoulder", "R_Elbow", "R_Wrist", "R_Hip", "R_Knee", "R_Ankle", "L_Eye", "L_Ear", "R_Eye", "R_Ear"]}