{"id": 1, "class": "person", "kpt3d_body": [[400.96321732447996, 66.10318082561292, 2899.411986526698], [402.2345971951733, -86.77522896281971, 3099.1413496340565], [314.6721008425228, 560.1987573029475, 2833.606205639998], [230.1429855228971, 51.823857467842345, 2876.057425206563], [112.8559710725676, 305.66874052414136, 2809.0345378515713], [1.7970338820565868, 544.0608046138905, 2815.108262224651], [227.60108540984405, 511.5839449972726, 2794.1278521088175], [-96.73232885213889, 489.34924169281726, 3099.9001905649393], [55.55147962, 1469.03237, 2599.029028], [576.6904056624294, 75.26270620657158, 2921.246045697955], [703.1594878846256, 344.8132181963506, 2898.53603556719], [701.8019030874376, 605.6134370751134, 2958.8314003415503], [401.7439802888772, 608.8146083598795, 2873.084141467702], [312.6086755993749, 999.108630724571, 2886.850568049835], [213.0028951763901, 1398.970645916818, 2753.4056995529522], [373.51661558659055, -125.85997968363102, 3089.122848371905], [316.4902784945852, -139.223019900773, 3001.3545819770025], [432.06114897627515, -123.650618277224, 3081.7040794160607], [469.0565468191237, -133.75093638137997, 2982.987667320956]], "kpt2d_body": [[1138.9882079204156, 572.7970387528806], [1127.2782308725152, 502.37728970171753], [1099.7921672283442, 812.7234183413618], [1058.3954651470774, 566.2694538033143], [1002.7214210438694, 692.2362234064674], [947.7111736893482, 807.6219274706503], [1059.363575089379, 793.4338483230235], [903.5440039699799, 759.506849306029], [974.7410218105057, 1269.7974757043335], [1219.6739426615163, 576.7005818985568], [1279.1443697458951, 703.6644267240058], [1269.6171193660484, 818.8833597708197], [1138.775485910555, 831.2155239288918], [1092.97821746864, 1006.6531550756754], [1048.235982002899, 1203.7908821905326], [1114.9988887759414, 484.6865021230015], [1093.6065658368411, 476.8059932922273], [1141.5673629674936, 485.6183006216994], [1164.9192558800796, 479.17813835453217]], "kpt2d_body_mask": [true, true, true, true, true, true, true, true, false, true, true, true, true, true, true, true, true, true, true], "kpt3d_body_mask": [true, true, true, true, true, true, true, true, false, true, true, true, true, true, true, true, true, true, true], "kpt_list": ["Thorax", "Nose", "Pelvis", "L_Shoulder", "L_Elbow", "L_Wrist", "L_Hip", "L_Knee", "L_Ankle", "R_Shoulder", "R_Elbow", "R_Wrist", "R_Hip", "R_Knee", "R_Ankle", "L_Eye", "L_Ear", "R_Eye", "R_Ear"]}