{"id": 1, "class": "person", "kpt3d_body": [[310.6814144036917, -14.202181227936705, 2867.2022756557553], [354.1380556121823, -142.88969361168654, 3031.1961635736407], [258.0087584452113, 594.0980915634959, 2835.3973646604572], [159.64823008669396, -37.72134465792334, 2884.1468382499347], [-123.67555453714917, -87.61600856348934, 2945.1476008976724], [-352.5225368314529, -131.32208618523435, 3018.1451610096883], [153.7936414538222, 582.2936102733788, 2840.400660182893], [113.05407663288044, 1025.1014304671085, 2796.133704740976], [65.30181541228033, 1404.4854600007639, 2741.942704790356], [461.12179291743587, -0.24929931677206696, 2831.361582834078], [762.1861567395621, 17.779216869522827, 2780.645872331176], [1027.287209100886, 9.855152719408409, 2778.6248287288067], [362.2238754366004, 605.902572853613, 2830.3940691380217], [310.90629830484005, 1034.8202491480145, 2753.2405026654665], [281.5322748920904, 1426.4555159299516, 2698.5375052887994], [327.16166116323427, -181.68365636394157, 3022.3656138604133], [262.81679245067164, -188.49617385444532, 2939.235691230411], [384.06000944048236, -174.5840163334188, 3009.548174531062], [411.2664405083166, -174.03147606501648, 2909.275320671619]], "kpt2d_body": [[1097.7127817138505, 534.3268565117677], [1109.3384520688903, 475.8058986616773], [1072.1411085079462, 828.9021586797567], [1024.0676776720836, 523.0037048824333], [888.1708257214731, 499.7948500384547], [784.3570669677692, 480.85481158400063], [1021.5348363147932, 823.2320289246768], [1001.3929428027085, 1033.6476410920934], [978.2063075526316, 1209.303085075676], [1172.7186462614945, 541.076231560485], [1322.1464004542331, 549.900387472098], [1445.2818608076263, 545.903469465616], [1122.6062451593607, 834.3542429686319], [1098.412492826314, 1043.883053259763], [1082.7935718111023, 1226.7876797581698], [1097.4184954206094, 457.7953870037635], [1071.325559506862, 452.1434892514359], [1124.159049743728, 460.80631851547616], [1143.0613440086684, 458.38512004947466]], "kpt2d_body_mask": [true, true, true, true, true, true, true, true, true, true, true, true, true, true, true, true, true, true, true], "kpt3d_body_mask": [true, true, true, true, true, true, true, true, true, true, true, true, true, true, true, true, true, true, true], "kpt_list": ["Thorax", "Nose", "Pelvis", "L_Shoulder", "L_Elbow", "L_Wrist", "L_Hip", "L_Knee", "L_Ankle", "R_Shoulder", "R_Elbow", "R_Wrist", "R_Hip", "R_Knee", "R_Ankle", "L_Eye", "L_Ear", "R_Eye", "R_Ear"]}