{"id": 1, "class": "person", "kpt3d_body": [[308.9739425593394, 35.67499925341082, 2884.0312112990405], [358.3415498758501, -151.81890736683215, 3058.412227528659], [257.09586096265247, 590.2506562523917, 2825.3086667691873], [136.2248867527762, 24.76179110530836, 2924.295766463223], [62.50765695255582, 296.634269526224, 2903.515915732562], [71.02943024676186, 557.623457117969, 2942.777680066195], [158.56631604923675, 584.6780561622156, 2853.311977890748], [114.6402944447167, 1024.8449992590133, 2796.870700384729], [60.613714679787314, 1403.6346778217394, 2741.5291717131295], [484.4188013012017, 47.187668495814705, 2853.379938762691], [497.69410545971266, 335.1446946663747, 2818.7160360219814], [469.8782721299534, 601.094977010021, 2861.3561642677996], [355.62513238558273, 595.8242379841263, 2797.3053158631446], [307.8585275127074, 1034.8895986316809, 2747.630592965197], [281.17252284675124, 1425.2485549987105, 2697.4437560186207], [327.8966968809127, -190.66684661177618, 3046.4438926583234], [261.37304384201923, -186.1953771477866, 2964.2582910729316], [384.5726553703247, -184.64616716076677, 3033.132515670999], [411.89209730940104, -173.2331533295951, 2930.0863392037163]], "kpt2d_body": [[1096.0108547163936, 558.3868597397785], [1109.790216238023, 472.3433199528354], [1072.1521153407614, 828.0798072256831], [1011.8405861407466, 553.002725777145], [976.7862441412851, 683.1035706328431], [980.2034667498775, 802.4886259407917], [1023.502247159223, 823.096872092605], [1002.1438250500792, 1033.4064905869932], [975.9755279116824, 1209.0428269716538], [1182.1341960102368, 564.0554726207765], [1190.465844746741, 704.7935634035445], [1171.8610637122695, 828.2101253758977], [1121.4763222333368, 832.9407851410219], [1097.2194738148746, 1044.893459584936], [1082.6822571602881, 1226.522892456921], [1096.5569586988472, 454.36711446504466], [1069.608844384136, 453.96416200983424], [1123.0088178248877, 456.8367946759724], [1141.9799257198306, 459.3438390795087]], "kpt2d_body_mask": [true, true, true, true, true, true, true, true, true, true, true, true, true, true, true, true, true, true, true], "kpt3d_body_mask": [true, true, true, true, true, true, true, true, true, true, true, true, true, true, true, true, true, true, true], "kpt_list": ["Thorax", "Nose", "Pelvis", "L_Shoulder", "L_Elbow", "L_Wrist", "L_Hip", "L_Knee", "L_Ankle", "R_Shoulder", "R_Elbow", "R_Wrist", "R_Hip", "R_Knee", "R_Ankle", "L_Eye", "L_Ear", "R_Eye", "R_Ear"]}