{"id": 6, "class": "person", "kpt3d_body": [[260.9350357040035, -256.9821133470343, 2791.352128182819], [295.7279364634818, -456.5449314951478, 2851.381062290383], [262.93322035281824, 245.62070138056953, 3057.8163620464493], [111.47703749303474, -265.8166034935597, 2823.56338729166], [67.11089302166835, -366.20415029976596, 3105.296196491835], [250.23014063021282, -515.7229141032083, 3008.408077644381], [175.4527785522361, 232.52710625479054, 3086.615435262672], [172.14395022160843, 638.4891559475742, 3244.2761746717474], [181.43735829763438, 1037.76537633424, 3404.989326645846], [395.42718911900226, -233.35300299776506, 2737.211017733512], [610.2981539454828, -287.42823282140637, 2919.0798901857984], [551.0989052104735, -521.2767674051075, 3019.342357596683], [350.4138456277201, 258.7152446301719, 3029.0176165471626], [361.8409493276854, 658.0671213948527, 3206.741699079069], [342.5329751778413, 1055.2513875149184, 3353.266480933373], [261.39724117305053, -479.6204463423412, 2831.4262996083194], [183.07245674092684, -441.65003740860004, 2770.866222914853], [317.99693408354744, -478.1910579403906, 2809.226692075413], [324.2432543192802, -430.6768133368074, 2717.5972297068765]], "kpt2d_body": [[1089.7649141861623, 413.2630536478215], [1104.766343068364, 310.16322393119174], [1078.3664461899514, 677.3949159340299], [1006.9315260870186, 409.84758102210986], [979.4160705779298, 373.53622949192686], [1073.3720421749542, 292.91494133881594], [1033.6719654227309, 669.8792049880203], [1027.2403146794873, 853.9500271630318], [1026.6372156553832, 1012.7431305007863], [1167.496986117008, 424.03303724203323], [1264.6047658485313, 404.7310816429016], [1223.5561275803418, 292.66585058920316], [1123.728124178189, 684.9800690468109], [1117.9967381637614, 865.8103228265945], [1099.9033998359323, 1026.2941369804423], [1087.3202992441356, 296.0713020443179], [1047.3724842740664, 310.8914397761911], [1119.0490265430112, 295.0806621356299], [1128.4891369930883, 312.8232945373128]], "kpt2d_body_mask": [true, true, true, true, true, true, true, true, true, true, true, true, true, true, true, true, true, true, true], "kpt3d_body_mask": [true, true, true, true, true, true, true, true, true, true, true, true, true, true, true, true, true, true, true], "kpt_list": ["Thorax", "Nose", "Pelvis", "L_Shoulder", "L_Elbow", "L_Wrist", "L_Hip", "L_Knee", "L_Ankle", "R_Shoulder", "R_Elbow", "R_Wrist", "R_Hip", "R_Knee", "R_Ankle", "L_Eye", "L_Ear", "R_Eye", "R_Ear"]}