{"id": 6, "class": "person", "kpt3d_body": [[272.2007315062296, -258.2109507646426, 2842.789092009404], [319.1353261452574, -488.35417104720466, 2913.203692511591], [266.0032296147653, 269.50354392593596, 3063.6876489587594], [114.10625817370047, -285.80134628772737, 2892.736975267225], [-119.06412154608765, -90.36905438598069, 2929.1561032332997], [41.63026523323776, 95.76370605156072, 3026.525505855315], [171.4967360865645, 256.93341737311084, 3082.262371216485], [167.1954959181194, 648.055390179763, 3235.951733692539], [180.93185188203026, 1039.1385964399512, 3404.785201549298], [438.46141915384175, -235.22501658936235, 2785.695007669851], [616.144926054244, -6.546456893099446, 2746.327646764166], [487.90434887692265, 151.2872596695435, 2929.995133393684], [360.5093104387353, 282.0753845314772, 3045.1114943259063], [360.62341630352256, 665.7545403244355, 3199.462127214483], [341.9609285208009, 1056.5670824633078, 3352.40480482549], [281.4784868248916, -515.0146469915042, 2887.0483623734026], [210.6036611962918, -470.04538159535355, 2821.3232835462086], [342.5089377520874, -509.73521749352426, 2869.741007359608], [359.736195306, -453.92680385038443, 2780.698718991147]], "kpt2d_body": [[1093.2464477873436, 415.1588837605892], [1113.5417614124324, 298.91910152770475], [1079.6081824518938, 689.0618358663133], [1006.8647169324399, 402.73632518229346], [883.5590451612068, 506.84971542024493], [967.4023682447797, 602.9146148226173], [1031.7974561909045, 682.1589838929646], [1025.0920332123426, 859.1345895373345], [1026.4140801196604, 1013.3533175782566], [1187.0979891205898, 425.3876292243702], [1288.1224867902229, 550.647451646712], [1201.1570901862208, 633.1071969182857], [1127.7952813412198, 695.9644836491298], [1117.763514493959, 870.0829137488727], [1099.6777266331728, 1026.977262130071], [1095.0920954697826, 282.6210761820531], [1060.4102147523845, 300.0899575786701], [1128.2787020569472, 284.06141037755526], [1143.6695787816248, 305.7971063770857]], "kpt2d_body_mask": [true, true, true, true, true, true, true, true, true, true, true, true, true, true, true, true, true, true, true], "kpt3d_body_mask": [true, true, true, true, true, true, true, true, true, true, true, true, true, true, true, true, true, true, true], "kpt_list": ["Thorax", "Nose", "Pelvis", "L_Shoulder", "L_Elbow", "L_Wrist", "L_Hip", "L_Knee", "L_Ankle", "R_Shoulder", "R_Elbow", "R_Wrist", "R_Hip", "R_Knee", "R_Ankle", "L_Eye", "L_Ear", "R_Eye", "R_Ear"]}