{"id": 6, "class": "person", "kpt3d_body": [[282.01212983496475, -256.7778415107181, 2833.176818984605], [333.15826057834465, -486.68472565909144, 2911.772917202132], [271.0237923842235, 270.48323368686255, 3062.984140791965], [120.43363684901259, -286.13948255997923, 2892.7477270982804], [-112.45429770950922, -90.11475932557204, 2931.0631266289233], [47.722048133343975, 96.49563236591206, 3023.9530342870153], [177.07423462735642, 257.8353027869366, 3082.5551031212], [170.10214493276953, 648.9669661316418, 3234.391599711188], [181.05500278825969, 1040.693240860371, 3403.495398079701], [442.11974999577683, -236.86337683184846, 2790.591180069251], [622.3849899137347, -4.918569451688768, 2744.954112815463], [493.8815949672557, 152.346496152457, 2929.1506286573976], [364.9729804935556, 283.1329357721367, 3043.41411987824], [363.4237774642373, 666.4909330637365, 3200.7364407954574], [342.43674435164246, 1056.4769409808662, 3351.3782033213856], [294.4719204273264, -512.4720405836358, 2887.6434274409576], [219.23262462806838, -471.3169868362577, 2823.1060538696274], [354.6834599607621, -507.6535929502403, 2868.1119490382453], [367.3879100218604, -453.1908710531876, 2778.52047157013]], "kpt2d_body": [[1099.038239948696, 415.48484757885217], [1120.943048049654, 299.72123947778607], [1082.146112492726, 689.5716349204241], [1010.2253439409704, 402.5647447377702], [887.0719257010362, 507.011598865109], [970.5257017085219, 603.3273174214077], [1034.567696497706, 682.5880778751472], [1026.4973751205491, 859.6932680559312], [1026.4931307749773, 1014.1791161411581], [1188.6590397988525, 424.729932258996], [1291.6736228305376, 551.5477465324171], [1204.3103950425066, 633.6683506226335], [1130.1272486096088, 696.560274670897], [1119.0170970692805, 870.2885672165588], [1099.9357401986185, 1027.0738863484585], [1101.9122573202435, 284.05269829775233], [1064.9984022273502, 299.5972480468955], [1134.8218407398224, 285.0628043306333], [1147.9952683751808, 306.045609570064]], "kpt2d_body_mask": [true, true, true, true, true, true, true, true, true, true, true, true, true, true, true, true, true, true, true], "kpt3d_body_mask": [true, true, true, true, true, true, true, true, true, true, true, true, true, true, true, true, true, true, true], "kpt_list": ["Thorax", "Nose", "Pelvis", "L_Shoulder", "L_Elbow", "L_Wrist", "L_Hip", "L_Knee", "L_Ankle", "R_Shoulder", "R_Elbow", "R_Wrist", "R_Hip", "R_Knee", "R_Ankle", "L_Eye", "L_Ear", "R_Eye", "R_Ear"]}