{"id": 5, "class": "person", "kpt3d_body": [[191.0244042871551, 24.7903376880177, 2724.8805566344304], [294.24385180925634, -132.02499263234841, 2556.4007831061135], [261.58265380655416, 482.5013501429414, 2771.027283679632], [310.09063237289973, -4.910977290230676, 2839.9723288204887], [327.63187514449123, 266.20322195434494, 2968.4084931895245], [413.8447330881128, 505.47471080646176, 2970.0423842463515], [330.9239733317114, 453.9887005947061, 2824.7562328657805], [566.055894412382, 718.3432447999264, 2654.5945388943064], [494.3548037588545, 1088.4822917847082, 2843.956072322021], [64.55942812327301, 60.496099422833254, 2617.2808600374246], [8.543674437657671, 353.27183184883694, 2653.3952412426024], [71.21678102048986, 604.1954604471864, 2624.660051324265], [192.2416539541713, 511.01590499165127, 2717.2989325230974], [244.40447184316122, 897.4013490028473, 2817.5105207991473], [272.0864405650769, 1274.9070154667218, 2981.073428947877], [301.19418147110605, -175.17071878922906, 2581.4082426320147], [275.37807497516053, -190.54308050291922, 2682.272987586237], [255.34033282580563, -160.06651483265642, 2545.164402094711], [159.20040221999366, -154.04381267396246, 2585.051107570073]], "kpt2d_body": [[1039.3417044622993, 566.1394118092908], [1101.933288026102, 481.43776638249625], [1072.1367879596128, 794.5084031939147], [1093.840703550602, 551.0063240868643], [1095.1346210978577, 678.2551457312984], [1134.0550309379653, 788.4712887498599], [1103.716015227813, 775.9292185417968], [1230.9898204360209, 920.2676607360559], [1174.0857167127422, 1064.939287848359], [975.6718117188086, 585.7715285476588], [945.55248552303, 738.8761000663546], [978.5898878353863, 870.8654286740248], [1039.2636639039551, 813.7191252412752], [1059.302139480172, 986.2593165313307], [1063.0198635199442, 1123.023777496182], [1104.0320497777018, 458.90130357832686], [1084.565563403673, 454.39937622290154], [1081.3535725336496, 465.7170964722484], [1027.3402051264002, 470.1616581799167]], "kpt2d_body_mask": [true, true, true, true, true, true, true, true, true, true, true, true, true, true, true, true, true, true, true], "kpt3d_body_mask": [true, true, true, true, true, true, true, true, true, true, true, true, true, true, true, true, true, true, true], "kpt_list": ["Thorax", "Nose", "Pelvis", "L_Shoulder", "L_Elbow", "L_Wrist", "L_Hip", "L_Knee", "L_Ankle", "R_Shoulder", "R_Elbow", "R_Wrist", "R_Hip", "R_Knee", "R_Ankle", "L_Eye", "L_Ear", "R_Eye", "R_Ear"]}