{"id": 5, "class": "person", "kpt3d_body": [[187.8343641059658, 15.359370305280606, 2656.339445227914], [266.12953512767047, -114.14238747873867, 2466.2838503626117], [223.92802522866972, 516.246622309065, 2743.150230257252], [328.6858298690399, -11.65395059068544, 2742.175786963137], [442.41961163899276, 141.0944627297809, 2963.7061577248032], [406.19406776638743, 363.3240861786521, 2845.0821208889693], [306.2932438566961, 509.8859364924988, 2789.2192360778135], [304.768315071442, 912.2362250038473, 2867.14422755571], [259.26254078329123, 1268.1722986625105, 3002.173840126761], [36.75384810676466, 40.65433086853318, 2584.6176246353257], [-186.99366950778983, 216.00683611568684, 2664.209466173654], [3.82168006598679, 403.7357893174492, 2646.112309134227], [141.5629046672824, 522.6063287754874, 2697.0809980383], [162.29485805993193, 934.8130327142301, 2777.3859347568596], [159.63973526576356, 1289.1863739389287, 2919.0031277927296], [277.32669926781904, -157.16075122540275, 2490.6506710104914], [264.8057206975808, -171.73818471006797, 2596.3045641482518], [226.85214090821938, -143.30175599759173, 2461.5418983335508], [137.9247467151024, -136.54211527542344, 2516.757592324447]], "kpt2d_body": [[1040.193144077837, 561.5037163707686], [1091.9690736664368, 488.874694661067], [1054.3192090098717, 813.7829138420161], [1108.662136818593, 547.4930993799409], [1149.197617808949, 619.6100241003429], [1139.4464013874779, 730.3638154323526], [1093.2785734670333, 806.0928923972856], [1085.8186656755984, 985.4072124909671], [1056.5991544293581, 1116.7317296109022], [961.0128246674813, 575.43985119684], [842.8354115540899, 666.5546547989865], [943.0706524113208, 765.615916783478], [1013.9185230769144, 821.6215677220735], [1020.5638037722091, 1009.9083253775219], [1014.0438644991009, 1140.7139854241107], [1096.6660011074941, 465.48322586555855], [1083.6579378486629, 461.19539018760645], [1070.01258477684, 472.1860629656496], [1017.8673181723186, 477.5882405522201]], "kpt2d_body_mask": [true, true, true, true, true, true, true, true, true, true, true, true, true, true, true, true, true, true, true], "kpt3d_body_mask": [true, true, true, true, true, true, true, true, true, true, true, true, true, true, true, true, true, true, true], "kpt_list": ["Thorax", "Nose", "Pelvis", "L_Shoulder", "L_Elbow", "L_Wrist", "L_Hip", "L_Knee", "L_Ankle", "R_Shoulder", "R_Elbow", "R_Wrist", "R_Hip", "R_Knee", "R_Ankle", "L_Eye", "L_Ear", "R_Eye", "R_Ear"]}