{"id": 5, "class": "person", "kpt3d_body": [[-36.401940404788114, 22.541914869001687, 2745.659923108133], [102.16824137397361, -134.0049279640263, 2696.4095436336993], [3.841294143682621, 536.9695829824773, 2735.103036704379], [27.05458905694421, 20.04071747595077, 2883.427875187902], [253.3754479170986, -64.65187814158185, 3053.544556296308], [302.8277485360127, -182.79105140769275, 2844.1959329964516], [32.08946323152476, 541.5617698070286, 2828.158759655019], [1.5390252050954434, 938.5240862378537, 2847.1296315743766], [-58.404934668950084, 1339.0688445902472, 2859.991141566021], [-76.16143860785411, 26.672831546621296, 2605.494930520162], [29.728805189753924, -22.355362546171307, 2334.018080241868], [200.3423123170181, -157.98395004140133, 2475.2127648704836], [-24.407013996497664, 532.3774065502299, 2642.046938845154], [-25.527614737742024, 961.9251949279253, 2635.40162072331], [-86.52537543503138, 1348.167327209717, 2653.2967210624547], [91.93677957146727, -170.35867631994478, 2723.4350583718415], [20.049137393696146, -159.48206723519746, 2797.4026089776517], [74.44950803658854, -165.10691306070356, 2673.061807849811], [-27.9075366156222, -148.51432384057574, 2658.0623690175794]], "kpt2d_body": [[915.8092105149431, 571.5687871695459], [987.1910001572331, 490.9776185753091], [936.2614709513332, 830.6130749346524], [947.4308006800793, 569.81442782334], [1049.980494715388, 530.6978334360678], [1082.3873837907859, 470.9921231711972], [950.0039901465716, 824.0788093171245], [935.0454961298717, 1005.8147554648381], [907.3458549843137, 1176.3531264560065], [893.5086589095615, 574.3892032199634], [952.1153867584987, 546.7913932623695], [1047.036612059084, 471.484658851611], [921.5665013877712, 837.5799878970647], [921.2588631654539, 1050.537866890942], [891.6289395942628, 1223.0221126481078], [981.4096132575978, 473.11687842153776], [944.3270265476378, 480.78707369597504], [973.1774618265205, 474.19890763754483], [919.673917272032, 482.36863492132056]], "kpt2d_body_mask": [true, true, true, true, true, true, true, true, true, true, true, true, true, true, true, true, true, true, true], "kpt3d_body_mask": [true, true, true, true, true, true, true, true, true, true, true, true, true, true, true, true, true, true, true], "kpt_list": ["Thorax", "Nose", "Pelvis", "L_Shoulder", "L_Elbow", "L_Wrist", "L_Hip", "L_Knee", "L_Ankle", "R_Shoulder", "R_Elbow", "R_Wrist", "R_Hip", "R_Knee", "R_Ankle", "L_Eye", "L_Ear", "R_Eye", "R_Ear"]}