{"id": 5, "class": "person", "kpt3d_body": [[-49.65711960397718, 30.643710250769516, 2744.2752655061254], [87.87854114827594, -134.98447866056352, 2693.9162330042586], [2.485178760938682, 547.8696974754469, 2735.0102362526377], [-5.094392245286157, 27.93441197277815, 2890.802538765296], [281.01330446726246, 96.10645571238223, 2950.09944810768], [277.92097320218573, -78.54037833837111, 2791.7819558775473], [35.3964034498388, 561.326998051502, 2831.1961093669715], [-0.40929407978945065, 939.1454899424997, 2847.864040384394], [-58.378074853456084, 1339.8469237616453, 2859.5309523573533], [-86.3859507203652, 32.76779177679089, 2586.7988609095455], [104.43507604481192, 102.34912028716423, 2406.7544386100317], [211.0352910142206, -89.64557825612786, 2524.52854515954], [-30.42605646061244, 534.4124068379307, 2638.8240472422945], [-27.962810935722963, 963.2711108029811, 2635.491794415978], [-87.03085739542325, 1347.0475882190556, 2652.856751892448], [77.70649081870089, -170.00828440527215, 2726.646039261343], [5.563367881322963, -161.18300971059512, 2797.700930792919], [56.48884721266563, -162.62733788515504, 2670.0079444146577], [-42.488868236612696, -149.79566740578974, 2658.033167615388]], "kpt2d_body": [[909.0554013053898, 575.6857712586757], [979.8434911348936, 490.4010990960312], [935.5758003885511, 835.9913849560189], [931.8646107593918, 573.5935474564145], [1066.9829677260298, 605.3766680896547], [1072.9457681445517, 521.0588584337003], [951.5884199760495, 833.2150352567792], [934.117759558073, 1005.9848111859206], [907.3558621590514, 1176.7648550424667], [887.6986545174146, 577.7717908700406], [994.8678369159168, 619.3060448844293], [1050.8101847762896, 510.779994365054], [918.403643536611, 838.9452318652317], [920.0157056843191, 1051.160128774376], [891.3695450089201, 1222.6288110499238], [974.078974599626, 473.3894354170108], [937.1005453676097, 479.94976647487624], [963.842008965275, 475.38224069546266], [912.0195760564939, 481.70115383442936]], "kpt2d_body_mask": [true, true, true, true, true, true, true, true, true, true, true, true, true, true, true, true, true, true, true], "kpt3d_body_mask": [true, true, true, true, true, true, true, true, true, true, true, true, true, true, true, true, true, true, true], "kpt_list": ["Thorax", "Nose", "Pelvis", "L_Shoulder", "L_Elbow", "L_Wrist", "L_Hip", "L_Knee", "L_Ankle", "R_Shoulder", "R_Elbow", "R_Wrist", "R_Hip", "R_Knee", "R_Ankle", "L_Eye", "L_Ear", "R_Eye", "R_Ear"]}