{"id": 2, "class": "person", "kpt3d_body": [[56.266891147017866, 14.605306752567628, 2793.899517057505], [-101.59499240253257, -109.85362302593586, 2724.6431603279148], [30.38050190793058, 426.85323654089103, 3144.0666734002716], [21.409061362874233, 105.83505202474598, 2680.178344443385], [-160.98320563244056, 239.692396592271, 2513.1132765756784], [-271.66194141017667, 26.102692037804616, 2494.814781000238], [17.74255521904294, 487.67297776430087, 3068.747986488883], [36.020676595296166, 782.2200882374736, 3285.114656030956], [81.2603850518397, 1070.4629671547336, 3515.4776008490358], [102.03812148504917, -76.62200980575676, 2902.374341898868], [17.017290411370638, -281.40676106500763, 3106.2593365053417], [-138.8199764249845, -379.8715368477423, 2951.7632525040112], [43.020261126335946, 366.03487291331504, 3219.385101532863], [66.99841345900026, 650.3902226430532, 3455.1225512624505], [112.58817237083043, 949.9682422546056, 3668.0368849516763], [-87.32428867368608, -117.9867268112136, 2678.3290564710514], [-2.891175147506573, -76.30606305641606, 2635.98949541863], [-75.17952739280818, -150.68046808990943, 2726.7612565119325], [24.562313854647115, -164.35100611368227, 2755.3190642611435]], "kpt2d_body": [[974.2476950613849, 569.7723594361681], [894.2185868836129, 506.47359804369864], [959.5861325281816, 750.3486021350185], [957.3014889325196, 617.4013369852485], [857.1921537853482, 694.6535974129582], [794.866383589999, 577.0032569085669], [954.1928750830774, 781.9629575564289], [961.2652443144227, 888.4890121550968], [977.6686558859369, 975.3683585441065], [995.1687537162225, 525.8010566861977], [953.7948016018244, 436.79021784132794], [880.9525749512907, 384.46502116456554], [964.7426543158299, 720.0572951363638], [972.9667354087981, 821.7024092086315], [988.2297094482639, 916.0088684354535], [900.7432527249117, 501.2843366014293], [944.637595500927, 522.2479872151549], [907.7648394646677, 485.72707289490165], [958.5876067397364, 479.6216542793204]], "kpt2d_body_mask": [true, true, true, true, true, true, true, true, true, true, true, true, true, true, true, true, true, true, true], "kpt3d_body_mask": [true, true, true, true, true, true, true, true, true, true, true, true, true, true, true, true, true, true, true], "kpt_list": ["Thorax", "Nose", "Pelvis", "L_Shoulder", "L_Elbow", "L_Wrist", "L_Hip", "L_Knee", "L_Ankle", "R_Shoulder", "R_Elbow", "R_Wrist", "R_Hip", "R_Knee", "R_Ankle", "L_Eye", "L_Ear", "R_Eye", "R_Ear"]}