{"id": 2, "class": "person", "kpt3d_body": [[65.5111076597526, 9.132406459867042, 2788.850110562368], [-88.1586408961774, -111.70837813152829, 2724.112710411489], [32.16931921127742, 420.57807941095007, 3135.446778075094], [19.976929892953805, 94.77667710484496, 2682.984208850832], [-213.99688162352606, 145.9065876360799, 2533.4673696387154], [-305.4480602560759, -50.05505717494259, 2580.618040077552], [20.063460601021852, 485.77974678001283, 3067.4171293782797], [36.32870648843568, 783.2095782142499, 3284.765054528116], [80.43031158272115, 1069.658205948618, 3514.3346619718404], [112.96223186075588, -80.00473344856715, 2894.6119073405202], [-70.48339766214902, -273.76018471102213, 3042.6173831529222], [-237.7777428404721, -278.5460685853701, 2871.0656458177355], [44.27413498102304, 355.3764477404404, 3203.476461546672], [70.07387062717414, 649.2686841430159, 3453.6631200031275], [112.89393765604459, 950.1335314889975, 3668.6857416842076], [-74.18504827628425, -116.24106968759065, 2680.9814029696963], [6.8155101293920595, -75.82511603791801, 2636.524524533274], [-59.67421102361197, -151.0279405130379, 2728.4370778665525], [38.932245801187086, -160.88890848930788, 2751.685834168943]], "kpt2d_body": [[978.9194657675524, 567.0560916477357], [901.0761831702179, 505.51149761378673], [960.4157510415687, 748.1184052128942], [956.546491557044, 611.6181290868248], [828.7477040020375, 642.3598100707902], [781.8215742957186, 535.6375135216298], [955.2442277697929, 781.216099811282], [961.395050623099, 888.9222080398215], [977.3584344024069, 975.2016713157707], [1000.5552922649782, 524.0817225817916], [913.9498566126076, 437.66656331245366], [831.2351254591063, 428.1957594689149], [965.3814409004677, 716.2557282216733], [974.2078155368137, 821.3691282210733], [988.336295017504, 916.0074608933074], [907.611854018766, 502.2431980755213], [949.7707008417548, 522.5095761211221], [915.7014306168747, 485.5907785458972], [965.8791113465905, 481.2594650252589]], "kpt2d_body_mask": [true, true, true, true, true, true, true, true, true, true, true, true, true, true, true, true, true, true, true], "kpt3d_body_mask": [true, true, true, true, true, true, true, true, true, true, true, true, true, true, true, true, true, true, true], "kpt_list": ["Thorax", "Nose", "Pelvis", "L_Shoulder", "L_Elbow", "L_Wrist", "L_Hip", "L_Knee", "L_Ankle", "R_Shoulder", "R_Elbow", "R_Wrist", "R_Hip", "R_Knee", "R_Ankle", "L_Eye", "L_Ear", "R_Eye", "R_Ear"]}