{"id": 2, "class": "person", "kpt3d_body": [[43.306657549828316, 32.86562925373687, 2772.7294606884107], [-113.19324920427167, -96.37055159208714, 2718.687456917057], [15.221097300387108, 441.47273653587536, 3133.0964700712148], [6.405680118570096, 125.53814097669402, 2661.015151216488], [-210.02495969013933, 283.12822676234146, 2558.8468989876346], [-279.78305352334036, 67.54522800211419, 2540.567406554571], [-10.246563599933651, 506.7758662808591, 3063.6672209627877], [31.184955334358193, 792.36626455478, 3281.0217500141084], [80.04797482007413, 1070.8722707147003, 3514.091766863448], [103.84409879337599, -58.82260922447102, 2874.191071934154], [152.44043412643023, -230.76576908908407, 3107.962586216937], [16.840575733283707, -354.97206723702163, 2979.647109900934], [40.68880570513784, 376.1703872865364, 3202.526342533376], [66.26414734946931, 653.0893507521115, 3446.628534854938], [112.8808309779363, 950.1615416835216, 3667.5335239773394], [-105.38674394732891, -105.71487154482881, 2671.7515985538425], [-24.021897221842217, -60.45894536169172, 2620.0037029185323], [-88.20211150078637, -138.40579901972404, 2718.3523948403395], [14.768463776940521, -148.95009797602, 2736.894388438475]], "kpt2d_body": [[967.944742921694, 578.9871922232435], [888.160946937762, 513.2425647220309], [952.9197450051265, 757.3871027782304], [949.5226741578149, 628.0789096127133], [832.3522221272351, 715.5580496532641], [793.1881004991436, 599.341569583296], [941.5616841043975, 790.8020701338068], [959.2567493368322, 892.9859310208551], [977.2111009525958, 975.6750714297668], [996.527910145505, 534.0487252557946], [1014.4202172356324, 459.4544713112398], [954.0279724368639, 397.4691084262959], [963.825412365512, 725.2329427679512], [972.735584493335, 823.3859213790658], [988.3441507151296, 916.1245465759945], [891.2147778234325, 507.51890122893394], [933.3832574689548, 530.4115452150261], [900.9709969351708, 491.7601480088589], [953.6869970929997, 486.8688348777348]], "kpt2d_body_mask": [true, true, true, true, true, true, true, true, true, true, true, true, true, true, true, true, true, true, true], "kpt3d_body_mask": [true, true, true, true, true, true, true, true, true, true, true, true, true, true, true, true, true, true, true], "kpt_list": ["Thorax", "Nose", "Pelvis", "L_Shoulder", "L_Elbow", "L_Wrist", "L_Hip", "L_Knee", "L_Ankle", "R_Shoulder", "R_Elbow", "R_Wrist", "R_Hip", "R_Knee", "R_Ankle", "L_Eye", "L_Ear", "R_Eye", "R_Ear"]}