{"id": 5, "class": "person", "kpt3d_body": [[205.70100064542387, -61.156417628764075, 2822.2829417483526], [20.169487090731586, -191.75452388917392, 2778.800122000057], [241.0652984470569, 344.6085432085938, 3156.1676096926312], [168.0932419328455, 38.94194977478733, 2705.2710418414053], [103.32180108109341, 301.3354053804618, 2560.7944563407773], [17.569264072767723, 504.4445764464271, 2441.6611391281485], [217.5248449534393, 409.077418735019, 3083.1073257759626], [187.588785563544, 741.3209562255634, 3324.895339888071], [252.63998037557332, 1039.769385834404, 3543.4102426788854], [249.66074323783516, -159.332184354858, 2933.5640203962703], [340.1546066279247, -241.74793224496597, 3210.39924828708], [372.0338794961717, -342.3415848691897, 3461.0731316112924], [264.6057519406745, 280.1396676821686, 3229.2278936093], [334.5945561787189, 590.320694270235, 3502.5274218676714], [416.1015381722947, 886.5240996361331, 3727.798534861966], [26.37758726525945, -199.86175716380188, 2729.1858334737417], [105.34155402432732, -160.78613942273336, 2671.899760145996], [44.273719879615, -233.82002935920895, 2775.4743794851606], [145.07059401898775, -247.32950171160297, 2790.595466895977]], "kpt2d_body": [[1047.6497022388344, 532.4093238614728], [956.2780600964134, 466.6519450265643], [1052.1654487918252, 713.6187523496632], [1032.7231618880007, 582.5021633348167], [1002.1994145863792, 725.4624783399034], [956.1175092717388, 846.4357148599772], [1043.9527836286306, 745.8898906449442], [1023.7394284184353, 868.0905148536085], [1043.2248785093439, 960.6071302742624], [1064.5211455711815, 487.1684654155877], [1093.2438991744334, 458.25325613068253], [1095.1947762368359, 425.73742272681113], [1059.9936652466713, 682.6887919161004], [1078.0290248895412, 794.4900681608871], [1098.952994897425, 887.056703772527], [959.6276786363287, 460.8016722404039], [1001.0708925375211, 478.9214911976142], [968.3707974317318, 445.5685332921572], [1018.4553794463568, 439.58933950482293]], "kpt2d_body_mask": [true, true, true, true, true, true, true, true, true, true, true, true, true, true, true, true, true, true, true], "kpt3d_body_mask": [true, true, true, true, true, true, true, true, true, true, true, true, true, true, true, true, true, true, true], "kpt_list": ["Thorax", "Nose", "Pelvis", "L_Shoulder", "L_Elbow", "L_Wrist", "L_Hip", "L_Knee", "L_Ankle", "R_Shoulder", "R_Elbow", "R_Wrist", "R_Hip", "R_Knee", "R_Ankle", "L_Eye", "L_Ear", "R_Eye", "R_Ear"]}