{"id": 1, "class": "person", "kpt3d_body": [[-279.0813146287241, 25.0134454647619, 2859.6932558310255], [-467.93665967957446, 114.40847615542694, 2784.6985014577717], [82.97906320995867, 210.68579435605656, 3144.728542382423], [-180.6858970884548, 75.82447019034305, 2738.0831866081285], [-112.54269286739739, 359.633354705952, 2828.4836642423206], [-160.22956832610444, 609.535147358529, 2918.4719154995264], [110.75962000349992, 250.9274497308978, 3058.119129026254], [-27.71842554161737, 674.1211568550075, 3199.9803071857623], [-75.2549403071822, 1082.4190856891355, 3344.41175355769], [-369.66145240112235, -30.400227067200944, 2987.623739086375], [-364.26107070267193, 250.18248344886828, 3091.2146698865627], [-369.5765149654635, 521.3969352341392, 3137.170718775503], [55.19919912249602, 170.44344557546722, 3231.337034138485], [-9.804726783112363, 642.5373838089928, 3364.8978204108384], [-8.656240530966368, 1036.471447492433, 3461.0680775021638], [-460.91531422678304, 89.96933706731369, 2745.3517918269754], [-382.8979889643399, 30.765985172281063, 2708.6765790270474], [-493.27742606736706, 64.21291540454405, 2789.2850758499108], [-457.4245443606029, -28.421165793998995, 2821.8123219533163]], "kpt2d_body": [[810.7075495577963, 559.2151238598894], [711.7769549371328, 604.7855804254232], [987.2560863973599, 642.0352373606693], [855.5752462798691, 586.1624859151991], [893.1318192142683, 726.8898751114123], [872.2964323435642, 840.2968177504579], [1001.2325803610514, 663.3444241143413], [937.4550752659011, 843.0270281580656], [918.4788008722938, 994.7880540407177], [773.7824515707899, 532.3732380419357], [782.4013746809005, 661.3396973373563], [783.4190847578903, 780.6640641372087], [974.0052070305978, 621.8244254914399], [945.546541555383, 815.8899893469372], [946.2190386354828, 962.9517496044141], [711.9437237039995, 593.0592154766628], [748.9936693860477, 562.870504009601], [699.4348835271047, 579.2693117295977], [719.9475819053881, 532.5582094318232]], "kpt2d_body_mask": [true, true, true, true, true, true, true, true, true, true, true, true, true, true, true, true, true, true, true], "kpt3d_body_mask": [true, true, true, true, true, true, true, true, true, true, true, true, true, true, true, true, true, true, true], "kpt_list": ["Thorax", "Nose", "Pelvis", "L_Shoulder", "L_Elbow", "L_Wrist", "L_Hip", "L_Knee", "L_Ankle", "R_Shoulder", "R_Elbow", "R_Wrist", "R_Hip", "R_Knee", "R_Ankle", "L_Eye", "L_Ear", "R_Eye", "R_Ear"]}