{"id": 1, "class": "person", "kpt3d_body": [[-115.67507003954307, -260.01027191726223, 2916.0005224562865], [-263.7182599113789, -463.32071883177576, 2931.3116264293376], [-129.13258888755448, 261.4833682882527, 3134.1887644025446], [-217.52561246281377, -213.95087383024958, 2786.7486480687126], [-172.71619671010063, 71.40237070998992, 2756.805698648177], [-190.13214729703844, 282.09892216782475, 2915.2648439562645], [-184.7524041259788, 292.8783357346046, 3054.4364570216744], [-166.5594032121068, 672.8191115160532, 3211.393995676512], [-99.01049707865849, 1083.2361405832544, 3343.14876636004], [-20.7456012772657, -316.6159321734247, 3048.8437256546185], [105.47833441922613, -73.78356878192875, 3180.5436136871863], [0.5573318576765018, 157.65577191003032, 3276.0801852319396], [-73.51218612271525, 230.08874292048503, 3213.9402794482876], [-51.19259197264824, 611.6701718479878, 3345.3345375329577], [-11.685642647710122, 1032.3822348769909, 3458.405207012927], [-260.7805541029028, -481.5839108821021, 2885.0827570259567], [-205.03460694968763, -435.6049257712408, 2806.8775402584065], [-229.88132689792494, -500.021264348631, 2932.04428520488], [-123.60777832636157, -486.04139852192134, 2928.1521564946743]], "kpt2d_body": [[893.160891345609, 420.1959279635032], [822.3840255850336, 323.8082055824654], [890.9709474264037, 665.2693875209214], [838.5842761483178, 437.869182713398], [860.3211201308119, 583.6208756885701], [856.9015619842728, 684.013386569374], [863.6129141436674, 682.7952966369643], [876.5750264061362, 841.2231615149319], [908.6095245776166, 995.2241778959709], [939.9596976264979, 399.3972481730492], [996.9636972299962, 513.7901416596998], [949.8814533729615, 615.2616670649883], [917.0411292865965, 648.5472440621182], [928.0195183470793, 804.653911994161], [944.9944278061555, 961.6882249294019], [821.8882909609074, 311.48959773201483], [846.2131483973626, 327.6351421602502], [838.8060090033508, 306.3391755693009], [889.8744973480048, 312.37337189602135]], "kpt2d_body_mask": [true, true, true, true, true, true, true, true, true, true, true, true, true, true, true, true, true, true, true], "kpt3d_body_mask": [true, true, true, true, true, true, true, true, true, true, true, true, true, true, true, true, true, true, true], "kpt_list": ["Thorax", "Nose", "Pelvis", "L_Shoulder", "L_Elbow", "L_Wrist", "L_Hip", "L_Knee", "L_Ankle", "R_Shoulder", "R_Elbow", "R_Wrist", "R_Hip", "R_Knee", "R_Ankle", "L_Eye", "L_Ear", "R_Eye", "R_Ear"]}