{"id": 2, "class": "person", "kpt3d_body": [[275.9699188774588, 123.59230353681312, 2847.4387041087593], [322.06204709980784, -2.544052604102376, 3014.7162936379827], [239.91726979621572, 662.7596818217477, 2839.4316131271307], [135.47962009378085, 108.86725821483594, 2874.4226816595733], [-112.07681178766154, 161.65113505985516, 3001.8793079041925], [-27.3765678465901, -30.414636566546562, 3103.807134176336], [144.0451576451153, 655.9883296317763, 2857.868695493333], [98.46981913469452, 1017.2125647212022, 2817.205669348264], [67.8467560275273, 1381.2572657333608, 2751.9144855739123], [421.95763205296964, 133.73786184424404, 2823.7604048691164], [709.0045742664665, 147.27727742456494, 2892.5019170494647], [596.3316124729444, -11.430745365672976, 3007.3103030982456], [335.7901522792537, 669.5301857319962, 2820.9954510925086], [311.5325051939244, 1032.9555837200107, 2779.378967840858], [262.0454709510799, 1395.42082864358, 2712.2518141022683], [295.5658613768432, -43.451839840880666, 3006.805939919005], [231.63444358682568, -52.38564361789571, 2921.5623371378906], [351.66341290772783, -33.67155336339948, 2992.471935587105], [377.0204755801686, -29.915744745893562, 2892.0056896103006]], "kpt2d_body": [[1081.7931901240495, 601.4949310228054], [1095.599711448001, 540.0344131468181], [1062.9003421041866, 860.870419568067], [1012.5805517865675, 593.9280319173026], [894.701974361586, 616.140342752821], [934.4696171022679, 527.5605979537308], [1016.1872316609483, 856.0931364109865], [994.0590795203047, 1026.7377681902205], [979.3652641115287, 1197.3432383588192], [1154.1874061472697, 606.7434452698275], [1283.5392877023874, 610.9221823627098], [1220.92156769033, 535.9513912315384], [1109.9651363062221, 865.4878327750041], [1097.4089209200695, 1038.6627871142414], [1073.1706926499955, 1210.7472181021867], [1083.7753541598931, 521.1261018151217], [1057.3759978069575, 516.2703617097047], [1110.3736683213117, 525.5867673683972], [1128.1048750100626, 526.8575539476404]], "kpt2d_body_mask": [true, true, true, true, true, true, true, true, true, true, true, true, true, true, true, true, true, true, true], "kpt3d_body_mask": [true, true, true, true, true, true, true, true, true, true, true, true, true, true, true, true, true, true, true], "kpt_list": ["Thorax", "Nose", "Pelvis", "L_Shoulder", "L_Elbow", "L_Wrist", "L_Hip", "L_Knee", "L_Ankle", "R_Shoulder", "R_Elbow", "R_Wrist", "R_Hip", "R_Knee", "R_Ankle", "L_Eye", "L_Ear", "R_Eye", "R_Ear"]}