{"id": 3, "class": "person", "kpt3d_body": [[267.6091224119029, 246.52465985510318, 2853.638310667946], [316.5464476377658, 136.28994172659276, 3023.468513861369], [215.40050122491877, 747.5777420700866, 2820.1496174916183], [114.49472492093413, 228.6955640115005, 2883.6643258499216], [28.0198161744058, 456.344230960386, 2870.061459087674], [6.528531912956712, 681.4249218867768, 2916.029683687702], [107.92279490021444, 744.723990011692, 2863.4843140342873], [92.33950165263245, 1057.7294667467181, 2781.116682572052], [53.08497853909289, 1406.5985637614765, 2726.9257721933213], [427.25020579004763, 256.11965580577674, 2813.600322889776], [461.2626845704355, 512.1735777351263, 2771.239124429965], [460.7330390330248, 729.9617875252245, 2808.65599230273], [322.87889397510213, 750.4316370085996, 2776.8157385095487], [280.088782381702, 1070.683558719898, 2739.2001663158326], [236.7119706249804, 1414.1677792634318, 2686.109890858369], [292.3298420048457, 94.5563179282226, 3018.576448661734], [226.52898612549987, 76.76353349657347, 2952.951147150238], [347.24160537508067, 107.00269734422875, 3002.4133242980342], [372.4591412955142, 98.46766181695983, 2912.9376911218155]], "kpt2d_body": [[1077.2359828735478, 661.024458603212], [1092.5588431908036, 603.7875171753263], [1051.3610471057073, 902.8317789203766], [1002.1482800718123, 651.458920911932], [960.3582051561001, 761.1303421321237], [949.926026342498, 861.8103609937748], [998.5162841919337, 896.6476134998129], [991.555198822606, 1050.8329454641587], [972.5013093481252, 1213.4845408336787], [1157.1510843352537, 666.9311381473055], [1175.476543177788, 794.3351158693642], [1170.264006527366, 894.0927891528195], [1105.5279170006156, 908.8811448002807], [1083.7989008029858, 1062.7930985016696], [1061.834415044253, 1224.7711156400946], [1081.724001587717, 584.7283656792285], [1053.7864388232354, 577.3642415366096], [1107.7442074729943, 590.6611159495704], [1124.5984290947727, 588.0760073757009]], "kpt2d_body_mask": [true, true, true, true, true, true, true, true, true, true, true, true, true, true, true, true, true, true, true], "kpt3d_body_mask": [true, true, true, true, true, true, true, true, true, true, true, true, true, true, true, true, true, true, true], "kpt_list": ["Thorax", "Nose", "Pelvis", "L_Shoulder", "L_Elbow", "L_Wrist", "L_Hip", "L_Knee", "L_Ankle", "R_Shoulder", "R_Elbow", "R_Wrist", "R_Hip", "R_Knee", "R_Ankle", "L_Eye", "L_Ear", "R_Eye", "R_Ear"]}