{"id": 4, "class": "person", "kpt3d_body": [[353.66150464407167, -35.97601818355287, 2660.328123902545], [446.9392431417301, -149.90193001012898, 2485.8607276464227], [371.3526410299902, 492.18159334831086, 2760.16795800973], [460.99607530252825, -78.71380574792113, 2760.987448398773], [664.2595925707495, 28.995079230762144, 2918.709232863884], [682.7894888041, -122.29566123192257, 2736.611087153005], [452.1825113871717, 480.0391191286107, 2808.6694407459327], [436.36319102633627, 887.0384516293902, 2931.566506313994], [425.8514897551678, 1270.8990643065692, 3040.2594467624904], [228.0837594062694, -4.485124295117089, 2569.9953751299536], [26.375633085915595, 194.60606648180956, 2443.341540282807], [163.7654556270723, -17.596266511092153, 2362.9467255799204], [290.52277067280863, 504.324067568011, 2711.6664752735273], [275.86545136722725, 894.9057369757764, 2833.643588375672], [258.2405771022621, 1300.2459247004358, 2954.5653266058566], [458.014586583503, -189.79336017861414, 2509.271934630778], [439.5827274622245, -210.77609838249003, 2617.2584676155752], [412.0697405629071, -180.13205126435167, 2474.756817667144], [321.40542517875997, -185.48368917486357, 2525.313885073147]], "kpt2d_body": [[1126.7648142856128, 534.5809883041718], [1190.949300260513, 469.8427701351435], [1127.329264674994, 799.5889031844512], [1173.593931473289, 513.8255528133343], [1255.9948213255257, 567.1244575740055], [1285.1694762379714, 491.9577733694592], [1163.6405054469676, 789.0337901105769], [1143.702517569705, 964.1280131203265], [1128.0706897169948, 1109.787200928317], [1065.3820103968212, 550.9815157909122], [956.1794600395081, 664.7252878234151], [1038.226577844796, 543.0078362220538], [1089.5461553934883, 810.441886865942], [1073.7525983621917, 982.573322728831], [1057.5857697051822, 1138.1926273169126], [1194.5365801610901, 448.67873951040815], [1174.5786597173656, 441.7642100980771], [1172.6753897813205, 452.45564579999484], [1118.6630148274635, 451.21097322176945]], "kpt2d_body_mask": [true, true, true, true, true, true, true, true, true, true, true, true, true, true, true, true, true, true, true], "kpt3d_body_mask": [true, true, true, true, true, true, true, true, true, true, true, true, true, true, true, true, true, true, true], "kpt_list": ["Thorax", "Nose", "Pelvis", "L_Shoulder", "L_Elbow", "L_Wrist", "L_Hip", "L_Knee", "L_Ankle", "R_Shoulder", "R_Elbow", "R_Wrist", "R_Hip", "R_Knee", "R_Ankle", "L_Eye", "L_Ear", "R_Eye", "R_Ear"]}