{"id": 4, "class": "person", "kpt3d_body": [[284.09428003420857, -33.88615588347818, 2615.27077671008], [351.06101552953726, -128.6919940172848, 2462.8619801350387], [342.1565364652489, 488.32743876387923, 2730.843778583495], [370.2502952295986, -62.43576506193932, 2734.982426224269], [643.8279359075327, -36.423978269061195, 2870.5335344257533], [639.4654164653218, -186.57337128517185, 2687.587056477774], [405.75793135965046, 471.8147554602507, 2803.492236087829], [416.5030112608549, 888.112937448507, 2935.166713352803], [424.3299950025031, 1273.8782362256602, 3043.3199352994516], [213.7037492980373, -3.3335054661768027, 2496.4995462107618], [510.37284950889955, 81.08728107689615, 2468.8163201075436], [568.2701544565509, -138.71254844997594, 2610.2058357545257], [278.5565375573859, 504.8403666963091, 2658.1938958148576], [263.71037130892023, 912.5462333880089, 2759.806311737555], [257.5115858678978, 1321.5803716570454, 2863.0082999783517], [360.6297367815392, -173.79855737567453, 2478.184711144026], [347.5090839833442, -210.60081491054916, 2577.5188843580736], [312.92475951737487, -152.113916603534, 2451.167898679159], [229.66440484466483, -157.31331403823816, 2503.581997010826]], "kpt2d_body": [[1093.0568891134455, 535.3397600155322], [1139.8891306399887, 480.7364356473237], [1114.6326049860202, 800.4341715038793], [1130.1160208844103, 521.6273190566221], [1251.5523604471086, 535.9008463025775], [1269.4629151192282, 457.87316700672244], [1141.4767093023452, 785.7966497025229], [1134.3422606163733, 964.3325157794293], [1127.2029895373178, 1110.4932630114636], [1060.9914710572507, 551.5538974760129], [1227.7624214827276, 598.8386969284667], [1242.467068097305, 480.05371760263654], [1086.254964722744, 815.8090699004248], [1070.995627628125, 1001.6800473343851], [1060.439536129216, 1164.041373368129], [1143.8724308869753, 455.951825318163], [1129.0264881219377, 439.8253308145577], [1119.2798546072868, 467.02806301546343], [1069.4014196656892, 465.7528473429409]], "kpt2d_body_mask": [true, true, true, true, true, true, true, true, true, true, true, true, true, true, true, true, true, true, true], "kpt3d_body_mask": [true, true, true, true, true, true, true, true, true, true, true, true, true, true, true, true, true, true, true], "kpt_list": ["Thorax", "Nose", "Pelvis", "L_Shoulder", "L_Elbow", "L_Wrist", "L_Hip", "L_Knee", "L_Ankle", "R_Shoulder", "R_Elbow", "R_Wrist", "R_Hip", "R_Knee", "R_Ankle", "L_Eye", "L_Ear", "R_Eye", "R_Ear"]}