{"id": 4, "class": "person", "kpt3d_body": [[338.6696790607506, -22.541103129149747, 2621.1012595192756], [430.7552986039683, -137.5318806582655, 2462.7548978771915], [353.1576122335338, 503.5796449045939, 2723.755116225645], [435.9463646229571, -67.63368096376269, 2731.7837833954545], [620.9655292561579, 28.071501369941814, 2908.8686276592516], [621.6061509575849, -138.07800198615723, 2759.9760650184744], [428.59415095611524, 490.0055143587032, 2780.988184564625], [424.5283768212836, 894.8735798763972, 2911.3335690145773], [425.6536605486693, 1273.4665845747352, 3040.5972946234133], [217.1691786996559, 8.338857349548334, 2523.185746678634], [-4.810276894920413, 200.79534186113165, 2423.6441161367966], [103.87686217317757, -17.83214642119077, 2358.3651379652197], [277.7214231220846, 517.1527173611851, 2666.5221385458617], [258.29367526651004, 911.058951306883, 2759.5146698372264], [256.18120565587117, 1320.0127583075423, 2862.910580389821], [442.30824804146573, -177.3279197611339, 2485.528176124235], [419.9640874441937, -202.93203739525438, 2589.499143230432], [398.38563252263674, -170.34677254735755, 2447.5360295495993], [305.60483367536915, -182.3728948038169, 2488.8163294838596]], "kpt2d_body": [[1121.6092078890986, 541.4355500855265], [1184.3119563904995, 475.97166328796374], [1120.5167964463012, 808.5793443175623], [1163.4712457441547, 519.0100748830713], [1236.9681225059571, 566.755906891902], [1252.6098879590002, 484.4086885368282], [1154.1482134371977, 796.3408490922016], [1139.474644455796, 970.4184090110573], [1127.9353806133568, 1110.7660062175735], [1061.6442105884503, 558.0369440390215], [938.2700274478149, 669.1842996687831], [1002.8588951314784, 542.8393089166781], [1085.3118026732084, 821.2644663901162], [1068.363074447711, 1001.0763010662187], [1059.84216998626, 1163.416070085393], [1188.338499893265, 454.560615231528], [1166.6891338285527, 444.698958008948], [1167.580332822438, 456.8329699010385], [1112.4632622330946, 451.4185029645096]], "kpt2d_body_mask": [true, true, true, true, true, true, true, true, true, true, true, true, true, true, true, true, true, true, true], "kpt3d_body_mask": [true, true, true, true, true, true, true, true, true, true, true, true, true, true, true, true, true, true, true], "kpt_list": ["Thorax", "Nose", "Pelvis", "L_Shoulder", "L_Elbow", "L_Wrist", "L_Hip", "L_Knee", "L_Ankle", "R_Shoulder", "R_Elbow", "R_Wrist", "R_Hip", "R_Knee", "R_Ankle", "L_Eye", "L_Ear", "R_Eye", "R_Ear"]}