{"id": 4, "class": "person", "kpt3d_body": [[336.9812529673393, -12.777547472388449, 2612.5525551466803], [454.8085420985443, -120.70636943915758, 2438.7700361493626], [353.92139052673076, 510.8109767646465, 2722.0660374106674], [452.0081018359533, -38.29137319978912, 2718.6513016144345], [535.7291001712549, 76.59027961880611, 2971.143661685383], [496.1626993785223, 324.11011915314333, 2854.734599257459], [431.040230663428, 504.4729314627381, 2782.428662124473], [416.288646681861, 892.0775985794314, 2922.2376308489065], [425.9188026985725, 1273.3492682774763, 3041.820250900951], [218.8519440462921, 13.451312163061857, 2511.00959907091], [-38.776399836505995, 185.78530680980663, 2513.8939473004525], [151.9394537989123, 387.94760316566044, 2568.316193297319], [276.80224427947127, 517.148818645183, 2661.7044250782465], [256.33018151242175, 914.6887511215868, 2758.021292597239], [257.49071682168477, 1322.8288907572069, 2862.951391812869], [465.2444361022037, -160.3705653856582, 2463.448767496481], [438.2839106691016, -182.30291239143526, 2566.357445793399], [422.0055387927567, -152.81073978316783, 2424.91015583365], [327.4958069458117, -159.14739647498607, 2465.255822065547]], "kpt2d_body": [[1121.3023448176168, 546.6036472859354], [1200.1685021641977, 484.8447595983902], [1120.9612126432542, 812.3239012401715], [1172.6655537262266, 533.8532669274141], [1191.8620134876717, 589.172299506024], [1182.1436984986713, 710.4540210132561], [1155.1327410835302, 803.2420229946129], [1135.0088897153155, 967.8026189613835], [1127.9836632540355, 1110.5118326253723], [1063.1607832974464, 560.9034969071015], [919.4292884489945, 656.7195906106438], [1023.4979756704813, 763.3191707612559], [1085.0905382807498, 821.7395977781598], [1067.4363576932706, 1003.0040703439669], [1060.421419447512, 1164.5742879841746], [1203.2645470361274, 463.29121191830853], [1178.5386093849604, 454.91850818289174], [1183.0533603061679, 466.0382697007914], [1126.4260671519673, 463.5922082846603]], "kpt2d_body_mask": [true, true, true, true, true, true, true, true, true, true, true, true, true, true, true, true, true, true, true], "kpt3d_body_mask": [true, true, true, true, true, true, true, true, true, true, true, true, true, true, true, true, true, true, true], "kpt_list": ["Thorax", "Nose", "Pelvis", "L_Shoulder", "L_Elbow", "L_Wrist", "L_Hip", "L_Knee", "L_Ankle", "R_Shoulder", "R_Elbow", "R_Wrist", "R_Hip", "R_Knee", "R_Ankle", "L_Eye", "L_Ear", "R_Eye", "R_Ear"]}