{"id": 4, "class": "person", "kpt3d_body": [[328.2446713183556, 2.4535277747031614, 2623.881730562635], [445.28381848869, -129.2623250205105, 2456.904054087702], [351.0484432964705, 528.9196183723873, 2729.324255837548], [445.1149293233651, -30.7982870136712, 2739.5072569546937], [494.13993181824776, 262.6550713798953, 2826.450139416361], [547.5633929810111, 515.3708485907214, 2809.3467785124585], [431.7591996879128, 518.4572260643687, 2784.3570148499334], [421.7666347380192, 896.6653983504605, 2912.582639541827], [426.9292073642374, 1273.623089218206, 3041.28062874228], [205.85770519204948, 35.59577117959094, 2516.196559783691], [176.20067179941, 337.0656853362584, 2564.945275483098], [243.8838446804084, 594.3268309168718, 2562.402507703186], [270.3385416513802, 539.382100552018, 2674.2909040927047], [259.12565251591735, 930.4382110674096, 2764.6781711659796], [258.0252976928761, 1322.6724324197514, 2863.9215932562865], [453.81984385956, -169.81389600600664, 2481.569681852632], [426.5003932345459, -190.3034331918181, 2585.5571902983997], [411.8954224292125, -161.27823089164906, 2442.318731491951], [316.53610609286653, -165.30083884538215, 2480.584569066932]], "kpt2d_body": [[1115.9208818835727, 554.7223568066323], [1192.9822378107665, 480.4935663632191], [1118.9303363995705, 820.6440428181054], [1167.4802939445135, 537.7959687989661], [1183.8255269932638, 682.0913005038562], [1209.3309802715298, 805.1887561315459], [1155.2339939781464, 809.860213189864], [1138.0992271162859, 971.0735969916168], [1128.4500268262523, 1110.6999417373493], [1055.697399860045, 573.1874843307506], [1036.904067782702, 736.254205485628], [1072.3699820108152, 872.4821313633508], [1080.9759128009387, 831.7787198258471], [1068.3974669461766, 1009.2487339459796], [1060.6330244698813, 1164.3178470475814], [1195.082848535007, 458.6344530397109], [1170.5385970681123, 451.3143437640406], [1175.6668424273657, 461.81675850156455], [1119.1699246109586, 460.6671400459696]], "kpt2d_body_mask": [true, true, true, true, true, true, true, true, true, true, true, true, true, true, true, true, true, true, true], "kpt3d_body_mask": [true, true, true, true, true, true, true, true, true, true, true, true, true, true, true, true, true, true, true], "kpt_list": ["Thorax", "Nose", "Pelvis", "L_Shoulder", "L_Elbow", "L_Wrist", "L_Hip", "L_Knee", "L_Ankle", "R_Shoulder", "R_Elbow", "R_Wrist", "R_Hip", "R_Knee", "R_Ankle", "L_Eye", "L_Ear", "R_Eye", "R_Ear"]}