{"id": 1, "class": "person", "kpt3d_body": [[-191.828903055095, -192.8641007121719, 2546.1991209338066], [-345.97819521639065, -223.7851791862147, 2390.824282588535], [-149.70755482498217, 252.55099164737913, 2864.3276343696098], [-66.0628704698574, -122.05106138213125, 2470.449266292044], [-7.409178102347287, 153.43213779809616, 2545.9256777820224], [-112.24535397485059, 369.5072335069739, 2437.4239890158387], [-70.51172196987181, 290.5206838144426, 2799.296757594834], [-76.16812508960022, 692.612344409439, 2895.148662695958], [-3.5927483558589435, 1064.5009179701594, 3112.1200987351945], [-323.209408400148, -277.8514149820555, 2618.338119042781], [-555.7823145472622, -191.15337225209117, 2781.198414515452], [-456.2752137008108, 44.83424086178758, 2768.9483605642686], [-228.90391285241836, 214.5826200925174, 2929.358136741607], [-317.38240922308984, 639.0973810084505, 3004.7978301899952], [-274.34998944599704, 964.1810696058373, 3305.9642642948756], [-324.54949149654993, -249.35568438368676, 2356.1009202554837], [-225.34279007955882, -279.77846922097257, 2351.330135685119], [-354.8999132665267, -270.31602113171687, 2401.851887135105], [-303.4404088933034, -337.46279724970975, 2468.285359200632]], "kpt2d_body": [[822.0048703334228, 434.6404209903219], [719.6887453953284, 408.7542154579912], [856.360291431296, 678.2388558619934], [894.3066504366777, 473.62689727971525], [929.8826788842122, 636.9308239035008], [865.8840112261807, 771.6517821478258], [896.7098733863344, 701.407125141108], [895.5168954114434, 898.5025088960108], [932.5925039779999, 1042.5646387349789], [751.0709825942561, 390.11453746023847], [639.0856937277231, 445.91735366453923], [689.8020043871146, 571.15109634036], [817.8405802936823, 656.0380667718204], [778.7000177896227, 859.6362320372936], [813.08562874768, 971.9908439213909], [730.0337677342361, 390.6798299265547], [791.912763351554, 370.9205261711774], [715.4317049962707, 380.9358893937284], [752.1569703412581, 345.185009244517]], "kpt2d_body_mask": [true, true, true, true, true, true, true, true, true, true, true, true, true, true, true, true, true, true, true], "kpt3d_body_mask": [true, true, true, true, true, true, true, true, true, true, true, true, true, true, true, true, true, true, true], "kpt_list": ["Thorax", "Nose", "Pelvis", "L_Shoulder", "L_Elbow", "L_Wrist", "L_Hip", "L_Knee", "L_Ankle", "R_Shoulder", "R_Elbow", "R_Wrist", "R_Hip", "R_Knee", "R_Ankle", "L_Eye", "L_Ear", "R_Eye", "R_Ear"]}