{"id": 1, "class": "person", "kpt3d_body": [[-287.73944970502197, -243.1421502623826, 2554.281537294909], [-395.8939209728952, -354.68430163648407, 2401.565601050084], [-260.755488783873, 301.50530597338036, 2804.87584964244], [-172.96447631276277, -201.6324902192376, 2445.6645117370863], [-41.98822940631207, -107.19086667566117, 2203.9197786428676], [-191.5287422407128, -276.369897221187, 2128.419395921499], [-198.31701230437747, 331.8683834421263, 2734.1539671324163], [-171.59984548582142, 719.9254769399099, 2936.3349880458227], [-150.83217565119452, 1065.86372466026, 3112.7360440671323], [-396.0425490804843, -292.51802853542046, 2667.932411958313], [-664.6892772148316, -337.7312835809002, 2807.7050144596733], [-641.0053856401101, -443.40714653590965, 2597.5175827667945], [-323.19294238464363, 271.14293528292194, 2875.59846984045], [-276.12957327820493, 665.534913070977, 3057.6763897201736], [-251.34469306133582, 1028.0634496953685, 3223.933638116927], [-362.72524937136143, -384.2944577149791, 2381.0412826840634], [-263.3424227119133, -386.974998410565, 2409.219927756969], [-401.99974836150346, -397.89974258324776, 2421.643691749625], [-365.03908843971914, -426.26429776306395, 2514.4359159639866]], "kpt2d_body": [[766.8785529854529, 406.12053796401904], [691.0110174010512, 329.7997491141769], [796.0780616223565, 706.5500341642476], [828.8915220204801, 424.6973986120124], [905.7823413782608, 474.76227980080245], [800.654683633943, 354.9090093980792], [826.4354856132964, 727.1452382828871], [848.3366469137774, 906.736820296331], [863.9601377185724, 1042.7996257940686], [714.3937806578979, 385.20608184314756], [586.7864914108345, 371.05741695927276], [573.7208940002711, 298.3787603626605], [767.2663356662569, 686.92951933934], [801.2288446262729, 867.0039735310602], [820.8420736904612, 1009.9673669495213], [709.480702125654, 309.6343297931257], [772.5025183336611, 310.09731760973636], [689.6426126520681, 305.66222947470396], [720.0751796543161, 297.7020117812581]], "kpt2d_body_mask": [true, true, true, true, true, true, true, true, true, true, true, true, true, true, true, true, true, true, true], "kpt3d_body_mask": [true, true, true, true, true, true, true, true, true, true, true, true, true, true, true, true, true, true, true], "kpt_list": ["Thorax", "Nose", "Pelvis", "L_Shoulder", "L_Elbow", "L_Wrist", "L_Hip", "L_Knee", "L_Ankle", "R_Shoulder", "R_Elbow", "R_Wrist", "R_Hip", "R_Knee", "R_Ankle", "L_Eye", "L_Ear", "R_Eye", "R_Ear"]}