{"id": 1, "class": "person", "kpt3d_body": [[-301.5494504527753, -233.80016785299233, 2551.133072875966], [-406.5800577489215, -353.73874049181154, 2391.7114618222918], [-272.31880492488466, 295.1515123356164, 2798.463387157924], [-218.8464116769398, -171.2264606091847, 2430.393087753384], [-438.0890341111967, 40.189381042432046, 2371.0823583701667], [-448.85543509620857, -183.6938506190937, 2327.936867506191], [-211.0955482174751, 329.1073381489581, 2727.70087219354], [-176.37439658361893, 710.8973713566307, 2932.6899181775166], [-152.09399546318164, 1068.0634885598881, 3112.1678001342975], [-394.4312276629556, -301.7362649659526, 2667.956084522628], [-482.52427890148465, -46.914232441038166, 2731.5948164344836], [-449.4447468755237, 28.79502070523671, 2488.644559536711], [-333.5417328115017, 261.1951313643027, 2869.2270083214366], [-290.4302358310243, 669.2888640968895, 3047.334120712319], [-250.9438389043079, 1025.7416668983626, 3224.703151097702], [-374.1580281863593, -385.29937274595824, 2371.1230763551116], [-274.34513445654255, -383.2774378330879, 2396.6789186282394], [-412.24682782594994, -395.47206706128975, 2414.7806563415706], [-370.33734135418854, -417.23414283342237, 2510.352689300308]], "kpt2d_body": [[758.6587177150477, 411.39525915759134], [683.5280104283495, 329.5817185014198], [789.6359078088483, 703.5331220049129], [800.1578715663883, 442.5520429587542], [660.653677391515, 572.2258957548281], [649.3671662598706, 430.8844935583858], [819.2348581508196, 726.0444261024576], [845.8114143068193, 902.768662172591], [863.3682432804446, 1043.8498007331323], [715.3224570378743, 380.1272125990305], [672.4748876779821, 521.8013451489962], [666.7065183121332, 564.2878769547295], [761.5497972144512, 682.0919883012263], [793.9275902426066, 869.756851708049], [821.0361160061833, 1008.8679128682595], [701.5452549928823, 308.1373358715361], [764.9035610437173, 311.18923972418276], [682.7826776895804, 306.53675879367404], [716.5907414839573, 302.564918284363]], "kpt2d_body_mask": [true, true, true, true, true, true, true, true, true, true, true, true, true, true, true, true, true, true, true], "kpt3d_body_mask": [true, true, true, true, true, true, true, true, true, true, true, true, true, true, true, true, true, true, true], "kpt_list": ["Thorax", "Nose", "Pelvis", "L_Shoulder", "L_Elbow", "L_Wrist", "L_Hip", "L_Knee", "L_Ankle", "R_Shoulder", "R_Elbow", "R_Wrist", "R_Hip", "R_Knee", "R_Ankle", "L_Eye", "L_Ear", "R_Eye", "R_Ear"]}