{"id": 2, "class": "person", "kpt3d_body": [[-106.80310701215289, -114.85582728797525, 2616.8374926498404], [-232.6396278225908, -187.2213232867675, 2435.1783208988736], [-158.27813107392836, 351.3599678824788, 2828.8598343832296], [15.149481182082523, -61.982308178940144, 2512.6504723599005], [118.89828575304912, 173.73339682786636, 2622.8506031518596], [113.93294437032354, 409.4285110190988, 2697.8089239457186], [-84.7527613178086, 393.16456678839415, 2777.177701823868], [-78.92903276697814, 688.1710991651582, 2973.8564910534183], [-69.16164953322271, 984.2120262977606, 3199.905211966127], [-230.56336493840968, -171.64970482459026, 2714.852189472776], [-289.83988614304457, 25.002159476253354, 2918.9485380052074], [-379.09780750505934, 253.7909561059871, 2996.542691384555], [-231.8042807916366, 309.5556725836403, 2880.541418232592], [-314.427532774351, 655.6187229826514, 3006.4833584502685], [-275.80338704670316, 975.1291434282607, 3202.2095430938043], [-201.0736728684523, -214.8346512223756, 2408.775568704326], [-98.89447646683563, -228.87515306657548, 2436.143569935868], [-240.40668397379682, -233.82346760848066, 2451.0797053436027], [-201.52601409675572, -276.7645582135691, 2541.336781073838]], "kpt2d_body": [[873.3066909695608, 481.84515063676065], [792.0606044080668, 433.05897342429853], [851.0475078071091, 731.405523050676], [943.2317703069751, 510.44017053330487], [1001.8399321593055, 645.7528524709426], [996.9234014345086, 771.9237985689607], [888.8891940594424, 757.0293088652271], [895.1386950395867, 887.318202138839], [902.7230565628981, 994.8744803698492], [807.7182456565955, 453.2403850431242], [786.269300335682, 559.9290320984383], [746.3702224400272, 672.6540514198957], [814.5750170134436, 706.5976724733002], [780.3143433920653, 867.3688198325995], [808.7389616162782, 989.8893996385007], [809.9990693714066, 414.78404524703683], [873.7434008060985, 407.5528642591695], [788.4056191863291, 405.70539446050435], [816.3121163977522, 385.6432962249064]], "kpt2d_body_mask": [true, true, true, true, true, true, true, true, true, true, true, true, true, true, true, true, true, true, true], "kpt3d_body_mask": [true, true, true, true, true, true, true, true, true, true, true, true, true, true, true, true, true, true, true], "kpt_list": ["Thorax", "Nose", "Pelvis", "L_Shoulder", "L_Elbow", "L_Wrist", "L_Hip", "L_Knee", "L_Ankle", "R_Shoulder", "R_Elbow", "R_Wrist", "R_Hip", "R_Knee", "R_Ankle", "L_Eye", "L_Ear", "R_Eye", "R_Ear"]}