{"id": 1, "class": "person", "kpt3d_body": [[-290.4120254557408, -240.24743605692493, 2551.660076312267], [-393.5222146945185, -352.7282074486632, 2400.6218242665655], [-259.2975727282632, 300.64590055576207, 2805.4933705754597], [-179.0786015920244, -202.08126362192004, 2455.7337579513687], [-110.69577923403406, -93.81894675161192, 2173.916861269278], [-190.53722665469138, -278.6204640205719, 2056.7007975363395], [-199.9095281870137, 334.2016856705604, 2731.8442958758733], [-171.58404151282173, 718.1805346892236, 2935.5024839761477], [-151.2480371103229, 1065.1816522879435, 3111.1999065160358], [-388.9725941214476, -286.121222289936, 2661.2170656728276], [-689.7299538393862, -302.62062364683857, 2743.3428754490133], [-708.0396018883481, -472.58992148666835, 2583.2291914314533], [-318.6853615573485, 267.08938308553655, 2879.141640124863], [-281.2021037178451, 668.9468808016843, 3050.867249088621], [-251.25638462811648, 1029.540963473342, 3223.8701919486243], [-360.7679823103598, -382.7121428003224, 2379.738519619407], [-261.21552812362756, -385.79538881087984, 2407.5854865029733], [-400.3374138464999, -396.6769184693746, 2420.671434974554], [-363.8152129034006, -425.40517685043227, 2513.268777185125]], "kpt2d_body": [[765.1537034079704, 407.6593753236261], [692.3414774239461, 330.88570222350234], [796.8746077831055, 706.0679043661348], [825.6235071060594, 424.9373819717287], [858.2398608170197, 482.95327910874266], [796.781926703318, 346.6833871733634], [825.4872953511208, 728.5482343763817], [848.3147657641227, 905.989416350215], [863.7311728885854, 1042.729104066212], [717.7112208916285, 388.3035285688351], [565.6721146882151, 385.85227035805514], [535.5302389727932, 281.66952995255764], [769.7691738204331, 684.6948838749362], [798.5181127035219, 869.2782695658693], [820.8873588279565, 1010.610634712475], [710.548331655596, 310.4590797845914], [773.6877364812401, 310.6419476162008], [690.5352328219282, 306.28723395261375], [720.6829169892205, 298.07632409428516]], "kpt2d_body_mask": [true, true, true, true, true, true, true, true, true, true, true, true, true, true, true, true, true, true, true], "kpt3d_body_mask": [true, true, true, true, true, true, true, true, true, true, true, true, true, true, true, true, true, true, true], "kpt_list": ["Thorax", "Nose", "Pelvis", "L_Shoulder", "L_Elbow", "L_Wrist", "L_Hip", "L_Knee", "L_Ankle", "R_Shoulder", "R_Elbow", "R_Wrist", "R_Hip", "R_Knee", "R_Ankle", "L_Eye", "L_Ear", "R_Eye", "R_Ear"]}