{"id": 1, "class": "person", "kpt3d_body": [[-296.8482754201933, -248.46907113205447, 2583.1994489755216], [-403.7876325313155, -352.73930212587516, 2412.578951323343], [-277.73384763870615, 295.8262662176534, 2809.3458886194207], [-194.44201128613014, -204.09183665342042, 2467.0857311909394], [-263.44522629451217, 49.29488914004068, 2347.0583655682926], [-424.2521196955437, -129.73445891459392, 2354.3559308129275], [-213.50522751268363, 323.94549586106706, 2740.595073959703], [-192.11220181070215, 720.7290305028769, 2932.097584990277], [-154.27109461883984, 1066.4426711175724, 3111.596172261673], [-388.24731830076087, -304.58472606736876, 2702.522786974817], [-634.070957731517, -140.07642102264995, 2715.405296679237], [-557.6599500269465, -196.31109659185626, 2479.675354552182], [-341.9630157584052, 267.706594586368, 2878.0953787604894], [-295.99362735911336, 667.5122845974771, 3054.566884084137], [-252.0098684314131, 1023.3448801512209, 3227.215481230407], [-370.91598736998026, -382.4965760133793, 2391.927562567022], [-273.65449791987083, -391.801157411648, 2427.8724176790492], [-413.37660783267665, -396.5153967053058, 2429.8432991842997], [-382.50494028714525, -432.50514200723217, 2525.045471250234]], "kpt2d_body": [[763.5446273207715, 404.6692446128015], [687.3187942792374, 332.00033680943557], [787.3421677987461, 703.2726176220763], [816.878631352925, 424.31984150414166], [767.1119592439895, 578.3902695363306], [667.4763875989329, 465.8119767608582], [818.4541153517655, 722.4339551530599], [837.9564866296732, 907.5532913337952], [862.3361335138718, 1043.2142205499727], [721.4399577605506, 380.652486279217], [590.4247467779417, 471.41014667536683], [603.0783812516877, 430.88473508243806], [757.7797714014366, 684.9942464890937], [791.572162146105, 868.152549401186], [820.6282024106872, 1007.4923003482936], [705.4723715550189, 311.8431209191698], [767.5026612703449, 309.04415161193833], [683.6323615939289, 307.3746409008279], [710.9080660345178, 295.26586014226245]], "kpt2d_body_mask": [true, true, true, true, true, true, true, true, true, true, true, true, true, true, true, true, true, true, true], "kpt3d_body_mask": [true, true, true, true, true, true, true, true, true, true, true, true, true, true, true, true, true, true, true], "kpt_list": ["Thorax", "Nose", "Pelvis", "L_Shoulder", "L_Elbow", "L_Wrist", "L_Hip", "L_Knee", "L_Ankle", "R_Shoulder", "R_Elbow", "R_Wrist", "R_Hip", "R_Knee", "R_Ankle", "L_Eye", "L_Ear", "R_Eye", "R_Ear"]}