{"id": 6, "class": "person", "kpt3d_body": [[-103.72356465943817, -67.29284637879431, 2532.9443004436507], [-165.91160911603978, -109.48209593119273, 2349.226635914828], [-35.917153137415774, 366.85341564624264, 2900.7232017615524], [43.71598833476348, -38.336372901664646, 2496.771951277802], [179.45163065110273, 51.46421245598077, 2258.099119346263], [-70.16339405313968, -20.73916785378657, 2203.7537282794847], [51.9396739597417, 384.3693899928092, 2866.740983319385], [102.2470010743051, 701.5434980181751, 3160.7390832641076], [139.34753877726348, 1017.987356922673, 3451.454545661687], [-248.60770175271526, -104.09863360452022, 2582.740748267269], [-492.05573836805866, -136.4518244545215, 2483.374259895067], [-322.07024608521044, -105.19998983994824, 2269.4476188915037], [-123.77478838079767, 349.33871322406105, 2934.7040901255123], [-80.48913611887748, 676.9251757141662, 3223.2649215042557], [-14.072368081180144, 978.331099015275, 3514.659277926502], [-132.16717957123095, -142.5094869839002, 2330.783166017768], [-51.87665138884, -179.41723396329948, 2384.161117030997], [-187.4605602841143, -157.6861559474071, 2351.808833043899], [-189.0939528156551, -214.56270374496498, 2437.1106981990997]], "kpt2d_body": [[857.8713464780461, 526.2007406692907], [816.6987080963993, 498.45770337255186], [897.7185183589247, 738.1259532464467], [939.2706732027359, 541.7640556635538], [1025.3986875621297, 594.7316525104541], [870.5390008340555, 550.0281744225356], [940.0064488670783, 748.5506143436055], [959.3634187274973, 867.4171565374972], [969.8562508718328, 963.4111321367873], [781.2079374353448, 507.2552083075575], [642.1511352469344, 487.640278394741], [718.4440207317348, 499.0820231202604], [856.3954685936632, 727.8442302444555], [880.5505642362216, 851.4609534272565], [909.4728996668158, 941.9806538372804], [836.0441564876912, 478.2831734131902], [884.6235864706412, 458.67841685734066], [804.1872840634369, 470.19396990907984], [807.2219978184587, 441.2065926287838]], "kpt2d_body_mask": [true, true, true, true, true, true, true, true, true, true, true, true, true, true, true, true, true, true, true], "kpt3d_body_mask": [true, true, true, true, true, true, true, true, true, true, true, true, true, true, true, true, true, true, true], "kpt_list": ["Thorax", "Nose", "Pelvis", "L_Shoulder", "L_Elbow", "L_Wrist", "L_Hip", "L_Knee", "L_Ankle", "R_Shoulder", "R_Elbow", "R_Wrist", "R_Hip", "R_Knee", "R_Ankle", "L_Eye", "L_Ear", "R_Eye", "R_Ear"]}