{"id": 6, "class": "person", "kpt3d_body": [[-44.690480024357235, -63.99550718300546, 2531.765483799058], [-125.05849090843107, -101.01178035087159, 2346.89807186661], [-15.612328149994816, 366.8335283500444, 2901.059691158145], [68.99973631895121, 1.0054514919256974, 2450.0317075027424], [-143.34059726440336, 178.65531451787234, 2341.321522263412], [-350.10721385233575, 9.458024505538276, 2356.061092719672], [54.7463964568275, 405.5143981408544, 2850.517899160539], [100.02710800969052, 718.4013117320012, 3152.5358682984483], [140.5243918971303, 1015.8516815733161, 3451.407355232912], [-131.51849557919107, -136.9642953094113, 2629.4614322112757], [-417.6831901656072, -76.25370587499532, 2673.287724729481], [-419.18814157411845, -76.46119127036073, 2423.060871153048], [-85.9702075240537, 328.1528756351497, 2951.6026357439778], [-72.20945263343478, 676.4832166975277, 3223.7127647953967], [-12.63898764812513, 977.4815848389541, 3514.4228265813585], [-87.58138573438512, -122.12148960731326, 2323.8711815432907], [4.585959095691408, -151.43633174652507, 2367.481440976173], [-137.86654050225343, -151.27840574119745, 2344.5276475923806], [-121.68915916832326, -218.0194530333786, 2422.9051626963387]], "kpt2d_body": [[890.295098958093, 527.9773991589552], [840.7472908242795, 503.3570565010248], [907.4271739220662, 738.103737804439], [954.1095111543033, 563.6765257384677], [829.8259041197906, 668.8928022192629], [709.1807475443092, 568.6550531017491], [941.4987999278123, 759.7403074073037], [958.4825018224248, 875.3193539634763], [970.3253805582631, 962.6116150654184], [845.3065521493763, 490.807443526493], [698.7913219920322, 523.7436386784112], [676.00061888488, 519.6305021453124], [874.4610254058414, 717.0873061617272], [884.0876241956486, 851.2483948507694], [910.0286119236528, 941.6899344084115], [862.4410267953807, 490.14301241123064], [917.5784358931028, 474.2894970186043], [833.1426044034924, 473.60888775128024], [845.1292980691563, 438.40208003340285]], "kpt2d_body_mask": [true, true, true, true, true, true, true, true, true, true, true, true, true, true, true, true, true, true, true], "kpt3d_body_mask": [true, true, true, true, true, true, true, true, true, true, true, true, true, true, true, true, true, true, true], "kpt_list": ["Thorax", "Nose", "Pelvis", "L_Shoulder", "L_Elbow", "L_Wrist", "L_Hip", "L_Knee", "L_Ankle", "R_Shoulder", "R_Elbow", "R_Wrist", "R_Hip", "R_Knee", "R_Ankle", "L_Eye", "L_Ear", "R_Eye", "R_Ear"]}