{"id": 6, "class": "person", "kpt3d_body": [[-95.58218000372214, -65.8085277154612, 2543.880899320321], [-167.50165975699176, -97.1479019669782, 2344.0083078015414], [-34.00640775641662, 370.0871709630778, 2901.0343493130213], [56.63621240754671, -44.05884813809209, 2509.359417040405], [134.9181708797591, 170.4730965983559, 2322.5628844510898], [-61.446895467312714, 57.084004968055666, 2208.9176395265017], [50.34951982805499, 386.47610415107715, 2866.168414106849], [102.07311999817415, 704.8616129005604, 3159.009269618589], [140.30264715135172, 1018.8606938759206, 3452.3696432354996], [-235.4800647554112, -106.10188771435034, 2607.5281342888047], [-486.50872376251255, 6.0327203021765285, 2528.83457020912], [-365.7427728692773, -34.41945638976051, 2306.0331924541647], [-118.36325911813276, 353.6987155687917, 2935.8998742159256], [-80.04294321628439, 678.4124605154964, 3221.65984648632], [-14.6152266027471, 979.7873242817018, 3513.005027450056], [-133.2273158361039, -127.96726256216544, 2326.171974744262], [-51.202966222509936, -170.93577199659507, 2376.62434831438], [-187.7558127686192, -143.87783489741182, 2345.183919931794], [-188.45788884814255, -204.87606533200378, 2428.436951783676]], "kpt2d_body": [[862.5671347588645, 527.1666964387229], [815.5273378381836, 505.6078417673788], [898.6352042391771, 739.6369392197942], [946.3185731896854, 538.703210799072], [995.6236739348132, 664.8984500014388], [876.1418948377623, 599.0160078160787], [939.2413105665169, 749.5945758383175], [959.3062671656465, 868.9810402265407], [970.216295919251, 963.6355010841457], [789.430903921569, 506.70389243163413], [649.6833035373663, 566.3941097259442], [695.537197489556, 542.5119779161846], [858.9787231504912, 729.8238233073464], [880.7263311701937, 852.220332352123], [909.260214815645, 942.6927884168059], [835.2391179904325, 486.77380925865094], [884.9172293523773, 463.2851961218332], [803.6779696293122, 478.07441904268535], [807.1812700758062, 446.27330332620176]], "kpt2d_body_mask": [true, true, true, true, true, true, true, true, true, true, true, true, true, true, true, true, true, true, true], "kpt3d_body_mask": [true, true, true, true, true, true, true, true, true, true, true, true, true, true, true, true, true, true, true], "kpt_list": ["Thorax", "Nose", "Pelvis", "L_Shoulder", "L_Elbow", "L_Wrist", "L_Hip", "L_Knee", "L_Ankle", "R_Shoulder", "R_Elbow", "R_Wrist", "R_Hip", "R_Knee", "R_Ankle", "L_Eye", "L_Ear", "R_Eye", "R_Ear"]}