{"id": 6, "class": "person", "kpt3d_body": [[-63.20906745118425, -47.26841934382733, 2589.4473230898307], [-140.44172984177408, -106.32913648718073, 2357.2146768963976], [-5.426284898839278, 369.39688841694954, 2951.180599383074], [96.48512625557069, -14.445468206827599, 2521.1760836829726], [257.34120507650454, 163.20584307713574, 2702.987198771758], [179.4731780691206, 391.9475197154645, 2816.7928889531013], [85.92731706913906, 385.1983986051513, 2915.9503985516335], [116.81102272058729, 675.9258929541375, 3196.2492991682557], [163.6337479038462, 953.7086600739499, 3515.552403464202], [-216.41575171146002, -82.13191663706283, 2653.2480308806203], [-280.2827765687813, 93.56565031038585, 2894.3552927946344], [-225.99874459737657, 345.2666325096925, 2902.248950079057], [-96.77961894187706, 353.5961785440294, 2986.411372675584], [-80.51837764142299, 676.6385057131081, 3234.316609123517], [12.49117333924687, 917.9502623694912, 3561.829072460368], [-103.53757916117712, -137.34512242691878, 2338.0061831921475], [-18.048937047178875, -174.32228696401822, 2388.356455074592], [-159.3860441635735, -154.7753751481322, 2359.484140267061], [-157.29501377600775, -213.70319693394094, 2446.5062623669833]], "kpt2d_body": [[880.8820179634674, 537.7372791249986], [832.0144520200066, 500.50344151356694], [912.3405612628183, 736.3511573439376], [968.1783341784392, 555.1442212991537], [1047.0702300546673, 646.7541084152915], [1003.0914867374113, 755.2956132026545], [955.7391320100145, 745.8156380876349], [965.185496167561, 853.3823209369135], [978.4558966309221, 932.5387130172924], [801.5013728251686, 520.1711994446175], [780.3814502084881, 607.9110978540675], [807.0258792804999, 727.5432888740114], [869.9331157483156, 727.0066898369521], [880.6521115076408, 850.3806071877838], [919.7243395443301, 914.9186735799232], [853.2844317869095, 481.57277155495717], [904.3715634731245, 461.79893431267055], [821.0171788748403, 472.15346912633055], [825.6189008571553, 442.09096556288694]], "kpt2d_body_mask": [true, true, true, true, true, true, true, true, true, true, true, true, true, true, true, true, true, true, true], "kpt3d_body_mask": [true, true, true, true, true, true, true, true, true, true, true, true, true, true, true, true, true, true, true], "kpt_list": ["Thorax", "Nose", "Pelvis", "L_Shoulder", "L_Elbow", "L_Wrist", "L_Hip", "L_Knee", "L_Ankle", "R_Shoulder", "R_Elbow", "R_Wrist", "R_Hip", "R_Knee", "R_Ankle", "L_Eye", "L_Ear", "R_Eye", "R_Ear"]}