{"id": 6, "class": "person", "kpt3d_body": [[-92.44393622438227, -55.824240077596414, 2536.440163212306], [-157.51529248845202, -63.433363528433375, 2328.9022025262993], [-35.524068122204326, 374.352248502414, 2898.7771343902864], [56.4752853699777, -40.92927656643042, 2503.4047979968445], [108.2956485055829, 197.70333742931768, 2347.5924639677173], [-59.35570310726366, 43.724846227305534, 2233.1796497113846], [49.58545874259759, 394.4915158484958, 2865.7076221620714], [101.73145186094067, 703.3488929637999, 3158.1973267162693], [138.64957030608596, 1021.0885358989594, 3450.7188488830247], [-221.16903384779755, -94.1556604532147, 2595.1059265308236], [-422.3916979535409, 105.5980571830311, 2537.2840339328554], [-317.9090227102759, -6.4052918974674355, 2332.407005779287], [-120.63350836965093, 354.2130075177455, 2931.8466041625293], [-79.6220525974946, 676.3811874650162, 3219.690964600365], [-14.565753238784573, 979.6645778432883, 3513.2747064038317], [-126.14067258401853, -97.19933200524508, 2309.47991656027], [-56.722383979927926, -150.40404088427195, 2355.6062474644814], [-195.3116686205936, -117.26379645455495, 2334.7925767313827], [-191.66108938441874, -182.11479257171433, 2409.037244630547]], "kpt2d_body": [[864.1321800051651, 532.5274883940365], [820.8030675149611, 525.302425434712], [897.8987561307702, 741.7896284033213], [946.3041613414828, 540.3823870914679], [978.9927527229337, 679.8831236072863], [877.8629014179539, 590.3159954558777], [938.8711385652039, 753.4527161572657], [959.171235322211, 868.4190416612472], [969.5853793880281, 964.6585568040895], [796.4485939649933, 512.7969270380011], [684.9110740046674, 620.4828796841243], [726.0158362106484, 559.3120748233384], [857.8300649966833, 730.2899251817871], [880.8831317764215, 851.5479540209678], [909.279788008223, 942.6192490990052], [838.8956913498904, 504.68175155410734], [881.3807978081196, 474.46675063409606], [798.6659535316883, 493.48228574191813], [804.4336700952089, 458.38462794088605]], "kpt2d_body_mask": [true, true, true, true, true, true, true, true, true, true, true, true, true, true, true, true, true, true, true], "kpt3d_body_mask": [true, true, true, true, true, true, true, true, true, true, true, true, true, true, true, true, true, true, true], "kpt_list": ["Thorax", "Nose", "Pelvis", "L_Shoulder", "L_Elbow", "L_Wrist", "L_Hip", "L_Knee", "L_Ankle", "R_Shoulder", "R_Elbow", "R_Wrist", "R_Hip", "R_Knee", "R_Ankle", "L_Eye", "L_Ear", "R_Eye", "R_Ear"]}