{"id": 1, "class": "person", "kpt3d_body": [[158.97811613439055, -65.54155238063032, 2657.2705793451178], [308.30376309938606, -230.89473421097807, 2612.1222912341673], [170.5987929036072, 533.9691424086884, 2679.755460228939], [203.930343436798, -72.44216728912903, 2811.4442010743523], [346.21150488083674, -110.40265806759692, 3073.1383279785014], [513.1717371861122, -310.4728245199135, 3059.821480121642], [186.27763479126287, 528.0306043282533, 2779.1448760822477], [188.33056152014626, 965.6518414447329, 2773.074565639881], [178.29254282125254, 1358.8616873366254, 2777.69896246349], [105.0383707769568, -57.60990441127859, 2508.1257307151577], [114.17861367649897, -48.734828711687896, 2186.9115883734953], [247.9108576397167, -231.73375563045482, 2059.5003646895448], [154.9198925686954, 539.9066862528396, 2580.3658251083707], [132.14711432242657, 971.8487613347079, 2614.118803153301], [133.92409232916927, 1374.0288968432972, 2630.898587278255], [296.51568905626493, -266.0192458622424, 2644.309707430006], [218.34668270813756, -257.3176808744853, 2714.323490631114], [281.04137681679686, -263.70711589514286, 2587.029407135858], [178.04674020796648, -252.0199081918156, 2566.860175884906]], "kpt2d_body": [[1017.7897134226678, 525.8135261045395], [1098.1681683293496, 437.74495135614364], [1022.1414237604961, 834.2571970995302], [1035.467999409132, 524.297539458984], [1091.0518233251125, 510.2820936961582], [1166.0572800013954, 420.28922185272745], [1026.8647663126026, 821.744042221032], [1025.9832334808286, 1028.8708190408543], [1018.562374481947, 1200.5548794150243], [992.7826003050642, 528.1560923916287], [1007.1827865014083, 529.1170836064148], [1101.1736146010965, 404.574793791905], [1017.058690679068, 847.69273726185], [1002.2903540629685, 1058.6964615961058], [1000.6611843239978, 1239.1306415492309], [1089.9450118226825, 420.88012039339606], [1046.1924644765375, 428.643703645907], [1085.1109692569237, 419.0142185976356], [1030.8136423966641, 423.9137439127368]], "kpt2d_body_mask": [true, true, true, true, true, true, true, true, true, true, true, true, true, true, true, true, true, true, true], "kpt3d_body_mask": [true, true, true, true, true, true, true, true, true, true, true, true, true, true, true, true, true, true, true], "kpt_list": ["Thorax", "Nose", "Pelvis", "L_Shoulder", "L_Elbow", "L_Wrist", "L_Hip", "L_Knee", "L_Ankle", "R_Shoulder", "R_Elbow", "R_Wrist", "R_Hip", "R_Knee", "R_Ankle", "L_Eye", "L_Ear", "R_Eye", "R_Ear"]}