{"id": 1, "class": "person", "kpt3d_body": [[182.87650056374616, -62.24650008395287, 2635.6311627834425], [310.9166002391993, -232.71473084920416, 2595.082417188724], [180.15476644044497, 538.2359937235789, 2661.1605324958105], [224.25939184687508, -69.70482526494465, 2797.5956133695177], [388.12026671364526, -56.087704048957505, 3036.6807637443258], [425.4220037451671, -234.45923249491187, 2907.285527841548], [215.1920648160707, 537.4076974631348, 2757.693541494428], [188.55024264217647, 966.8452894197263, 2766.9029691733167], [174.00006994242324, 1357.383271488502, 2779.167571787172], [137.4443623397745, -58.608604804144875, 2480.3746785826247], [65.43334816423715, 3.0804174291867525, 2187.6697009454147], [191.79651617083329, -162.43764710426916, 2283.985425570036], [145.11647205153716, 539.0632743046224, 2564.627651375638], [133.5288347780004, 971.8228032552188, 2606.2054041514625], [133.2464447200879, 1374.0030599863937, 2630.345812473551], [299.3673734654194, -267.814012328233, 2625.9317096621503], [225.00536788831837, -255.87842557250553, 2695.316541082284], [282.7634272465433, -263.2605804276099, 2570.4574350577172], [182.0182701336231, -247.69417250707448, 2549.9085871143984]], "kpt2d_body": [[1031.0915868173813, 527.2819431871281], [1100.6112001026736, 435.9928431336439], [1027.6637553563257, 838.2447922374561], [1046.0649850691818, 525.4915582156265], [1111.9947697406494, 534.519168974346], [1137.1020182478233, 448.6636088271662], [1041.957216593839, 828.2020291368428], [1026.274453763319, 1030.3928453674116], [1016.5079385815657, 1199.6576230755766], [1011.6430918896158, 527.2500168739937], [976.0917593040036, 562.0935932901759], [1051.21400654088, 461.395425027448], [1012.2986051608103, 849.0056933661906], [1003.1941700047862, 1060.0845113496985], [1000.3381202513488, 1239.24915746392], [1092.5099973619965, 418.9871381545952], [1050.3996172861737, 428.47645952280334], [1086.9958644271146, 418.36065538639554], [1033.6193425448937, 425.36491481660175]], "kpt2d_body_mask": [true, true, true, true, true, true, true, true, true, true, true, true, true, true, true, true, true, true, true], "kpt3d_body_mask": [true, true, true, true, true, true, true, true, true, true, true, true, true, true, true, true, true, true, true], "kpt_list": ["Thorax", "Nose", "Pelvis", "L_Shoulder", "L_Elbow", "L_Wrist", "L_Hip", "L_Knee", "L_Ankle", "R_Shoulder", "R_Elbow", "R_Wrist", "R_Hip", "R_Knee", "R_Ankle", "L_Eye", "L_Ear", "R_Eye", "R_Ear"]}