{"id": 1, "class": "person", "kpt3d_body": [[187.52672366184512, -57.863640803457486, 2646.983379769735], [321.5515196200421, -223.7189737334134, 2570.7895518740183], [183.6174389351025, 524.363032093351, 2655.422321047835], [328.93798805709145, -52.69113263933406, 2677.6976065871604], [443.9507019895095, 1.9073938000380508, 2383.6878488413495], [485.14447657478433, 3.873558233738663, 2158.66430706156], [273.06022233048685, 528.210335864364, 2703.289867684919], [213.0645727181858, 969.7262544770135, 2741.9842678712084], [182.98308316423322, 1357.1117399147502, 2781.9022895552985], [50.166639324561814, -61.76832757786627, 2604.8832561164368], [59.79858663530308, -24.331908622128253, 2320.142126239173], [191.10391798647214, -168.53971550510238, 2462.5582710177705], [94.17360260552572, 520.5167141058836, 2607.5548721879813], [112.77289034385836, 974.5403333974634, 2603.5039562842694], [132.65104137788055, 1380.0257040461202, 2631.0397986416547], [321.1792759078497, -254.70503829143212, 2604.874833649464], [258.8981142538145, -241.8594715733778, 2688.228156056693], [297.51863808631765, -260.7025077788566, 2555.270260041164], [184.33621890285644, -255.2417128344345, 2560.24830091659]], "kpt2d_body": [[1033.1229535534922, 529.7269040207966], [1107.8835702377794, 439.6913366159445], [1029.7088642712195, 831.7909950534904], [1105.148307363962, 532.8360122204161], [1191.9142831709091, 561.2222492641929], [1243.803857665359, 562.576286570075], [1073.4848653592871, 828.5956966306417], [1039.0596781022484, 1035.5557602253143], [1020.6702458998531, 1198.9230849729465], [961.2185408336265, 527.1091019233235], [970.3173385473322, 545.5269522987278], [1042.3894619326393, 465.07777269788596], [984.1779265404314, 834.9496684495543], [992.5422186934711, 1061.9633087638017], [999.9944035911885, 1241.7241403698952], [1105.34097967682, 424.86223870783147], [1068.182930012306, 435.41014711294434], [1095.8546180840153, 418.9579224870423], [1034.4610138493804, 421.84210489029795]], "kpt2d_body_mask": [true, true, true, true, true, true, true, true, true, true, true, true, true, true, true, true, true, true, true], "kpt3d_body_mask": [true, true, true, true, true, true, true, true, true, true, true, true, true, true, true, true, true, true, true], "kpt_list": ["Thorax", "Nose", "Pelvis", "L_Shoulder", "L_Elbow", "L_Wrist", "L_Hip", "L_Knee", "L_Ankle", "R_Shoulder", "R_Elbow", "R_Wrist", "R_Hip", "R_Knee", "R_Ankle", "L_Eye", "L_Ear", "R_Eye", "R_Ear"]}