{"id": 3, "class": "person", "kpt3d_body": [[99.11334601032092, 16.02108968534381, 2614.619536893865], [92.6362860574924, -81.97729869892598, 2451.746940645561], [124.51434247201449, 526.7173794622781, 2646.7188285387574], [273.7698112288738, 8.223595792078982, 2593.1303549947233], [477.85372769676854, 32.188425822619564, 2564.4841524142616], [404.7906569313318, -140.13101168700203, 2437.765402440858], [228.7884539768018, 523.6705205225319, 2652.865107071843], [226.42986160257905, 844.6026460302778, 2717.62325453865], [233.71015393191607, 1191.0830044141333, 2798.984333026237], [-57.527304961139194, 19.16169342032589, 2639.579533878578], [-270.3424683119457, 82.67001927184936, 2593.233752557075], [-284.31467818625464, -93.7388397494449, 2485.486636969872], [20.240363496356295, 529.765231716192, 2640.5726259200587], [52.221364364539724, 851.4606996789778, 2710.538544332965], [87.26931874081725, 1196.529622757111, 2780.260177153499], [116.54715553297457, -121.18005610507296, 2461.1792454400515], [165.37089239950728, -140.2452422791707, 2543.555674491373], [59.69344259808928, -111.00257174744613, 2464.486044948002], [12.796117603814565, -122.59451878606953, 2546.1644607595244]], "kpt2d_body": [[1004.1567938754482, 567.3222321566026], [1003.9413510508253, 502.90976859864145], [1018.4703263251373, 878.647658250375], [1114.3155657507527, 562.4991583714134], [1244.4573521672341, 577.6458826518352], [1211.772979960227, 464.31622085423203], [1081.8111309333444, 875.7671852149989], [1075.6631980472885, 1053.1398704095807], [1074.1758921660871, 1226.676106774561], [906.6646890283646, 569.1666794219145], [772.4638273435855, 609.1288618675076], [756.0598000545419, 496.1200987680456], [954.7174289462608, 881.3411448077911], [973.2173672535167, 1058.8398278569498], [991.9972308043996, 1234.4026447512456], [1019.5325531042288, 477.2234139728132], [1048.2973275761733, 467.6702016291613], [981.7993711453378, 484.02015044475786], [950.4631763919294, 478.95828340128946]], "kpt2d_body_mask": [true, true, true, true, true, true, true, true, true, true, true, true, true, true, true, true, true, true, true], "kpt3d_body_mask": [true, true, true, true, true, true, true, true, true, true, true, true, true, true, true, true, true, true, true], "kpt_list": ["Thorax", "Nose", "Pelvis", "L_Shoulder", "L_Elbow", "L_Wrist", "L_Hip", "L_Knee", "L_Ankle", "R_Shoulder", "R_Elbow", "R_Wrist", "R_Hip", "R_Knee", "R_Ankle", "L_Eye", "L_Ear", "R_Eye", "R_Ear"]}