{"id": 5, "class": "person", "kpt3d_body": [[1501.412775125834, 116.38506137966061, 2908.299904131857], [1726.422817358819, 170.01790297309867, 2983.4104262772444], [1192.7795694803401, 412.3785556818967, 2730.2207620166764], [1363.5502404161227, 88.58429744366006, 3011.734947808246], [1138.815758862837, 254.9029725717081, 2946.685643554752], [1132.0972142576802, 508.370897693263, 2932.3678803004623], [1124.953220725965, 406.7541629695799, 2801.2609253687874], [1165.8442225340666, 844.7148799389909, 2817.876972828298], [1167.6785939528297, 1245.09241155107, 2787.094415966016], [1598.6945130072047, 118.57308294095688, 2804.9913025560386], [1775.3471658890662, 387.9491727980529, 2758.9739281899415], [1992.0365468112059, 549.0379015474697, 2821.3992511330307], [1260.6159133373271, 418.0018903492878, 2659.1807885716885], [1309.2969421816738, 848.8672768641567, 2689.3141786460255], [1279.70738805896, 1237.5992894351568, 2691.5505724956593], [1717.9413943638383, 130.80241810822656, 2999.684846686101], [1619.3682856952157, 85.54550954243325, 3024.040401995091], [83.74842776999999, 1349.994451, 2704.302205], [83.74842776999999, 1349.994451, 2704.302205]], "kpt2d_body": [[1641.661739602037, 615.3029890589296], [1715.2009641987797, 637.0038930922902], [1541.8216069780613, 766.1376938600465], [1564.3851806630394, 601.6283017171916], [1480.1320364643068, 680.3071095912965], [1476.888761066576, 798.1316533133875], [1497.700363232508, 759.5921127215222], [1504.9288457010364, 963.4076190700612], [1500.215567639535, 1147.8256548314791], [1705.215631953492, 617.6895222625516], [1787.5209690821998, 744.4860143975159], [1855.763817254129, 810.9889192185229], [1587.4629753708728, 772.8718256864134], [1593.8134305085168, 978.6407334838675], [1568.2619893531416, 1158.9429650133902], [1708.426506726401, 619.4191569789632], [1664.7488116462748, 599.4639001797431], [990.9262278901688, 1232.0652619997359], [990.9262278901688, 1232.0652619997359]], "kpt2d_body_mask": [true, true, true, true, true, true, true, true, true, true, true, true, true, true, true, true, true, false, false], "kpt3d_body_mask": [true, true, true, true, true, true, true, true, true, true, true, true, true, true, true, true, true, false, false], "kpt_list": ["Thorax", "Nose", "Pelvis", "L_Shoulder", "L_Elbow", "L_Wrist", "L_Hip", "L_Knee", "L_Ankle", "R_Shoulder", "R_Elbow", "R_Wrist", "R_Hip", "R_Knee", "R_Ankle", "L_Eye", "L_Ear", "R_Eye", "R_Ear"]}