{"id": 5, "class": "person", "kpt3d_body": [[13.765520461471839, -351.62448809295245, 2769.3118225002486], [-103.44612210911336, -544.6334226565112, 2869.6857718571027], [25.373518043628724, 139.5451057120482, 2896.824565912129], [-116.06036983669213, -315.0299766049726, 2670.4020194106993], [-119.52993687446836, -15.271793779399871, 2681.7526205972345], [-163.7822742992719, 213.888617660173, 2779.188588597157], [-58.83822327019892, 161.18879932155792, 2846.8804171162374], [-53.02338749114717, 550.6782927185158, 2933.3910519563487], [37.00125769714327, 918.1876120959239, 2953.9775176968715], [147.77267764316287, -382.8728358741399, 2864.6823523309627], [252.63064449305585, -122.4235117536999, 2950.00067597164], [237.94952723805082, 91.24528376269865, 3092.198527320903], [109.5858661018379, 117.90232329403395, 2946.7692546999774], [78.83608144671622, 529.2449281060867, 3041.485990904217], [109.01245347462039, 902.4295301876901, 3036.7524390541075], [-118.99551137259516, -572.2537556429619, 2831.0300018403886], [-102.61885978315094, -549.2658690072942, 2730.5968649398574], [-69.63571076235263, -580.3909535724104, 2863.8396865535233], [23.23569408122215, -572.4029888404503, 2816.4821504044517]], "kpt2d_body": [[950.5508720322175, 362.00504867524785], [886.5748738156738, 265.3210643364377], [956.5180095834038, 635.832475405038], [874.6623044158905, 376.0610555203409], [872.6869466909609, 551.4222135432068], [850.2866233881397, 680.7333921402366], [910.275801818555, 649.0405517856523], [914.5880609848455, 852.2263210640167], [962.1126772042082, 1037.240325914352], [1023.513923654526, 351.7684364454185], [1077.1689953769555, 495.4081015170408], [1063.5939321121766, 606.5407751102202], [1001.1989115867764, 623.0372526523666], [983.2467024736607, 831.1964381397988], [998.1611033310585, 1016.9749414012894], [877.3267024474106, 246.50211080284726], [884.2483725593088, 247.9757657850583], [904.9085408127498, 245.6118958077172], [955.6373201838621, 244.69205293964245]], "kpt2d_body_mask": [true, true, true, true, true, true, true, true, true, true, true, true, true, true, true, true, true, true, true], "kpt3d_body_mask": [true, true, true, true, true, true, true, true, true, true, true, true, true, true, true, true, true, true, true], "kpt_list": ["Thorax", "Nose", "Pelvis", "L_Shoulder", "L_Elbow", "L_Wrist", "L_Hip", "L_Knee", "L_Ankle", "R_Shoulder", "R_Elbow", "R_Wrist", "R_Hip", "R_Knee", "R_Ankle", "L_Eye", "L_Ear", "R_Eye", "R_Ear"]}