{"id": 4, "class": "person", "kpt3d_body": [[347.976852377378, -45.44155421532338, 2731.0920501704663], [563.7975671224928, -152.16748095713086, 2782.595379886705], [169.31172847698804, 429.6569673951187, 2612.2893580868554], [335.7669089336553, -22.83241137385943, 2870.4688471767126], [106.93390177229531, 104.20579280634371, 3026.2315718826594], [133.91541824738738, 292.93890593779383, 2842.1817235733256], [170.8044503421528, 440.0931342236737, 2705.6875250996827], [180.84733079614472, 852.9211281425069, 2721.324387666228], [160.7559204040841, 1273.5992826784723, 2734.492273562069], [368.5542426633633, -83.69778845878557, 2587.968371849048], [168.94522861037308, -27.062649714797544, 2326.8024898547073], [160.1786316360513, 230.52575684361528, 2405.656945872661], [167.81905556885948, 419.2198708128883, 2518.8924493114114], [171.87276141571482, 861.9586803713876, 2485.416006372768], [154.95122381714683, 1253.059548975623, 2483.0736728546203], [543.9348048872354, -177.50196196550547, 2813.547897802283], [438.1227702752369, -172.57546588291035, 2846.9942983174487], [553.790414700507, -193.90701709015786, 2761.535374064196], [466.88891889447154, -211.3776068576081, 2704.39453057189]], "kpt2d_body": [[1130.581377602046, 538.1453696817001], [1235.4825800610988, 484.69771389062004], [1041.1110215890349, 794.3650278870857], [1115.8479493100822, 550.4676847456219], [999.7204363803878, 610.8540310734427], [1016.360638486184, 708.2614340742675], [1038.741091007189, 791.8411275753962], [1041.7146526486704, 996.8679436213151], [1028.8627228462115, 1191.0447439155457], [1151.6610538044497, 515.9098987351647], [1052.8932222552708, 545.2055871933316], [1044.076225298646, 697.9398303191405], [1043.6551961578466, 797.0734030221903], [1044.942567970066, 1040.5810739759613], [1033.0950665862185, 1238.216295318302], [1222.5554238496409, 472.79147206739606], [1167.6196628658122, 475.95529960146223], [1232.463261334911, 462.8369574242205], [1193.6652972079532, 451.3731974125525]], "kpt2d_body_mask": [true, true, true, true, true, true, true, true, true, true, true, true, true, true, true, true, true, true, true], "kpt3d_body_mask": [true, true, true, true, true, true, true, true, true, true, true, true, true, true, true, true, true, true, true], "kpt_list": ["Thorax", "Nose", "Pelvis", "L_Shoulder", "L_Elbow", "L_Wrist", "L_Hip", "L_Knee", "L_Ankle", "R_Shoulder", "R_Elbow", "R_Wrist", "R_Hip", "R_Knee", "R_Ankle", "L_Eye", "L_Ear", "R_Eye", "R_Ear"]}