{"id": 4, "class": "person", "kpt3d_body": [[207.3661136382265, -91.53083822361083, 2492.4876498705503], [392.31542512023657, -255.5020368800814, 2540.8978354688775], [175.26700716176214, 401.8694404887709, 2558.5199509871545], [118.07621431039007, -111.78163059430346, 2627.5647207864586], [15.740490947534527, 168.73739674727133, 2668.277197724399], [-12.814902831661374, 413.33158078511315, 2760.3630828189634], [130.42826308346733, 373.1139255400433, 2644.84057520387], [233.43763275202704, 650.2927979588931, 2902.141086509133], [64.33587162167646, 1008.1027397215439, 2746.078817860248], [292.34943092416256, -70.98100742726245, 2345.3664045899723], [249.50582981868303, 226.29479342357513, 2317.8442245448664], [289.5735857261167, 462.743372100888, 2374.7975765028973], [220.10572108283975, 430.62601130266415, 2472.2002671104283], [197.9174529363695, 822.1104173130685, 2476.2255307883647], [159.14328338970674, 1242.0776148353543, 2477.4308867318323], [368.7350729625532, -293.43766497709254, 2563.7361606450468], [261.42269909299927, -298.58928262538086, 2589.6567546241813], [384.12699775479274, -289.98537547290965, 2506.689799488983], [306.7225605849, -289.25686311202753, 2441.220379933372]], "kpt2d_body": [[1067.9158291563258, 509.5099676926945], [1167.9549163941856, 419.66694860852675], [1046.3912019475542, 784.0080511135739], [1013.4157255452806, 501.1540235820854], [957.655520902739, 651.8713796046569], [942.6341971245706, 774.0312254930741], [1019.3084278419498, 761.7539350108092], [1062.489401919484, 876.5066576871311], [981.581367176017, 1067.3607127194994], [1126.6512300409504, 518.7976794384873], [1102.2512569459154, 700.2192502402381], [1121.096357959313, 835.7451336075158], [1075.2058774494983, 807.6347974159333], [1060.0809180165222, 1021.0808883036921], [1035.613181640359, 1234.2321489621604], [1152.9861446534771, 400.01495282799], [1092.6409081215852, 398.36790440552574], [1166.1424945645613, 398.41523204580847], [1127.415569459079, 394.1384916746422]], "kpt2d_body_mask": [true, true, true, true, true, true, true, true, true, true, true, true, true, true, true, true, true, true, true], "kpt3d_body_mask": [true, true, true, true, true, true, true, true, true, true, true, true, true, true, true, true, true, true, true], "kpt_list": ["Thorax", "Nose", "Pelvis", "L_Shoulder", "L_Elbow", "L_Wrist", "L_Hip", "L_Knee", "L_Ankle", "R_Shoulder", "R_Elbow", "R_Wrist", "R_Hip", "R_Knee", "R_Ankle", "L_Eye", "L_Ear", "R_Eye", "R_Ear"]}