{"id": 3, "class": "person", "kpt3d_body": [[36.41508797940177, 174.53314983710243, 2799.362399399061], [184.39742559475772, 25.108677247644238, 2762.79159623504], [60.623304061047854, 546.5151435344769, 3125.071615765829], [-23.603406031048053, 74.11820112385854, 2905.6172843472987], [-38.651608967517426, 214.14774736816327, 3112.724439129593], [20.452914760330707, 375.33678478927425, 3284.1153938096877], [24.45338663512753, 487.5706685758379, 3194.4636668859785], [-17.547122727263957, 752.4074749224696, 3379.808472355382], [-48.3034611096153, 1037.8781632346836, 3585.472624133202], [106.40188308324906, 272.87999253231203, 2686.3259890470763], [141.38847392556903, 491.1370428929856, 2798.387109548751], [205.76534758717034, 646.696736129853, 2960.9216374194416], [96.79331760788924, 605.4587581994339, 3055.679044400017], [61.384624791496634, 856.6504044906968, 3254.3426086025106], [36.986242695961195, 1119.0047112183559, 3487.908635751683], [160.96043281685152, -16.078469950500676, 2752.0528179524617], [67.2744076732428, -26.0609851098161, 2755.957788126233], [185.25148197965945, 24.372501212960316, 2714.416546651725], [133.5131914762892, 68.80701090821901, 2654.218524182534]], "kpt2d_body": [[966.8991920623588, 635.9564854940028], [1041.7979591725498, 561.8887922985547], [975.6091634393302, 790.6136966031454], [937.4289037582428, 584.7598156038594], [931.4587912044886, 644.9029029033048], [957.4262121914453, 707.7797112992093], [959.3818848659831, 760.3512781456936], [941.6277181478443, 854.9237968950026], [930.4073644609238, 943.0660622688871], [1003.8605878367176, 690.2033392328633], [1018.627393568804, 791.3191827610643], [1044.3536031592678, 848.9121373428375], [992.4847564364453, 822.015241585935], [974.6006936708733, 908.7407069059407], [963.174994753401, 983.5663180249239], [1030.3152166826187, 541.1253428335946], [982.8270257975615, 536.088596076737], [1043.8891516330727, 561.7361588803848], [1018.9070217236176, 585.312322956669]], "kpt2d_body_mask": [true, true, true, true, true, true, true, true, true, true, true, true, true, true, true, true, true, true, true], "kpt3d_body_mask": [true, true, true, true, true, true, true, true, true, true, true, true, true, true, true, true, true, true, true], "kpt_list": ["Thorax", "Nose", "Pelvis", "L_Shoulder", "L_Elbow", "L_Wrist", "L_Hip", "L_Knee", "L_Ankle", "R_Shoulder", "R_Elbow", "R_Wrist", "R_Hip", "R_Knee", "R_Ankle", "L_Eye", "L_Ear", "R_Eye", "R_Ear"]}