{"id": 3, "class": "person", "kpt3d_body": [[77.91061114936103, 162.34111466489054, 2820.4876860182917], [228.7401464305853, 17.66551359943648, 2793.43581102638], [74.25774221422772, 536.9844602901032, 3132.3646728835392], [16.148801623845202, 59.76276607977255, 2927.267015796774], [3.9046353816320245, 201.0768588574787, 3133.700064666574], [55.202098990185505, 366.9748530655775, 3303.3488854921816], [18.550989087659808, 476.66602404228536, 3195.5685927857344], [-3.801113203452262, 748.0610357098936, 3385.0326260291167], [-46.92990167037504, 1038.9091981152555, 3584.6112983646367], [146.47974518744522, 261.52628331548567, 2706.457277162617], [180.87229250004043, 479.7466713469795, 2820.8974859450655], [239.54431088364703, 638.7456063596129, 2982.8187383252452], [129.9650596038919, 597.3019411448946, 3069.160380380588], [69.79548660545609, 853.3191846528609, 3258.30938297903], [37.60285596682546, 1118.3882488465, 3489.7147404186785], [207.2272075935678, -25.103994103662046, 2782.069092057899], [118.20423377194555, -38.986880420820995, 2777.4475660643348], [231.9360596592145, 15.956440617163992, 2746.440126203858], [180.9923570552934, 54.67284028186711, 2681.566909451195]], "kpt2d_body": [[987.2729621337037, 629.2955917838815], [1062.833179397883, 558.0394436184082], [981.5778792947086, 785.9191837382149], [956.4626186200691, 577.6731376176714], [950.5017956482793, 638.4834959677842], [972.0058146834723, 703.3669496211464], [956.8195438118256, 755.6205023171725], [947.2277468335253, 852.7512838664563], [930.926500429317, 943.5316247963426], [1024.040847900551, 683.3201427213968], [1037.4305402655925, 783.8401953308028], [1059.2344410266867, 843.0741108598502], [1007.2172815089062, 817.2034126674954], [978.10779380341, 906.96464734951], [963.4081060337486, 983.1265934244306], [1052.5600538831386, 536.7080982606288], [1008.129264825115, 529.7192858310816], [1066.3921675719223, 557.3240685739961], [1042.8342917723503, 577.5983204204464]], "kpt2d_body_mask": [true, true, true, true, true, true, true, true, true, true, true, true, true, true, true, true, true, true, true], "kpt3d_body_mask": [true, true, true, true, true, true, true, true, true, true, true, true, true, true, true, true, true, true, true], "kpt_list": ["Thorax", "Nose", "Pelvis", "L_Shoulder", "L_Elbow", "L_Wrist", "L_Hip", "L_Knee", "L_Ankle", "R_Shoulder", "R_Elbow", "R_Wrist", "R_Hip", "R_Knee", "R_Ankle", "L_Eye", "L_Ear", "R_Eye", "R_Ear"]}