{"id": 3, "class": "person", "kpt3d_body": [[68.68675629077845, 112.19233969930372, 2767.354189371965], [187.52419623622467, 19.420158639460965, 2773.38967535141], [86.45076195425645, 530.2738748102956, 3144.9303683771686], [21.957217210781074, 12.03700702617283, 2879.22436486226], [32.907708468681804, -208.3430049882645, 2916.099450299277], [215.55985951835066, -147.68879649928962, 2827.8234632838894], [45.62382578176975, 462.7904182364746, 3228.4664586147583], [-6.129082138155573, 742.5396321597565, 3380.4624621625], [-48.033372693124804, 1039.2851716881437, 3582.9670571880024], [130.58364509553587, 194.2541580745032, 2658.6577946120406], [268.114601441918, 154.18320858127075, 2498.9007622944514], [321.77205766843895, 12.981653101194865, 2641.3371447513146], [127.27773554366021, 597.7565494775098, 3061.393655867909], [73.53586559896014, 847.8248178510912, 3262.0136093822043], [35.78894479492468, 1118.0095677098525, 3490.7212498707536], [167.2024793994805, -23.532070601222728, 2763.2723191108194], [85.64575741184925, -39.21486025838604, 2757.1509987283393], [196.7483246058646, 17.576646234686706, 2722.9882052429784], [-49.21323822685514, 977.7773854899444, 3496.987082481698]], "kpt2d_body": [[983.3834309199634, 605.6608003699494], [1043.0117690876207, 558.9881803174834], [986.8202821783722, 782.0776707633759], [959.407380045762, 555.0725435336317], [964.4917283978971, 449.9256647354805], [1054.900098486392, 476.7109188749462], [968.3755722677965, 747.6575755294331], [946.2770580013715, 850.9666868486102], [930.4990394070294, 943.8400932135345], [1017.1652178719228, 650.7544719994057], [1097.8666333818078, 634.7843185599833], [1118.0798129855837, 556.0649431818734], [1006.1510855685881, 818.0738331870141], [979.6524611763805, 904.3514440102416], [962.6991362840539, 982.8701829387949], [1033.1272090888983, 537.4073508428177], [992.104406946522, 529.4558147786564], [1049.4598169055494, 558.2253385386063], [929.5581877642525, 930.2112418103138]], "kpt2d_body_mask": [true, true, true, true, true, true, true, true, true, true, true, true, true, true, true, true, true, true, false], "kpt3d_body_mask": [true, true, true, true, true, true, true, true, true, true, true, true, true, true, true, true, true, true, false], "kpt_list": ["Thorax", "Nose", "Pelvis", "L_Shoulder", "L_Elbow", "L_Wrist", "L_Hip", "L_Knee", "L_Ankle", "R_Shoulder", "R_Elbow", "R_Wrist", "R_Hip", "R_Knee", "R_Ankle", "L_Eye", "L_Ear", "R_Eye", "R_Ear"]}