{"id": 6, "class": "person", "kpt3d_body": [[193.2401765301502, -47.66085137606922, 2688.1937019726415], [346.34419171954687, -214.03934807891403, 2636.8513776601726], [170.7513717461336, 382.829822008619, 3038.397715299585], [106.76056579256112, -137.12912472977592, 2788.4875712235066], [73.37840064488718, -212.01440145434617, 3050.8878097915876], [144.71327279753083, -411.8275492535767, 2935.0290105478894], [126.54157229164196, 329.01528036766877, 3103.548923590868], [95.47364683454592, 663.680730749291, 3366.319052622823], [73.878713673858, 1005.6169389112154, 3625.992136638758], [245.25180905294286, 46.64451264363066, 2570.7500264032515], [451.4421513198911, 239.92622244194237, 2527.789306568286], [549.8190848655622, 36.19094495570735, 2434.796034311375], [214.96016506741233, 436.6444351138456, 2973.2463567125433], [194.84391236991883, 773.3047204581663, 3240.999844846395], [150.85507270594513, 1100.7611352570966, 3509.3086026403616], [315.21277015092573, -254.86527584274853, 2628.570783486851], [208.34134930400063, -259.52666442600446, 2629.046414059043], [341.6027430561544, -220.99792870018575, 2585.3522467747052], [273.93206575710246, -170.6214522269775, 2521.020653715773]], "kpt2d_body": [[1048.9385329893908, 524.6047177632494], [1130.8638834657625, 436.9892471551454], [1026.7796331962606, 723.7305139511958], [1002.1416512978698, 480.8580053496664], [982.2819654823214, 452.645403736277], [1017.1555170751172, 355.1055649882393], [1005.4642712268823, 696.3101029127657], [987.9162166232468, 820.6978044602877], [976.6157710826561, 927.2269269728223], [1081.5608372280867, 574.4461629221922], [1195.1940401320167, 679.8952500957867], [1259.4885276175658, 569.6502116719778], [1048.9134602988238, 752.1764613640511], [1031.281420848503, 875.9023358439995], [1007.1632354012157, 974.1917803077481], [1115.020736806992, 415.1534452657087], [1058.8706140761044, 412.43013263985335], [1131.9016130698221, 431.06104771941557], [1099.7223258653646, 455.4550485188318]], "kpt2d_body_mask": [true, true, true, true, true, true, true, true, true, true, true, true, true, true, true, true, true, true, true], "kpt3d_body_mask": [true, true, true, true, true, true, true, true, true, true, true, true, true, true, true, true, true, true, true], "kpt_list": ["Thorax", "Nose", "Pelvis", "L_Shoulder", "L_Elbow", "L_Wrist", "L_Hip", "L_Knee", "L_Ankle", "R_Shoulder", "R_Elbow", "R_Wrist", "R_Hip", "R_Knee", "R_Ankle", "L_Eye", "L_Ear", "R_Eye", "R_Ear"]}