{"id": 3, "class": "person", "kpt3d_body": [[75.13610705567874, 134.66357138731112, 2802.3082316612818], [225.29645827946712, 8.103000320142684, 2780.0303158506854], [74.01006490937685, 535.2894985494548, 3137.981246198974], [8.766190885940164, 46.10612777911683, 2897.508279084728], [-89.41047115211909, 57.53011441840215, 3122.657595494298], [9.925166017751001, 266.3023222614539, 3214.0139392294022], [20.02174314587939, 470.8303990407986, 3218.460434871512], [-23.342569845095042, 751.5507008128793, 3379.5627108416807], [-50.83497864406816, 1038.5265567537665, 3586.6529691111514], [131.57317646203606, 221.15390784612487, 2689.615226941213], [157.7911037026791, 460.1088299343351, 2629.417342235839], [173.16967003921152, 547.1901361591241, 2861.8318592700025], [127.99842059467544, 599.7489667018741, 3057.5032033672137], [61.87112807492475, 851.2581287345075, 3258.3271375604113], [36.678452590340676, 1120.6441756531754, 3488.791168888705], [201.89889845340613, -32.99663195106277, 2768.3322249914263], [106.41210308031677, -40.93244005074013, 2770.5856447401984], [224.40700283071908, 7.935805381173395, 2732.6835520051236], [167.7910645196174, 55.60363502571491, 2677.144811584251]], "kpt2d_body": [[986.1535573808044, 616.0997747759328], [1061.6630613426803, 553.3020521524736], [981.4125507853873, 784.7692606404423], [952.9862539426292, 571.4048768300818], [908.815658101632, 574.8939052905637], [953.0668619041796, 664.3846569955101], [957.3979232495785, 751.6921715741807], [939.2665807913679, 854.6048506404902], [929.4511766961456, 943.1751868970359], [1016.8633455967828, 663.4344830938609], [1031.7219496746686, 790.541849018606], [1032.2760376609665, 812.4679034042929], [1006.5434987743671, 819.2850678699224], [974.7804897480765, 906.139482119807], [963.0507685557269, 984.0648374257265], [1050.3978772642317, 532.6818841375131], [1002.3440498865608, 528.6919631175662], [1063.1600490233202, 553.2869905157964], [1036.132064316941, 578.1335853205918]], "kpt2d_body_mask": [true, true, true, true, true, true, true, true, true, true, true, true, true, true, true, true, true, true, true], "kpt3d_body_mask": [true, true, true, true, true, true, true, true, true, true, true, true, true, true, true, true, true, true, true], "kpt_list": ["Thorax", "Nose", "Pelvis", "L_Shoulder", "L_Elbow", "L_Wrist", "L_Hip", "L_Knee", "L_Ankle", "R_Shoulder", "R_Elbow", "R_Wrist", "R_Hip", "R_Knee", "R_Ankle", "L_Eye", "L_Ear", "R_Eye", "R_Ear"]}