{"id": 6, "class": "person", "kpt3d_body": [[207.96837258566035, -47.29374499291268, 2691.221384049506], [355.5102745441206, -219.9556945721332, 2624.2829073411467], [183.81977044114507, 383.72518156772486, 3043.028958807683], [125.89213069224212, -142.5182237745875, 2800.2503055214042], [76.41017454491302, -262.14785714881316, 3036.718949874712], [177.2579687238286, -424.8525073776443, 2886.211141416241], [133.52360325111124, 330.8306065571044, 3104.1994923886177], [106.96641661072029, 666.6302542066245, 3369.246668037753], [74.45223112078563, 1005.8161978213279, 3626.7402944261407], [281.3493130118044, 47.381082537633716, 2580.014032330663], [485.89478435051024, 211.045926997963, 2490.9256729828503], [537.101342598214, -24.899935703484886, 2424.2403625518828], [234.11600997252717, 436.61903403894456, 2981.8577304580504], [196.52756453626932, 774.2833923054368, 3238.5776987324202], [157.68848594447618, 1098.5448104830882, 3512.2766700083935], [321.8875254968123, -259.7185687667121, 2617.2647418361466], [214.80114386006218, -256.21206785558655, 2624.803895103354], [347.90619861244136, -225.51966842843143, 2572.51450028804], [279.3175776788124, -166.65148973036025, 2515.9703986612762]], "kpt2d_body": [[1056.428006117456, 524.827523816426], [1136.4982664490783, 433.3831274452622], [1032.6104623821466, 723.8472406253596], [1011.4297083048666, 478.4832248063041], [983.8035442148646, 429.33520323996913], [1033.87395819343, 345.7655694640632], [1008.5749724739964, 697.0777181748865], [992.5844898690942, 821.6313548760037], [976.8260420734508, 927.2233457731895], [1100.4401584228283, 574.73177296148], [1217.6087360946403, 665.7318944381798], [1253.7911541050335, 535.1416119660403], [1057.4984681233125, 751.5332540509734], [1032.0499801540163, 876.5341127912404], [1009.7622889590257, 973.0211817031798], [1119.2182430553428, 412.05503082619504], [1062.4616265296615, 413.96678693399826], [1136.148805173742, 428.08165740272796], [1102.985093214225, 457.4618905953098]], "kpt2d_body_mask": [true, true, true, true, true, true, true, true, true, true, true, true, true, true, true, true, true, true, true], "kpt3d_body_mask": [true, true, true, true, true, true, true, true, true, true, true, true, true, true, true, true, true, true, true], "kpt_list": ["Thorax", "Nose", "Pelvis", "L_Shoulder", "L_Elbow", "L_Wrist", "L_Hip", "L_Knee", "L_Ankle", "R_Shoulder", "R_Elbow", "R_Wrist", "R_Hip", "R_Knee", "R_Ankle", "L_Eye", "L_Ear", "R_Eye", "R_Ear"]}