{"id": 6, "class": "person", "kpt3d_body": [[225.29648809252922, -51.47383195533777, 2698.3835328073496], [381.7830733051883, -215.04710611636426, 2653.924284654388], [179.03275398760402, 386.76719282084434, 3034.229451534071], [137.56479942617827, -141.2985961247132, 2801.7980545296377], [69.6272826442112, -218.74776672834741, 3058.51230523919], [212.5697107450386, -407.6688697444763, 2940.745612955989], [134.09444527772558, 331.5987893445292, 3101.7836857272378], [91.88890389461442, 664.2576406940481, 3362.963251894078], [39.494643241219045, 1002.1495737095436, 3623.1602703698904], [279.86891965334326, 45.261994340663136, 2579.871871441629], [475.8071277504629, 216.96192811094576, 2473.9665056934773], [548.5111587548098, -32.019430054066476, 2426.6889712334473], [223.97012890561794, 441.9349452220351, 2966.6743722764472], [218.5032580551987, 776.2072395036539, 3249.4057569313322], [142.51201993861156, 1102.5091545453179, 3505.224278601458], [350.01267580946546, -258.1006071212974, 2647.8739795811994], [242.82023991881442, -268.60624818039014, 2642.785558418541], [376.6977810211714, -224.23195273871727, 2601.50572661172], [311.9469381344942, -179.5126960385329, 2534.7839696577485]], "kpt2d_body": [[1065.0545435601111, 522.7471652172635], [1148.0161699440082, 437.2925085734835], [1030.659721327715, 725.7327190538529], [1017.1955997868117, 479.134336697467], [980.4872942130909, 449.83215143328664], [1048.963088573534, 357.56289952426425], [1008.875947501552, 697.5326215634655], [986.4831563442242, 821.1982164874212], [963.6745886147096, 926.2876442904776], [1099.6568924142657, 573.5945666103809], [1213.8714881123403, 669.8360635046461], [1259.7817940119962, 531.1366288844645], [1053.3104470307526, 755.0273262341714], [1041.0350451786662, 876.1892765049004], [1003.9938868446992, 975.3238953918029], [1131.8673613426386, 414.5605574501901], [1076.3271249923364, 408.487735756029], [1149.2604132299884, 430.1959790302799], [1119.5578771504572, 451.20643987093916]], "kpt2d_body_mask": [true, true, true, true, true, true, true, true, true, true, true, true, true, true, true, true, true, true, true], "kpt3d_body_mask": [true, true, true, true, true, true, true, true, true, true, true, true, true, true, true, true, true, true, true], "kpt_list": ["Thorax", "Nose", "Pelvis", "L_Shoulder", "L_Elbow", "L_Wrist", "L_Hip", "L_Knee", "L_Ankle", "R_Shoulder", "R_Elbow", "R_Wrist", "R_Hip", "R_Knee", "R_Ankle", "L_Eye", "L_Ear", "R_Eye", "R_Ear"]}