{"id": 3, "class": "person", "kpt3d_body": [[-29.907363182796107, -90.54237805796532, 2726.265386871812], [5.711118233479091, -224.53743858302872, 2822.2604952428055], [-44.6264755339012, 405.53726858622014, 2852.903598772823], [-179.6893957952803, -116.0810329187133, 2738.455786389255], [-154.9090140981589, -113.91844706852496, 2980.7931127192774], [9.222738501835401, -285.5970278650499, 2944.252503811331], [-149.98383610554205, 387.09476296681896, 2869.184541002632], [-152.80645898474143, 739.7092266199784, 2899.004692855265], [-167.70315813719023, 1092.3796889310163, 2923.739213396703], [116.28857696537185, -78.53307486226257, 2739.9951038659215], [86.84450778837999, -29.858607395850782, 2975.5416706274495], [-94.34060670437118, -153.24339987701066, 3083.047684122721], [60.730702431541275, 423.97979723315257, 2836.6224196364738], [14.16005510658703, 754.742090099078, 2833.2265991211125], [-23.337222845048284, 1103.8826026921943, 2867.2924354579854], [-16.02440545474856, -260.0897226027341, 2804.5297058513274], [-79.35890581159197, -255.65230370535616, 2738.3593299639256], [33.29659877829183, -241.73824755651523, 2797.3731625609526], [67.05349365852719, -220.44512420595495, 2722.0093076490575]], "kpt2d_body": [[934.3781695706876, 519.4853570100947], [952.5135920399182, 455.1176806258937], [927.9776395685103, 762.5398138931914], [858.2212793219634, 506.78941482388166], [877.2063434959564, 512.560011838117], [954.055856590778, 430.9869359880462], [877.1312794762663, 752.4966489557968], [877.4707605830151, 914.4261138768836], [872.6155452103332, 1066.5293260868157], [1008.9159748882187, 525.8345840056818], [990.438525747181, 551.7511876841104], [907.0025350393239, 496.5648677044446], [979.3988544137512, 772.535923759373], [956.5438860041419, 929.4736335773968], [938.7854702180433, 1081.0822578034356], [941.7335568604178, 436.8789977483742], [909.3328850681731, 436.05134828005055], [966.2789502195722, 445.6284844387608], [984.0233419481868, 453.1602898356865]], "kpt2d_body_mask": [true, true, true, true, true, true, true, true, true, true, true, true, true, true, true, true, true, true, true], "kpt3d_body_mask": [true, true, true, true, true, true, true, true, true, true, true, true, true, true, true, true, true, true, true], "kpt_list": ["Thorax", "Nose", "Pelvis", "L_Shoulder", "L_Elbow", "L_Wrist", "L_Hip", "L_Knee", "L_Ankle", "R_Shoulder", "R_Elbow", "R_Wrist", "R_Hip", "R_Knee", "R_Ankle", "L_Eye", "L_Ear", "R_Eye", "R_Ear"]}