{"id": 3, "class": "person", "kpt3d_body": [[-51.66487106095115, -58.14702682919261, 2757.014140090804], [40.532689918698956, -213.4666868819714, 2871.180196699554], [-47.05878072420788, 424.8973914873031, 2846.749483506217], [-181.29073063531337, -84.80068390502083, 2850.317294219544], [-228.9875200568528, 143.6136420572609, 2940.3250134762366], [-196.1312537489437, 366.37664899027754, 3028.313315304672], [-125.80312149262969, 412.7551860574775, 2903.7890217173644], [-153.0977934570485, 742.2981826696763, 2903.9232854036245], [-162.5791402567754, 1095.1602718245076, 2927.498554657105], [84.51409865342666, -39.58872092645052, 2665.071419136941], [140.17013795276003, 200.29941841947632, 2677.0314683202896], [179.3514533807936, 415.33226181955354, 2764.352503824539], [31.685661924053363, 437.0416009388605, 2789.710061559411], [0.3386837907866891, 755.3749956650404, 2810.577888560353], [-22.75716675975204, 1105.3585545641743, 2865.596854124131], [11.926129081564234, -253.08020861375226, 2867.953328054933], [-69.81692205622736, -254.5021563854651, 2826.577281201038], [59.609844086042756, -239.86955762188316, 2837.0177818586512], [51.193077406015206, -231.47646221810064, 2745.9228974248667]], "kpt2d_body": [[923.5291877184706, 536.3565104919433], [969.3747206918666, 462.3446603794399], [926.7583132188907, 772.2591965184031], [860.9983196678612, 524.3460286158679], [841.2039173007719, 633.5800473534055], [859.7374675884249, 733.3102272895079], [889.5749264195008, 762.4411266025928], [877.4602256939309, 915.03174841281], [875.069752337818, 1067.141420307004], [993.9611663050719, 545.0416989009617], [1022.6376779460346, 669.6779084844565], [1039.6116887813312, 773.3835347938316], [965.445148725295, 782.3776958057612], [949.865931819541, 932.5898819137099], [939.0522755173552, 1082.0043085402035], [955.4871939514027, 443.094960127299], [915.2856218983958, 440.6338177492271], [978.9716000489749, 448.22126285418267], [975.672665473728, 448.56651984958313]], "kpt2d_body_mask": [true, true, true, true, true, true, true, true, true, true, true, true, true, true, true, true, true, true, true], "kpt3d_body_mask": [true, true, true, true, true, true, true, true, true, true, true, true, true, true, true, true, true, true, true], "kpt_list": ["Thorax", "Nose", "Pelvis", "L_Shoulder", "L_Elbow", "L_Wrist", "L_Hip", "L_Knee", "L_Ankle", "R_Shoulder", "R_Elbow", "R_Wrist", "R_Hip", "R_Knee", "R_Ankle", "L_Eye", "L_Ear", "R_Eye", "R_Ear"]}