{"id": 3, "class": "person", "kpt3d_body": [[-38.39153982716077, -83.16256233285131, 2764.5857816785756], [49.85429483264667, -213.16333461435235, 2867.319613625692], [-46.66807741134035, 421.781974652331, 2840.1522608244063], [-177.23851682695687, -103.26329578344783, 2830.0377877432093], [-339.3487542322652, -63.61189836117873, 2982.5535343274846], [-211.5179822500325, -256.714074909264, 3002.678188831218], [-134.17148284386852, 412.19262811693966, 2898.1787516815684], [-144.1449415264072, 739.9816708806446, 2905.9609252046266], [-160.78227799558422, 1094.147047444133, 2925.188402136865], [67.21161757527938, -69.45816753525833, 2652.961034538469], [260.4019541587065, 42.73344738949518, 2582.5573769049715], [280.12321149141115, -156.23928530002857, 2639.8826212511394], [40.83522038040378, 431.37230431567036, 2782.125948497071], [7.877611772657893, 754.7194053400633, 2818.9480601358755], [-24.401242147517337, 1105.2271560478732, 2866.1234439448326], [22.36350024063384, -252.77661121672267, 2866.4707283421867], [-61.22863320462044, -257.48003521192925, 2822.4298736559554], [69.72036812124188, -239.62103650593534, 2836.0033669394165], [60.329350188048885, -229.4956863467148, 2739.187213153754]], "kpt2d_body": [[930.3056658435809, 523.8412486739959], [973.9330535095536, 462.35551566936306], [926.8944246477066, 771.2341940845508], [862.3674186803158, 514.9811875372378], [791.4155611540014, 536.1311576401265], [851.6657729174068, 447.0669782870528], [885.4569532195994, 762.5371688400733], [881.7173375831069, 913.7740632074697], [875.8345272403201, 1067.0857517739446], [985.0577555239836, 529.2732767584744], [1090.0829213049938, 588.6984454040423], [1097.2577822923374, 483.6379217022412], [970.0508133528203, 780.1753775608126], [953.5264595829423, 931.2365629723358], [938.2841413834528, 1081.8582807266644], [960.5636428256046, 443.179781948608], [919.474434574268, 438.9868499987508], [983.9483964236855, 448.3060433134616], [980.3840535091872, 449.2850335155985]], "kpt2d_body_mask": [true, true, true, true, true, true, true, true, true, true, true, true, true, true, true, true, true, true, true], "kpt3d_body_mask": [true, true, true, true, true, true, true, true, true, true, true, true, true, true, true, true, true, true, true], "kpt_list": ["Thorax", "Nose", "Pelvis", "L_Shoulder", "L_Elbow", "L_Wrist", "L_Hip", "L_Knee", "L_Ankle", "R_Shoulder", "R_Elbow", "R_Wrist", "R_Hip", "R_Knee", "R_Ankle", "L_Eye", "L_Ear", "R_Eye", "R_Ear"]}