{"id": 3, "class": "person", "kpt3d_body": [[-47.34326931065052, -92.80440060718988, 2718.1601473339488], [-13.181255452692469, -216.41965627757443, 2819.9528216119625], [-62.333389640911676, 393.1209028710357, 2833.568902641222], [-205.57372822426046, -113.77585530302142, 2711.4816138577567], [-264.2786567455733, -160.09041133000622, 2949.9322438530344], [-90.33719148712954, -300.9259147423877, 2943.5968608788385], [-170.90045341210924, 387.4766054997174, 2848.319337698377], [-161.89481513887392, 735.2999772215197, 2892.1411256630013], [-171.164161806812, 1092.4762051260498, 2923.9976412646347], [104.12139020366347, -81.20399852613929, 2735.2299291489644], [100.86079696525292, -99.33596709507597, 2974.345615194785], [-47.56141957784088, -245.4380941858564, 3113.013147474754], [46.233511224644595, 398.76613201839405, 2818.819063616921], [8.124315243425606, 754.2264458354427, 2831.491609018312], [-23.109109352197397, 1101.7228010713707, 2866.310614372774], [-36.30038729803584, -252.2395605551246, 2805.8255325222326], [-103.70448492127636, -250.13092652678736, 2737.594038022842], [15.843857945139419, -235.23809604826752, 2792.6690336702886], [47.292574196667054, -222.12701338078986, 2711.354121148196]], "kpt2d_body": [[925.3796410508191, 518.1922445285807], [943.1762240971078, 459.01656674619943], [919.1475605537958, 757.8545130134734], [844.046447834267, 507.40838761854735], [824.978954491329, 490.37691091061674], [906.9753570873801, 423.8036872026019], [866.4336554433326, 753.9880339184248], [872.9908936492727, 913.1805391606408], [871.0341454793538, 1066.5122656561498], [1002.8162061245067, 524.4027375970163], [997.0164536798967, 519.2391352652044], [928.3963697471047, 456.1181634353413], [972.4667472299099, 761.6042406026203], [953.6294584600088, 929.4503231892122], [938.8872151372989, 1080.31090690841], [931.6685720083864, 440.8121404723074], [896.9400230359496, 438.8248204544309], [957.5995402599694, 448.64503054157126], [974.0021728703074, 451.8510637779119]], "kpt2d_body_mask": [true, true, true, true, true, true, true, true, true, true, true, true, true, true, true, true, true, true, true], "kpt3d_body_mask": [true, true, true, true, true, true, true, true, true, true, true, true, true, true, true, true, true, true, true], "kpt_list": ["Thorax", "Nose", "Pelvis", "L_Shoulder", "L_Elbow", "L_Wrist", "L_Hip", "L_Knee", "L_Ankle", "R_Shoulder", "R_Elbow", "R_Wrist", "R_Hip", "R_Knee", "R_Ankle", "L_Eye", "L_Ear", "R_Eye", "R_Ear"]}