{"id": 3, "class": "person", "kpt3d_body": [[-4.424536160375858, -86.94575480176255, 2803.95044831821], [86.35154288029007, -211.3850592359556, 2916.078189605491], [-17.18447931583583, 418.86012492406553, 2884.874366051248], [-146.84817638421612, -110.89734270776987, 2863.409437930967], [-301.1645890043436, -81.703961500303, 3031.6544969070337], [-189.5488077569189, -273.7409827774924, 3077.749163410319], [-111.32863108457379, 409.10857348730445, 2931.177230684529], [-128.14450551885707, 736.1317519333065, 2929.453763595868], [-157.92109979803183, 1090.5776534388683, 2926.427189353535], [115.56044351457828, -68.82432312942797, 2705.7922924839745], [309.4712019577389, 29.71827074502272, 2636.301540179941], [401.46746841431445, -157.45859985026968, 2679.858759990335], [76.95906376557429, 428.61175311926445, 2838.570711729498], [26.464294220120053, 751.5370670019045, 2847.5765022053793], [-23.240799739562323, 1100.6648076671177, 2870.1041968600775], [59.23633326097953, -250.94909299862806, 2913.2160623020495], [-25.029481348918097, -257.8348876933602, 2866.5305518341356], [107.36581604821833, -236.45259179615223, 2886.4750393633763], [105.30266849333276, -229.42606073917787, 2791.88603934212]], "kpt2d_body": [[947.4891510332674, 522.5489752685005], [990.9733892655146, 464.9402387696876], [941.4262337151868, 766.7155031942768], [878.1606712265941, 511.84781959313773], [811.3895205830329, 528.3014037368675], [863.9759932240363, 442.2631043885348], [896.9718428263783, 758.9445957773719], [889.7117609133204, 909.3944418075333], [877.1592722489845, 1065.379668345293], [1009.2916183820071, 530.3224252674098], [1112.976697023908, 581.3589270043972], [1157.3768270354753, 484.48391043329786], [987.3028324928614, 774.608796759222], [962.4297390699624, 926.2244165460775], [938.8380397646388, 1079.2223647290484], [978.0251963106048, 446.0174878792125], [937.5278702138024, 440.7422152518684], [1001.5171538312524, 451.8956556386552], [1002.2421579285124, 451.53895785498446]], "kpt2d_body_mask": [true, true, true, true, true, true, true, true, true, true, true, true, true, true, true, true, true, true, true], "kpt3d_body_mask": [true, true, true, true, true, true, true, true, true, true, true, true, true, true, true, true, true, true, true], "kpt_list": ["Thorax", "Nose", "Pelvis", "L_Shoulder", "L_Elbow", "L_Wrist", "L_Hip", "L_Knee", "L_Ankle", "R_Shoulder", "R_Elbow", "R_Wrist", "R_Hip", "R_Knee", "R_Ankle", "L_Eye", "L_Ear", "R_Eye", "R_Ear"]}