{"id": 3, "class": "person", "kpt3d_body": [[-50.39167573978324, -89.38894190608337, 2736.866120895499], [21.064593766679742, -212.90596582454427, 2839.5867551604897], [-45.78950269239117, 423.3198874378647, 2845.572842039126], [-179.9358839732214, -110.08917372733706, 2826.646335761292], [-152.31037390213947, -126.36994257209167, 3057.8874171625375], [34.662129601078426, -274.73825869870427, 2982.6459568339687], [-138.77038391387202, 413.8580757828976, 2898.7326789335293], [-145.94034117214957, 737.1597237845524, 2905.767214338606], [-161.38729987841427, 1094.0419569185972, 2924.152807136129], [66.7327701400729, -73.51544872726706, 2651.554451763116], [278.65360597417134, -63.71131218059247, 2770.9378878158855], [177.9402509140308, -241.87079991912398, 2888.8308324517984], [47.19094395515416, 432.7807260197258, 2792.412612367146], [5.685564741496414, 753.7234631435927, 2820.9711671509835], [-24.496626975205196, 1106.1094320364246, 2866.054786062921], [-1.9217176421954107, -248.59846038941342, 2833.126962667012], [-82.85084824967501, -252.0578416253197, 2792.6413766781893], [38.65938561218641, -238.1619743377344, 2806.773386879103], [44.452116557583, -229.46076717189626, 2713.456118519212]], "kpt2d_body": [[923.9905795976209, 520.2536123918553], [960.035268576017, 461.46766610930416], [927.3666984248445, 771.5868387121496], [860.9400628729738, 511.56702750933766], [880.2196341724417, 508.236460200452], [965.8821242049826, 437.74908075139876], [883.2735554162682, 763.2776352878675], [880.8581158232356, 912.5092725289034], [875.5320731042792, 1067.203049051552], [984.8236873030863, 527.1244798147004], [1089.7027281438632, 533.7957873109958], [1035.4471758689547, 449.47099370242154], [973.1320872428956, 780.0800931446215], [952.4601562082772, 930.5212092456729], [938.239923167241, 1082.2514963350436], [948.747802245362, 443.78234232425916], [908.369726852891, 440.34084330833014], [968.8869891458347, 447.79405042686295], [972.5218556620206, 448.1960355063434]], "kpt2d_body_mask": [true, true, true, true, true, true, true, true, true, true, true, true, true, true, true, true, true, true, true], "kpt3d_body_mask": [true, true, true, true, true, true, true, true, true, true, true, true, true, true, true, true, true, true, true], "kpt_list": ["Thorax", "Nose", "Pelvis", "L_Shoulder", "L_Elbow", "L_Wrist", "L_Hip", "L_Knee", "L_Ankle", "R_Shoulder", "R_Elbow", "R_Wrist", "R_Hip", "R_Knee", "R_Ankle", "L_Eye", "L_Ear", "R_Eye", "R_Ear"]}