{"id": 3, "class": "person", "kpt3d_body": [[-37.59023564602625, -100.1287067226697, 2727.34104585823], [-4.229786618528237, -220.1728600745649, 2826.8748731616365], [-49.92068718057217, 404.7132306400532, 2852.5640568706385], [-190.91319175948374, -118.43519649140646, 2728.893383196727], [-232.51548466115239, -199.05008488990504, 2959.0649287852607], [-80.60212927418263, -319.42726872406365, 2856.6363104085294], [-156.47636204940164, 385.53126571300834, 2869.3266307829213], [-157.451697171139, 737.3420108896017, 2896.6547710402056], [-168.85321376668043, 1092.4370769462914, 2924.6843067226587], [106.4214754053634, -85.84298572704697, 2739.791077010657], [78.76087492324129, -102.52499311261573, 2988.955373700939], [-67.1762862328478, -209.95051168335365, 3161.859361690189], [56.63507547141517, 423.8962318125697, 2835.801262755176], [6.929236471908631, 752.8099127623034, 2829.270098095036], [-23.77200595921849, 1104.891035106983, 2866.2566506354938], [-27.98143770966421, -254.36718450884612, 2810.7072648280155], [-87.79021333554978, -251.61376432038665, 2745.3941572824906], [25.437486992018847, -241.26305896303975, 2805.955301905528], [54.6964364049456, -226.3193440492516, 2724.54662242422]], "kpt2d_body": [[930.4535362803937, 514.6146045325195], [947.6068575454262, 457.43659844461706], [925.3982849356446, 762.1640762050129], [852.1861403154344, 505.39510353916245], [840.2978345377286, 472.32255729581607], [910.439906097067, 410.5758129495521], [873.9959045652545, 751.728113897568], [875.2119428094015, 913.6046789125242], [872.1113178457209, 1066.39778644066], [1003.8969052651394, 522.1169026984267], [986.4705356402444, 517.9760742986056], [920.0646395450693, 473.372746113786], [977.4040784738226, 772.5582036749342], [953.0543143150431, 929.067546184958], [938.579002013653, 1081.6910641986874], [935.8235168653102, 439.9786608990923], [905.1576324009965, 438.4220610424383], [962.3258019085326, 446.2266638386237], [977.6695320617685, 450.273018379686]], "kpt2d_body_mask": [true, true, true, true, true, true, true, true, true, true, true, true, true, true, true, true, true, true, true], "kpt3d_body_mask": [true, true, true, true, true, true, true, true, true, true, true, true, true, true, true, true, true, true, true], "kpt_list": ["Thorax", "Nose", "Pelvis", "L_Shoulder", "L_Elbow", "L_Wrist", "L_Hip", "L_Knee", "L_Ankle", "R_Shoulder", "R_Elbow", "R_Wrist", "R_Hip", "R_Knee", "R_Ankle", "L_Eye", "L_Ear", "R_Eye", "R_Ear"]}