{"id": 3, "class": "person", "kpt3d_body": [[-38.727536106456384, -67.65223428170714, 2774.011859822609], [54.32829443364174, -212.98581967152657, 2887.43812809868], [-47.633668640576126, 420.9350774859719, 2839.385169266894], [-168.58842364147566, -87.59198668446174, 2867.6473062214172], [-219.81417998076535, 140.95289425569774, 2950.30587251078], [-187.3530649852001, 364.8714913257994, 3036.5346512318206], [-126.72461314755759, 413.3301993617722, 2901.9563210517863], [-150.91967073918488, 741.3315580996893, 2905.260151461439], [-162.74149138421114, 1094.5833462264193, 2927.4135048733383], [97.60667761198985, -44.36838698294437, 2682.6097699311804], [146.95462245481835, 196.08557303783385, 2687.0193589532682], [186.17474948195493, 412.29445180526955, 2770.9330337143315], [31.457611449431937, 428.54001049330964, 2776.8136375190124], [2.467405533142788, 756.6933207434531, 2809.3425490396203], [-22.76071186552496, 1105.093880288341, 2865.46761566259], [26.736280936807262, -253.42852204354884, 2886.170020838197], [-57.61245847569626, -257.8198147459499, 2844.06220080202], [74.75663082873254, -239.30991919712127, 2853.0232071722735], [65.55242336785447, -233.18658577557258, 2761.8486480804595]], "kpt2d_body": [[930.2007131506409, 531.7652777198526], [975.9246178116496, 463.1602060064993], [926.4159504152532, 770.8807111718922], [867.698393412056, 523.235827317605], [845.8839638689664, 632.1093152645568], [863.9820061491827, 732.1975424299085], [889.0982355912578, 762.8333584716563], [878.5147678683213, 914.4455242189697], [874.9905708590823, 1066.9083374675877], [1000.4795888944627, 542.6987067720473], [1025.8846273268132, 667.1133823870183], [1042.8142537230692, 771.3826952428237], [965.4075271203827, 779.1934287048551], [950.9030769950334, 933.360667571466], [939.0499756061316, 1081.9113107282483], [962.6006506422307, 443.70085380696537], [921.4740800394793, 439.778944908795], [986.203951763137, 449.157318812536], [982.7658121236115, 448.38935447850525]], "kpt2d_body_mask": [true, true, true, true, true, true, true, true, true, true, true, true, true, true, true, true, true, true, true], "kpt3d_body_mask": [true, true, true, true, true, true, true, true, true, true, true, true, true, true, true, true, true, true, true], "kpt_list": ["Thorax", "Nose", "Pelvis", "L_Shoulder", "L_Elbow", "L_Wrist", "L_Hip", "L_Knee", "L_Ankle", "R_Shoulder", "R_Elbow", "R_Wrist", "R_Hip", "R_Knee", "R_Ankle", "L_Eye", "L_Ear", "R_Eye", "R_Ear"]}