{"id": 1, "class": "person", "kpt3d_body": [[461.20285646556, -328.45263053546887, 2616.7842093980425], [604.5721806818588, -501.2197706248625, 2526.06678712188], [493.63281494701823, 179.58440955325656, 2891.93349415669], [464.8007091687243, -414.3477692208421, 2761.6726734123667], [359.5290072965452, -312.5483711302577, 3011.7689676240852], [449.54451551199566, -80.66594999379475, 3035.484731356334], [485.03773633666117, 128.7587878286861, 2983.3861823787875], [473.5843263470939, 523.5574458201316, 3169.850216094692], [475.5037043636491, 872.9290285732852, 3349.0805334159886], [467.9027900700347, -248.2012744570092, 2462.7147777110868], [357.66755765794784, 22.47720724158981, 2400.2179743419365], [451.29683178174207, 172.47689866372056, 2605.7024711405397], [502.2289321806724, 230.41208023994884, 2800.481094059339], [471.6459995013877, 607.3980323187835, 3022.990305279045], [472.5133508553598, 953.3973077752673, 3211.201625953145], [580.9690636597587, -544.3210357336225, 2534.918046412004], [489.38731491521605, -550.3948200214015, 2583.3958601396484], [581.9311625255692, -515.2469729814445, 2484.4559053590688], [490.21866662102457, -477.27876777786065, 2448.5727001913747]], "kpt2d_body": [[1208.4076277932277, 390.88241991838913], [1291.0306750007771, 294.2764921906276], [1201.6290796559235, 649.0522821844253], [1197.2085649594187, 357.414950731301], [1131.0123365135034, 419.90940205662434], [1170.964485761454, 526.6229735302516], [1190.6989040766643, 623.0041422652765], [1171.2340741920389, 790.1714951060919], [1159.025752315022, 917.55577943315], [1227.3918717281988, 424.85231049512595], [1172.2556804819012, 576.3470863304148], [1204.9996042180578, 654.6640149530631], [1213.1798421319995, 676.6983955026441], [1179.4724059528778, 838.1306679288994], [1164.9500749361175, 964.5310628424745], [1277.0716855258743, 272.30900630628963], [1224.1986089533746, 273.28073976661915], [1283.9881323158686, 282.20285618497405], [1239.1339405453, 297.73920548334314]], "kpt2d_body_mask": [true, true, true, true, true, true, true, true, true, true, true, true, true, true, true, true, true, true, true], "kpt3d_body_mask": [true, true, true, true, true, true, true, true, true, true, true, true, true, true, true, true, true, true, true], "kpt_list": ["Thorax", "Nose", "Pelvis", "L_Shoulder", "L_Elbow", "L_Wrist", "L_Hip", "L_Knee", "L_Ankle", "R_Shoulder", "R_Elbow", "R_Wrist", "R_Hip", "R_Knee", "R_Ankle", "L_Eye", "L_Ear", "R_Eye", "R_Ear"]}