{"id": 1, "class": "person", "kpt3d_body": [[398.35554262339554, -330.61576299116126, 2651.7258133892947], [552.8869642921707, -519.5131262929391, 2564.1040013611027], [457.4022516191636, 166.5669170057285, 2912.5079028742866], [393.25589782361334, -412.07769888339385, 2806.413779065537], [395.38738125112263, -216.893203222738, 3008.9106279477596], [449.1807741895312, -39.81651533927746, 3198.8655115920365], [441.4489327996187, 116.46509851607647, 3000.413704840964], [497.8072832764815, 492.5348984657338, 3173.059649046814], [486.13068694038, 872.3229542523136, 3350.145529207029], [401.38785732600195, -251.2502665280529, 2496.144839320535], [423.823277411274, 37.818469282760105, 2510.2531718177015], [509.48009449821626, 298.9093860413884, 2517.679244818215], [473.3555421079699, 216.66775383480953, 2824.601826062395], [460.88785233176577, 577.8790155910135, 3002.6408190468733], [412.7840291155207, 955.5430273594311, 3205.9197712056894], [530.0223487929787, -562.5976078595229, 2572.321827629143], [434.9962967475042, -566.8044165735032, 2619.6821372701124], [532.3949970212203, -533.8912650317252, 2521.8534002945253], [440.2491405027871, -493.2482041469328, 2482.73389018082]], "kpt2d_body": [[1173.0355863569753, 391.62834150648837], [1259.4792174647869, 287.9451663025587], [1183.0565383631867, 642.3934576061157], [1158.9250716196193, 361.2816283415214], [1147.8195773635568, 463.65477834262356], [1160.4618344757723, 546.1559621754772], [1169.588804361251, 617.0841579281147], [1181.59057196039, 776.5731433172664], [1163.2478189438489, 917.1276980297597], [1187.776633107122, 424.6415455393666], [1199.340511919527, 584.1963303790758], [1243.7525851873897, 726.1697629777807], [1197.2632525281085, 669.1754023134388], [1176.2410614599057, 826.8442112597386], [1140.228183838432, 966.5437429433414], [1246.2229335281486, 266.2723269589517], [1192.6761590605768, 268.2379625872836], [1253.1890996072707, 275.7201932684565], [1208.3213207374777, 292.1181581414311]], "kpt2d_body_mask": [true, true, true, true, true, true, true, true, true, true, true, true, true, true, true, true, true, true, true], "kpt3d_body_mask": [true, true, true, true, true, true, true, true, true, true, true, true, true, true, true, true, true, true, true], "kpt_list": ["Thorax", "Nose", "Pelvis", "L_Shoulder", "L_Elbow", "L_Wrist", "L_Hip", "L_Knee", "L_Ankle", "R_Shoulder", "R_Elbow", "R_Wrist", "R_Hip", "R_Knee", "R_Ankle", "L_Eye", "L_Ear", "R_Eye", "R_Ear"]}