{"id": 2, "class": "person", "kpt3d_body": [[260.33291888620494, -245.08091888804117, 2660.2967429327923], [415.10511591218653, -373.6595490703249, 2619.8640247423195], [324.1518789472306, 232.0636627569941, 2906.4023887250332], [247.3574383894687, -306.3243792791195, 2788.365391409502], [484.0925470031565, -506.3769975828333, 2771.9545073382715], [649.2106822378986, -682.1601163692301, 2685.337893173588], [311.01063409568997, 191.26213873106664, 2988.395624571424], [314.0801976020135, 533.6770970701011, 3171.858936416712], [296.3618635806967, 868.9317303754158, 3320.4171154331707], [262.5946455415876, -185.55668686184575, 2543.7888096635284], [500.9677413884725, -322.67236529059915, 2397.8658374772467], [675.3850879355955, -509.53160005362207, 2322.5622556576527], [337.29313039389325, 272.8663047652057, 2824.409161370797], [339.8841926694425, 623.7454018439582, 2987.477011823091], [322.4712979294099, 949.7762677383937, 3161.2383564052243], [395.82710962639976, -417.04398500402306, 2631.206446380013], [300.2818339452659, -418.0724153599459, 2669.5064683128267], [397.9191646146591, -388.08863200812965, 2578.108131348473], [308.75500705261425, -354.02585599525565, 2538.09099771879]], "kpt2d_body": [[1101.4438320277193, 435.7714187352345], [1183.954947820183, 367.300118132472], [1120.3933266550212, 673.9705411021896], [1088.6735930024604, 411.2881990778346], [1205.0920282532754, 313.48367298718387], [1292.1431361271168, 221.16799027972087], [1110.1942815006873, 652.1264682674373], [1102.2899923981097, 795.1318359587658], [1087.5493888296191, 920.0571604244292], [1108.987066445486, 462.28206279738845], [1252.282090677826, 379.1890133684202], [1357.4340489932279, 268.5468351893182], [1131.1300105640876, 697.0061502432691], [1121.878659707707, 849.500348654126], [1104.1120825171283, 970.2620110581231], [1172.7835685337081, 345.6158621405027], [1120.9445622920605, 347.59267870349424], [1178.2432461035892, 356.489154941258], [1133.73829071405, 371.0322315283189]], "kpt2d_body_mask": [true, true, true, true, true, true, true, true, true, true, true, true, true, true, true, true, true, true, true], "kpt3d_body_mask": [true, true, true, true, true, true, true, true, true, true, true, true, true, true, true, true, true, true, true], "kpt_list": ["Thorax", "Nose", "Pelvis", "L_Shoulder", "L_Elbow", "L_Wrist", "L_Hip", "L_Knee", "L_Ankle", "R_Shoulder", "R_Elbow", "R_Wrist", "R_Hip", "R_Knee", "R_Ankle", "L_Eye", "L_Ear", "R_Eye", "R_Ear"]}