{"id": 1, "class": "person", "kpt3d_body": [[428.7483871145986, -349.86326672677137, 2606.6870223155706], [554.9323106821075, -507.7751755140329, 2528.752504948974], [456.6014377442567, 179.50433681619884, 2891.438490161744], [414.4028283669833, -428.6164641149256, 2749.3351996618176], [482.74344233171416, -574.4940988787951, 2993.112782353646], [579.2041449957327, -726.031891262355, 2836.721021600213], [464.9642145661312, 134.14486777069172, 2983.3679735416968], [464.50564860438544, 525.5344156172295, 3171.911857758655], [473.5114654796124, 872.6038371790594, 3345.229599245312], [427.75089033924274, -273.7265415995438, 2460.2540519611134], [535.5516385627244, -145.34397618734644, 2205.5609613013144], [603.3963633283054, -375.3698532702339, 2208.4944040489036], [448.23870439361565, 224.8635332182799, 2799.5095394879154], [458.0721281218095, 600.5677490512935, 3021.3602153286793], [475.5280676465477, 953.5316082221768, 3213.800737574236], [530.0998213361926, -549.5159573250621, 2537.3401839365265], [438.37654791407766, -554.2001578897072, 2584.885770947295], [533.0053916610266, -519.9694875877058, 2487.2006852368486], [443.29053140664985, -479.9859231968017, 2451.757825575566]], "kpt2d_body": [[1192.297967183953, 378.83941510802765], [1264.6186518831191, 290.470613420018], [1184.2059014973718, 649.1293625591327], [1173.2278715287514, 349.1465850981947], [1186.8327110853431, 300.74790595483256], [1242.475566796569, 217.22106432592528], [1181.4986260053051, 625.5329070903117], [1167.1977552731128, 790.9232866398341], [1158.4377679818504, 917.8327571042455], [1205.396763520647, 410.30189586193956], [1298.6680086343447, 473.21520553462193], [1336.45648974116, 333.2672374688779], [1187.0470697244773, 674.2186486890066], [1173.5502658827772, 835.3500930901996], [1166.0535977939128, 964.2507132999842], [1250.1151259786416, 269.19896939097526], [1197.5015941172178, 270.9421116081111], [1257.512931834308, 279.3349805902398], [1213.0804812473466, 296.08314950793124]], "kpt2d_body_mask": [true, true, true, true, true, true, true, true, true, true, true, true, true, true, true, true, true, true, true], "kpt3d_body_mask": [true, true, true, true, true, true, true, true, true, true, true, true, true, true, true, true, true, true, true], "kpt_list": ["Thorax", "Nose", "Pelvis", "L_Shoulder", "L_Elbow", "L_Wrist", "L_Hip", "L_Knee", "L_Ankle", "R_Shoulder", "R_Elbow", "R_Wrist", "R_Hip", "R_Knee", "R_Ankle", "L_Eye", "L_Ear", "R_Eye", "R_Ear"]}