{"id": 2, "class": "person", "kpt3d_body": [[304.150901035987, -235.90179280169025, 2684.980083462877], [452.81164041979423, -376.2965904172347, 2781.3408974088525], [284.721734495301, 242.4424504921042, 2876.874635915485], [272.29837784503627, -289.7816369270208, 2847.439757475813], [249.7905570648061, -53.65250152519579, 2977.7072654620606], [319.0993463022597, 153.1771745387121, 3086.3942325776825], [271.1812254952018, 199.51439476472714, 2968.9634223452545], [299.67762198697596, 535.2164596762512, 3162.2449579943814], [295.25651261239125, 869.0279495520214, 3321.952484485416], [353.0526595324846, -179.79567368151592, 2529.9180866652378], [350.55164946286186, 111.78036149336464, 2565.145035168627], [419.4141829404194, 318.2161155504941, 2708.7867328942966], [298.26198505844525, 285.3690944455344, 2784.7864432909564], [341.5794822488971, 633.03565472065, 2975.8169807452587], [322.40671168686947, 950.0652441567995, 3158.4540729700484], [420.65122712813104, -404.7463549147133, 2788.4574132615967], [325.6174934742462, -392.08815656061773, 2758.802691630977], [456.51454156020054, -409.7438532624497, 2743.7327958133023], [420.0940163656068, -398.2235591087536, 2646.780712677437]], "kpt2d_body": [[1122.754540866349, 441.76363058027283], [1190.0017853192544, 377.3475337143541], [1103.0225489105444, 680.163933020394], [1098.2945131040706, 422.46929091280595], [1082.3810648890653, 538.3578191282063], [1109.3157110615766, 632.2362765426367], [1092.5640403445475, 656.6148463567562], [1096.4326823494782, 796.5373072444613], [1087.0418828814047, 919.9425866141014], [1159.010109441084, 465.11611885008494], [1155.201488421578, 623.7128257060151], [1179.4053893287296, 725.221696842533], [1114.1150391951937, 705.1797134581113], [1123.1941650733988, 854.7487482184183], [1104.1983826489543, 970.7203378236441], [1173.5816264717305, 363.7412753666314], [1128.7381989156136, 367.38895727817726], [1194.6186641976167, 358.3245599870089], [1184.1911568821915, 356.6695869899464]], "kpt2d_body_mask": [true, true, true, true, true, true, true, true, true, true, true, true, true, true, true, true, true, true, true], "kpt3d_body_mask": [true, true, true, true, true, true, true, true, true, true, true, true, true, true, true, true, true, true, true], "kpt_list": ["Thorax", "Nose", "Pelvis", "L_Shoulder", "L_Elbow", "L_Wrist", "L_Hip", "L_Knee", "L_Ankle", "R_Shoulder", "R_Elbow", "R_Wrist", "R_Hip", "R_Knee", "R_Ankle", "L_Eye", "L_Ear", "R_Eye", "R_Ear"]}