{"id": 1, "class": "person", "kpt3d_body": [[447.2753593574761, -315.73514497682396, 2625.4663403299373], [592.9780724779049, -505.46757258299806, 2528.80836421583], [462.3808838327705, 175.98464431825562, 2886.561954005931], [451.98536634367724, -401.2290751388562, 2781.285033771843], [474.84975841056394, -179.1329591804383, 2949.3441167953633], [567.7563772506847, 41.9992065176811, 3032.6475818476088], [465.68800227628833, 125.78486889340795, 2979.6300726759628], [466.4582347411371, 519.6163124665886, 3169.0983116391653], [477.1411663706428, 873.2654067640055, 3347.4244022924154], [452.18799078145, -234.13368443320465, 2467.051085382677], [474.5910152751178, 39.889181200967414, 2557.668864424296], [569.0670264282867, 248.78376359784397, 2705.390736597385], [459.073737058514, 226.18343808253215, 2793.493560490683], [460.508951138769, 607.301264772628, 3024.478101570075], [469.18078744555714, 951.634529034742, 3213.1957096703336], [570.3846620234361, -548.0429731980801, 2539.247403840791], [478.1143434398601, -554.338105972761, 2590.3923725111877], [570.1556074892152, -520.5009544709028, 2487.095924549622], [477.99955357276144, -481.34558838742777, 2453.6032186970633]], "kpt2d_body": [[1200.5061459452254, 397.95997787760064], [1284.5830386094303, 292.1707117340662], [1187.312591744597, 647.5764701512949], [1189.4504271777364, 365.14808224265505], [1188.440157008353, 479.51922868402437], [1224.329571785824, 582.4800538810259], [1182.1126627375288, 621.7349403331859], [1168.2445644172674, 788.5826760502057], [1159.7739986704016, 917.8416508894912], [1218.402405900481, 432.80413902234034], [1222.0762051183995, 584.8919628974783], [1254.9183867454533, 689.5541560942945], [1192.7986403854816, 675.0634004963297], [1174.385156295538, 838.0408316074122], [1163.4594018714427, 963.6194537293275], [1270.9997010845732, 270.6986143428708], [1217.651084450775, 271.8839275146974], [1277.3348980489009, 279.5265447108494], [1231.8816824536175, 295.9102708971078]], "kpt2d_body_mask": [true, true, true, true, true, true, true, true, true, true, true, true, true, true, true, true, true, true, true], "kpt3d_body_mask": [true, true, true, true, true, true, true, true, true, true, true, true, true, true, true, true, true, true, true], "kpt_list": ["Thorax", "Nose", "Pelvis", "L_Shoulder", "L_Elbow", "L_Wrist", "L_Hip", "L_Knee", "L_Ankle", "R_Shoulder", "R_Elbow", "R_Wrist", "R_Hip", "R_Knee", "R_Ankle", "L_Eye", "L_Ear", "R_Eye", "R_Ear"]}