{"id": 2, "class": "person", "kpt3d_body": [[290.37781282730606, -198.80065781131435, 2625.8989035770073], [464.1902770308173, -344.30509573622146, 2571.7217702407343], [314.73286957515813, 241.96679345218485, 2863.609337256366], [281.98354117613627, -280.7235812272676, 2773.6280160304887], [205.81416631009986, -69.93879832625453, 2940.110318626751], [215.89172015083065, 143.8249500009482, 3064.702235413116], [324.37194323951996, 189.6919923588247, 2949.5982055764835], [597.9132223920595, 405.7242817855696, 3056.1588704475344], [404.07651137200446, 683.1051576272439, 3246.909261242154], [308.16042967302246, -120.23738712160451, 2474.391591311151], [297.9392400088762, 162.93115525852457, 2546.57542320612], [373.4421656360425, 379.84325171104376, 2652.869774477181], [305.0938255417022, 294.24024936040564, 2777.6209043658646], [344.3190662123825, 635.5113739277289, 2953.4577398782912], [319.8240540606985, 947.3387690225943, 3154.177635909898], [442.57827852076457, -387.6697138805841, 2581.1020306739715], [344.3256794167022, -396.33053870194914, 2620.5839585109425], [443.32853649199706, -357.5183241945476, 2526.726240393785], [352.5672152786433, -321.50293739334046, 2485.867061195242]], "kpt2d_body": [[1119.1216163063762, 458.51039843854926], [1214.0168127368056, 379.57246277793774], [1118.1226253346285, 680.3984607994691], [1106.634345043161, 423.2828143506068], [1063.088520062876, 530.3239016408088], [1063.6563198993413, 628.601131586372], [1118.3395438213388, 652.5228451901062], [1234.4501906973856, 745.3646440008654], [1136.407929910435, 851.4429269571972], [1138.513727148154, 496.0713833157882], [1128.0315306217476, 652.0258659686131], [1159.837469636375, 760.4899491210956], [1117.855341304666, 709.9101463840542], [1125.5990876050475, 857.9853603586873], [1103.2888731736666, 970.145532173198], [1201.493586579049, 357.25728030828964], [1146.9216695164841, 355.16202605815323], [1207.055510988788, 369.1363376254352], [1161.5050702133844, 385.1574745980201]], "kpt2d_body_mask": [true, true, true, true, true, true, true, true, true, true, true, true, true, true, true, true, true, true, true], "kpt3d_body_mask": [true, true, true, true, true, true, true, true, true, true, true, true, true, true, true, true, true, true, true], "kpt_list": ["Thorax", "Nose", "Pelvis", "L_Shoulder", "L_Elbow", "L_Wrist", "L_Hip", "L_Knee", "L_Ankle", "R_Shoulder", "R_Elbow", "R_Wrist", "R_Hip", "R_Knee", "R_Ankle", "L_Eye", "L_Ear", "R_Eye", "R_Ear"]}