{"id": 3, "class": "person", "kpt3d_body": [[151.49153812144334, 98.62959064872811, 2708.7728318220893], [309.9779878733466, -34.30497091605588, 2730.266316510585], [168.03924103333986, 592.7109896951839, 2680.738710270726], [142.57797167348807, 103.39204463276104, 2870.3959513204923], [157.21407044704858, 344.5747699303639, 2925.8551963273476], [228.824811039125, 576.4585155217278, 2920.786403303151], [166.4308032447738, 598.3148795191544, 2781.3406660143164], [127.71172528756526, 925.5633201692442, 2751.976192580885], [114.02459143007522, 1277.0885784962018, 2720.7566961118637], [169.0512051282808, 98.09964211628198, 2543.722640439876], [186.93865129268823, 331.9925056626039, 2471.7296460916127], [261.7888430422215, 554.6743810278338, 2460.8731879647075], [169.6478008779637, 587.1070648929361, 2580.1361596499737], [151.22283104043376, 913.4514816908709, 2571.8430448290524], [155.0255471020364, 1267.6317607797596, 2572.874969791246], [293.96473397846955, -71.8388644620589, 2756.2782014028726], [207.86090983222516, -76.60943765964362, 2796.206090016004], [297.72051615122336, -66.75670010131569, 2697.1203254865873], [221.43179085785158, -74.25921155739246, 2646.3082620524624]], "kpt2d_body": [[1029.0970602715413, 613.6428188107362], [1110.9807112064836, 543.9129934401449], [1037.582936158186, 872.6454423935487], [1020.1789054003995, 613.0956052951543], [1025.7038316777248, 728.9747790756306], [1059.8804490412533, 839.8409559184145], [1033.6379506349726, 864.4703374654637], [1013.615541055621, 1027.2163454618571], [1005.9814719353666, 1195.7248264380862], [1044.099235540707, 616.6895303573341], [1056.6635791719661, 752.1021432046609], [1098.8070128647776, 877.9164234995234], [1041.8265885760165, 881.4363306779319], [1030.525106855307, 1051.5963968439155], [1030.4072864618602, 1223.8357691678807], [1101.2188929176243, 524.717550266157], [1055.3354088781712, 522.7591347543002], [1106.5047784424169, 526.5907867949882], [1068.6154254405474, 521.8306412994301]], "kpt2d_body_mask": [true, true, true, true, true, true, true, true, true, true, true, true, true, true, true, true, true, true, true], "kpt3d_body_mask": [true, true, true, true, true, true, true, true, true, true, true, true, true, true, true, true, true, true, true], "kpt_list": ["Thorax", "Nose", "Pelvis", "L_Shoulder", "L_Elbow", "L_Wrist", "L_Hip", "L_Knee", "L_Ankle", "R_Shoulder", "R_Elbow", "R_Wrist", "R_Hip", "R_Knee", "R_Ankle", "L_Eye", "L_Ear", "R_Eye", "R_Ear"]}