{"id": 3, "class": "person", "kpt3d_body": [[132.2319597780518, 73.02998266905973, 2756.636178662116], [254.79982520242493, -44.25771408526174, 2717.758962613406], [153.58083475848676, 570.8251809313241, 2686.0335375194327], [232.04710747575797, 77.8966305609984, 2868.622082022078], [426.26503111053137, 129.2497658063681, 2710.0919585394877], [346.8715993560931, -42.712723963344104, 2581.531774271147], [210.7315946427869, 590.8878771215808, 2776.9981959045836], [151.0786962082632, 917.738243999122, 2739.991227599669], [114.51969851874227, 1273.6349572556353, 2722.6540836911913], [34.236229370391, 54.896670784007995, 2643.3885794497237], [112.04619363389197, 55.4852164768306, 2413.643066679574], [253.4296483705648, -78.05020364119912, 2523.849089253492], [96.4304709053473, 550.7624886581083, 2595.0689937814645], [127.65312954493545, 912.2861218302954, 2569.020306503087], [145.79781915188815, 1259.0874789576642, 2555.1427949881668], [250.2059867773582, -80.79734704538879, 2750.7374476215223], [193.44243843626427, -75.88413590150253, 2822.67396170288], [231.6285179493894, -74.90418740214125, 2699.2478509616903], [131.893667889325, -74.53631503106266, 2682.274363339591]], "kpt2d_body": [[1017.7605801291671, 599.5277384570603], [1082.9472567809614, 538.6007121688257], [1029.9150868379882, 860.922540919714], [1064.6588129116997, 600.4254478022066], [1172.461704962671, 629.292675553161], [1140.3832550596367, 538.2891958133089], [1056.2391489924214, 861.0874880526673], [1025.728893845547, 1025.305132092353], [1006.205989294351, 1193.76877972024], [967.7458239200727, 591.3885985601515], [1015.5569753896073, 594.5364166638004], [1092.3681675436274, 517.794241306862], [1001.6950108858666, 860.6847040899856], [1017.9477097695343, 1051.6301761973402], [1026.1104554562335, 1223.9775072473828], [1078.959383784293, 519.9794571716487], [1047.07265895061, 523.4817446922088], [1071.6520244198548, 522.2776381140699], [1019.476881658962, 522.168786225255]], "kpt2d_body_mask": [true, true, true, true, true, true, true, true, true, true, true, true, true, true, true, true, true, true, true], "kpt3d_body_mask": [true, true, true, true, true, true, true, true, true, true, true, true, true, true, true, true, true, true, true], "kpt_list": ["Thorax", "Nose", "Pelvis", "L_Shoulder", "L_Elbow", "L_Wrist", "L_Hip", "L_Knee", "L_Ankle", "R_Shoulder", "R_Elbow", "R_Wrist", "R_Hip", "R_Knee", "R_Ankle", "L_Eye", "L_Ear", "R_Eye", "R_Ear"]}