{"id": 3, "class": "person", "kpt3d_body": [[162.707474342245, 86.08733513777437, 2718.263412062574], [312.211838924803, -44.294660650713524, 2737.6277307009977], [180.38428112298092, 591.3433472652575, 2686.5060264766385], [129.2974643547908, 81.63188501324115, 2864.758832121588], [142.47008903918433, 205.84130709002963, 3053.3571580585667], [269.7046085839554, 18.006435025158964, 3073.475772140089], [156.67865186160162, 592.1669723056909, 2787.425660153176], [150.55039689059075, 923.241931061609, 2753.7025093328516], [114.02886393677547, 1274.6584491445979, 2719.3985892163782], [156.20020009334073, 76.63250968719225, 2560.510022636529], [212.01857759229924, 193.68931597031306, 2366.6377217788377], [334.9548298462538, 8.680715547877753, 2348.598025053429], [204.0901991103544, 590.5197381073183, 2585.586703259514], [177.8533899369202, 914.235962559387, 2577.5673547505107], [154.99925290744957, 1266.4468365986509, 2575.3569733588893], [292.0156815920259, -80.2349708676013, 2764.5610335453675], [203.44923059458367, -75.34305520547974, 2798.2057464526956], [299.8104151677578, -77.78384155938568, 2705.5861997184006], [227.40413402917156, -76.34041154084855, 2650.885942324343]], "kpt2d_body": [[1034.7075488751227, 606.8867803059532], [1111.6984682678276, 538.7762544908443], [1043.8664378285512, 871.2505488569111], [1013.7133930463602, 602.3838229062967], [1015.8222379881128, 657.7501113785751], [1074.433362534615, 570.1094141049314], [1028.5514426222958, 860.829851969514], [1025.0787097152509, 1025.7437258425905], [1006.0193337915865, 1194.9173423091397], [1036.3439053369932, 604.4057264641801], [1076.8031254598536, 678.0319282475116], [1152.0107393700343, 567.012609134905], [1060.3239390385013, 882.4242697687203], [1044.6060447024493, 1050.8161341455298], [1030.3307112927776, 1222.7053569047976], [1099.7611090170208, 520.5103881797593], [1053.0168293496408, 523.4286165252496], [1107.0998426792921, 520.9113870990041], [1071.6101782591345, 520.7866954658299]], "kpt2d_body_mask": [true, true, true, true, true, true, true, true, true, true, true, true, true, true, true, true, true, true, true], "kpt3d_body_mask": [true, true, true, true, true, true, true, true, true, true, true, true, true, true, true, true, true, true, true], "kpt_list": ["Thorax", "Nose", "Pelvis", "L_Shoulder", "L_Elbow", "L_Wrist", "L_Hip", "L_Knee", "L_Ankle", "R_Shoulder", "R_Elbow", "R_Wrist", "R_Hip", "R_Knee", "R_Ankle", "L_Eye", "L_Ear", "R_Eye", "R_Ear"]}