{"id": 3, "class": "person", "kpt3d_body": [[203.12593108475534, 80.65281865211361, 2705.984688080959], [353.51772424177614, -32.49170670334223, 2732.9324530136346], [217.8012067957946, 590.8227781182045, 2682.1402025566435], [158.46235902761833, 82.49789245421965, 2859.18600198717], [185.10927073336381, 138.94543690681402, 3077.992820041397], [322.90014257874066, -36.9476289971729, 3050.186654290456], [194.9487903900322, 595.7841671431622, 2784.099576840217], [161.41164992557563, 922.0806726625971, 2747.2768307344522], [116.51186152266862, 1273.0118345100163, 2717.67527989425], [202.63518594428575, 69.72970538838723, 2546.915769926428], [278.02356721173976, 126.72790738104098, 2339.1399499827507], [392.0613475286891, -57.30353814097441, 2356.439495897823], [240.65463724965713, 585.8613614900104, 2580.1804664105102], [198.91076194598824, 912.0423991518803, 2577.2463420622767], [157.98052123610682, 1263.530474758309, 2575.833813267219], [337.1881152235667, -68.65601431137264, 2757.987940768628], [248.27624696991853, -74.48883275284857, 2793.217056492693], [344.3103060164463, -63.281471799987514, 2701.1766731407374], [271.4742471990278, -72.79895394700986, 2642.0186498213934]], "kpt2d_body": [[1056.3677680509393, 604.2075667019195], [1133.3265884881405, 544.890988121802], [1063.6174780974814, 871.3057973403762], [1028.3893446566697, 602.8825455747401], [1035.0853386585707, 626.0587298054073], [1100.1216078577493, 544.5466555683124], [1047.9810649985075, 862.8245674409172], [1030.7265226323861, 1026.1641197136705], [1007.2950607053194, 1194.5286015174597], [1062.7666071803383, 600.7456086020429], [1118.3770513639874, 638.6833956921853], [1185.2842284915666, 527.3518041170888], [1080.4375462721578, 880.4061848589106], [1055.8950186069908, 1049.6309151538035], [1031.8930710252812, 1221.2052747104217], [1123.2902273207915, 526.4152132135171], [1076.019496136035, 523.8228912375469], [1130.6436646989303, 528.5086912319155], [1095.6905832433004, 522.5905742134984]], "kpt2d_body_mask": [true, true, true, true, true, true, true, true, true, true, true, true, true, true, true, true, true, true, true], "kpt3d_body_mask": [true, true, true, true, true, true, true, true, true, true, true, true, true, true, true, true, true, true, true], "kpt_list": ["Thorax", "Nose", "Pelvis", "L_Shoulder", "L_Elbow", "L_Wrist", "L_Hip", "L_Knee", "L_Ankle", "R_Shoulder", "R_Elbow", "R_Wrist", "R_Hip", "R_Knee", "R_Ankle", "L_Eye", "L_Ear", "R_Eye", "R_Ear"]}