{"id": 5, "class": "person", "kpt3d_body": [[1486.471279861972, 121.20957059961057, 2896.0195318383353], [1728.6355481041494, 180.6790883256518, 2968.0287083790217], [1194.8666068052887, 415.4216635209623, 2721.3073132381305], [1359.148528943408, 97.33691047124907, 2988.8545823772306], [1133.2424761077025, 255.25208682078699, 2933.2716736889597], [1127.4968639136503, 507.2142571395666, 2918.9764714003645], [1119.5887956213246, 405.54987516784263, 2787.4211325818833], [1165.4423526513287, 844.1105799775275, 2812.469077748704], [1167.4577066423294, 1245.7277603085927, 2786.654889866306], [1584.9665155922007, 123.41376506794447, 2781.6210257435655], [1781.9025820533727, 393.8312412252428, 2758.333970247317], [1995.2420556419577, 558.0553386717212, 2821.886793393542], [1270.134423459966, 425.29249139061307, 2655.1930395202585], [1311.6094093639479, 853.1481988549216, 2681.486968361127], [1278.6248131228588, 1236.6350746780543, 2689.5987607092416], [1719.7250430671477, 152.4061623961373, 2982.9325535300745], [1606.4809756727163, 91.29219229769433, 3009.9185229883865], [83.74842776999999, 1349.994451, 2704.302205], [83.74842776999999, 1349.994451, 2704.302205]], "kpt2d_body": [[1638.0762749401042, 617.7915654003158], [1719.49650235523, 642.0677113926871], [1544.4950362516402, 768.2133274555931], [1566.825298963492, 605.883447504399], [1479.9513983696033, 681.0126722370544], [1477.1211794711317, 798.6603762323136], [1497.7780035161518, 759.9795188259523], [1505.7209138346966, 963.8309104254001], [1500.1743912037248, 1148.1918042035718], [1705.0189033398262, 620.4619314665845], [1790.3114340986385, 747.1891976572688], [1856.7514894941428, 814.9509005150085], [1592.5885908641824, 776.6560442281652], [1596.393585046244, 981.6783277751567], [1568.1945042179532, 1158.917820430981], [1712.7798690966079, 629.257926322115], [1662.629113103895, 602.199596595756], [990.9262278901688, 1232.0652619997359], [990.9262278901688, 1232.0652619997359]], "kpt2d_body_mask": [true, true, true, true, true, true, true, true, true, true, true, true, true, true, true, true, true, false, false], "kpt3d_body_mask": [true, true, true, true, true, true, true, true, true, true, true, true, true, true, true, true, true, false, false], "kpt_list": ["Thorax", "Nose", "Pelvis", "L_Shoulder", "L_Elbow", "L_Wrist", "L_Hip", "L_Knee", "L_Ankle", "R_Shoulder", "R_Elbow", "R_Wrist", "R_Hip", "R_Knee", "R_Ankle", "L_Eye", "L_Ear", "R_Eye", "R_Ear"]}