{"id": 3, "class": "person", "kpt3d_body": [[149.74383485553258, 69.19892575551529, 2716.564702933722], [286.07768690854823, -50.21138883906673, 2733.3974882796574], [154.66445398452, 559.9436772113478, 2691.3528685349847], [141.94932058735887, 78.2506499483172, 2861.4341549421742], [281.5710516989006, 178.15998926244518, 3039.393737404416], [408.0933667608516, 301.1573718255798, 2872.6627755843692], [146.4479097867853, 566.987713855614, 2790.1638944219326], [125.0360527768247, 922.2168306151445, 2752.6758872848077], [111.35186036465264, 1276.8237377284388, 2721.701177916721], [158.28368983120245, 64.93938432959567, 2561.214231754943], [325.93999332568416, 123.66457084023352, 2404.974113320928], [414.4821594921667, 153.69097020979964, 2614.6890659434825], [162.88109876741032, 552.8986302685224, 2592.5417041581527], [156.45207460724868, 909.6987171548553, 2577.1922938691832], [155.003021446927, 1266.7797110867239, 2572.8561152056036], [265.8399444008739, -84.57609876595797, 2759.6799886892204], [180.70041855837837, -78.914144798118, 2795.7981472979823], [272.3741438869106, -80.68990664160964, 2700.6039712058337], [196.10631205069745, -73.14021529128496, 2649.743981999538]], "kpt2d_body": [[1027.966058610084, 598.0678445155635], [1098.4105153084674, 535.6502814398912], [1030.3633615441581, 854.7832558022269], [1020.0983104711324, 600.742931277808], [1081.250838697075, 645.102207076188], [1150.6230665786627, 710.029227267474], [1023.3826492094452, 848.1553703616761], [1012.2654981388016, 1025.524813089362], [1004.6360646035574, 1195.417294068917], [1037.4854424786408, 597.891835031669], [1141.8923563701258, 634.6905987818687], [1174.1151892214007, 644.9553503215416], [1037.8633690961224, 861.8978143064406], [1033.1881457123345, 1048.7265185555784], [1030.4014585176917, 1223.439529130293], [1086.5776932978242, 518.1797167157355], [1041.5177976297086, 521.565164207079], [1092.9983572407175, 519.2828346316504], [1054.869425204489, 522.4666704595638]], "kpt2d_body_mask": [true, true, true, true, true, true, true, true, true, true, true, true, true, true, true, true, true, true, true], "kpt3d_body_mask": [true, true, true, true, true, true, true, true, true, true, true, true, true, true, true, true, true, true, true], "kpt_list": ["Thorax", "Nose", "Pelvis", "L_Shoulder", "L_Elbow", "L_Wrist", "L_Hip", "L_Knee", "L_Ankle", "R_Shoulder", "R_Elbow", "R_Wrist", "R_Hip", "R_Knee", "R_Ankle", "L_Eye", "L_Ear", "R_Eye", "R_Ear"]}