{"id": 3, "class": "person", "kpt3d_body": [[158.97013126313837, 76.77306192109029, 2699.5296652847983], [311.7143990787373, -35.00258297846358, 2726.519426623592], [179.05440916677105, 591.6617397547014, 2683.922828053694], [118.55907726437809, 73.56237046864209, 2842.983281995462], [77.29127707072405, 145.56677216473005, 3057.5079654846127], [179.34533505858408, -51.215150966027636, 3139.3590461194394], [154.98149292866577, 595.595138615298, 2789.65946605988], [139.41543337430386, 922.6489231399296, 2749.0473174252875], [113.51823308225228, 1275.7711688582995, 2717.0702386022613], [161.04030662903855, 70.11855053531704, 2541.8336146279044], [211.35378789373055, 143.96506355668166, 2334.0878541094526], [315.20835032019846, -30.668202656304118, 2429.264224585191], [203.12704470976246, 587.7273036656809, 2578.185537845507], [170.57898716121812, 912.7042897371018, 2576.485686653122], [155.19472002142382, 1267.8306337498987, 2575.534985075902], [293.5068271977201, -72.20312218461999, 2751.276178507086], [205.11929978584405, -79.2021868692467, 2783.3515736704194], [304.15170571289605, -66.97692630370796, 2694.736587614688], [229.3380640715181, -72.91183692371646, 2635.8107666149454]], "kpt2d_body": [[1033.3309609933187, 602.2881530474943], [1112.101907714211, 543.525747625143], [1043.2569879541002, 871.7080096457865], [1008.8181297792537, 598.6540064494491], [985.346162791982, 629.6254953111821], [1030.8345005643498, 538.5237072766173], [1027.6215858382848, 862.2901783225836], [1019.5912358910326, 1026.2512848784595], [1005.804565458393, 1195.912358607061], [1039.6992279548672, 601.0665617873551], [1078.2734330951257, 649.4561602726972], [1133.889616328454, 543.8473197809466], [1060.1234016206363, 881.842414498704], [1040.758878257193, 1050.2829023376398], [1030.4189895937373, 1223.313380761561], [1101.2573989682055, 524.4621238486118], [1054.4205400456476, 521.2521664593545], [1110.0194695814569, 526.4489341794153], [1073.3517605061131, 522.4050801872909]], "kpt2d_body_mask": [true, true, true, true, true, true, true, true, true, true, true, true, true, true, true, true, true, true, true], "kpt3d_body_mask": [true, true, true, true, true, true, true, true, true, true, true, true, true, true, true, true, true, true, true], "kpt_list": ["Thorax", "Nose", "Pelvis", "L_Shoulder", "L_Elbow", "L_Wrist", "L_Hip", "L_Knee", "L_Ankle", "R_Shoulder", "R_Elbow", "R_Wrist", "R_Hip", "R_Knee", "R_Ankle", "L_Eye", "L_Ear", "R_Eye", "R_Ear"]}