{"id": 6, "class": "person", "kpt3d_body": [[86.27364496615311, 0.11745941237748525, 2665.8392619959745], [246.04294390824236, -192.07574683384934, 2603.141907374101], [63.32740620502544, 432.34123937721733, 2997.4995366428107], [-6.035238061212285, -94.61793490968034, 2774.0079607054386], [-58.57276882715409, 131.65713669817123, 2984.8133697108256], [-12.287116023383433, 319.97987416024273, 3161.591582392861], [33.849551642954026, 370.2953774657682, 3076.449135676334], [17.55912581344959, 695.0164603174985, 3333.021803007462], [-3.9234713257728604, 1033.9176306514464, 3584.5539401685082], [173.84247623359403, 94.50434220610958, 2552.118559525818], [178.7497445387712, 369.77368947039366, 2708.9450681375492], [217.06166286521554, 549.6667067049447, 2897.8834059390547], [92.80540744970776, 494.38735063093213, 2918.549633121774], [109.7550948411413, 799.103522683481, 3212.61832602133], [34.95674200226968, 1131.9564200399518, 3457.480182650104], [216.5163198313024, -234.3536746709279, 2596.6537377593822], [109.211608354586, -241.13408551235295, 2602.031833358328], [240.09490958083586, -197.61393717273876, 2552.163836265616], [168.11434455342723, -148.7956029700655, 2491.909335483267]], "kpt2d_body": [[993.9189994610398, 549.3132386504324], [1080.1498015782797, 446.93457138869854], [978.0770204802902, 748.8577104403136], [945.7287411255335, 501.77833980228564], [921.3947574035697, 610.6227195085063], [943.3578101225435, 689.7495093415575], [964.0594561633476, 716.1365390289574], [956.0361070177839, 836.0491462933458], [947.2874349525315, 941.7453544897198], [1043.673003518362, 600.7200053287743], [1040.2652624911016, 738.0664862424705], [1052.1008631377629, 810.2725806914254], [992.77938721806, 783.124715058018], [995.6303266747885, 889.5506926015257], [962.4909210051544, 991.9756624011088], [1064.6484030813174, 424.12726870527234], [1007.1739454553527, 420.60248857418566], [1079.5173877842312, 441.8959071664972], [1042.7086122896512, 466.30566403733656]], "kpt2d_body_mask": [true, true, true, true, true, true, true, true, true, true, true, true, true, true, true, true, true, true, true], "kpt3d_body_mask": [true, true, true, true, true, true, true, true, true, true, true, true, true, true, true, true, true, true, true], "kpt_list": ["Thorax", "Nose", "Pelvis", "L_Shoulder", "L_Elbow", "L_Wrist", "L_Hip", "L_Knee", "L_Ankle", "R_Shoulder", "R_Elbow", "R_Wrist", "R_Hip", "R_Knee", "R_Ankle", "L_Eye", "L_Ear", "R_Eye", "R_Ear"]}