{"id": 6, "class": "person", "kpt3d_body": [[117.4113926995999, -43.4040314403822, 2647.8805781009464], [270.51221383580605, -203.40093581758794, 2616.4974964571775], [88.7795245012693, 410.491373970931, 2996.930482810883], [33.8335973316443, -130.54932858423626, 2758.0450984287654], [-170.64116833101477, -291.5352587445105, 2901.3026998782943], [-307.30576967477526, -513.8037344154984, 3028.4169897325096], [37.78139965742546, 357.0463116222973, 3057.662565764013], [41.29217905017062, 687.7973738873413, 3339.7289524027346], [-5.416997545304154, 1032.1938590935188, 3582.567099316404], [191.45352602877463, 48.92695556273509, 2535.383442765712], [246.67498181190376, 206.74342247200883, 2301.0621192845765], [375.8698332424646, 304.34702070787864, 2046.0724858808321], [139.77851328811553, 463.9369686602764, 2936.1993899162635], [118.77573131572393, 800.5892366920681, 3212.0009667399995], [35.40950242359457, 1132.22742987048, 3455.731166057192], [238.63828567603827, -243.69084035934662, 2610.198508792969], [132.95332604887557, -242.29635813256436, 2614.8190626277305], [264.24901233415824, -208.41009392056037, 2565.3660415631384], [195.45274413811023, -155.600206127763, 2505.381719313589]], "kpt2d_body": [[1010.612548365276, 526.4436591508354], [1092.3842070704682, 441.52585768517235], [989.8828195837422, 738.8923304494901], [965.8740672029746, 483.393576594509], [866.9955771262399, 409.8867011638497], [808.6937019202431, 315.6122094655692], [965.9444912533876, 711.191808531116], [965.8234413549726, 832.5742856448617], [946.7177958662209, 941.3272524997444], [1053.9760812209745, 576.0733677610957], [1097.56046462923, 673.6535642434633], [1201.2157071931247, 753.1552696255397], [1014.7014647276477, 767.5523396944752], [999.4848689486497, 890.2075184135351], [962.6749164651701, 992.2873067434243], [1075.755469811786, 419.8888081657527], [1019.5074841296444, 420.64412646208086], [1091.836121604682, 436.68801294848674], [1057.3425314867422, 463.0231582309844]], "kpt2d_body_mask": [true, true, true, true, true, true, true, true, true, true, true, true, true, true, true, true, true, true, true], "kpt3d_body_mask": [true, true, true, true, true, true, true, true, true, true, true, true, true, true, true, true, true, true, true], "kpt_list": ["Thorax", "Nose", "Pelvis", "L_Shoulder", "L_Elbow", "L_Wrist", "L_Hip", "L_Knee", "L_Ankle", "R_Shoulder", "R_Elbow", "R_Wrist", "R_Hip", "R_Knee", "R_Ankle", "L_Eye", "L_Ear", "R_Eye", "R_Ear"]}