{"id": 1, "class": "person", "kpt3d_body": [[-213.90780991366938, -194.91362707466436, 2790.8333968836428], [-384.0576989195829, -392.56908539858216, 2749.540041058068], [-211.7726205627843, 347.28471158886, 2939.6292987233], [-230.259608323484, -153.73210096653764, 2621.08930970092], [-216.05229403937213, 128.25813145400048, 2631.059722936142], [-280.94237587728634, 373.05652938751535, 2713.2331242267724], [-202.6801953973434, 368.7917495426811, 2836.368777310931], [-195.17942726216143, 793.7971780023727, 2964.4680557010533], [-148.56995155094395, 1163.049657010723, 3070.054793321338], [-206.71232879198158, -242.51374151229925, 2961.48082206435], [-171.5109357037058, 16.81886312226908, 3085.995697530732], [-232.0079778773339, 277.78901230430677, 3155.523822784432], [-220.8650085976148, 325.7776226501052, 3042.8900099299112], [-190.63753504141474, 743.1237303905286, 3152.746867650217], [-141.49766848018584, 1127.065340425389, 3248.8290461885863], [-366.5171405614784, -420.28733405856343, 2711.333430421968], [-276.00065934358713, -393.91912555595184, 2660.767403020166], [-360.294128352494, -432.4742749968337, 2768.6086947610256], [-263.0524076226511, -430.2202271790341, 2810.567596886665]], "kpt2d_body": [[794.2599129044382, 422.89923795882896], [678.4257393056644, 289.01274592792436], [803.0074959952583, 770.9557716592795], [773.4609873674916, 443.64198262237977], [784.0523577627436, 642.6861586021579], [744.899606758554, 806.3376982274565], [804.1539657058702, 792.8356759137951], [815.6167319224675, 1043.6295071659379], [848.5126741224544, 1241.6873256859762], [806.9973729838957, 400.59171851089127], [833.2582018054276, 562.4357262774597], [800.1136389036958, 715.400382335745], [801.9434610303446, 750.534613693299], [825.2152663488188, 985.8345826587243], [857.1186227957407, 1185.179702240418], [686.8429486226032, 266.554554838494], [744.6644798242592, 278.970063294147], [696.1277227076669, 264.3066402863956], [763.4110890382786, 269.6666578174675]], "kpt2d_body_mask": [true, true, true, true, true, true, true, true, true, true, true, true, true, true, true, true, true, true, true], "kpt3d_body_mask": [true, true, true, true, true, true, true, true, true, true, true, true, true, true, true, true, true, true, true], "kpt_list": ["Thorax", "Nose", "Pelvis", "L_Shoulder", "L_Elbow", "L_Wrist", "L_Hip", "L_Knee", "L_Ankle", "R_Shoulder", "R_Elbow", "R_Wrist", "R_Hip", "R_Knee", "R_Ankle", "L_Eye", "L_Ear", "R_Eye", "R_Ear"]}