{"id": 1, "class": "person", "kpt3d_body": [[-193.27567999612478, -254.5405062175314, 2809.3291315782194], [-350.16708527121784, -396.895295797878, 2783.9689531586537], [-180.26911427663126, 338.4388629561036, 2954.9460467113076], [-186.7720700501544, -229.78206309587392, 2659.250735513333], [-185.3159014892668, -162.09477198277455, 2388.9328595272705], [-210.3829564258387, -109.99457192626522, 2115.4191894206415], [-188.29781480930424, 362.4100305842751, 2856.1943624870737], [-180.02074580606097, 795.7377856489342, 2969.4773259803305], [-151.8789349185885, 1171.564011335392, 3052.769697618165], [-172.2257980113318, -288.8629832634888, 2959.8536970791406], [-103.1911641098465, -342.51221704785735, 3250.3177210870026], [-159.42099960287106, -336.20900828876785, 3519.554639163097], [-172.2413629362849, 314.4666262319788, 3053.6979455695796], [-158.50048280352976, 742.3117856213403, 3162.5360723281447], [-141.10572143287538, 1122.7113814556633, 3269.7298934171754], [-333.8258366994199, -423.23032814436147, 2746.3499488439015], [-243.04953364044633, -403.2581797504062, 2698.12137884712], [-330.15765011200676, -436.08667425244903, 2803.5649513800763], [-233.7058969999667, -439.39235640086935, 2845.5312800573506]], "kpt2d_body": [[808.890347294674, 384.48046576550195], [703.9837869622002, 289.2442192724439], [823.4336666572985, 764.3654165692988], [806.2091910289779, 392.2404984332012], [792.5361406509535, 426.58108047328085], [751.9535727070917, 455.9989954597661], [814.3782882829705, 787.0945135392589], [825.2012700015392, 1044.039994184799], [846.074029314686, 1250.3996361319118], [828.5942706804644, 371.53216577505236], [877.687091808098, 357.08002067671384], [852.5089695901084, 375.30818482630383], [831.9180621810218, 743.0718019601719], [844.2725593342328, 984.1270883191277], [857.8221963851611, 1178.8819081951442], [711.8901732895772, 268.05089721792734], [769.8659094987212, 276.26119202063563], [718.8805073058717, 265.3713789037025], [784.5903077591872, 267.1110120021509]], "kpt2d_body_mask": [true, true, true, true, true, true, true, true, true, true, true, true, true, true, true, true, true, true, true], "kpt3d_body_mask": [true, true, true, true, true, true, true, true, true, true, true, true, true, true, true, true, true, true, true], "kpt_list": ["Thorax", "Nose", "Pelvis", "L_Shoulder", "L_Elbow", "L_Wrist", "L_Hip", "L_Knee", "L_Ankle", "R_Shoulder", "R_Elbow", "R_Wrist", "R_Hip", "R_Knee", "R_Ankle", "L_Eye", "L_Ear", "R_Eye", "R_Ear"]}