{"id": 1, "class": "person", "kpt3d_body": [[-186.75410058262628, -255.05827819046402, 2805.5820801043324], [-341.80674036797416, -394.4677230669217, 2780.5022775194675], [-196.94283609639672, 338.31692967689764, 2958.489719597765], [-178.71184029091955, -228.02424845928044, 2655.7611713322326], [-184.62286372775287, -169.51505344596313, 2371.291357673999], [-197.38300518211565, -149.32086568721417, 2123.608349332152], [-189.4965183263102, 361.641937480142, 2856.2940884704517], [-180.39439821378093, 797.7860345876845, 2969.5108558601673], [-150.92639984231678, 1171.3780933554772, 3051.403021675198], [-167.7366349406434, -292.6392121792105, 2954.247540989919], [-136.92633060563227, -368.9302949056952, 3248.7353937392863], [-125.85385844289127, -477.84367164670925, 3487.6232049769055], [-204.38809724825614, 314.9918459112355, 3060.685545115493], [-162.07368138483235, 742.9535535626851, 3164.072449498086], [-140.59727148511956, 1122.0899111905364, 3270.1473735366963], [-325.795786195244, -421.6229472419735, 2743.0409524178826], [-234.83954383883838, -403.1042155497326, 2693.7970638955994], [-320.3414432245512, -434.13192208616096, 2800.54579316703], [-223.8452691545529, -438.510224902856, 2840.928634023017]], "kpt2d_body": [[813.0310603393026, 383.9070242968032], [709.2222169750916, 290.48894969369394], [813.1238866819672, 764.0105027324105], [811.6634369525375, 393.2424613756636], [792.0210226992995, 419.859098961756], [764.064089585101, 422.08543681313756], [813.603854413426, 786.5891859638355], [824.9773780686307, 1045.273975913689], [846.6031589173175, 1250.597895014021], [831.2135532435409, 368.824807806756], [858.4069650338646, 342.0115473730691], [869.726881522146, 298.8097099109891], [812.6817007151391, 742.9120224919467], [842.2370826822192, 984.2802867504113], [858.114947199356, 1178.4677107353157], [717.004204554795, 268.7527998919224], [775.2290708186333, 275.9023174103873], [725.095204556174, 266.3059239223765], [790.757184302723, 267.19598218260177]], "kpt2d_body_mask": [true, true, true, true, true, true, true, true, true, true, true, true, true, true, true, true, true, true, true], "kpt3d_body_mask": [true, true, true, true, true, true, true, true, true, true, true, true, true, true, true, true, true, true, true], "kpt_list": ["Thorax", "Nose", "Pelvis", "L_Shoulder", "L_Elbow", "L_Wrist", "L_Hip", "L_Knee", "L_Ankle", "R_Shoulder", "R_Elbow", "R_Wrist", "R_Hip", "R_Knee", "R_Ankle", "L_Eye", "L_Ear", "R_Eye", "R_Ear"]}