{"id": 6, "class": "person", "kpt3d_body": [[-1361.1835707328719, 392.0592265303469, 2354.8663276950483], [-1606.808246886508, 468.90647545835634, 2317.8878756095264], [-1016.3924825757395, 435.4170958334902, 2777.999030766398], [-1225.2844686364815, 426.147203824915, 2281.623005076719], [-977.7076872799256, 490.2183309947182, 2458.0011947198386], [-916.7661271385666, 655.139639485804, 2657.2141346980925], [-933.4209367131255, 471.0682059649375, 2729.7990894813547], [-833.0701741270457, 763.3808838435498, 3060.350418733815], [-671.823894217895, 948.8526426649914, 3432.09816424657], [-1514.429957574233, 354.9822574769939, 2431.076667304644], [-1631.100413277243, 550.4065724043821, 2704.856945769536], [-1839.3569673952377, 753.9171215686713, 2668.0857367843164], [-1099.3500520020232, 399.76311702310784, 2826.203712294963], [-1204.2368607871085, 773.2863562777836, 3089.880881479329], [-1222.4840750634717, 1070.179985943657, 3377.2789937248035], [-1560.0151200146033, 461.4104065750146, 2268.174971139852], [-1477.5376420192829, 434.7982886833131, 2234.615800334165], [-78.99241259, 862.0156461, 3755.7054749999998], [-78.99241259, 862.0156461, 3755.7054749999998]], "kpt2d_body": [[210.98702487083983, 760.6894573551782], [87.77441269068538, 799.4102264457141], [461.1188647333734, 757.3268141133602], [258.2048285808594, 788.414920639529], [423.49744033651257, 811.8179462811943], [491.41814730296807, 875.540732998322], [491.8045101556164, 779.1254099199725], [584.3938603636811, 882.9426338495728], [685.8065863265888, 921.2886639575402], [160.55635477836438, 732.9000961785027], [185.21894651226205, 805.8611013657247], [96.8704010869701, 897.4073155398191], [431.83744097743045, 736.3242746245339], [436.121251958966, 877.7744016041754], [474.60923865932943, 963.9573635320364], [93.60451099313309, 801.0888795360821], [121.50154421613024, 791.6026331682367], [921.698996476544, 863.096553564833], [921.698996476544, 863.096553564833]], "kpt2d_body_mask": [true, true, true, true, true, true, true, true, true, true, true, true, true, true, true, true, true, false, false], "kpt3d_body_mask": [true, true, true, true, true, true, true, true, true, true, true, true, true, true, true, true, true, false, false], "kpt_list": ["Thorax", "Nose", "Pelvis", "L_Shoulder", "L_Elbow", "L_Wrist", "L_Hip", "L_Knee", "L_Ankle", "R_Shoulder", "R_Elbow", "R_Wrist", "R_Hip", "R_Knee", "R_Ankle", "L_Eye", "L_Ear", "R_Eye", "R_Ear"]}