{"id": 6, "class": "person", "kpt3d_body": [[-518.5175772660734, 280.38025022093535, 2340.4827557821245], [-674.4285592938166, 189.40933553647696, 2181.0973931281833], [-508.70123284453626, 581.8628522450917, 2756.610675694784], [-485.7918481139052, 416.7905801592523, 2233.8191577023313], [-557.1486357919118, 618.7381491518142, 2426.164283572661], [-713.6657182447768, 449.6567609259054, 2586.105480145406], [-508.69911237002066, 665.5364790363835, 2694.0632000917403], [-744.5918171196345, 907.6433888775782, 3001.835860814438], [-783.6839807078036, 1145.6092901001475, 3350.993914765203], [-533.1434414897556, 146.12582140921901, 2444.835455362893], [-707.9899532246992, 301.13000236216664, 2669.6187988368465], [-904.7364192442484, 468.53647045370315, 2742.3607250326313], [-508.7023648127825, 498.1883434535912, 2819.1576563927993], [-529.2942272755145, 762.1866784356084, 3145.4974973273142], [-269.29678097337916, 1010.3936206469612, 3404.2977184840274], [-653.0747439500499, 188.37676501117912, 2133.7370090373815], [-550.4223103774694, 207.5809336330198, 2109.499012064057], [-662.4740871106707, 139.74873907795683, 2172.5962209578033], [-572.2602236938515, 87.57668456695896, 2205.6282808463293]], "kpt2d_body": [[646.7879620478052, 711.9978200640197], [531.063272923526, 665.6603846038873], [698.568408705198, 835.7200052285036], [653.8747280188886, 802.0919843737008], [640.1972918657334, 892.0653254428588], [576.4908086527211, 783.2781214120582], [693.9613670509347, 883.1239108950209], [618.2943109842743, 952.3400219190638], [638.7255062332171, 1003.1234239752633], [650.5347221482043, 630.161851188001], [588.8521926887103, 701.6096080640375], [506.97607819340055, 777.3271429513964], [703.1635687693638, 789.8536819637322], [721.306549992821, 877.553452394696], [843.0530939202592, 950.9410867667165], [535.1460048704373, 667.6670562259711], [594.1796218984364, 682.2098518540149], [536.2289309758554, 635.3196586158506], [595.3352474517537, 602.3581378945086]], "kpt2d_body_mask": [true, true, true, true, true, true, true, true, true, true, true, true, true, true, true, true, true, true, true], "kpt3d_body_mask": [true, true, true, true, true, true, true, true, true, true, true, true, true, true, true, true, true, true, true], "kpt_list": ["Thorax", "Nose", "Pelvis", "L_Shoulder", "L_Elbow", "L_Wrist", "L_Hip", "L_Knee", "L_Ankle", "R_Shoulder", "R_Elbow", "R_Wrist", "R_Hip", "R_Knee", "R_Ankle", "L_Eye", "L_Ear", "R_Eye", "R_Ear"]}