{"id": 4, "class": "person", "kpt3d_body": [[-90.81593571324919, -60.691668632447175, 2668.4793376930315], [-264.8522820648487, -130.14286596962194, 2507.2646716182458], [-76.02184950684502, 239.39739883493138, 3054.6346923384763], [-58.122807316859884, 69.31485421079088, 2567.2936252421187], [-31.935665264171842, 282.8237261658492, 2790.56208703993], [-83.70209895224016, 446.23991859804846, 2971.5463865553834], [-44.03839215010497, 321.5212019874439, 3007.8251792421975], [-82.0333499667848, 569.7179982274158, 3330.014307867249], [-94.78222348179227, 841.1705975352659, 3653.866562546845], [-116.99813732292927, -194.4357441851207, 2775.448208635099], [-55.00632663495487, -112.02026609378322, 3043.2335755082077], [-279.4516625695872, 35.26285311687573, 3111.7736679565337], [-108.005205191662, 157.27381161748923, 3101.444023679794], [-486.26715767115024, 357.9223988348685, 3186.9654677148], [-251.4370082937646, 536.6581776662413, 3489.696440348876], [-237.29342328373258, -132.9861286302038, 2468.105366415054], [-127.93911364677633, -108.53886723894661, 2461.811090109276], [-253.4233474622822, -176.88551039018748, 2500.4221378791103], [-174.58464074393873, -226.27933651479282, 2550.4457169223115]], "kpt2d_body": [[903.0559979264433, 516.482029840416], [803.6646709426857, 476.143323425066], [915.8793141508442, 657.0760099303176], [918.9532017598162, 585.7295812093581], [934.63736243592, 688.8734761067811], [911.5164457902738, 755.8993510097326], [930.1951433465035, 696.5197360213758], [916.4900647000339, 784.4066789237556], [914.9527826065747, 863.996011067067], [891.811175318883, 450.7609808922247], [925.3283791402831, 496.90052477407977], [825.47020138351, 563.8831313232445], [901.9851532949609, 618.6853190857967], [739.735155322554, 702.934437911918], [850.8102664300357, 760.5514857828547], [816.79341882835, 473.3661964115542], [878.0887614399811, 486.8224445376472], [809.6756807913523, 450.0545314363472], [855.3294001753876, 425.02341090323375]], "kpt2d_body_mask": [true, true, true, true, true, true, true, true, true, true, true, true, true, true, true, true, true, true, true], "kpt3d_body_mask": [true, true, true, true, true, true, true, true, true, true, true, true, true, true, true, true, true, true, true], "kpt_list": ["Thorax", "Nose", "Pelvis", "L_Shoulder", "L_Elbow", "L_Wrist", "L_Hip", "L_Knee", "L_Ankle", "R_Shoulder", "R_Elbow", "R_Wrist", "R_Hip", "R_Knee", "R_Ankle", "L_Eye", "L_Ear", "R_Eye", "R_Ear"]}