{"id": 4, "class": "person", "kpt3d_body": [[-158.9666043872979, -45.454748625805905, 2630.8251842739437], [-311.78567418932994, -106.18921773932684, 2486.185728192745], [-187.41969959859966, 298.0330003201915, 3041.058782673306], [-91.71332125236032, 49.489898515780766, 2534.9180832079146], [-1.1382211086290983, 302.9108510313566, 2504.497542251326], [-111.90325948494582, 156.64595489279847, 2365.367280969333], [-153.12093557479176, 370.89757327295433, 2983.1829809778924], [-131.09916153425132, 640.5354509382131, 3313.882787754136], [-97.60344321788028, 899.7854824198562, 3615.0430853237704], [-215.9438483401308, -157.29247909780156, 2729.821023768418], [-295.6789543543697, -240.20178645647675, 3016.4060573491943], [-340.3406434849501, -311.09213693908157, 2771.1689941057275], [-221.71966225065117, 225.16886310182565, 3098.935454900665], [-219.9393717887476, 465.66754967113934, 3425.488888797727], [-218.79010892945445, 731.7547029892954, 3753.07442423815], [-286.84875797418533, -110.60849873949806, 2447.1279411341034], [-176.53677979543772, -99.15858392843006, 2437.9913493050394], [-307.37023405391403, -153.0853736023819, 2480.083768608992], [-234.2862838936753, -210.19147668954204, 2526.3765651006]], "kpt2d_body": [[866.2825126943438, 524.1073506434087], [776.3591292107258, 488.95964325219944], [864.8486015092594, 684.0952348621299], [900.0603013142239, 575.3173878481889], [949.946228177566, 715.8885280799418], [884.6297514386342, 640.1910683804402], [879.2783359104874, 720.3925547330589], [895.9738856031986, 814.3937689079514], [913.6001166835955, 888.806149194103], [840.4138896739178, 468.1183404866844], [814.3285218170024, 437.7486782971517], [780.4510919363312, 393.02815356228655], [850.9662450269399, 649.022036403983], [861.5091729365647, 736.237756612851], [870.1574274663112, 816.522117733118], [787.6489672974385, 485.48127486645103], [849.6551766935208, 491.6125609193214], [778.4824127375422, 462.65233367416306], [821.6602867593663, 432.7886964433985]], "kpt2d_body_mask": [true, true, true, true, true, true, true, true, true, true, true, true, true, true, true, true, true, true, true], "kpt3d_body_mask": [true, true, true, true, true, true, true, true, true, true, true, true, true, true, true, true, true, true, true], "kpt_list": ["Thorax", "Nose", "Pelvis", "L_Shoulder", "L_Elbow", "L_Wrist", "L_Hip", "L_Knee", "L_Ankle", "R_Shoulder", "R_Elbow", "R_Wrist", "R_Hip", "R_Knee", "R_Ankle", "L_Eye", "L_Ear", "R_Eye", "R_Ear"]}