{"id": 4, "class": "person", "kpt3d_body": [[-115.40607457391681, -67.4741712609594, 2646.5696033628915], [-245.7884512789202, -128.79984054290105, 2510.110000442584], [-186.30841091995802, 294.59747029439944, 3036.463262638141], [-67.12919624906338, 40.61847044053337, 2555.7486719324647], [-242.54821277879086, 229.6015774530303, 2404.378342015994], [-395.3220534242885, 60.14133953440748, 2336.8241000516327], [-151.6170371109235, 366.46187482530655, 2979.61037637463], [-110.75274091758504, 635.1827189118371, 3315.5723545499022], [-98.26864901176727, 901.1506207707087, 3615.870289672627], [-164.51879946589395, -168.9968480931732, 2737.2249475523336], [-458.7222783819439, -213.1329385453985, 2823.205196626804], [-533.4675675968175, -174.7454854870888, 2567.1764207947035], [-221.00083423841562, 222.73381820265905, 3093.316752859656], [-217.2683345719384, 466.2687983083571, 3426.939744152892], [-218.57757196641893, 733.7255677706592, 3754.872932882206], [-220.82409900001318, -134.35124269606575, 2473.9813648994887], [-114.55142062876686, -121.19830986613422, 2461.8342248928193], [-239.93159462913852, -173.9980691344769, 2506.6596143479364], [-167.91879352603587, -227.98914737277642, 2551.2282616063094]], "kpt2d_body": [[889.7120507101796, 512.661908208901], [814.3265933823842, 476.9336727429899], [865.2221155635995, 682.7400830975225], [913.8877529674472, 570.2695280149159], [810.5067925275591, 680.3823849181982], [716.3714730111648, 583.6732065002435], [879.8858874247255, 718.5547981966404], [904.4615090612231, 812.1182660056725], [913.3580839860459, 889.2293380110732], [866.8157112057123, 462.34110434019993], [725.7991294353986, 443.96471265467744], [664.3815613334667, 454.6170048015452], [851.1055573334597, 648.1154680779612], [862.6262739427893, 736.4049437636493], [870.2778158167802, 817.1044322914156], [826.3273323765823, 472.75114152439386], [885.6710609674631, 479.6691683895558], [817.4570682424489, 451.85992598425435], [858.9869962249692, 424.12214806212893]], "kpt2d_body_mask": [true, true, true, true, true, true, true, true, true, true, true, true, true, true, true, true, true, true, true], "kpt3d_body_mask": [true, true, true, true, true, true, true, true, true, true, true, true, true, true, true, true, true, true, true], "kpt_list": ["Thorax", "Nose", "Pelvis", "L_Shoulder", "L_Elbow", "L_Wrist", "L_Hip", "L_Knee", "L_Ankle", "R_Shoulder", "R_Elbow", "R_Wrist", "R_Hip", "R_Knee", "R_Ankle", "L_Eye", "L_Ear", "R_Eye", "R_Ear"]}