{"id": 4, "class": "person", "kpt3d_body": [[-152.7290459652085, -49.365288278789166, 2632.7689155771777], [-301.68623370216926, -115.40821741219759, 2489.650069381324], [-186.7169974348798, 290.36208005804474, 3046.822269812692], [-73.92103246805509, 41.245929785283266, 2535.6939313580847], [-11.329381406347414, 307.5731172690411, 2497.522172347306], [-135.5467776535892, 165.0718622746011, 2368.5428033428752], [-155.02669675930144, 360.31799562133585, 2989.6374169498654], [-129.3410103780725, 638.1681935731385, 3315.102951009283], [-97.77214576524207, 899.9412015467781, 3614.384357266079], [-208.18375060612638, -161.05703001443658, 2732.2280309448165], [-290.7410935061151, -251.79156085585134, 3016.740040307862], [-344.56950747244576, -306.95795955477206, 2774.3158526548773], [-218.40629078393357, 220.4060830313152, 3104.007259266078], [-218.35084946689818, 463.49560178954937, 3428.4913290105924], [-218.18291350717146, 731.4658024692612, 3753.285427955262], [-275.5114498578398, -118.82651268129479, 2450.517056350878], [-166.7279530908732, -104.43300293812953, 2441.157866656634], [-295.2886552185056, -162.6441132106845, 2483.8006974067935], [-221.15307183596767, -216.74027101512735, 2529.8081334224626]], "kpt2d_body": [[869.6430561560334, 522.0571481587422], [782.200448309063, 483.8980741268092], [865.3170378339479, 680.3666547524779], [909.8609458530136, 570.7877645757584], [944.2715618853027, 718.9176580934619], [870.843746119662, 644.9685672760021], [878.527674411699, 715.1589484724848], [896.7208130887636, 813.3376346620994], [913.5298487441075, 888.9228883361253], [844.45590116986, 466.2679882342045], [816.6299813087481, 432.4443686676266], [778.5320696894443, 395.2628016598777], [852.6029336543495, 646.7384657622599], [862.2228237928446, 735.210846204956], [870.3839558235525, 816.4051068283261], [794.2673037829965, 480.903579414219], [855.3732487376137, 488.67572100654684], [785.4568225791645, 457.4306187886116], [829.0313122929728, 429.33683213612414]], "kpt2d_body_mask": [true, true, true, true, true, true, true, true, true, true, true, true, true, true, true, true, true, true, true], "kpt3d_body_mask": [true, true, true, true, true, true, true, true, true, true, true, true, true, true, true, true, true, true, true], "kpt_list": ["Thorax", "Nose", "Pelvis", "L_Shoulder", "L_Elbow", "L_Wrist", "L_Hip", "L_Knee", "L_Ankle", "R_Shoulder", "R_Elbow", "R_Wrist", "R_Hip", "R_Knee", "R_Ankle", "L_Eye", "L_Ear", "R_Eye", "R_Ear"]}