{"id": 4, "class": "person", "kpt3d_body": [[-164.60444753780095, -48.712831650415325, 2641.2324064907843], [-334.66565136783487, -92.49479305400897, 2484.0045292697905], [-191.45679208740006, 298.85487709674396, 3049.362220786751], [-97.68359080215092, 62.95860008624686, 2551.5050100929598], [79.36084840661712, 290.2719811843235, 2591.5478211004206], [-72.03904521280741, 352.5961273154543, 2813.5541450340306], [-158.2870121146524, 375.521070034711, 2998.006786395961], [-113.8914277674936, 634.2814314859055, 3315.10746549532], [-97.73653628204, 901.8711113357848, 3613.217707896665], [-226.1955312862387, -159.26928338662194, 2733.3099536283553], [-185.75056300949203, -251.8011210306885, 3027.1519969411684], [-240.9648910128243, 22.35248572645446, 3073.5509035773343], [-224.6275116053903, 222.18890957892881, 3100.7173974170073], [-220.76251675340143, 467.4340680618496, 3432.1795592528706], [-219.85539090855437, 734.163589539502, 3755.2892403779056], [-305.4450259330737, -96.75821495157578, 2446.391475275925], [-198.83003418132267, -86.1619251811517, 2446.554451925751], [-329.478500041988, -140.5799354575072, 2477.82079182789], [-261.33563902877745, -194.95822612979723, 2530.8457310323315]], "kpt2d_body": [[863.6448950015944, 522.4881860912408], [763.5208774315478, 496.5754176349556], [863.2444505180648, 684.0930381169687], [897.1294923315243, 582.4844932719471], [993.1811616196771, 703.5511195198561], [914.9920118173386, 721.8600867286607], [877.245805994747, 721.6581666157481], [903.1465504036797, 811.7822271630966], [913.534916427606, 889.7359287485015], [835.3551905064072, 467.23172012610485], [865.1469576947993, 432.6500758524409], [841.2899805863094, 558.2498342243475], [849.7176208613894, 647.6299886772999], [861.3522920492657, 736.5788373814847], [869.8189440704721, 817.2293565552169], [777.1059292119207, 493.3323158503594], [837.3440817714322, 499.2074573806979], [766.0308287895332, 469.6030105202683], [807.0784936693725, 441.37196629670495]], "kpt2d_body_mask": [true, true, true, true, true, true, true, true, true, true, true, true, true, true, true, true, true, true, true], "kpt3d_body_mask": [true, true, true, true, true, true, true, true, true, true, true, true, true, true, true, true, true, true, true], "kpt_list": ["Thorax", "Nose", "Pelvis", "L_Shoulder", "L_Elbow", "L_Wrist", "L_Hip", "L_Knee", "L_Ankle", "R_Shoulder", "R_Elbow", "R_Wrist", "R_Hip", "R_Knee", "R_Ankle", "L_Eye", "L_Ear", "R_Eye", "R_Ear"]}