{"id": 4, "class": "person", "kpt3d_body": [[-171.63344698253766, -48.86091018645516, 2642.0070910448376], [-342.87704746315273, -87.96488274193038, 2489.8553520979285], [-198.81086412067424, 294.85924250001597, 3052.1740819685765], [-104.08019000044942, 63.64435950100756, 2552.1780314278994], [77.07449088827757, 284.98044001819994, 2597.8618843900776], [-79.55168532381381, 348.02566221243234, 2816.441283461919], [-165.73921745231513, 372.516002207031, 3001.918483879495], [-126.7152388935946, 635.0826399050609, 3314.801985293298], [-97.80102840168288, 900.954216017702, 3612.87633128323], [-230.61405016415785, -161.9325059405739, 2734.322732257931], [-194.2636002619053, -257.89240640560337, 3025.640846963515], [-244.97536046439112, 15.833806066367657, 3072.9712016988146], [-231.8833976233796, 217.20358072828006, 3102.4299932077265], [-225.57600161955236, 474.99589431698547, 3441.3395140630196], [-219.56659873712965, 734.1957705849586, 3755.4906713140167], [-314.0128599231593, -91.96247517907068, 2451.535490306505], [-205.43225427464233, -83.05082765448617, 2448.4996238730473], [-336.7171510496399, -135.29161122797717, 2483.2061584520616], [-267.4224156510519, -193.46800139954667, 2531.9930312067218]], "kpt2d_body": [[859.9696521978997, 522.4202812895753], [759.4197548622348, 499.2252565082486], [859.9746839394304, 682.150050271389], [893.6498868540673, 582.8470925904654], [991.858789319279, 700.3713805259849], [911.3174011588873, 719.4456628579644], [873.8927783185701, 720.0458366500402], [897.8034492964196, 812.1096912015528], [913.5056029401878, 889.4312702141565], [833.1614732473121, 465.91816860263236], [861.2065447220406, 429.8210810657951], [839.4565778693053, 555.3025668923633], [846.521050632642, 645.3406507662025], [859.6673345958869, 739.0817084953138], [869.92915715007, 817.227511309428], [772.649365096249, 496.1678452024031], [833.6900484789778, 501.01656372186426], [762.4109490380215, 472.73114292601326], [803.8204108045929, 442.2482961186807]], "kpt2d_body_mask": [true, true, true, true, true, true, true, true, true, true, true, true, true, true, true, true, true, true, true], "kpt3d_body_mask": [true, true, true, true, true, true, true, true, true, true, true, true, true, true, true, true, true, true, true], "kpt_list": ["Thorax", "Nose", "Pelvis", "L_Shoulder", "L_Elbow", "L_Wrist", "L_Hip", "L_Knee", "L_Ankle", "R_Shoulder", "R_Elbow", "R_Wrist", "R_Hip", "R_Knee", "R_Ankle", "L_Eye", "L_Ear", "R_Eye", "R_Ear"]}