{"id": 4, "class": "person", "kpt3d_body": [[-102.02450890610609, -66.33330899988437, 2620.311072034297], [-234.7147795356665, -109.45854500321303, 2489.1087332049683], [-192.88063602608983, 282.312560505468, 3033.3426786204677], [-54.078475212291295, 31.487979975364482, 2534.4694661614203], [-331.4052612234791, 102.11330612019168, 2465.236346549627], [-392.2114659323657, -142.5551883798856, 2499.364810978789], [-157.008870303256, 348.7857021012227, 2975.491459080808], [-110.06444094851041, 614.2720486468331, 3301.672726885195], [-98.31545099579016, 899.2344399352323, 3615.1158173271283], [-131.71580895813915, -169.84016707339705, 2709.6028182038954], [-416.8368846053702, -274.77005722658447, 2837.860383925399], [-424.2393689222405, -249.98557410131468, 2589.8545759952817], [-228.75330365365545, 215.84124540340625, 3091.1949033907704], [-221.05338295688563, 458.1672630466966, 3422.7652295551393], [-219.66391014981437, 733.0513952391802, 3754.863978050177], [-207.71383566686063, -111.73670277251674, 2453.299717216414], [-101.86522000732697, -96.74008063380967, 2444.857686048669], [-226.76258717724835, -152.55527307473827, 2480.972051196149], [-152.25275056417388, -207.2166783819118, 2524.57397534336]], "kpt2d_body": [[896.2210579403144, 512.9080537583718], [819.3129296050624, 487.0917973432949], [862.1081356070548, 677.2765389648162], [920.7648724909074, 565.4414517634744], [763.9513175518409, 605.488981855939], [733.228582728414, 469.3411371316351], [877.2442966521296, 710.6132099340467], [904.5254409251947, 804.6503169529559], [913.3297908417004, 888.596695553826], [882.8058693705275, 461.00409953968534], [747.3059501261946, 414.48508250629646], [724.222749275085, 415.09049944006927], [847.5481726976859, 645.0859678367738], [860.9731382640545, 733.3818774530135], [869.8775095283721, 816.8604289140995], [832.6595400321039, 484.8824381197037], [892.4332290863509, 493.0873526650703], [823.3913420720212, 462.80665282968704], [866.6052021921001, 434.16864552701907]], "kpt2d_body_mask": [true, true, true, true, true, true, true, true, true, true, true, true, true, true, true, true, true, true, true], "kpt3d_body_mask": [true, true, true, true, true, true, true, true, true, true, true, true, true, true, true, true, true, true, true], "kpt_list": ["Thorax", "Nose", "Pelvis", "L_Shoulder", "L_Elbow", "L_Wrist", "L_Hip", "L_Knee", "L_Ankle", "R_Shoulder", "R_Elbow", "R_Wrist", "R_Hip", "R_Knee", "R_Ankle", "L_Eye", "L_Ear", "R_Eye", "R_Ear"]}