{"id": 4, "class": "person", "kpt3d_body": [[-127.20928622716436, -103.1476817698109, 2658.732532919562], [-268.3204071696912, -173.83591586388476, 2560.5395712467443], [-173.4368168515118, 281.8554348571761, 3032.6971448106187], [-27.199266790735344, -28.724291188281654, 2600.608017784894], [-27.434633007939013, 256.31296618135417, 2406.4164538405703], [-184.9397341364658, 166.9828830391981, 2245.4428864952065], [-122.26552772521228, 345.6656214250117, 2984.7819764517326], [-100.88514226724516, 627.4344655753285, 3302.753216645504], [-97.78417456900698, 899.9377227569393, 3613.615882038202], [-224.4469042084586, -183.77100568808032, 2724.5184749917107], [-344.2626411047464, 48.990432356838625, 2570.807682703815], [-100.1199686538913, -35.917701389505226, 2472.6930078142013], [-224.60711372167225, 218.0458953843157, 3080.613141840638], [-221.01079884022383, 470.1667604884385, 3425.108174868999], [-219.18492090438656, 733.3367663710486, 3754.3452653456425], [-248.7027057234618, -186.31253880118805, 2516.738450132035], [-147.06135424395026, -174.76320415363077, 2486.1317649404423], [-260.29284966830966, -218.84803431107386, 2565.0131341695537], [-179.4265669583914, -255.82379603214505, 2605.385439650994]], "kpt2d_body": [[883.8215003649073, 494.17101965875906], [804.910114544954, 454.01769624099404], [870.9891311476011, 677.1257734947598], [935.9506809449379, 532.759919954845], [934.704509825065, 695.9966824290533], [835.9772450696149, 651.330985572794], [893.6235776909241, 708.7276902958099], [908.3996880458109, 809.969098179836], [913.5176901722904, 888.9916256495729], [835.9134249132812, 454.51183558786204], [764.5907983286156, 574.5342676903767], [894.0470713979322, 527.9230555443664], [849.0670165103253, 646.4135449024536], [861.0760573837991, 738.054644916075], [870.043042825088, 817.0003194048562], [813.1946444790882, 445.4953861636483], [868.166402927578, 450.4795639982554], [809.5941910375466, 429.91681387101136], [854.8037011340015, 411.95269408586876]], "kpt2d_body_mask": [true, true, true, true, true, true, true, true, true, true, true, true, true, true, true, true, true, true, true], "kpt3d_body_mask": [true, true, true, true, true, true, true, true, true, true, true, true, true, true, true, true, true, true, true], "kpt_list": ["Thorax", "Nose", "Pelvis", "L_Shoulder", "L_Elbow", "L_Wrist", "L_Hip", "L_Knee", "L_Ankle", "R_Shoulder", "R_Elbow", "R_Wrist", "R_Hip", "R_Knee", "R_Ankle", "L_Eye", "L_Ear", "R_Eye", "R_Ear"]}