{"id": 3, "class": "person", "kpt3d_body": [[-100.1779107388785, -0.30915655021814814, 2850.540979695863], [-236.47809959101423, -115.90213387923825, 2833.0466077871824], [-121.43892468650529, 489.7670880223443, 2978.8982941812264], [-100.11809322028171, 33.78761359778167, 2699.6346129376047], [-277.94185259249855, 172.83409330700096, 2625.366713267051], [-344.18800888186263, -22.514391447109148, 2566.322407288777], [-125.35696423718989, 513.7955855213831, 2876.718537614293], [-87.49225808682587, 829.7695915658769, 2971.3487743853293], [-50.45506525046085, 1170.5052322991714, 3066.612783675423], [-79.14634890922909, -33.75737043509886, 2987.061297841534], [-205.42993334511158, 72.14001372627948, 3160.705963371658], [-262.2650034655438, -135.4189558564923, 3173.74924930189], [-117.5214213767962, 465.73664429737306, 3081.0776328364027], [-80.04851888694071, 785.2772717352731, 3142.0329379180857], [-59.07541315335457, 1133.7704304543795, 3210.015802931928], [-225.01811517053488, -146.6595124528729, 2798.7367201358643], [-150.62433379639916, -143.77281640749857, 2748.252003598822], [-219.26736476201083, -152.50767515243382, 2855.1638426044037], [-135.37780234860438, -168.91573005685018, 2891.167283348645]], "kpt2d_body": [[871.2472052678595, 552.1208848775626], [781.52349999436, 476.48315934043444], [861.1552182374653, 856.1319697683302], [867.6364165892862, 575.5532465167781], [740.1350716596414, 674.2225707389658], [687.8120072631564, 536.0880260728084], [856.0205752891252, 882.0893758763659], [882.5827996514636, 1064.5276738485109], [906.7789353179936, 1246.9023891262868], [887.334969316305, 531.3426275082693], [815.7741898287329, 594.6632626774542], [783.0766019274031, 473.2248537860487], [865.9605706503105, 831.8424931123461], [889.7605832822916, 1011.745375955422], [903.1261358853317, 1196.4552472725845], [787.2465249706676, 455.19000633889425], [834.7397050299079, 455.2922975576565], [793.9302333490709, 453.3048124217332], [849.5805874653327, 443.95547959952836]], "kpt2d_body_mask": [true, true, true, true, true, true, true, true, true, true, true, true, true, true, true, true, true, true, true], "kpt3d_body_mask": [true, true, true, true, true, true, true, true, true, true, true, true, true, true, true, true, true, true, true], "kpt_list": ["Thorax", "Nose", "Pelvis", "L_Shoulder", "L_Elbow", "L_Wrist", "L_Hip", "L_Knee", "L_Ankle", "R_Shoulder", "R_Elbow", "R_Wrist", "R_Hip", "R_Knee", "R_Ankle", "L_Eye", "L_Ear", "R_Eye", "R_Ear"]}