{"id": 6, "class": "person", "kpt3d_body": [[84.56316339398259, -197.82626415018782, 2547.029177651514], [81.3663560732053, -358.397766423118, 2385.1232165765296], [108.82660826452425, 350.8401424382811, 2585.477249335746], [251.63689286130963, -200.76498322211435, 2562.344396212028], [275.5778423931123, 59.319697020218456, 2455.1316372246615], [25.296490577382684, 69.54903725752075, 2377.937060087368], [204.40795918988042, 345.0078732627864, 2591.255632373097], [221.30460430290282, 771.9184362740759, 2633.685294249056], [227.80743726077543, 1203.727417429459, 2668.612224538096], [-83.53272288911626, -192.08803613756473, 2524.7623605602794], [-24.571138962712418, -0.04603736878479481, 2322.3268782717055], [86.84520325262395, -210.84343452774263, 2348.0421660415127], [13.245344176877971, 356.6713244879577, 2579.699766640924], [26.68799182939175, 783.7107803000775, 2614.3469014672855], [57.35354065237779, 1202.1200500634736, 2679.5106494487613], [111.5246553778101, -394.97488703737804, 2403.1510112035744], [156.48122649349457, -401.8842735490448, 2497.629167238646], [49.416848633832444, -395.21524747152785, 2400.6341886974046], [2.7910048002332033, -399.2994088115138, 2495.6556739412267]], "kpt2d_body": [[996.4097291060634, 431.02733517247447], [997.7198950482442, 313.84202590881443], [1010.734653134554, 777.424462798014], [1102.1481424291665, 430.1449800555428], [1125.110576885925, 596.5942830774117], [959.6292768259143, 604.9746253648436], [1070.4791063345272, 773.1220135429684], [1077.04962990162, 1025.8337710575506], [1076.7051002247345, 1264.4934036714355], [888.3095980716286, 433.6148877353785], [924.9754483637722, 557.3117256994408], [1002.5560995598416, 411.37910160459444], [950.6308013548278, 781.6211840198761], [958.7340311099045, 1036.727670003137], [976.1875628802463, 1261.51503922548], [1017.6179705846293, 291.30620250601106], [1043.9742041829056, 296.92125790653785], [975.712006878069, 290.78280675547524], [944.1034222723391, 298.1836413641892]], "kpt2d_body_mask": [true, true, true, true, true, true, true, true, true, true, true, true, true, true, true, true, true, true, true], "kpt3d_body_mask": [true, true, true, true, true, true, true, true, true, true, true, true, true, true, true, true, true, true, true], "kpt_list": ["Thorax", "Nose", "Pelvis", "L_Shoulder", "L_Elbow", "L_Wrist", "L_Hip", "L_Knee", "L_Ankle", "R_Shoulder", "R_Elbow", "R_Wrist", "R_Hip", "R_Knee", "R_Ankle", "L_Eye", "L_Ear", "R_Eye", "R_Ear"]}