{"id": 6, "class": "person", "kpt3d_body": [[126.3734826230319, -229.40055206164644, 2564.3915298371094], [118.83575077253745, -368.01288986838915, 2419.872652106773], [132.3381796110475, 338.1243717203698, 2580.9297204532604], [274.5966014554748, -225.5553923035093, 2529.403530560896], [165.51497388895913, -194.4772783070384, 2245.3696510300856], [-37.22752909966392, -327.0345484932734, 2360.2506664367565], [221.09301022605155, 340.3905085894516, 2556.6792939332004], [230.73948573266858, 772.9914644485145, 2620.4905528129734], [227.48370251360603, 1197.8014112203962, 2670.3473397724297], [-11.77685690000164, -231.9531819500186, 2613.6423736461793], [-215.5090382234622, -238.1010947703355, 2419.5718801900157], [-273.31036662037064, -327.55209781448866, 2144.886244300876], [43.583712565480965, 335.857230370881, 2605.1800097276423], [36.58254665901559, 783.8068294863692, 2613.981703867575], [57.53516107710471, 1201.8557145266036, 2678.8348649896084], [155.27680635243516, -397.5318062656761, 2436.0173588199114], [212.87257278097894, -390.2813111339931, 2521.5611530886813], [94.71572432679606, -410.1911861145528, 2442.5977954923173], [64.49292437455199, -413.2427008752286, 2542.4454595042657]], "kpt2d_body": [[1022.5807255306337, 411.95972893412414], [1022.0587525567723, 310.988766024161], [1025.6782252255514, 769.8422827793811], [1118.86428354496, 412.698638904317], [1062.3428283868193, 416.6527563208833], [916.627277287771, 332.6189754834851], [1082.7839526351665, 773.0583438941649], [1083.4539125181393, 1028.6908830080683], [1076.4678149109336, 1260.7818758616932], [934.9187443378811, 413.04354943306123], [797.3761111358099, 397.69588971242945], [735.9773034183219, 310.75540873513376], [969.5023074892631, 766.5715305080678], [964.8057948374134, 1036.8435170486541], [976.3027112909688, 1261.5362328610934], [1045.7255853575089, 293.27495318936275], [1079.2742584894104, 306.8991578912976], [1005.2243842185469, 285.55312768256863], [983.4794274458064, 294.1422746870539]], "kpt2d_body_mask": [true, true, true, true, true, true, true, true, true, true, true, true, true, true, true, true, true, true, true], "kpt3d_body_mask": [true, true, true, true, true, true, true, true, true, true, true, true, true, true, true, true, true, true, true], "kpt_list": ["Thorax", "Nose", "Pelvis", "L_Shoulder", "L_Elbow", "L_Wrist", "L_Hip", "L_Knee", "L_Ankle", "R_Shoulder", "R_Elbow", "R_Wrist", "R_Hip", "R_Knee", "R_Ankle", "L_Eye", "L_Ear", "R_Eye", "R_Ear"]}