{"id": 6, "class": "person", "kpt3d_body": [[69.83874480099163, -197.93080443015512, 2501.15217822491], [53.75497227812151, -358.9024947311582, 2332.4155055029455], [99.67440741123778, 362.5316644757014, 2556.2915921463828], [238.6926915050724, -207.0110976900422, 2505.863372704096], [502.9805336785637, -152.47463077301958, 2490.7023097788297], [477.9625413924176, -368.3247061924824, 2354.7577322299876], [195.99641501489074, 351.6599605810019, 2563.253062115482], [213.1214729727028, 779.3875802781508, 2607.553577046674], [227.1696424809212, 1203.1816846024842, 2667.545635348012], [-95.07698301470136, -188.7548732359089, 2509.9769260980256], [-349.7096673923322, -122.19529046564517, 2429.102550269736], [-285.566725622565, -334.5589884955983, 2281.242062824768], [3.3527517035528476, 373.40426787291875, 2549.331174348586], [21.983997627668437, 783.6650382385062, 2609.518468779899], [57.036641077295585, 1205.265814324935, 2669.485754102509], [84.03047968840949, -396.87888324765527, 2349.8664548406014], [134.32013530772852, -399.40433146340706, 2445.2284741129306], [22.211822605424878, -396.0310456432903, 2351.0581088129443], [-20.519052621663327, -394.00330977452984, 2447.5036866202463]], "kpt2d_body": [[987.8024647048671, 428.6408145647585], [979.7319785093576, 308.01765800804117], [1005.6754355645571, 787.2829575508882], [1097.337908223066, 423.235300905822], [1269.1280534941295, 458.5504653110462], [1269.42376395256, 305.98880770323126], [1066.5281626433225, 779.6505155721561], [1073.2977018445035, 1034.8327181946718], [1076.3838602126123, 1264.4608563553602], [880.4947554735251, 435.0520919051249], [708.3733293157475, 475.83911504363726], [739.5064291042119, 320.41670429910874], [944.4200679588921, 794.8214614932665], [955.8733151376686, 1037.559172167428], [976.1178802504633, 1265.7465151110196], [1000.3266621109649, 284.0033339402662], [1031.4452867811594, 292.97834682586694], [957.6266815643961, 284.65882586222097], [928.6713640389423, 296.61496551645786]], "kpt2d_body_mask": [true, true, true, true, true, true, true, true, true, true, true, true, true, true, true, true, true, true, true], "kpt3d_body_mask": [true, true, true, true, true, true, true, true, true, true, true, true, true, true, true, true, true, true, true], "kpt_list": ["Thorax", "Nose", "Pelvis", "L_Shoulder", "L_Elbow", "L_Wrist", "L_Hip", "L_Knee", "L_Ankle", "R_Shoulder", "R_Elbow", "R_Wrist", "R_Hip", "R_Knee", "R_Ankle", "L_Eye", "L_Ear", "R_Eye", "R_Ear"]}