{"id": 6, "class": "person", "kpt3d_body": [[81.26890247772137, -217.83178292376064, 2532.129903800609], [86.54897586127355, -356.99361071050316, 2368.3334366515924], [110.05164302019146, 348.56564453982514, 2569.686542848187], [230.05951460428946, -220.04078878326666, 2556.4327619056353], [406.8864035438538, -179.17275236803718, 2320.1443073652504], [227.4214993294886, -360.9427651880533, 2258.322777379247], [203.53204217288715, 346.55595447013866, 2569.413969108411], [221.4073836557083, 771.8190400723894, 2619.6973053377174], [226.96577280132576, 1200.4573146826683, 2667.392883148572], [-62.35291106405512, -213.8263583082123, 2546.831186318649], [-222.14913951818681, -149.5651885345903, 2316.822408261278], [-45.9698412010615, -344.0592673335219, 2259.0959989821636], [16.571189630667718, 350.5744284072509, 2569.9580276178863], [28.870776602372104, 782.4446374788247, 2610.4095060096756], [58.298039427083026, 1205.3474278158164, 2662.8474885273017], [107.60690039085448, -392.7020474990836, 2383.960616385471], [155.27273613174532, -398.9855716157148, 2473.978386465957], [41.557740249928194, -394.1825414901184, 2385.8199915724745], [7.379748949944798, -398.09997958358326, 2478.1128554497636]], "kpt2d_body": [[994.5932305791644, 417.4749784906717], [1001.6654832698772, 313.0920355066633], [1011.9300228420399, 777.3392643375989], [1088.7837604967112, 417.6033033272729], [1226.5625075137402, 432.51870969350887], [1105.546380866188, 298.971381313442], [1071.001406256693, 775.9088637378096], [1077.8080266373747, 1028.1884535160539], [1076.2873969102106, 1262.9903782311508], [902.3460006310205, 420.8273787633641], [786.1395855299146, 452.51671103744354], [909.2196352002163, 310.55606170777435], [952.7680069600574, 778.6467520368938], [960.0995996845433, 1036.675844758799], [976.9430004815536, 1267.4526048703626], [1015.5566581483943, 290.7086739514743], [1044.150814893358, 296.3352335675753], [970.570587996404, 289.8339798289973], [947.1240087013216, 297.144235828803]], "kpt2d_body_mask": [true, true, true, true, true, true, true, true, true, true, true, true, true, true, true, true, true, true, true], "kpt3d_body_mask": [true, true, true, true, true, true, true, true, true, true, true, true, true, true, true, true, true, true, true], "kpt_list": ["Thorax", "Nose", "Pelvis", "L_Shoulder", "L_Elbow", "L_Wrist", "L_Hip", "L_Knee", "L_Ankle", "R_Shoulder", "R_Elbow", "R_Wrist", "R_Hip", "R_Knee", "R_Ankle", "L_Eye", "L_Ear", "R_Eye", "R_Ear"]}