{"id": 6, "class": "person", "kpt3d_body": [[91.89608760861192, -201.5724652066173, 2518.057574716299], [80.37539217314955, -362.4470583710887, 2333.3462146842694], [114.61917879963951, 369.5839396204863, 2576.7759523623217], [259.305988744323, -209.24411264819284, 2500.9468219503456], [477.32876315685746, -31.87607373537773, 2623.4169625097284], [330.959900352453, 189.16678988299964, 2580.0606197417183], [211.90133255045137, 361.594705480117, 2581.6551374849905], [225.48435559926855, 777.2891673794901, 2634.5013174769756], [227.6719764199254, 1202.7264385283818, 2670.329541063959], [-74.7253810019965, -193.04449080490755, 2506.2642940581704], [-284.15603165393924, -2.5198224960756477, 2617.5094710824555], [-124.5576844109771, 214.70057816330737, 2571.928763822054], [17.33680568198878, 377.57326757250564, 2571.8957909827377], [29.223189647265357, 788.4620987547733, 2620.724618846389], [57.194998750339394, 1202.7435723574797, 2679.508777494045], [111.28869925485107, -398.46237003037584, 2350.9832623283764], [162.32630717316238, -400.138418860722, 2445.0918181379807], [49.83942776995029, -399.4857880367015, 2352.522154273473], [7.306436948448294, -396.7484170443986, 2448.479338885208]], "kpt2d_body": [[1001.7750640387504, 427.17110648857533], [998.2430482492458, 305.7108117815296], [1014.5884111103481, 789.8489412895519], [1110.9971908157056, 421.5748823856076], [1237.4404587952347, 537.6927877866581], [1150.851598900089, 676.23016932023], [1075.608324315652, 784.222432270777], [1079.5165638096053, 1028.8236308519156], [1076.5499365594537, 1263.51219982712], [893.6411664927315, 432.07876666818373], [765.4407763935715, 555.781737644322], [863.3311914063468, 693.0327433695154], [953.2410334586358, 795.3607828302584], [960.2439697079543, 1038.4000449953487], [976.0937072599453, 1261.8597004567478], [1019.0996253989126, 283.10575301010266], [1050.00987759161, 292.55653206072054], [976.6765468556429, 282.4942664517934], [947.1339962000966, 294.9142595763361]], "kpt2d_body_mask": [true, true, true, true, true, true, true, true, true, true, true, true, true, true, true, true, true, true, true], "kpt3d_body_mask": [true, true, true, true, true, true, true, true, true, true, true, true, true, true, true, true, true, true, true], "kpt_list": ["Thorax", "Nose", "Pelvis", "L_Shoulder", "L_Elbow", "L_Wrist", "L_Hip", "L_Knee", "L_Ankle", "R_Shoulder", "R_Elbow", "R_Wrist", "R_Hip", "R_Knee", "R_Ankle", "L_Eye", "L_Ear", "R_Eye", "R_Ear"]}