{"id": 6, "class": "person", "kpt3d_body": [[35.81583881623249, -222.8572870229202, 2546.386349867877], [33.57487836155876, -366.4017203450634, 2397.940335789073], [106.66673434523713, 344.9106076878969, 2572.833625987148], [164.94124798437625, -229.8388513020616, 2622.0195719891026], [450.0687645709338, -221.18882638391668, 2502.50421894888], [485.76793998909477, -361.90984744965203, 2264.8707816012575], [198.99974905723207, 336.22398084498786, 2597.253838814734], [222.46747932005107, 771.8853393860879, 2631.737189133798], [227.16132736599988, 1202.8023918085269, 2667.587378435208], [-109.28446473566893, -208.60132663991962, 2503.9816003776723], [10.413562848747198, -171.67987255737287, 2251.8386331170223], [170.70332077371305, -351.87568580134484, 2339.8887709015507], [14.333467665521553, 353.5993216705351, 2548.412625530196], [28.96294873397938, 782.7502106741998, 2613.162005659059], [57.003116713842346, 1203.3228587143387, 2678.218068444435], [57.461868256093176, -407.46362043389513, 2418.505016679034], [97.0477668285564, -407.3299945966419, 2523.158208522572], [-1.3284446171919129, -397.53532009268963, 2417.3049486923496], [-53.66712823960988, -389.87955820126854, 2506.6862067205257]], "kpt2d_body": [[965.1995686165708, 415.0352071262714], [965.0371473238553, 309.7314579240731], [1009.7122390323298, 774.7908977373803], [1044.7638636962622, 414.9180941963811], [1233.6154100253793, 414.5774674784043], [1287.571950571096, 300.85783553237104], [1066.832089312195, 767.2008185557559], [1077.852686485638, 1026.1427834431784], [1076.379250299871, 1264.2403330742068], [871.124483095737, 421.92355687418967], [949.8066591633242, 433.3220443799471], [1060.7402887191392, 313.8548776554065], [951.4277615906668, 782.4126065412484], [960.1377353148242, 1036.368701616936], [975.9957371889202, 1262.4993918321788], [980.8563076356618, 284.63335311303956], [1004.7410274738395, 295.9465299016858], [941.3963221426859, 291.0482279739373], [907.5049411385742, 305.36829413397675]], "kpt2d_body_mask": [true, true, true, true, true, true, true, true, true, true, true, true, true, true, true, true, true, true, true], "kpt3d_body_mask": [true, true, true, true, true, true, true, true, true, true, true, true, true, true, true, true, true, true, true], "kpt_list": ["Thorax", "Nose", "Pelvis", "L_Shoulder", "L_Elbow", "L_Wrist", "L_Hip", "L_Knee", "L_Ankle", "R_Shoulder", "R_Elbow", "R_Wrist", "R_Hip", "R_Knee", "R_Ankle", "L_Eye", "L_Ear", "R_Eye", "R_Ear"]}