{"id": 6, "class": "person", "kpt3d_body": [[75.08645828758648, -197.05101281297246, 2496.2681978491155], [53.82484926841414, -364.8934093927859, 2339.695017283402], [100.8247261528538, 356.0818976585742, 2557.105061359901], [240.53714347052224, -206.36340470945115, 2513.2771686405526], [494.3335979430775, -152.3467897361438, 2434.235866152065], [427.92385497873227, -367.6646060309839, 2341.3715566717665], [195.16450037534787, 352.34843940970535, 2563.77808970999], [213.67561219715236, 777.5128741620534, 2610.9432185480323], [227.426327781157, 1202.4911322472285, 2667.3361514552225], [-87.48043954697977, -189.36994294138444, 2508.7214876864773], [-333.0969873386639, -107.71654774014067, 2409.623972382703], [-270.64022993196295, -331.9137378172736, 2310.492638891684], [6.48447988726609, 359.8145479833279, 2550.429992315336], [21.667433419038105, 783.7180329013962, 2610.5026515207655], [57.048262760863864, 1204.6024850510125, 2672.2685488075167], [85.43260703197065, -401.6428755841092, 2357.873611207778], [139.29677519259386, -399.8491470791446, 2452.1128200768267], [23.890768125151283, -402.04434199562013, 2362.065024725938], [-16.051309210552525, -395.8082364636441, 2460.296427861045]], "kpt2d_body": [[991.319262244177, 428.9644370103332], [979.6596476817907, 304.67919622847313], [1006.3952464862913, 783.1534766673267], [1098.0751697308801, 424.04928602756934], [1270.919225925462, 456.3563717287817], [1237.283612537947, 304.62814209054574], [1065.9750634262145, 780.0393557354057], [1073.482691740956, 1033.1229402841684], [1076.5489218316584, 1264.1289120402462], [885.3989966475334, 434.58690140932447], [717.5762468108668, 484.88186065811], [752.422017249469, 325.12591392937725], [946.4149847639542, 786.1558642477173], [955.6738529432333, 1037.415745626391], [976.0920610137553, 1264.6851701321937], [1001.0888128961034, 281.6920363605856], [1034.4869902412254, 293.4328649079091], [958.7076882339194, 281.843674672659], [931.6912113402656, 296.77838463242034]], "kpt2d_body_mask": [true, true, true, true, true, true, true, true, true, true, true, true, true, true, true, true, true, true, true], "kpt3d_body_mask": [true, true, true, true, true, true, true, true, true, true, true, true, true, true, true, true, true, true, true], "kpt_list": ["Thorax", "Nose", "Pelvis", "L_Shoulder", "L_Elbow", "L_Wrist", "L_Hip", "L_Knee", "L_Ankle", "R_Shoulder", "R_Elbow", "R_Wrist", "R_Hip", "R_Knee", "R_Ankle", "L_Eye", "L_Ear", "R_Eye", "R_Ear"]}