{"id": 6, "class": "person", "kpt3d_body": [[263.53230513229875, -184.97627448739067, 2545.2812708130427], [254.6475674026739, -338.32938729905254, 2340.5451929819715], [165.10298497079322, 321.74395835757775, 2535.784912048727], [425.30199465977364, -133.4132769342905, 2549.4560780976058], [529.6122982990712, 172.67596926673022, 2569.8588178295063], [565.2081087529949, 381.103752357218, 2448.977229908767], [252.5125125577767, 346.26707706039525, 2558.505456343877], [282.6110155817799, 763.8972180204814, 2560.6922057897564], [240.83409924682917, 1189.7629800603152, 2685.7843491753156], [114.45730845027529, -244.18503112484146, 2564.7949145136918], [-141.65259379481137, -291.61276364808816, 2699.7159929253708], [-152.13857477211383, -495.8371130452566, 2559.7114053754417], [77.6933903900426, 297.22192633392854, 2513.063464957797], [18.50580672883357, 569.8905318709677, 2145.7263742282485], [84.92111830743295, 929.6568563105216, 2382.1196351444028], [290.5152577057378, -374.3683798012536, 2350.2275221453992], [354.6197835237076, -375.8560009236022, 2435.571795084077], [227.65799706473882, -377.3597127763371, 2363.0619988987437], [204.21698368401132, -384.02230242974315, 2468.002605092245]], "kpt2d_body": [[1110.8219304987297, 439.36728592902216], [1118.7764361931868, 323.5186875326191], [1048.1690480978914, 763.1278495185812], [1213.0416767603854, 472.6506424516518], [1275.6763562501276, 665.7408021629625], [1313.4360026556228, 806.8761523872304], [1102.5449895751258, 776.4976281266253], [1119.0084496821853, 1033.471203102688], [1083.5943995992632, 1252.4637345343249], [1014.9867028661574, 402.63650409357905], [856.8506634886194, 381.9749310667444], [846.087229642864, 244.62618096369812], [992.608788087943, 749.3746787284533], [956.2225936923057, 983.6525267968274], [998.9692947658316, 1174.4839794671839], [1142.4874857903862, 300.09807715034765], [1177.8981613326098, 308.34231421856225], [1098.5003060110087, 299.1453506708126], [1076.55658608256, 305.5671266470859]], "kpt2d_body_mask": [true, true, true, true, true, true, true, true, true, true, true, true, true, true, true, true, true, true, true], "kpt3d_body_mask": [true, true, true, true, true, true, true, true, true, true, true, true, true, true, true, true, true, true, true], "kpt_list": ["Thorax", "Nose", "Pelvis", "L_Shoulder", "L_Elbow", "L_Wrist", "L_Hip", "L_Knee", "L_Ankle", "R_Shoulder", "R_Elbow", "R_Wrist", "R_Hip", "R_Knee", "R_Ankle", "L_Eye", "L_Ear", "R_Eye", "R_Ear"]}