{"id": 5, "class": "person", "kpt3d_body": [[141.69612641711976, 45.24774815957656, 2729.3261107464336], [301.7136262113701, -140.67050582276735, 2688.26377649587], [141.62679667404748, 422.3183697812867, 3061.803717001436], [56.28458548715471, -50.139310375287494, 2835.72326461433], [-72.95564358466747, 77.6117519050105, 3054.2529450940074], [141.47115063749598, 204.24598376066186, 3150.315565076262], [106.57975976109438, 351.5635616391583, 3125.928924264349], [240.0130278596292, 525.5787937955541, 3426.8569763661126], [12.40825095724543, 862.0540911702107, 3532.390420888477], [227.74982892567127, 146.7911235066765, 2626.368552504001], [253.50453472620524, 404.4208245605742, 2766.438075813723], [292.74689983485484, 617.7228227279509, 2925.802693121158], [176.6740406411016, 493.0743754004653, 2997.6786245310045], [122.34784669208739, 791.3553137996854, 3224.0643840732455], [64.38826569687049, 1098.8080694923663, 3477.4803718968947], [272.1453718847983, -180.181220986247, 2679.886946988021], [167.70071382851765, -177.39762403645727, 2685.150709087302], [296.80652443583904, -143.81172088824727, 2638.868193760691], [232.16257793503544, -87.3171522016959, 2579.6460639169163]], "kpt2d_body": [[1021.162340082214, 572.3143282495749], [1104.734072599009, 476.7094980480446], [1012.9404744763218, 740.1413475145328], [976.4607760641024, 524.6392117655449], [915.4381589727899, 584.6187730436603], [1011.330105270774, 639.3587823014494], [996.1662285320111, 705.2228109336625], [1045.7399999874183, 761.0787693436142], [953.5977747793522, 883.435041777056], [1069.430514661636, 626.8337636723627], [1075.5952694152636, 751.0850086204498], [1086.3143181211713, 838.7632435463904], [1030.3215898377114, 776.2963161226235], [1000.8393935666186, 885.1772498443617], [973.9296752039178, 977.3228548002306], [1089.9085789892188, 456.0310771748975], [1035.7296471959905, 457.48224093161997], [1105.0568934304674, 473.7074931873401], [1074.0471363192364, 502.2469310376328]], "kpt2d_body_mask": [true, true, true, true, true, true, true, true, true, true, true, true, true, true, true, true, true, true, true], "kpt3d_body_mask": [true, true, true, true, true, true, true, true, true, true, true, true, true, true, true, true, true, true, true], "kpt_list": ["Thorax", "Nose", "Pelvis", "L_Shoulder", "L_Elbow", "L_Wrist", "L_Hip", "L_Knee", "L_Ankle", "R_Shoulder", "R_Elbow", "R_Wrist", "R_Hip", "R_Knee", "R_Ankle", "L_Eye", "L_Ear", "R_Eye", "R_Ear"]}