{"id": 5, "class": "person", "kpt3d_body": [[70.60247313449008, 18.58400557405446, 2734.851753831708], [235.53012280790114, -134.84801659085434, 2696.750382562402], [55.512479172817486, 426.7935302346525, 3048.3364643540235], [9.398371871092488, -78.91812184458473, 2852.7222792694884], [-178.41522193949604, -9.372246877458252, 3069.4671858711545], [-64.91806108222163, 207.29127626642608, 3113.316319506985], [22.519767122756626, 374.94147360534413, 3131.5701748039155], [-22.21392527573436, 686.2361173462114, 3357.1563151870896], [-86.70045284018616, 1016.3783215647718, 3577.366793438953], [128.94078945929803, 116.0479893082578, 2613.691019094288], [117.13831376596218, 412.3131065842863, 2570.7463277737224], [139.65067447871448, 472.9788550070118, 2823.130295999973], [88.50519371536424, 478.644745590148, 2965.1022041294873], [98.17243350753682, 814.1396648167978, 3237.4736333840647], [27.02181771703539, 1127.556904159449, 3444.1829521048608], [208.99170994148972, -176.26674008793032, 2689.0247985920273], [105.45666407272475, -182.24160205737888, 2692.942415172263], [231.56783423775767, -139.31794679836727, 2647.7634366934712], [164.63547189833287, -88.79596377114396, 2587.5037836760694]], "kpt2d_body": [[984.7876662467196, 558.7110317163246], [1070.315075401592, 479.82970909114584], [974.0407594790432, 743.0818562997449], [953.3612583914374, 510.74381268142037], [867.7195133258058, 545.0047068537395], [919.7034653516079, 641.8231007533485], [958.7623757487258, 715.2663672864761], [939.6452017729417, 830.5193383412243], [915.7038498951985, 936.0523582815052], [1017.5317011050175, 610.992122278273], [1011.8670547286611, 770.8060833698345], [1017.2174373389748, 780.508768569777], [990.1124163971982, 772.2939786826064], [990.3516560602854, 893.188076169256], [959.420863734699, 991.9628953924152], [1056.9229149740233, 458.25157520509606], [1003.3263261790744, 455.1924359870186], [1070.4713798628447, 476.20751052306235], [1037.4376804300873, 501.5422264880393]], "kpt2d_body_mask": [true, true, true, true, true, true, true, true, true, true, true, true, true, true, true, true, true, true, true], "kpt3d_body_mask": [true, true, true, true, true, true, true, true, true, true, true, true, true, true, true, true, true, true, true], "kpt_list": ["Thorax", "Nose", "Pelvis", "L_Shoulder", "L_Elbow", "L_Wrist", "L_Hip", "L_Knee", "L_Ankle", "R_Shoulder", "R_Elbow", "R_Wrist", "R_Hip", "R_Knee", "R_Ankle", "L_Eye", "L_Ear", "R_Eye", "R_Ear"]}