{"id": 5, "class": "person", "kpt3d_body": [[64.46063076564401, 22.90117779387245, 2733.2520758534283], [229.30181865388036, -131.77293634046123, 2700.595215304703], [52.46687802254198, 426.39803576605414, 3048.451016784066], [3.839741495124409, -74.99860928295448, 2853.0072358704892], [-187.78134115398808, -6.489926934198138, 3066.567879350475], [-74.01752086300435, 210.00936975501887, 3110.8965259350334], [19.402380498409897, 374.9531305477379, 3129.193788883922], [-29.42804567799099, 683.0849916019497, 3353.183702866308], [-86.44829084771371, 1016.4639557383457, 3577.779920390224], [127.55733130571151, 121.52657706150919, 2615.2570413735593], [106.65128205161508, 415.96451076423875, 2569.866568217173], [129.00991505977404, 476.19784832465746, 2822.8858745308844], [85.53134062224288, 477.8428816171644, 2967.708317181237], [88.91364791931733, 813.6941764017804, 3232.6347422393637], [27.17138506657878, 1128.3330427412166, 3445.1788651330935], [202.76541751323828, -173.45723361110828, 2691.371457975727], [99.22824589327607, -179.2437380485208, 2689.893750143165], [226.90661540008222, -135.80161978281112, 2650.8587925091615], [162.7625448916112, -85.6110734002668, 2587.406774635678]], "kpt2d_body": [[981.673928869752, 560.9155413662876], [1066.9502174107704, 481.4991422263899], [972.6537808582692, 742.8988967017613], [950.6421582309722, 512.6591562709959], [863.3933862344996, 546.3083201986639], [915.6066836580311, 643.1029469909901], [957.3852232172289, 715.3971181740072], [936.6659118428006, 829.5787033923781], [915.8037810072859, 936.0411646032262], [1016.7505554370512, 613.8656644324426], [1006.2357935941712, 772.8368002869202], [1012.006928970532, 782.1006076133499], [988.6902686178892, 771.7367220119277], [986.4874218472971, 893.5181194382852], [959.4764216547046, 992.1297728078989], [1053.6241090859792, 459.7673300160958], [1000.166521838445, 456.62671952323507], [1067.8978915844586, 478.1249307710813], [1036.4364938831322, 503.249465142796]], "kpt2d_body_mask": [true, true, true, true, true, true, true, true, true, true, true, true, true, true, true, true, true, true, true], "kpt3d_body_mask": [true, true, true, true, true, true, true, true, true, true, true, true, true, true, true, true, true, true, true], "kpt_list": ["Thorax", "Nose", "Pelvis", "L_Shoulder", "L_Elbow", "L_Wrist", "L_Hip", "L_Knee", "L_Ankle", "R_Shoulder", "R_Elbow", "R_Wrist", "R_Hip", "R_Knee", "R_Ankle", "L_Eye", "L_Ear", "R_Eye", "R_Ear"]}