{"id": 5, "class": "person", "kpt3d_body": [[39.61632514895993, 24.656965670118183, 2722.529332433264], [189.2484671503999, -132.07506355487638, 2672.0024984905367], [53.78714695467745, 425.6469286376047, 3048.8394259479333], [-24.80276427872182, -68.43229879515107, 2837.9238627134123], [-51.57213506254462, -166.69175524879066, 3108.3653735612693], [64.29757617554942, -331.2679749471977, 2964.262269905086], [14.348977213437282, 376.8946637000968, 3130.1094976576505], [-29.445155211242184, 682.1376484322911, 3352.5217631992678], [-87.44149525555798, 1015.215194193928, 3578.128726651258], [86.2183167077207, 115.45166926592287, 2605.4112324950474], [266.072597641095, 307.36190951946, 2460.834038576102], [387.9936183376328, 103.30744233720779, 2369.287921528736], [93.22565728785676, 474.39874885187373, 2967.568326513363], [88.27886210026324, 811.9958120485331, 3229.3905170657804], [26.207259945120065, 1130.715278628079, 3445.041689406244], [163.25940135173244, -173.33777876185678, 2663.3907597026637], [58.84811803666817, -178.18776555220325, 2670.020482008399], [184.62995905174074, -134.91990459549726, 2623.955300257985], [116.78404841574365, -82.6650299907493, 2566.541443615838]], "kpt2d_body": [[969.0713618112537, 561.8604206751507], [1047.4089612212022, 480.5760471586241], [973.252117663804, 742.5363821241153], [936.5685181936016, 515.6852551438986], [925.6291513986024, 474.65474980593683], [978.929322758529, 394.22664444517045], [955.1384807968531, 716.202673850593], [936.6561335357264, 829.2527947907197], [915.4263657461998, 935.5487347308699], [994.9102822085792, 610.8935703654811], [1098.517676494166, 721.8157562404429], [1175.4894434558748, 609.4694594172411], [992.2861616849611, 770.156907044966], [986.2572507477249, 893.15822016431], [959.0963576456628, 993.0303460832934], [1034.1247225040654, 458.8429010651288], [979.4832861867907, 456.46473359059894], [1046.760069216841, 477.8149371952228], [1012.2162038384753, 504.4469259454032]], "kpt2d_body_mask": [true, true, true, true, true, true, true, true, true, true, true, true, true, true, true, true, true, true, true], "kpt3d_body_mask": [true, true, true, true, true, true, true, true, true, true, true, true, true, true, true, true, true, true, true], "kpt_list": ["Thorax", "Nose", "Pelvis", "L_Shoulder", "L_Elbow", "L_Wrist", "L_Hip", "L_Knee", "L_Ankle", "R_Shoulder", "R_Elbow", "R_Wrist", "R_Hip", "R_Knee", "R_Ankle", "L_Eye", "L_Ear", "R_Eye", "R_Ear"]}