{"id": 1, "class": "person", "kpt3d_body": [[-52.07706227106491, -501.2968379521833, 2862.3367070698537], [-144.00119497216588, -677.94044049335, 2944.8072862497947], [-49.337564630330945, 89.94594638219354, 2986.1923077772467], [-154.15519398543242, -476.9624945560174, 2766.378363274198], [-452.28570851879374, -551.6666577009933, 2690.5755912931463], [-357.58296554696767, -709.1828125404437, 2866.220473174162], [-122.47385226343818, 99.46431861324612, 2919.481928571946], [-112.42012615344112, 545.5795498088036, 2988.5139260191], [-101.69101920368284, 933.4592206050864, 3030.5776030002908], [70.8752290251324, -517.9956013967843, 2938.3634677709833], [202.41455384847117, -667.1801679309975, 3198.44690086097], [-7.955419861920188, -785.2845096219836, 3118.2313937815256], [23.798045305713682, 80.42765784133564, 3052.902270182065], [46.78711722776715, 519.1953446517037, 3107.5359079218447], [72.7806988978349, 909.7914071000678, 3169.9496708824036], [-151.63056696720713, -705.9499114055656, 2900.5842206993857], [-129.7736968320892, -668.640076928226, 2805.9458721688925], [-104.16036235887844, -711.4039399310941, 2935.1888184709605], [-12.407629881413797, -685.4919837066826, 2894.851867548183]], "kpt2d_body": [[914.3662831223987, 287.70489141632544], [866.8588743708988, 203.91565593222725], [916.7723333040454, 607.5589492513734], [855.8046296884935, 292.0645096179538], [682.6473279285863, 243.9679663522693], [749.9882074140438, 179.0644816630463], [876.8227365724532, 613.7238362888047], [884.0996628619905, 844.2374096776196], [891.1849636791534, 1032.9691777876635], [980.4364377998173, 285.9397759848334], [1041.2520193144776, 236.78766260447088], [938.8494749694664, 171.1022296472314], [955.0063867563143, 601.6458665367492], [966.296028211942, 820.5711934500434], [978.2616004773517, 1001.9738112093943], [861.7392181035963, 184.07231243651216], [871.0334015926591, 191.69179981104884], [887.7476424135875, 185.468285066538], [936.142762184831, 193.7633876680449]], "kpt2d_body_mask": [true, true, true, true, true, true, true, true, true, true, true, true, true, true, true, true, true, true, true], "kpt3d_body_mask": [true, true, true, true, true, true, true, true, true, true, true, true, true, true, true, true, true, true, true], "kpt_list": ["Thorax", "Nose", "Pelvis", "L_Shoulder", "L_Elbow", "L_Wrist", "L_Hip", "L_Knee", "L_Ankle", "R_Shoulder", "R_Elbow", "R_Wrist", "R_Hip", "R_Knee", "R_Ankle", "L_Eye", "L_Ear", "R_Eye", "R_Ear"]}