{"id": 1, "class": "person", "kpt3d_body": [[-84.09699847933459, -469.3002312783789, 2973.5940132489054], [-194.67254734302568, -677.858717092859, 3077.767271582659], [-105.965111447531, 81.58613625278932, 3079.77772716722], [-228.30072411469695, -458.62262532746445, 2880.3374327490537], [-240.64587210993898, -178.4181460224157, 2804.3545984117636], [-248.5341184396141, 67.55552243274764, 2901.7753721681765], [-187.36686221375973, 88.84916408042471, 3020.2264804391043], [-149.99959142849502, 496.0634833236828, 3062.0354434803635], [-113.26775992695177, 924.8150934147616, 3094.0812110201687], [51.087431864799264, -485.9058568491723, 3080.0843423521465], [161.1577574934882, -208.94442908477245, 3115.220144815049], [68.65138554789111, 34.88358635296663, 3202.2212690731612], [-24.563346921850552, 74.3240928455701, 3139.32914918687], [-13.600859314042397, 508.26171607516073, 3161.7894842446976], [5.092516642301895, 909.2597885366097, 3180.77785177954], [-204.4422572604285, -706.5029303006731, 3038.0755323951307], [-181.4721809388648, -677.595378086031, 2938.1663137716237], [-159.26106166610077, -710.4735467099845, 3074.512473853872], [-61.045404613235874, -693.4511546170297, 3033.9025041659197]], "kpt2d_body": [[898.5574644010941, 314.363451666375], [844.5092709839392, 219.1445275699487], [888.6634417306357, 601.8616444419232], [819.0377403988067, 312.52654042548943], [808.1718976443092, 460.86521038957085], [808.3163387895379, 596.7752147103516], [845.3001930074955, 606.4156006472991], [866.252899573351, 812.6244406268902], [886.4188868015516, 1019.4894802557965], [968.7053845249852, 314.4218911026362], [1023.985013365952, 455.3504252976987], [976.4622292890413, 577.4251545035892], [930.444785264802, 597.4616250693198], [936.0470349637284, 810.8467658580961], [945.2928841516703, 1000.3127113589057], [838.3741438789822, 200.56309969478247], [846.919166513496, 203.42302347962254], [862.3679009058853, 202.62515236187983], [911.5283545951665, 206.24238990669818]], "kpt2d_body_mask": [true, true, true, true, true, true, true, true, true, true, true, true, true, true, true, true, true, true, true], "kpt3d_body_mask": [true, true, true, true, true, true, true, true, true, true, true, true, true, true, true, true, true, true, true], "kpt_list": ["Thorax", "Nose", "Pelvis", "L_Shoulder", "L_Elbow", "L_Wrist", "L_Hip", "L_Knee", "L_Ankle", "R_Shoulder", "R_Elbow", "R_Wrist", "R_Hip", "R_Knee", "R_Ankle", "L_Eye", "L_Ear", "R_Eye", "R_Ear"]}