{"id": 1, "class": "person", "kpt3d_body": [[-65.11341288136697, -512.7397345549484, 2866.067600711698], [-160.1889352982944, -672.8833104094854, 2954.3593295724263], [-59.58417737752055, 87.92442931411713, 2995.462638213998], [-187.91235681023772, -496.12269244253537, 2765.0444142405263], [-399.21274378505973, -592.9310014267826, 2585.0440119026744], [-476.0890982076299, -813.6283559409547, 2670.4831523836515], [-138.22943642475803, 96.57373315894688, 2934.299184545655], [-114.73624459353209, 545.2416593284636, 2991.1808820059014], [-102.18256748290781, 932.7858465124701, 3031.2715705648156], [54.032887810654074, -534.907668601126, 2964.1509402203937], [269.9826155953733, -691.0492873726629, 3132.9990682959815], [213.47331898171547, -926.7589470457584, 3205.592067252496], [19.061725122112616, 79.27722517336008, 3056.6256592025265], [44.86295466167455, 517.7026801479601, 3108.522178218913], [71.96082294777932, 909.6264555557258, 3170.464599979093], [-173.6248874635389, -700.6837553373323, 2917.23373120626], [-151.0200239445763, -670.4872554163346, 2818.3865073404995], [-127.07130176605034, -705.6875142024153, 2953.0326680422945], [-32.31110380811, -688.4644144503723, 2911.1103959924803]], "kpt2d_body": [[907.3146199579053, 281.9416320107617], [858.5848234894686, 207.67596284547665], [911.4752305971829, 606.3540045966465], [836.8087001740523, 281.4073310600061], [704.1163286288662, 206.8799998829678], [670.0065968732205, 95.43497520057053], [868.7246757188194, 611.9058226107493], [882.9435286037134, 843.8112721038603], [890.9452186126271, 1032.5366828717572], [971.2302652464606, 279.5264788620902], [1076.6206612902408, 218.8472073819243], [1045.536471165719, 115.79010309080434], [952.554926405595, 601.0059042743849], [965.3223008527398, 819.7523173711008], [977.8571195334694, 1001.8283191083077], [850.4958763452854, 188.95458568272346], [859.6635419898462, 192.3518845741097], [876.0283601238306, 190.64677749916603], [925.563421640525, 194.22986909672733]], "kpt2d_body_mask": [true, true, true, true, true, true, true, true, true, true, true, true, true, true, true, true, true, true, true], "kpt3d_body_mask": [true, true, true, true, true, true, true, true, true, true, true, true, true, true, true, true, true, true, true], "kpt_list": ["Thorax", "Nose", "Pelvis", "L_Shoulder", "L_Elbow", "L_Wrist", "L_Hip", "L_Knee", "L_Ankle", "R_Shoulder", "R_Elbow", "R_Wrist", "R_Hip", "R_Knee", "R_Ankle", "L_Eye", "L_Ear", "R_Eye", "R_Ear"]}