{"id": 4, "class": "person", "kpt3d_body": [[-48.15978106120403, -101.79757496277745, 2609.0720960721064], [31.57396387172195, -259.696803930899, 2446.736083275996], [-78.90209130198899, 418.4898138630142, 2587.7985616384276], [99.29986484655018, -94.04483941924411, 2691.1130301374124], [161.6007959453388, 186.6664279326423, 2704.4204738358762], [223.89307025642822, 437.23473250935785, 2667.414043947755], [12.577209941058545, 427.1026202060065, 2625.6970326132573], [-15.281120370850783, 850.3839885507841, 2640.7656025426763], [-40.612283643527164, 1254.6102513190967, 2638.5069186676974], [-199.7036355913555, -110.86405386211254, 2536.9232783104567], [-270.42130854781243, 187.11505417907617, 2513.355704361248], [-303.82732353814384, 419.61116076895405, 2436.553826191049], [-170.38107550885982, 409.8789259576524, 2549.8979980372287], [-240.70677443749972, 830.4665038691612, 2534.6654869635395], [-297.35896437177774, 1227.3007844284796, 2540.19978747574], [54.086041569273675, -293.9958067501354, 2473.0428746657494], [61.977669449991026, -298.4459409225039, 2583.1955985743393], [0.9622257307519355, -296.3071356745337, 2450.4969713216883], [-76.5426202656227, -304.5157030864823, 2516.7178014615342]], "kpt2d_body": [[930.1279572180177, 490.7972941642063], [973.9565837864932, 397.5560564766603], [913.6158893508142, 769.2218261449888], [1007.5575877441562, 496.4838363249193], [1039.389739111346, 641.3477711900966], [1072.328144169559, 771.8557605206831], [962.6156293618624, 770.5759639284214], [948.1288147626406, 982.1575578301552], [935.7323836208809, 1171.6479973947153], [846.0374636388776, 484.37521026725733], [806.1131102415936, 648.6313337339977], [783.6698091993983, 782.548482269784], [863.2485379647042, 767.6670298518294], [827.2321738417781, 988.3193184293187], [802.1616284227538, 1178.766087098787], [986.4386313892392, 379.9790812239702], [989.4030844266025, 384.5993989292216], [956.5028457681046, 377.1507322700502], [913.5781206949771, 377.0884241806898]], "kpt2d_body_mask": [true, true, true, true, true, true, true, true, true, true, true, true, true, true, true, true, true, true, true], "kpt3d_body_mask": [true, true, true, true, true, true, true, true, true, true, true, true, true, true, true, true, true, true, true], "kpt_list": ["Thorax", "Nose", "Pelvis", "L_Shoulder", "L_Elbow", "L_Wrist", "L_Hip", "L_Knee", "L_Ankle", "R_Shoulder", "R_Elbow", "R_Wrist", "R_Hip", "R_Knee", "R_Ankle", "L_Eye", "L_Ear", "R_Eye", "R_Ear"]}