{"id": 4, "class": "person", "kpt3d_body": [[-22.674231665218922, -173.37223022366857, 2577.6451429042872], [38.54959301728773, -235.90685625007524, 2427.1229583749714], [-51.088228881753224, 373.377443352403, 2567.7524467630183], [97.40087330483308, -170.83264977998596, 2625.80759578161], [271.0369521787464, -415.35119140303067, 2621.2465077873067], [269.9759451101034, -671.603247660185, 2568.5896327408977], [25.918403319088892, 376.5872354261303, 2603.305852405117], [-24.323317711892027, 824.4755210288192, 2625.4626496649803], [-62.55848621671468, 1247.6362914615233, 2619.2565031241024], [-140.47828861835612, -184.85735905083033, 2529.6278701417127], [-192.7571876343528, -447.73820045653395, 2374.631829975634], [-88.80711126381829, -675.4482065621553, 2361.3454114465253], [-128.09489339827462, 370.1666468702112, 2532.1990520448794], [-175.07076009639235, 812.6556080952179, 2550.5899247181383], [-199.80559888544306, 1242.1344773637866, 2567.4783602737743], [64.86026812970681, -269.35924401126925, 2444.546669016232], [81.73754934301687, -295.13411013274236, 2546.3950060023244], [11.75827225667133, -273.6851389127378, 2421.020169474307], [-56.94125558148272, -300.65820565724607, 2488.4619737952285]], "kpt2d_body": [[943.6548887900293, 451.46874984909374], [978.1216333796744, 409.9327571786962], [928.2831056609765, 746.951948257348], [1007.7861748638055, 454.559838861547], [1099.2405020569774, 326.2606880910239], [1099.9149847448518, 188.15849436362168], [969.810199753248, 745.9410766870494], [943.378293198091, 971.8687039642301], [924.5235514764233, 1172.5826479871116], [878.4172747100846, 443.47483764520007], [843.7061016117327, 285.16494915342366], [904.5497326793525, 155.03195099488596], [885.6421586941356, 747.884130754991], [862.6827445464488, 977.2370327759586], [853.590301710286, 1180.6046100084056], [992.9549294561896, 391.9845754208047], [1000.6982115878183, 384.1099898237783], [962.7274125351764, 388.0110020281563], [924.068049614222, 377.31127395870726]], "kpt2d_body_mask": [true, true, true, true, true, true, true, true, true, true, true, true, true, true, true, true, true, true, true], "kpt3d_body_mask": [true, true, true, true, true, true, true, true, true, true, true, true, true, true, true, true, true, true, true], "kpt_list": ["Thorax", "Nose", "Pelvis", "L_Shoulder", "L_Elbow", "L_Wrist", "L_Hip", "L_Knee", "L_Ankle", "R_Shoulder", "R_Elbow", "R_Wrist", "R_Hip", "R_Knee", "R_Ankle", "L_Eye", "L_Ear", "R_Eye", "R_Ear"]}