{"id": 5, "class": "person", "kpt3d_body": [[9.881675220798927, -372.91974208167414, 2768.7237870972053], [-79.62520093650001, -548.322998992977, 2870.851438285741], [8.147436518984447, 130.06392470357255, 2887.2718489732433], [-124.22078951354789, -350.2021166980119, 2681.677268326839], [-381.1241035233585, -245.07466436174695, 2614.3336761005994], [-401.6181252200773, -482.50890947311336, 2685.7410312489365], [-68.01175768045739, 152.5923575377206, 2827.9447371349875], [-62.27397980143298, 532.1637326180995, 2882.4610056455167], [-21.363538064855085, 933.2517210554556, 2921.374409749406], [141.74655568370758, -392.5497532157691, 2850.871480752103], [332.0045442909669, -384.15516990761614, 3077.6842320395504], [247.43627670122748, -612.0886512011374, 3137.618589458926], [84.30646129416063, 107.53551279197339, 2946.5988566113774], [89.88957434739132, 523.5765188189466, 3034.440629713933], [127.37852150608988, 908.3086187935326, 3066.1645731863573], [-93.50316429990131, -579.3022967084796, 2832.900982147292], [-79.58136123718006, -559.8802953455486, 2731.5785132716164], [-43.790960678447625, -581.1906647547589, 2866.7584950695145], [46.272599944531905, -568.5204671562117, 2817.685809182033]], "kpt2d_body": [[948.3537934289698, 350.04605231875524], [899.5341332145423, 263.4354707113164], [947.185664565576, 630.9422197500639], [870.2407829640389, 356.5077002130504], [715.1285234320392, 414.4027083515281], [710.5680865149664, 282.1825160296704], [904.9598588752243, 644.8752233926385], [909.0760453156703, 847.4623644783264], [931.5969587080515, 1049.9237620427734], [1020.5806857663546, 345.5059648257093], [1111.3839736560096, 365.8400132782315], [1065.5731796682608, 257.52727738469855], [987.7263788597947, 617.5394014202475], [989.0313702626298, 828.9374771445237], [1006.8651244634873, 1015.5551392595121], [891.3869107675988, 242.86275438827874], [897.4164265008575, 242.1205681345191], [918.9881333337709, 245.47270865510905], [968.3709027437677, 246.93668898115823]], "kpt2d_body_mask": [true, true, true, true, true, true, true, true, true, true, true, true, true, true, true, true, true, true, true], "kpt3d_body_mask": [true, true, true, true, true, true, true, true, true, true, true, true, true, true, true, true, true, true, true], "kpt_list": ["Thorax", "Nose", "Pelvis", "L_Shoulder", "L_Elbow", "L_Wrist", "L_Hip", "L_Knee", "L_Ankle", "R_Shoulder", "R_Elbow", "R_Wrist", "R_Hip", "R_Knee", "R_Ankle", "L_Eye", "L_Ear", "R_Eye", "R_Ear"]}