{"id": 5, "class": "person", "kpt3d_body": [[-4.7664474800609185, -370.5195251805053, 2768.4883371469878], [-87.77434341730353, -550.4750709311104, 2867.4323985885885], [-11.725406892611703, 129.19484044718558, 2896.188330424101], [-141.53343355603016, -348.81464760628216, 2684.1437855554545], [-402.31938289090124, -246.77782270400385, 2631.152852664568], [-445.6061902771255, -471.00034177143004, 2708.8795283089526], [-95.85726536592793, 154.855395264819, 2842.8419675526784], [-73.49034394728272, 532.3071784938772, 2888.520168605208], [-22.693107922567766, 934.148119707309, 2922.4620893065485], [129.23933541395942, -387.79970315004743, 2846.1710040808243], [321.4317194839006, -358.00180401210173, 3077.7388207426675], [195.94507653989896, -558.313318745664, 3141.103957638561], [72.4069992161857, 103.5332525739419, 2949.534747068057], [76.38647835127982, 521.7307472238604, 3043.82961957443], [125.43004644158437, 908.3989209731704, 3066.575401008749], [-101.7347330838406, -582.7142557632668, 2830.2315093969805], [-90.47680291317542, -559.5169861769075, 2729.5947685332912], [-50.727209680757255, -581.9734772818283, 2862.514454502552], [37.669936992538254, -564.8785268060662, 2812.9689099220946]], "kpt2d_body": [[940.0675105550856, 351.3715583887209], [895.0576948263731, 261.9521121818213], [936.3855918850734, 630.254598139358], [860.2190252076506, 357.525295033], [704.1250299026018, 414.39965291131404], [687.4902686791341, 291.297617758994], [889.7752643484279, 645.6657481841431], [903.0898758969918, 846.9324241154509], [930.9021632498412, 1050.1986051037054], [1013.8440095484101, 347.71680983566296], [1106.1123382921598, 378.9709187977868], [1040.096147740989, 283.89906221992464], [981.3421703199605, 615.3599793524605], [981.9665823906009, 827.2029336057456], [1005.877794205746, 1015.5446936703024], [886.819811025028, 240.74807854180398], [891.1708114323812, 242.11563807301644], [915.1802789431063, 244.60417215100472], [963.6507468285511, 248.39009609169045]], "kpt2d_body_mask": [true, true, true, true, true, true, true, true, true, true, true, true, true, true, true, true, true, true, true], "kpt3d_body_mask": [true, true, true, true, true, true, true, true, true, true, true, true, true, true, true, true, true, true, true], "kpt_list": ["Thorax", "Nose", "Pelvis", "L_Shoulder", "L_Elbow", "L_Wrist", "L_Hip", "L_Knee", "L_Ankle", "R_Shoulder", "R_Elbow", "R_Wrist", "R_Hip", "R_Knee", "R_Ankle", "L_Eye", "L_Ear", "R_Eye", "R_Ear"]}