{"id": 5, "class": "person", "kpt3d_body": [[-4.647037182675161, -368.0800428041654, 2769.5544509477877], [-87.07760179479166, -551.7448840441677, 2868.005404984099], [-11.920863233626076, 129.24442379747745, 2897.1061072597886], [-140.8871926397123, -348.69165380441063, 2684.486246301776], [-402.1324813671168, -247.2763211416256, 2633.1960795555165], [-446.2440196651874, -471.3799505256445, 2711.9171581194078], [-95.40206441987145, 154.77682533095305, 2843.4528500570655], [-73.20376554138903, 533.1000645232681, 2888.3748315429334], [-22.505912676882183, 932.2366148871138, 2922.0088367641365], [124.5926342557662, -384.34414846061475, 2857.422074944414], [320.4532264585359, -356.4279872452498, 3078.9605920730664], [194.68540837624775, -553.8904847396834, 3142.8348127662093], [71.56022572158302, 103.71006388444414, 2950.758961779382], [76.33324904331074, 522.2257559724366, 3044.328421117729], [125.47983862495954, 908.1175928130357, 3066.614536220364], [-100.92130021244863, -583.4001146636779, 2830.881746809324], [-89.93094499232959, -559.9393683207539, 2730.3266401577953], [-50.44533334809705, -582.9240007680038, 2862.5819777970455], [38.43541067659069, -565.0785731594663, 2813.290643749213]], "kpt2d_body": [[940.1357022313202, 352.8154402708725], [895.4475879192241, 261.33287768284004], [936.2815561923703, 630.2592542562652], [860.6055499724877, 357.6206456092366], [704.4189370120964, 414.2170939319661], [687.4110980702696, 291.3822617506482], [890.0379437086646, 645.6044745011791], [903.2436405552786, 847.3672248971468], [930.9975096715909, 1049.310994891373], [1011.0279376441395, 350.41110659049576], [1105.5578589454813, 379.83156141830466], [1039.4295309817096, 286.20391339262903], [980.8750995817392, 615.4311989945792], [981.9324886607405, 827.4095773111624], [1005.9027009299481, 1015.4032031094325], [887.2808230701116, 240.44951238189196], [891.496289903706, 241.96261825217084], [915.335229177716, 244.10506664853648], [964.0722344957236, 248.31707548161353]], "kpt2d_body_mask": [true, true, true, true, true, true, true, true, true, true, true, true, true, true, true, true, true, true, true], "kpt3d_body_mask": [true, true, true, true, true, true, true, true, true, true, true, true, true, true, true, true, true, true, true], "kpt_list": ["Thorax", "Nose", "Pelvis", "L_Shoulder", "L_Elbow", "L_Wrist", "L_Hip", "L_Knee", "L_Ankle", "R_Shoulder", "R_Elbow", "R_Wrist", "R_Hip", "R_Knee", "R_Ankle", "L_Eye", "L_Ear", "R_Eye", "R_Ear"]}