{"id": 5, "class": "person", "kpt3d_body": [[10.085343978982442, -361.4844724207096, 2749.727346118632], [-71.41486135282874, -549.688776300198, 2840.510722036475], [-13.36421013230457, 132.83791098557145, 2892.070824217387], [-120.59710518361788, -342.79749691752795, 2665.8230012977147], [-325.9988489386518, -219.82061552760015, 2838.707919809298], [-281.11023932917715, -450.0860427957447, 2905.9692686721437], [-100.51906699308114, 158.9848177100741, 2842.4657718213766], [-69.73495312256712, 533.4391254491937, 2883.4943479661397], [-22.3298981810448, 934.5233762289963, 2922.524227229726], [138.34989490268288, -379.67822410993097, 2847.652501301759], [129.4066714633354, -302.4499907706554, 3117.648450734224], [-31.665810495154698, -499.6025970106889, 3070.3975647584866], [73.79043195475775, 106.69006535692745, 2941.675461485386], [82.63992646470655, 523.7495935012448, 3035.4011605802384], [125.10282521048252, 909.9149919269006, 3066.6076397918287], [-86.1689841624771, -578.3633898101219, 2802.6360099390245], [-71.31304195686786, -550.7626513355451, 2703.4005270027797], [-31.61493145634049, -580.2042371687655, 2834.648587650966], [53.652486515137056, -561.8088225682812, 2786.431458142784]], "kpt2d_body": [[948.5087838933324, 355.045790063646], [903.587108699566, 259.5719288794522], [935.4861064891928, 632.3259685099251], [871.9269227092345, 359.60218781852336], [762.9814978631148, 439.4847754743122], [791.822694716063, 319.38298434296337], [887.1955244105321, 647.9465081293367], [905.0542241696766, 848.0295749138705], [931.0937203205293, 1050.3774008598525], [1018.8233300467153, 352.2539945861027], [1007.873059933324, 408.6226754105429], [926.6514079117359, 306.78196842112476], [982.1836843020878, 617.187338660683], [985.2884201523311, 828.9488691169756], [1005.7091712130537, 1016.2725127808469], [894.9141771622247, 239.99829052211692], [901.6997138849952, 243.9924791991499], [925.4133943715417, 242.4935542999388], [972.7841960152178, 247.16471164150323]], "kpt2d_body_mask": [true, true, true, true, true, true, true, true, true, true, true, true, true, true, true, true, true, true, true], "kpt3d_body_mask": [true, true, true, true, true, true, true, true, true, true, true, true, true, true, true, true, true, true, true], "kpt_list": ["Thorax", "Nose", "Pelvis", "L_Shoulder", "L_Elbow", "L_Wrist", "L_Hip", "L_Knee", "L_Ankle", "R_Shoulder", "R_Elbow", "R_Wrist", "R_Hip", "R_Knee", "R_Ankle", "L_Eye", "L_Ear", "R_Eye", "R_Ear"]}