{"id": 5, "class": "person", "kpt3d_body": [[-184.71657048933798, -334.5511863169138, 2788.8432729233646], [-370.8247278173565, -454.88872638333066, 2693.2509638385645], [-114.66799611743528, 146.93712653176803, 2887.4404176077196], [-182.05709283135388, -283.0815673420698, 2630.9672136378917], [-139.43254309910083, 8.65045716040413, 2635.0549674547283], [-284.6287019588282, 216.08899522144284, 2670.91572721918], [-123.68786086524452, 162.2774608772238, 2787.029236974927], [-265.6252544186819, 563.0131912345568, 2811.3176108499574], [-310.723335457102, 935.7370806730854, 2862.06460555748], [-179.63772923309662, -378.97681529148554, 2949.168266262298], [-134.61967976153178, -142.0753731626941, 3122.992747911658], [-240.3483792744856, 85.45816901134572, 3194.9192373225883], [-105.64762908359347, 131.59479930401176, 2987.8513410851565], [-11.300112720466103, 506.74983286978346, 3036.099853011238], [114.60151836035692, 899.2693484717429, 3073.9592839430907], [-345.0019940701825, -486.106771734341, 2662.2533147766876], [-244.4093340177127, -498.8389127898698, 2653.4661234181153], [-369.313885960383, -499.2903730227606, 2716.4642873732687], [-302.75971153835394, -530.7350226033118, 2789.7080188197215]], "kpt2d_body": [[839.057578534232, 373.0866154401762], [728.6236905621654, 298.42014319566505], [880.3594889186259, 640.0509812856287], [834.3550332360451, 392.2950462156902], [859.5900271849194, 565.4896543185957], [775.8931698302449, 686.6410909183303], [873.0483224203439, 651.516810079662], [795.88942788915, 870.749302704018], [776.5280088010842, 1059.665430058817], [847.4242472969868, 359.8172098929298], [875.021992945349, 489.084270367154], [824.6286153033923, 602.2168692770944], [887.1852461958721, 629.3465017104916], [936.9577150593259, 820.32002197738], [1000.3233836523467, 1010.117316491751], [741.3356718665194, 277.3488009283261], [799.3882957186183, 268.55363243680785], [731.546230301772, 275.6105828611783], [773.9916505185125, 265.33545545994104]], "kpt2d_body_mask": [true, true, true, true, true, true, true, true, true, true, true, true, true, true, true, true, true, true, true], "kpt3d_body_mask": [true, true, true, true, true, true, true, true, true, true, true, true, true, true, true, true, true, true, true], "kpt_list": ["Thorax", "Nose", "Pelvis", "L_Shoulder", "L_Elbow", "L_Wrist", "L_Hip", "L_Knee", "L_Ankle", "R_Shoulder", "R_Elbow", "R_Wrist", "R_Hip", "R_Knee", "R_Ankle", "L_Eye", "L_Ear", "R_Eye", "R_Ear"]}