{"id": 5, "class": "person", "kpt3d_body": [[-64.96113832476152, -116.80522531745396, 2777.7625621876746], [-211.50284357797722, -292.88484350050766, 2756.6945644185253], [-109.59472169745347, 369.8032261206285, 2919.5676638154728], [-102.10609095503568, -73.45248918184637, 2632.5028927532894], [-306.5302469671792, 112.15634338471062, 2707.8563257833816], [-343.3158475264073, -123.30350279092272, 2723.632395437342], [-132.61676452098078, 412.11056742746234, 2827.5734056100473], [-83.09317386505022, 771.746142856677, 2924.6465021430686], [-22.509082629654344, 1157.9009520291304, 3032.541730110973], [-50.285976289280725, -152.93619375237284, 2931.5847589710556], [-246.3411799957548, 21.073006812153352, 3044.5623535542295], [-330.59619754450875, -177.2430301768236, 2917.524307079573], [-86.57254891678953, 327.4957063665272, 3011.5625863007444], [-90.7699816407383, 735.936634702372, 3135.3955677207778], [-29.88824693017989, 1107.7970884985589, 3234.622521952563], [-196.37002699855833, -319.05361243116346, 2717.1814391371036], [-111.9626979378748, -294.24199822117714, 2663.020063950584], [-186.15472059139984, -332.41550823577114, 2777.1041425030303], [-87.93427263928825, -327.9888731251219, 2808.4380040657443]], "kpt2d_body": [[893.1362318721441, 474.28080305216105], [794.2775192718084, 355.6504375403816], [866.9971451527864, 786.8062993018007], [864.481979731181, 500.5387088345223], [726.4895068494022, 629.0293292331468], [702.7737746829597, 468.5347893921029], [849.7119169861838, 821.8675587221137], [884.4145272141731, 1036.8821755790252], [923.2528620517535, 1247.1573427886376], [904.7379042373644, 455.51330015181156], [786.2242674877914, 565.1587984366777], [726.3545121419811, 439.85725844685476], [883.2651747147294, 753.7985553466457], [883.2965211024584, 984.2407710139507], [919.8567453604129, 1177.4627580181757], [802.584891572989, 335.02799171014294], [858.5903688364419, 347.67189373025167], [812.2977809707263, 330.80458298554953], [878.5263551535487, 336.0332205292626]], "kpt2d_body_mask": [true, true, true, true, true, true, true, true, true, true, true, true, true, true, true, true, true, true, true], "kpt3d_body_mask": [true, true, true, true, true, true, true, true, true, true, true, true, true, true, true, true, true, true, true], "kpt_list": ["Thorax", "Nose", "Pelvis", "L_Shoulder", "L_Elbow", "L_Wrist", "L_Hip", "L_Knee", "L_Ankle", "R_Shoulder", "R_Elbow", "R_Wrist", "R_Hip", "R_Knee", "R_Ankle", "L_Eye", "L_Ear", "R_Eye", "R_Ear"]}