{"id": 3, "class": "person", "kpt3d_body": [[-115.3967308940693, -90.0160012794241, 2766.343730153189], [-236.68493599000269, -144.57302684550115, 2634.535667598803], [-106.34455254754131, 380.27334824206105, 2978.570092569061], [-8.281007496204133, -59.009486525245336, 2670.3526373518016], [115.17631553853262, 96.85976787909127, 2546.6928440406123], [20.83291793581481, -34.53591630045025, 2386.1024166865855], [-38.31481986616034, 412.5958632892906, 2904.773190548285], [-18.02888758917546, 691.9668504493056, 3073.4993534659106], [5.2676987751743765, 1000.3173524626561, 3248.063242043825], [-187.9319959565402, -145.98150702563686, 2884.3213376990843], [-326.5362115730494, -100.15916839249428, 3069.1464558402554], [-462.0445796592813, -252.90508800632722, 2971.311497203544], [-174.37414823802004, 347.95003464180013, 3052.3663361473195], [-141.3347158757295, 641.5752853773686, 3188.9943107503896], [-109.57064242373443, 963.4453440679125, 3335.6444364751264], [-211.97326311705095, -175.01899528500417, 2608.3722823517223], [-121.20035892726115, -195.84458063994262, 2619.5458763620954], [-248.45188505891616, -186.28291267536653, 2650.8746805419382], [-212.28479226059642, -231.3012442123582, 2725.749140378735]], "kpt2d_body": [[871.9493807648412, 498.7377894762404], [800.3964520245232, 465.646691849737], [881.1366001801442, 736.5931619663124], [929.5926297521463, 514.2689960897503], [1001.733697385507, 603.8325886679859], [947.2685544680303, 525.6295758325276], [914.6308901229328, 757.7627369707342], [925.5932152004, 878.3986665148684], [936.6269130059934, 995.4819351393942], [837.0559609685095, 471.9004003318645], [775.7931000041133, 498.7164631464801], [703.7930517482052, 421.36035240904744], [849.2472735563515, 716.3612391682332], [868.747708987906, 843.7635457204537], [886.2076564646734, 968.6354084127403], [813.1669210018381, 447.4823535718127], [865.2413267844721, 435.9947081828875], [794.7043225056507, 442.83680406162694], [818.2743412135857, 421.15974969675733]], "kpt2d_body_mask": [true, true, true, true, true, true, true, true, true, true, true, true, true, true, true, true, true, true, true], "kpt3d_body_mask": [true, true, true, true, true, true, true, true, true, true, true, true, true, true, true, true, true, true, true], "kpt_list": ["Thorax", "Nose", "Pelvis", "L_Shoulder", "L_Elbow", "L_Wrist", "L_Hip", "L_Knee", "L_Ankle", "R_Shoulder", "R_Elbow", "R_Wrist", "R_Hip", "R_Knee", "R_Ankle", "L_Eye", "L_Ear", "R_Eye", "R_Ear"]}