{"id": 3, "class": "person", "kpt3d_body": [[-109.28232574591631, -93.2923915402732, 2764.428633977558], [-216.25855238018318, -149.6045896703501, 2633.8929516122557], [-120.09933126211321, 393.1885005981087, 2958.665798308389], [-1.2520421579839969, -57.52239458751589, 2658.52728089428], [-84.25583323099488, 69.47259363292346, 2467.5708590229588], [-243.25966206355216, -102.14687200972648, 2468.6020752470727], [-36.37417364020013, 424.29862186474344, 2888.3033664106574], [-21.148617665883222, 695.5535922863314, 3066.2016804257282], [4.621785644321532, 1000.313593394726, 3247.555957962385], [-219.77596895815583, -133.8567783842521, 2870.0240024536465], [-440.136496856079, -99.72755010861661, 2852.0303493474876], [-404.1373159952681, -174.6875604586664, 2634.647673569597], [-203.8235664569233, 362.0781551615224, 3029.028602866922], [-144.462668795995, 644.3520165988826, 3183.3290201125974], [-109.3023309068588, 964.7994045059908, 3334.0009629706788], [-193.04199549149484, -178.5305274847846, 2614.907516642772], [-105.4660757730905, -198.6851895596105, 2624.2310742796235], [-225.93048208427746, -191.10589045610197, 2654.444363210671], [-204.6020465917319, -229.65816998672437, 2726.864779690756]], "kpt2d_body": [[875.2066780182339, 496.9377787215909], [811.8803183316361, 462.7635168814629], [873.8935980968215, 744.2539531543966], [933.5216361431137, 514.9558188228102], [883.2393759431417, 589.1376822958781], [787.4475416227433, 485.7110980854851], [915.5248021505662, 764.891852262665], [924.0744100576545, 880.8428704613898], [936.3370497422825, 995.5472764487554], [820.0626149506636, 477.8327449442007], [705.1709548426902, 495.41602100904754], [706.7169368824123, 449.0854034040671], [834.1967738621777, 724.4676730009509], [867.1892688601381, 845.5328177238282], [886.3053402553867, 969.4045695570693], [824.2252995201146, 445.70966320439277], [874.2980544402432, 434.5717241046091], [807.4790355308078, 440.24299483732585], [822.5005749114933, 422.0887360804509]], "kpt2d_body_mask": [true, true, true, true, true, true, true, true, true, true, true, true, true, true, true, true, true, true, true], "kpt3d_body_mask": [true, true, true, true, true, true, true, true, true, true, true, true, true, true, true, true, true, true, true], "kpt_list": ["Thorax", "Nose", "Pelvis", "L_Shoulder", "L_Elbow", "L_Wrist", "L_Hip", "L_Knee", "L_Ankle", "R_Shoulder", "R_Elbow", "R_Wrist", "R_Hip", "R_Knee", "R_Ankle", "L_Eye", "L_Ear", "R_Eye", "R_Ear"]}