{"id": 3, "class": "person", "kpt3d_body": [[-160.38368022605025, -94.46873020614518, 2758.237627561104], [-259.11094738872686, -137.57933441066697, 2598.9552589487653], [-116.56872141773312, 331.7750214934213, 2951.8680163721356], [-33.77214441501975, -100.37072587600264, 2682.5420829325785], [129.7142563371903, -59.77805284567481, 2520.4823134107264], [-61.7777394081712, -100.46687094592514, 2414.2528698317965], [-57.79039167965031, 355.3303411520967, 2863.393861093159], [-184.03825236398148, 678.974181076884, 2846.98395801636], [-16.75829802200723, 989.4620888873936, 3083.4629637817698], [-287.36916111633263, -107.90921816905609, 2852.6201213930863], [-336.99739529586594, 112.23924108794336, 2990.979448901185], [-399.6730941896932, 340.5806815549296, 2988.4432365022826], [-175.34677536261373, 308.2199294643135, 3040.341679591268], [-164.7394171993852, 645.0644292303209, 3180.7366460167036], [-95.24263370512664, 941.6507132028124, 3355.458581299572], [-229.62847889759274, -171.67668333581346, 2577.633217433004], [-142.72640294932802, -191.80664220926914, 2610.692997004736], [-274.4217167345481, -178.07395236490052, 2617.5856382257925], [-260.8628828587306, -215.27047472815724, 2701.2565299952216]], "kpt2d_body": [[847.4578028927699, 496.21433236959354], [785.7751344831536, 468.5628788398583], [875.4528098172708, 714.0799452157287], [915.4238292634251, 491.4565039284152], [1011.0531730585473, 511.8797193607404], [896.0192098171026, 485.21606860858344], [904.2032128447157, 731.3746282632642], [839.1597545148309, 897.1370708738666], [926.3475419396042, 1013.4062709490364], [784.1812454894867, 490.9889804271369], [766.5247715000131, 602.9151528431812], [736.0308237141008, 715.6802833852964], [848.3751209362804, 697.742482094905], [857.730968028675, 846.0468892103831], [892.6868898815724, 957.1503070672345], [801.5641739869575, 448.2525543230471], [852.727878511715, 437.9371246943011], [778.238269244316, 446.21631217062276], [790.5396027341277, 428.9054379676135]], "kpt2d_body_mask": [true, true, true, true, true, true, true, true, true, true, true, true, true, true, true, true, true, true, true], "kpt3d_body_mask": [true, true, true, true, true, true, true, true, true, true, true, true, true, true, true, true, true, true, true], "kpt_list": ["Thorax", "Nose", "Pelvis", "L_Shoulder", "L_Elbow", "L_Wrist", "L_Hip", "L_Knee", "L_Ankle", "R_Shoulder", "R_Elbow", "R_Wrist", "R_Hip", "R_Knee", "R_Ankle", "L_Eye", "L_Ear", "R_Eye", "R_Ear"]}