{"id": 3, "class": "person", "kpt3d_body": [[-83.72273483601049, -7.00965479789545, 2825.562053864264], [-228.18471408198144, -47.70112769983058, 2699.8278604612105], [-135.54025218750084, 349.56373482253326, 3203.913342198205], [-25.418058385125235, 109.18948469763549, 2724.0303978988295], [26.70010257655937, 285.68657878754107, 2628.8185041741817], [-81.0335730750627, 153.13291013528, 2488.274467708597], [-95.8578945373024, 432.01928522966614, 3137.2758027632763], [-95.03124543503918, 608.6100195437969, 3404.921261290153], [-99.64898302336344, 826.517782640062, 3686.643888586639], [-127.71273353981437, -121.92969232391945, 2926.3377678087522], [-246.31210472216836, -207.91346150128533, 3104.2633804757997], [-333.3469956885501, -326.85705099099437, 2952.5288854081246], [-175.22258366445703, 267.1080179166717, 3270.551028579161], [-178.56574257997778, 490.49816105183095, 3505.79336166885], [-182.94322743039075, 730.5339850904832, 3764.7292675064614], [-204.46580987082012, -57.84037860713667, 2660.525586394397], [-111.99371311495399, -51.975522221392225, 2650.835732993906], [-226.5879298122004, -94.21609869425055, 2699.44121130865], [-167.3977521315067, -146.5949085037677, 2748.1333472143733]], "kpt2d_body": [[909.1899894920575, 544.6877259007051], [832.8058952125903, 523.5890175515667], [891.7330055840999, 699.4906497942312], [937.5334087504166, 603.9399621469975], [964.710198116756, 698.9873648584883], [905.1500834133535, 633.7281500096658], [908.1595230136061, 738.8361486880725], [911.9896836823502, 794.7863191224], [913.422815176084, 855.9570836280363], [889.6811331508266, 490.17468684251355], [840.1174226754656, 455.1549282512326], [794.0601739079727, 395.0619671006918], [875.9629148547251, 661.5643158209552], [879.9121125003616, 741.7583508586988], [883.5196324390282, 815.3530792495931], [843.4516679116266, 517.9212166862883], [891.599175472037, 520.8525519071555], [833.6402665668422, 499.6518613289572], [865.6666362982722, 473.9923349270539]], "kpt2d_body_mask": [true, true, true, true, true, true, true, true, true, true, true, true, true, true, true, true, true, true, true], "kpt3d_body_mask": [true, true, true, true, true, true, true, true, true, true, true, true, true, true, true, true, true, true, true], "kpt_list": ["Thorax", "Nose", "Pelvis", "L_Shoulder", "L_Elbow", "L_Wrist", "L_Hip", "L_Knee", "L_Ankle", "R_Shoulder", "R_Elbow", "R_Wrist", "R_Hip", "R_Knee", "R_Ankle", "L_Eye", "L_Ear", "R_Eye", "R_Ear"]}