{"id": 5, "class": "person", "kpt3d_body": [[-68.91649542395255, -117.61939944417392, 2720.082378702889], [-217.1682347674954, -166.03897362967786, 2557.9821885267716], [-107.38144778841749, 221.60724027928737, 3123.2724351317156], [-7.999802800612166, -3.7669420958901867, 2627.3709372319036], [184.8346637031131, 231.4164568263235, 2625.317759738323], [19.724873049062648, 278.7892194755818, 2819.736172797274], [-72.89247805006316, 300.4555771408082, 3070.944240282534], [-92.14803600983731, 555.2899430857117, 3401.1746619789983], [-77.26347628293053, 760.2113151479614, 3712.397985216724], [-131.1763560441902, -233.04967173135594, 2811.78433986674], [-128.78497959429455, -354.47543175543944, 3090.1853024064717], [-186.17723638005444, -104.11114073015, 3139.9096656289335], [-141.87077488902545, 142.7585886100134, 3175.6008813537237], [-165.6758130216238, 432.996848700246, 3491.7849076804937], [-129.4417451880737, 667.5970425012973, 3785.2475822027063], [-186.21661270217493, -174.00626056575504, 2520.298233573788], [-81.8647206632655, -160.0673631740419, 2527.495552016895], [-207.9510181911041, -214.37295577249202, 2556.781672765715], [-141.57826000494825, -267.64709754478747, 2617.218100005948]], "kpt2d_body": [[915.2031990292949, 487.96232050750416], [832.4127143063275, 458.0412409138193], [902.6402979247114, 646.7780710295987], [946.3029436110086, 546.145173957804], [1048.5574491723485, 670.4841592162063], [960.312457941458, 685.4589114387952], [917.5206803927767, 684.0034689408385], [913.0561042107252, 773.759756332083], [921.9012862762595, 829.9641214644516], [885.5897494082949, 433.0069281239733], [892.6249156088055, 389.05243149033043], [867.8756641631129, 502.02662400023206], [888.2497192491288, 610.6738424095643], [884.6596195563699, 719.9661158494356], [903.28557995265, 791.5346628373048], [847.6992838752067, 452.2717241239079], [905.3973090794196, 460.0674837896592], [837.4470677087252, 431.8293464188747], [875.3227084152087, 406.2583773721558]], "kpt2d_body_mask": [true, true, true, true, true, true, true, true, true, true, true, true, true, true, true, true, true, true, true], "kpt3d_body_mask": [true, true, true, true, true, true, true, true, true, true, true, true, true, true, true, true, true, true, true], "kpt_list": ["Thorax", "Nose", "Pelvis", "L_Shoulder", "L_Elbow", "L_Wrist", "L_Hip", "L_Knee", "L_Ankle", "R_Shoulder", "R_Elbow", "R_Wrist", "R_Hip", "R_Knee", "R_Ankle", "L_Eye", "L_Ear", "R_Eye", "R_Ear"]}