{"id": 5, "class": "person", "kpt3d_body": [[-1321.0654469024344, 432.6578073246461, 2413.986883150928], [-1508.0120174446963, 571.9535092441795, 2341.5352143984946], [-1099.948952507813, 453.8698333928576, 2810.877232258836], [-1168.2368008119113, 456.4471916017791, 2357.551475359933], [-979.3099375292106, 483.64648778671864, 2567.8859797412383], [-983.8762697328656, 647.5567105113394, 2761.5500077876795], [-1013.6573407026233, 484.79979216160893, 2776.1060542788446], [-1060.8325854439918, 809.1662638762624, 3069.098993699027], [-1082.5502807946043, 1066.4573603410688, 3376.8006989028718], [-1462.4420730322472, 386.91802262115283, 2457.512038782502], [-1653.382897338594, 576.4331944168664, 2636.3915649639644], [-1856.146775770289, 773.2801224641123, 2663.001929735699], [-1186.259282533379, 422.94377683193716, 2845.6424599531265], [-1237.5938389678342, 752.6815823862074, 3124.7801688591285], [-1217.883610892544, 1017.0179871277775, 3408.7961148509635], [-1492.5895089506128, 555.197652731582, 2308.142777931635], [-1409.262357266258, 514.954177650392, 2286.955208347987], [-78.99241259, 862.0156461, 3755.7054749999998], [-78.99241259, 862.0156461, 3755.7054749999998]], "kpt2d_body": [[246.19608254561354, 778.3207186221979], [142.95762127523926, 853.8431803801695], [429.7176666444816, 762.5594250768148], [306.34296443386097, 799.2962792830781], [443.1695581996053, 798.156380245317], [476.66395214062663, 859.3616917460372], [462.74858135339196, 780.9099884436173], [491.5737304037281, 897.4921660315449], [526.2158771371871, 965.3324202117705], [191.6304633041616, 748.4843181278941], [159.6920367702337, 823.3059232072387], [89.31462856065707, 906.2877842465799], [397.9097848832405, 744.7232448294818], [427.8197377442033, 865.3765670656384], [479.19675413082723, 940.9533324942599], [139.86620020464875, 849.0993191366035], [172.01545538409493, 832.0485081215102], [921.698996476544, 863.096553564833], [921.698996476544, 863.096553564833]], "kpt2d_body_mask": [true, true, true, true, true, true, true, true, true, true, true, true, true, true, true, true, true, false, false], "kpt3d_body_mask": [true, true, true, true, true, true, true, true, true, true, true, true, true, true, true, true, true, false, false], "kpt_list": ["Thorax", "Nose", "Pelvis", "L_Shoulder", "L_Elbow", "L_Wrist", "L_Hip", "L_Knee", "L_Ankle", "R_Shoulder", "R_Elbow", "R_Wrist", "R_Hip", "R_Knee", "R_Ankle", "L_Eye", "L_Ear", "R_Eye", "R_Ear"]}