{"id": 5, "class": "person", "kpt3d_body": [[-34.144281865727244, -44.97364578510755, 2729.056789854528], [-200.20313669828795, -128.41377288314817, 2555.5729806107224], [-97.991190791682, 272.8059058806892, 3086.2277401271485], [7.405261610718554, 80.45972557891545, 2622.471945335975], [49.37476507960419, 323.0135069156028, 2797.82060117729], [-34.93559236377412, 520.8349837808657, 2935.4360935930217], [-56.165545670840146, 350.48460007583344, 3046.735492220571], [-108.14001999885537, 600.2926455041143, 3345.8966434001504], [-90.73042797047808, 783.4827550491046, 3685.7878675886222], [-73.59456069309726, -164.37406951697184, 2842.6722058867495], [-12.655413937498858, -30.020661958949972, 3102.0302598619833], [-76.43075386089642, 135.21110106984253, 3297.904259074153], [-139.81666645931875, 195.12757157732864, 3125.719685108793], [-386.49177637707703, 457.74717350553914, 3257.3448654323947], [-307.82645216636615, 698.175145071471, 3603.1296830883193], [-171.56248548159041, -135.62674141737972, 2514.848607651553], [-66.9376985521831, -121.33836233224002, 2511.183064926122], [-190.4028781256232, -176.92680307528448, 2554.2477158353167], [-119.55283359162088, -227.76353499028005, 2611.241522208277]], "kpt2d_body": [[933.0858010673057, 525.1931412077852], [841.4506406671672, 478.33806978115456], [906.3428523417351, 670.9333956077003], [954.498886208571, 590.8611916353885], [975.1273618498309, 708.3186211957827], [934.1325144739734, 793.056801715462], [924.9325937502059, 707.7317780211786], [905.894986488479, 795.6702337616551], [916.689175305396, 840.4121657134706], [914.4490481426462, 467.70099034520695], [944.8579775972306, 534.6636979039768], [918.2159018782735, 605.2036866164912], [888.208421883713, 634.9300304870412], [786.5180819615349, 741.9544509511386], [832.8246161789021, 814.5963945309809], [855.5131481745176, 473.19873653578026], [913.3681642038946, 480.9052062113804], [846.7888117604107, 451.9618520979086], [886.811989633508, 426.9986393831766]], "kpt2d_body_mask": [true, true, true, true, true, true, true, true, true, true, true, true, true, true, true, true, true, true, true], "kpt3d_body_mask": [true, true, true, true, true, true, true, true, true, true, true, true, true, true, true, true, true, true, true], "kpt_list": ["Thorax", "Nose", "Pelvis", "L_Shoulder", "L_Elbow", "L_Wrist", "L_Hip", "L_Knee", "L_Ankle", "R_Shoulder", "R_Elbow", "R_Wrist", "R_Hip", "R_Knee", "R_Ankle", "L_Eye", "L_Ear", "R_Eye", "R_Ear"]}