{"id": 5, "class": "person", "kpt3d_body": [[-165.63737208614987, -111.45343440883366, 2750.4092570509397], [-388.24292528389196, -154.93710271717134, 2655.588275858181], [-56.62974999869679, 207.83293172233058, 3130.622036083004], [-132.65904956181757, 3.8739859773808405, 2648.960438797518], [46.26277030032411, 248.55508009527733, 2646.352998246959], [-15.26414820729574, 298.43008650358263, 2887.603101550489], [-49.02406089310202, 279.3606718723522, 3073.018357115112], [-84.05381675551993, 556.8792305361737, 3406.1566978710853], [-75.83141402903043, 762.3461973223546, 3712.455240631207], [-178.66856929221427, -229.7501130562719, 2858.2967749645463], [-7.399570247467695, -316.0177916849416, 3097.8150320675613], [-50.58482959235447, -57.5658046100321, 3165.8149348650277], [-64.23561191721024, 136.30562952786278, 3188.226650374704], [-124.20184419832752, 423.38064669410693, 3508.7531538890566], [-125.75348816417717, 667.0847952730345, 3788.3511015950326], [-368.2159471741506, -161.70878424281554, 2607.913306514187], [-266.0727899644694, -147.4484530585464, 2581.883132912393], [-377.6848403190442, -202.86529103575276, 2651.2246210318153], [-293.69239508772876, -253.4350391315337, 2688.871413838786]], "kpt2d_body": [[866.5966689037402, 491.79365138911623], [747.9023652770795, 467.46483348979416], [925.3363518827808, 640.4724679585336], [880.6794679104888, 550.1765689463779], [974.9204133932991, 678.6171401418695], [943.2125204664081, 691.6382627795808], [928.3448275221039, 674.4395667223733], [916.4031503120156, 774.0789563779811], [922.4360668024002, 830.734543835408], [863.541871897902, 436.52929835400613], [947.2454669252035, 406.47243010519344], [928.2460812142257, 522.8214880057725], [922.4413144944796, 607.6445866822332], [901.3721270595131, 715.4275426695679], [904.6691064185369, 791.1603716737825], [754.7854578085604, 462.375256463256], [807.2532051736406, 468.9272548108703], [753.1641406743438, 442.37441197150076], [798.9750279068593, 417.65808735731446]], "kpt2d_body_mask": [true, true, true, true, true, true, true, true, true, true, true, true, true, true, true, true, true, true, true], "kpt3d_body_mask": [true, true, true, true, true, true, true, true, true, true, true, true, true, true, true, true, true, true, true], "kpt_list": ["Thorax", "Nose", "Pelvis", "L_Shoulder", "L_Elbow", "L_Wrist", "L_Hip", "L_Knee", "L_Ankle", "R_Shoulder", "R_Elbow", "R_Wrist", "R_Hip", "R_Knee", "R_Ankle", "L_Eye", "L_Ear", "R_Eye", "R_Ear"]}