{"id": 2, "class": "person", "kpt3d_body": [[-17.444517105335606, -62.63082501936509, 2586.23603517759], [70.64107063696476, -216.23109183569767, 2457.0656022973135], [-49.019657719642744, 461.60264975303676, 2535.690023587834], [126.4890283727701, -47.4749884873637, 2652.682712015203], [269.83684739530133, 141.16940287093271, 2806.5926256089597], [172.90140233580695, 341.6813771637723, 2697.4371024703787], [30.78273117196405, 471.3828841438782, 2587.966729824721], [18.179332579739764, 857.3298273186025, 2584.089862806696], [-24.260692438065554, 1223.4845164090011, 2579.895492862342], [-154.0644028110281, -84.00889440595222, 2512.7756500456376], [-405.102355685595, 60.248458698713705, 2465.672268580162], [-285.8829510817329, 288.7448311316834, 2485.4587455845735], [-128.8218637352137, 451.8224302562069, 2483.4133969406694], [-166.91641919413826, 842.7768070140278, 2464.952497939228], [-193.46179465383244, 1209.7524347877336, 2476.2300053770764], [87.50516977572875, -246.40931769767064, 2492.6821036004594], [82.10832777200878, -219.83994763126162, 2594.965867182432], [33.42814091435996, -249.4155369719502, 2465.4747607596582], [-53.51554487050082, -225.44698493527335, 2524.940588144154]], "kpt2d_body": [[946.5093894402698, 511.4320138367574], [996.0940773641571, 422.68774882278706], [929.1642370370242, 796.923885985847], [1022.6410411253923, 520.2652169534334], [1090.0758151423317, 615.207095042275], [1045.161617556701, 721.0324715751298], [972.4567145463355, 797.0842475201463], [965.5606009155321, 994.6528546632017], [943.6383668888074, 1170.1763520284483], [870.2599220175839, 498.62933721158515], [727.8326143982309, 579.0650941306002], [796.2070654916075, 706.1466796437605], [884.098936425439, 796.6116170467259], [864.3036138700187, 1007.0143392465768], [853.2951234328152, 1186.187851028815], [1004.9340454811304, 407.67547807759775], [1000.1357065140628, 427.24976961029165], [974.8738808075808, 404.43953753643996], [926.3595513980363, 420.8987630830137]], "kpt2d_body_mask": [true, true, true, true, true, true, true, true, true, true, true, true, true, true, true, true, true, true, true], "kpt3d_body_mask": [true, true, true, true, true, true, true, true, true, true, true, true, true, true, true, true, true, true, true], "kpt_list": ["Thorax", "Nose", "Pelvis", "L_Shoulder", "L_Elbow", "L_Wrist", "L_Hip", "L_Knee", "L_Ankle", "R_Shoulder", "R_Elbow", "R_Wrist", "R_Hip", "R_Knee", "R_Ankle", "L_Eye", "L_Ear", "R_Eye", "R_Ear"]}