{"id": 2, "class": "person", "kpt3d_body": [[-48.12047697485286, -48.548046234862454, 2611.938962619592], [39.15322209418896, -200.78984097437285, 2493.067370559584], [-56.18094800969118, 483.3514952352988, 2531.808879480299], [91.20279515480658, -37.33653274253754, 2680.164704689726], [354.27989284611203, 44.65608921458653, 2679.765459325132], [361.08329657867927, -158.56497587147572, 2573.970360529055], [25.008917890994926, 488.6284175987345, 2584.5654980254603], [15.525123626871196, 855.2769094094535, 2575.4390900287485], [-24.532522290122856, 1223.2186135752552, 2576.8389616086483], [-185.5914728041393, -61.429479800700335, 2557.2317356106832], [-355.7533581378246, -44.704685328241, 2309.677558651826], [-219.73676617148553, -238.84260703904232, 2259.210205385233], [-137.3707572367505, 478.0746329555248, 2479.053375914085], [-168.08822291473524, 838.4150468354932, 2463.7847457455287], [-193.26247764864237, 1210.7658825908445, 2476.2809590995703], [54.78380471581758, -234.0711260911567, 2525.909712323125], [46.54381641599468, -221.1051886813317, 2628.903180742211], [2.5139681729182506, -234.8098783765363, 2498.9731123865577], [-84.592404913456, -225.85645906498598, 2555.4836231899635]], "kpt2d_body": [[930.168008074582, 519.2898131199012], [977.890251477181, 433.02387300093767], [925.2329131983319, 808.9347373983293], [1003.5590902611916, 525.7908992246823], [1140.0772313902578, 568.3737505285106], [1151.015512327757, 459.80381568776085], [969.3729713515883, 806.458352584154], [964.1925450437432, 995.0595777346434], [943.4856971124799, 1170.72028956048], [854.548618385375, 511.7560148834714], [741.8786474471044, 518.3990968498532], [820.6356579932453, 398.53651113043134], [879.29243884208, 811.3548160270595], [863.5914975204955, 1004.9615331205471], [853.4117757651867, 1186.6587742186375], [986.2306288287045, 416.2115802625368], [980.6796232802884, 428.07726794270786], [957.3570294801682, 414.4027938388464], [909.7409578288621, 422.1797832895078]], "kpt2d_body_mask": [true, true, true, true, true, true, true, true, true, true, true, true, true, true, true, true, true, true, true], "kpt3d_body_mask": [true, true, true, true, true, true, true, true, true, true, true, true, true, true, true, true, true, true, true], "kpt_list": ["Thorax", "Nose", "Pelvis", "L_Shoulder", "L_Elbow", "L_Wrist", "L_Hip", "L_Knee", "L_Ankle", "R_Shoulder", "R_Elbow", "R_Wrist", "R_Hip", "R_Knee", "R_Ankle", "L_Eye", "L_Ear", "R_Eye", "R_Ear"]}