{"id": 2, "class": "person", "kpt3d_body": [[14.500756052298307, -59.03413752357778, 2628.9633606216976], [84.68701936493005, -195.84306519724066, 2501.1448496782905], [-50.4767358015946, 469.7281252355781, 2544.166793129296], [162.3832856010505, -44.717519750874146, 2641.3839008741998], [165.55959936828626, -31.540918878862954, 2345.6114897909047], [8.679503795173193, -200.94829034508905, 2325.9441938917435], [45.02884299748246, 491.2610947969816, 2567.0188145741513], [17.079331288146964, 856.372166783973, 2576.3271429772312], [-22.906802385735983, 1222.2230057044667, 2578.6193847522654], [-127.51493299625041, -76.78798383120437, 2631.6526806783795], [-420.26529736565294, -119.51450362390517, 2603.091146459584], [-416.9393330206782, -256.1598840750716, 2408.354429531239], [-145.98311318488544, 448.1941443263179, 2521.315539433596], [-169.65323418387436, 837.6750025040126, 2466.697499788526], [-191.9722217227084, 1210.4175194454112, 2475.4018460439843], [107.53079715027454, -223.9732352752921, 2530.8128707163196], [109.74805693056858, -205.93322569099513, 2633.222678780014], [54.73767846219353, -232.01676151620916, 2510.350387512325], [-24.49669297859284, -226.96147603458002, 2577.4743088153027]], "kpt2d_body": [[963.6671598284123, 513.8894498450369], [1003.2445504598505, 436.1571985130471], [928.4674720252646, 800.4320888656858], [1041.8978830047643, 521.6243067199823], [1054.598894799981, 526.4860631625617], [961.163546881998, 424.89352828152096], [980.2633058986733, 809.5821130566258], [965.008711464069, 995.4558955785428], [944.3252033785834, 1169.8762502741238], [888.1963529913226, 504.53887539192476], [731.8235255573194, 481.66003081138143], [716.5005101443513, 398.4998666478255], [875.7304346989181, 790.9006078488939], [862.831530000997, 1004.0597888829752], [854.059900036783, 1186.7084323546492], [1015.2591172027591, 422.0350995849117], [1014.1566352106134, 436.30766125888044], [986.3929731520175, 416.5497980889347], [942.6797625699357, 422.59335480451]], "kpt2d_body_mask": [true, true, true, true, true, true, true, true, true, true, true, true, true, true, true, true, true, true, true], "kpt3d_body_mask": [true, true, true, true, true, true, true, true, true, true, true, true, true, true, true, true, true, true, true], "kpt_list": ["Thorax", "Nose", "Pelvis", "L_Shoulder", "L_Elbow", "L_Wrist", "L_Hip", "L_Knee", "L_Ankle", "R_Shoulder", "R_Elbow", "R_Wrist", "R_Hip", "R_Knee", "R_Ankle", "L_Eye", "L_Ear", "R_Eye", "R_Ear"]}