{"id": 3, "class": "person", "kpt3d_body": [[170.16971911874361, -54.82087744793347, 2758.3138913599782], [313.99234166582335, -204.1975945077202, 2781.7326760128726], [168.97031168002428, 411.57391450643775, 2904.5590100430677], [97.19960775111277, -110.5779156317962, 2894.1750834608156], [87.26841194131646, 97.31051487777421, 3033.0456618624266], [144.28690811465083, 311.50369154705163, 3128.773475709245], [133.425511712643, 383.3734361955102, 2994.3067684475777], [88.69047421290162, 703.4068042565748, 3063.901371968097], [67.82806789570608, 1045.6144672583628, 3147.8269584575623], [237.78533604022755, -8.297078150148423, 2615.7856926761942], [268.97375128188105, 235.6679421135668, 2637.097066853945], [330.9855491039127, 442.8415802708051, 2728.0602907157113], [204.51475699773243, 439.7742089360373, 2814.8118350862997], [171.76366444439066, 749.9151601197678, 2909.892099719511], [157.41496847038536, 1083.2396495665037, 3028.8203163601797], [290.7885905478788, -246.4625040318809, 2786.6986041758378], [198.5740439757491, -258.07984974011947, 2794.481365039491], [313.7840182178345, -223.82097123912004, 2738.496439702287], [259.9449883618162, -208.14180267357827, 2666.4009544692813]], "kpt2d_body": [[1040.368414924392, 530.981858749692], [1117.2260036368878, 450.5928094445235], [1034.6326237587348, 773.686036586638], [997.8641483752644, 503.3021739906907], [990.5876267250336, 609.3991774042315], [1016.6686229205717, 710.8624930543932], [1014.2180657528216, 753.4161641683808], [990.3525746625038, 903.0334152631917], [978.9469794007631, 1049.3508456930695], [1084.4236724558157, 556.1854470902833], [1100.7996534314723, 695.3082118103092], [1128.9358307811262, 803.6110061051813], [1056.2719599085713, 795.1461166463677], [1034.9749387655897, 943.4711866384448], [1023.5012577020223, 1084.560620780785], [1104.3464921396348, 428.0061169165666], [1054.2961391047672, 421.9553103163023], [1119.727994824171, 438.12698275713325], [1094.116309439868, 443.5231767098175]], "kpt2d_body_mask": [true, true, true, true, true, true, true, true, true, true, true, true, true, true, true, true, true, true, true], "kpt3d_body_mask": [true, true, true, true, true, true, true, true, true, true, true, true, true, true, true, true, true, true, true], "kpt_list": ["Thorax", "Nose", "Pelvis", "L_Shoulder", "L_Elbow", "L_Wrist", "L_Hip", "L_Knee", "L_Ankle", "R_Shoulder", "R_Elbow", "R_Wrist", "R_Hip", "R_Knee", "R_Ankle", "L_Eye", "L_Ear", "R_Eye", "R_Ear"]}