{"id": 3, "class": "person", "kpt3d_body": [[171.5599702539339, -86.48984803832263, 2734.223592848188], [285.2650847465037, -214.72473686659598, 2766.2432387357294], [172.2015427350172, 393.9684248948336, 2903.8603943154526], [56.26160458935325, -132.61723051893853, 2831.8715533230584], [-56.17411922708644, -177.75130758179827, 3030.076278657586], [106.6712663355456, -318.6409673873816, 2980.8582374757416], [93.64505426098316, 356.43216226163145, 2974.373254895708], [91.54871060272993, 704.0777136751763, 3061.0610495758488], [67.07088723474114, 1045.5979746844764, 3144.4019515385908], [283.0290674890918, -44.802302749470186, 2624.840326069432], [468.9834480212923, -2.6751560560722965, 2742.587214260993], [399.99211830665774, -192.3921148990395, 2877.426182051086], [250.7580546185735, 431.5054576634351, 2833.3484591234737], [189.14082817208254, 745.6471708419002, 2920.9705073383793], [156.59679446165745, 1083.2689049817368, 3031.4490425881822], [258.1825034792653, -253.43587535742742, 2766.477117198785], [161.9501482577632, -255.26389456436888, 2760.610213135203], [290.3609897201871, -230.15338835877017, 2724.4143513009108], [252.8118848870335, -202.25460864140942, 2647.6981521603366]], "kpt2d_body": [[1041.943462225326, 513.25133044411], [1102.5768094783373, 444.21172188440244], [1036.3615969992627, 764.715804757558], [977.1050842544967, 490.2885702621476], [918.9977629432416, 472.46299986077145], [1001.069227695681, 400.0396053522139], [994.5427642400265, 741.2266412074204], [991.7853602562365, 903.6567644936488], [978.6252620892977, 1049.8502081372385], [1109.856992912525, 535.2619875438202], [1204.163572291474, 559.4966308908442], [1156.3409913642886, 460.5693897109772], [1080.048066906208, 789.1696943134921], [1043.5082032751639, 939.9041914042641], [1023.0425548243774, 1084.148276612079], [1087.7835929571472, 423.1917873875311], [1035.6220826350946, 421.7322912553341], [1107.7144988113164, 433.95867753515734], [1091.1133375258657, 446.0206824303326]], "kpt2d_body_mask": [true, true, true, true, true, true, true, true, true, true, true, true, true, true, true, true, true, true, true], "kpt3d_body_mask": [true, true, true, true, true, true, true, true, true, true, true, true, true, true, true, true, true, true, true], "kpt_list": ["Thorax", "Nose", "Pelvis", "L_Shoulder", "L_Elbow", "L_Wrist", "L_Hip", "L_Knee", "L_Ankle", "R_Shoulder", "R_Elbow", "R_Wrist", "R_Hip", "R_Knee", "R_Ankle", "L_Eye", "L_Ear", "R_Eye", "R_Ear"]}