{"id": 3, "class": "person", "kpt3d_body": [[185.28025902365192, -79.26404832684014, 2752.8929351120314], [332.2505205215332, -202.2692109779966, 2785.7903331433336], [191.57637082956705, 407.8628680075037, 2918.7337316974317], [112.67608057838338, -128.44936880410003, 2877.1688294143273], [44.181213501316435, -135.27290730394427, 3094.809052358063], [158.91761065092842, -308.8852114315058, 3046.415351840555], [144.3670224710942, 380.5566332894088, 3008.3327988501323], [112.88446291556201, 694.16364707355, 3068.5466143412964], [70.48847108881932, 1043.5664701394624, 3144.5637642203696], [234.86789977107384, -34.979985697905676, 2612.140625367328], [358.12716835579795, 103.69328278562449, 2474.676204315415], [457.80212898107675, -71.39716935683992, 2441.976321760071], [238.78769246970393, 435.17001171560906, 2829.135327791771], [196.91280981006923, 745.7621197673257, 2923.8207329734787], [156.5755073983769, 1080.0424505545147, 3031.7445888963775], [311.0922780831065, -243.6766902949428, 2790.9669817888453], [218.34037245922696, -257.01168963297175, 2790.9264959069783], [335.66847562956764, -221.14005346281047, 2743.2868025592325], [284.07200400552676, -206.702102280655, 2666.8465337616594]], "kpt2d_body": [[1048.8280913890155, 517.5386151554411], [1126.800204549262, 451.83044153803263], [1045.8581930106666, 770.7272857890293], [1006.2923203558065, 493.6015235645607], [968.6455655032894, 494.9912561756159], [1025.7903404776498, 408.33107839735374], [1019.3882068347094, 751.1161969206632], [1002.0795439850871, 898.1150856913647], [980.2282947950623, 1048.9187343140666], [1082.9282393559804, 540.7824946818632], [1164.9818035489388, 623.8902102797032], [1228.476047012039, 517.1883024300126], [1073.8953951444898, 791.4627433500846], [1047.3660162800606, 939.5737472475917], [1023.0366421292657, 1082.6273545392323], [1115.0182762876295, 429.75230002253704], [1065.093384265222, 422.38832536247685], [1131.3751203426734, 439.8588395319682], [1107.6720785706525, 444.4045422003651]], "kpt2d_body_mask": [true, true, true, true, true, true, true, true, true, true, true, true, true, true, true, true, true, true, true], "kpt3d_body_mask": [true, true, true, true, true, true, true, true, true, true, true, true, true, true, true, true, true, true, true], "kpt_list": ["Thorax", "Nose", "Pelvis", "L_Shoulder", "L_Elbow", "L_Wrist", "L_Hip", "L_Knee", "L_Ankle", "R_Shoulder", "R_Elbow", "R_Wrist", "R_Hip", "R_Knee", "R_Ankle", "L_Eye", "L_Ear", "R_Eye", "R_Ear"]}