{"id": 3, "class": "person", "kpt3d_body": [[180.3934150901148, -82.31825201949135, 2758.637582198031], [319.4125567674164, -204.5456570710128, 2786.901631336752], [181.14256350998397, 409.7865317966736, 2924.640926555119], [93.16260439909033, -131.50901835766362, 2871.724245183218], [3.083967893289321, -133.740952575762, 3079.847974892925], [117.7937334077938, -328.6838082946282, 3056.4853849972174], [120.20546649246458, 380.76136680922855, 3018.208899715297], [99.50031161344535, 700.1343725733751, 3066.5929690162716], [68.70417549969852, 1045.0363803885643, 3145.047951887766], [232.63490382989872, -37.02354126187899, 2615.9867059168187], [338.1535878737404, 86.20754708619273, 2459.3375142229747], [443.96412415766736, -112.10069374423384, 2465.5334238518867], [242.08034849149516, 438.81182145029044, 2831.072605308901], [190.46506551846946, 745.326840728778, 2922.5347564581507], [156.7117316064129, 1081.1870737853621, 3032.5490254846545], [296.7966330503255, -246.50224339743303, 2791.9457630325032], [203.4659417675764, -259.15327631867785, 2792.0710803602565], [321.3801285278862, -224.13481574208632, 2744.943594484707], [266.9073272404096, -207.32173573440193, 2668.175725596423]], "kpt2d_body": [[1045.9414923019865, 515.9571083014329], [1119.8262320991266, 450.62024799160145], [1040.2966126436354, 771.3090940860313], [996.1277827596368, 491.86025800675645], [948.5549542245199, 495.4192787830488], [1005.2211700523054, 399.0880909917474], [1007.0965967249882, 750.6322031257813], [995.5851379955823, 901.1754371193337], [979.3852542741889, 1049.5030806323946], [1081.4434547866335, 539.6339856250254], [1154.2399409500806, 613.6392358200189], [1217.4603788660827, 492.8678853120698], [1075.5393768504225, 793.2009494096604], [1044.1326735285004, 939.5453323932823], [1023.0794100858691, 1083.0186709261138], [1107.279922440418, 428.24694973486555], [1057.0240133843583, 421.2683873384106], [1123.4688238397123, 438.26046828140187], [1097.9388012897734, 444.076304350145]], "kpt2d_body_mask": [true, true, true, true, true, true, true, true, true, true, true, true, true, true, true, true, true, true, true], "kpt3d_body_mask": [true, true, true, true, true, true, true, true, true, true, true, true, true, true, true, true, true, true, true], "kpt_list": ["Thorax", "Nose", "Pelvis", "L_Shoulder", "L_Elbow", "L_Wrist", "L_Hip", "L_Knee", "L_Ankle", "R_Shoulder", "R_Elbow", "R_Wrist", "R_Hip", "R_Knee", "R_Ankle", "L_Eye", "L_Ear", "R_Eye", "R_Ear"]}