{"id": 3, "class": "person", "kpt3d_body": [[159.37633638825287, -59.62235979433089, 2740.8941433865944], [315.6832767478357, -203.96600184247873, 2767.703082131966], [170.83483342503905, 413.5575007940946, 2901.908946664269], [98.38077765197632, -107.60913802808886, 2880.6081173816947], [84.2931735562773, 98.36927219982073, 3024.255548786519], [145.53725537472556, 309.6979305606179, 3124.2426320804766], [132.80060410830066, 387.14881656710884, 2990.429503762966], [93.21832520013291, 702.2911821785424, 3061.372968664238], [67.12007107085569, 1044.0270359047238, 3148.3108752722687], [235.31283270791778, -7.46888845120921, 2607.4752587929706], [265.5745342115383, 237.4906781202084, 2628.0074882476547], [332.00651145230427, 442.5865845598611, 2715.955513391825], [208.86908057905868, 439.96612225881535, 2813.3886034410725], [176.0459115070067, 749.3841714564971, 2908.5523029832366], [157.7494086780867, 1082.609691893261, 3027.356880506679], [291.9253880041508, -248.9816927251256, 2774.6063010989797], [197.80571155065516, -256.08353587040267, 2780.6090240780613], [315.40630822157266, -223.04552836035512, 2723.3627348449036], [260.6073039647275, -204.92415343923582, 2653.1013153977206]], "kpt2d_body": [[1035.0114800567717, 528.1456480610444], [1118.9968685310482, 450.16752052436465], [1035.6732476492255, 774.8897552363065], [998.7243776540035, 504.5856791459548], [989.2253397913505, 610.0686177164218], [1017.3745120497694, 710.2114664649318], [1013.9845961894916, 755.5456640345518], [992.5979922701929, 902.7730959840378], [978.612692694005, 1048.5752188751044], [1083.4324227480388, 556.6488466416256], [1099.3818531684562, 696.815639706344], [1130.2913039945065, 804.5267751400568], [1058.6461964758137, 795.3510910742475], [1037.2038813983513, 943.3641914023076], [1023.7005015455615, 1084.5104538810665], [1105.6339067166355, 426.07535456104716], [1054.4150958289529, 422.34116388899315], [1121.5722139543786, 437.88163044323113], [1095.2295869548702, 444.75945980059964]], "kpt2d_body_mask": [true, true, true, true, true, true, true, true, true, true, true, true, true, true, true, true, true, true, true], "kpt3d_body_mask": [true, true, true, true, true, true, true, true, true, true, true, true, true, true, true, true, true, true, true], "kpt_list": ["Thorax", "Nose", "Pelvis", "L_Shoulder", "L_Elbow", "L_Wrist", "L_Hip", "L_Knee", "L_Ankle", "R_Shoulder", "R_Elbow", "R_Wrist", "R_Hip", "R_Knee", "R_Ankle", "L_Eye", "L_Ear", "R_Eye", "R_Ear"]}