{"id": 3, "class": "person", "kpt3d_body": [[159.05192407456627, -59.792713467114424, 2741.3646266879905], [315.63141595712176, -204.26141995644443, 2769.47067096597], [172.52257524440222, 412.968208562566, 2903.951489916303], [98.17703682461192, -108.25066180595755, 2881.378896161672], [83.93497835810334, 98.35117678714283, 3025.159689370726], [145.18021850033375, 309.26809801346667, 3125.078591799424], [134.98902197649105, 386.0812215353843, 2991.973345355217], [92.87435730192884, 701.217446328306, 3061.0901188649577], [67.22740374394802, 1044.2922892591803, 3148.4708906941396], [235.03667614541246, -6.962577667437415, 2607.3921875390633], [266.4824637624644, 236.84178334807413, 2628.533443298202], [331.69871869475884, 442.79380191732275, 2718.5602793284784], [210.05645625439115, 439.8543034769274, 2815.9291583263143], [176.08434696631485, 749.0561736770317, 2908.6950894746624], [157.27939712706177, 1082.198732055288, 3027.7671704084314], [291.8685510014561, -248.87512417205144, 2775.544240701813], [197.49134490351827, -256.2137364142724, 2781.579288392306], [315.6186151660046, -223.75722593994553, 2725.6128535786856], [260.9406252309069, -203.9424018304335, 2654.4725402924832]], "kpt2d_body": [[1034.8175970766886, 528.0574232237117], [1118.859390644928, 450.0775442929783], [1036.4862484690775, 774.4361012510817], [998.6034176614743, 504.2648736326786], [989.033588549717, 610.0450083074525], [1017.1839555482347, 709.966134294839], [1015.0531531440461, 754.9115025444963], [992.4358354537986, 902.2950270200533], [978.6610978052923, 1048.669347931427], [1083.2773308031785, 556.9413811433423], [1099.8714466518209, 696.4168084461737], [1129.949608314606, 804.4121777549747], [1059.179395586477, 795.0804811047274], [1037.22039203205, 943.1837903710561], [1023.4644688730715, 1084.2573738045269], [1105.550371396211, 426.1778556826956], [1054.2074951335308, 422.31850396171023], [1121.5443472026902, 437.59167909983597], [1095.3442140801608, 445.3745144265616]], "kpt2d_body_mask": [true, true, true, true, true, true, true, true, true, true, true, true, true, true, true, true, true, true, true], "kpt3d_body_mask": [true, true, true, true, true, true, true, true, true, true, true, true, true, true, true, true, true, true, true], "kpt_list": ["Thorax", "Nose", "Pelvis", "L_Shoulder", "L_Elbow", "L_Wrist", "L_Hip", "L_Knee", "L_Ankle", "R_Shoulder", "R_Elbow", "R_Wrist", "R_Hip", "R_Knee", "R_Ankle", "L_Eye", "L_Ear", "R_Eye", "R_Ear"]}