{"id": 3, "class": "person", "kpt3d_body": [[177.16941722371874, -80.11762844308137, 2759.003465516396], [308.5732701533595, -211.7994814875955, 2791.6095897132627], [188.39640725794874, 400.75190077563406, 2911.7263909380567], [117.79879129646562, -125.51299901099924, 2891.441095241717], [249.10096173833452, 36.774622772603465, 3033.575959006468], [370.41643524750907, 137.00460120905248, 2856.840532362178], [129.3343489000678, 370.7924689583041, 2997.8087367329003], [94.25997930062482, 700.344174817058, 3061.384990284982], [65.97375896804121, 1043.2796573254875, 3147.6437578072164], [245.3951522488557, -37.55262526072585, 2631.919785449152], [409.54197731732506, 123.99486597163886, 2770.5589631104026], [334.16992605732077, -89.0532941671323, 2813.4160800887676], [247.4575387710351, 430.7114121187441, 2825.643678217639], [183.38888242667338, 745.6188596444447, 2914.4931978682416], [158.77424306680166, 1082.7823053093248, 3027.4548971088166], [284.12104336849995, -251.93575408147908, 2793.799545346227], [191.4816903390711, -258.83329294019507, 2794.7936705847956], [310.54654871865444, -228.2471686900614, 2748.415712720102], [261.0579366306911, -206.46014027178907, 2671.0237044858336]], "kpt2d_body": [[1044.16561208871, 517.164097783618], [1113.7033696009807, 446.88487807057527], [1044.468465951041, 767.6028187821457], [1008.6802191145778, 495.4665938048462], [1071.1805838602954, 579.24409329054], [1142.4747465885766, 633.0478962299935], [1012.1012521636605, 746.9407275733505], [993.1088497033838, 901.8467331456753], [978.0830826274035, 1048.3427774046584], [1087.9305756209717, 539.464044704858], [1169.5913939453817, 628.1548382100523], [1126.2532570109029, 513.3360976390035], [1078.6593089183582, 789.3774805315529], [1040.7834423822344, 940.7260991248843], [1024.193984430808, 1084.5696571074873], [1100.3577476200605, 425.3914341428553], [1050.461550198345, 421.554848729324], [1117.3354784155526, 436.1456608701369], [1094.492889534087, 444.6715764957837]], "kpt2d_body_mask": [true, true, true, true, true, true, true, true, true, true, true, true, true, true, true, true, true, true, true], "kpt3d_body_mask": [true, true, true, true, true, true, true, true, true, true, true, true, true, true, true, true, true, true, true], "kpt_list": ["Thorax", "Nose", "Pelvis", "L_Shoulder", "L_Elbow", "L_Wrist", "L_Hip", "L_Knee", "L_Ankle", "R_Shoulder", "R_Elbow", "R_Wrist", "R_Hip", "R_Knee", "R_Ankle", "L_Eye", "L_Ear", "R_Eye", "R_Ear"]}