{"id": 3, "class": "person", "kpt3d_body": [[169.98294930132485, -53.35144389021849, 2756.6788581020455], [314.6216815274222, -203.2110298448042, 2781.3570056859658], [168.53397338680242, 410.1089278209537, 2904.5129889034597], [97.7505219329646, -110.03152418800099, 2892.669983313227], [89.07055438526007, 98.63877525307743, 3031.393622747523], [147.06869118565697, 313.0898301698471, 3127.2741464541023], [131.2298667311111, 383.57383840462774, 2992.23403002487], [92.45622399278747, 701.729540447353, 3063.29129921849], [68.61865961516642, 1045.2979501682423, 3147.7045164925653], [237.06920456157306, -7.5793567734807255, 2614.9771365676525], [268.2698376611942, 238.07039321313098, 2633.6090992196796], [330.44001955639214, 445.0035869936572, 2724.622417762553], [205.83800519529552, 436.6439624275924, 2816.7921249649917], [173.21056414637513, 749.9990766316289, 2909.2018291338154], [157.0378733727175, 1083.17748907194, 3027.6123473208045], [291.5753559942663, -245.30310782491583, 2785.297754502393], [199.3527028138297, -256.8460566356184, 2790.819648260651], [315.137233664555, -222.67204589618515, 2738.1425491101827], [262.85469115287503, -206.68832610635135, 2665.465467678134]], "kpt2d_body": [[1040.3218034607294, 531.7681298213074], [1117.5899727487958, 451.111302451477], [1034.4111723970682, 772.940738922279], [998.1788060340507, 503.5572591188095], [991.5105199594268, 610.0861927627512], [1018.0416112468888, 711.6905943576852], [1013.1589401621876, 753.6509979132994], [992.1993948170623, 902.2994520157042], [979.3187955659677, 1049.2273366155157], [1084.0537811065394, 556.5976146337674], [1100.594347952358, 696.8519153249501], [1128.8515244530647, 805.0843568417506], [1056.9096714308512, 793.334601060758], [1035.7339536499205, 943.5954162969671], [1023.3476863087994, 1084.7307452582138], [1104.8512622887113, 428.56510145482446], [1054.8581330564448, 422.43806833121397], [1120.4930260591536, 438.7431794255414], [1095.809753303603, 444.30625403403593]], "kpt2d_body_mask": [true, true, true, true, true, true, true, true, true, true, true, true, true, true, true, true, true, true, true], "kpt3d_body_mask": [true, true, true, true, true, true, true, true, true, true, true, true, true, true, true, true, true, true, true], "kpt_list": ["Thorax", "Nose", "Pelvis", "L_Shoulder", "L_Elbow", "L_Wrist", "L_Hip", "L_Knee", "L_Ankle", "R_Shoulder", "R_Elbow", "R_Wrist", "R_Hip", "R_Knee", "R_Ankle", "L_Eye", "L_Ear", "R_Eye", "R_Ear"]}