{"id": 5, "class": "person", "kpt3d_body": [[-61.01931100290635, -200.2023436952284, 2718.685715295748], [43.49660343392671, -393.456250235222, 2843.0908739918227], [-56.51617769732793, 307.02157359053626, 2788.3608053281273], [-202.93376378431728, -211.22002120118893, 2812.1732514050027], [-264.00645482429695, 73.79134562622127, 2876.526629066406], [-236.7460148954125, 309.61067077025575, 2986.5299049741398], [-134.28362568914258, 304.68558136817506, 2844.2962212397338], [-136.50715595720985, 703.1477024826982, 2863.916191837876], [-143.65869828218894, 1077.995077242883, 2855.0716306552395], [78.07803597677082, -183.9186581670974, 2624.8031463841708], [136.57856147736987, 107.19300086664873, 2611.7887073731526], [216.61214998080396, 339.24788550984556, 2708.1996873706953], [21.25133116321951, 309.35755813705396, 2732.425468385368], [7.639781892437085, 713.4861220163623, 2780.3964799406203], [-35.78967589167334, 1085.9883009136765, 2784.3471718690303], [9.357463031674769, -429.13235730087547, 2839.7371716217162], [-82.20751806054017, -420.1105679617307, 2789.1953954506525], [58.48711900052422, -422.7017041519282, 2805.1729185455365], [45.36975925931319, -407.1315214698426, 2703.2015848619803]], "kpt2d_body": [[918.4027719217645, 463.33652867895466], [970.9421970807583, 374.0358900417842], [921.4909581895206, 718.5192295845363], [849.2324562263716, 461.4393585109233], [821.8613382064358, 601.3555477270843], [839.5338601990636, 709.3987250427867], [884.0235668774504, 714.3246141083437], [884.290142883541, 901.7345225634895], [882.1176984245633, 1071.5451762907987], [991.1641531640754, 468.2954792229092], [1022.6255683562963, 622.8097978518854], [1060.6898008299513, 739.0884513268498], [960.5144884781191, 722.8188465084866], [953.4675648970905, 916.606770403447], [932.4744001241219, 1087.3174729630136], [954.2668506550509, 356.6111805634972], [908.8093150127223, 357.34035642724007], [978.621183582301, 357.2232940111874], [972.9812115279692, 357.3178603873652]], "kpt2d_body_mask": [true, true, true, true, true, true, true, true, true, true, true, true, true, true, true, true, true, true, true], "kpt3d_body_mask": [true, true, true, true, true, true, true, true, true, true, true, true, true, true, true, true, true, true, true], "kpt_list": ["Thorax", "Nose", "Pelvis", "L_Shoulder", "L_Elbow", "L_Wrist", "L_Hip", "L_Knee", "L_Ankle", "R_Shoulder", "R_Elbow", "R_Wrist", "R_Hip", "R_Knee", "R_Ankle", "L_Eye", "L_Ear", "R_Eye", "R_Ear"]}