{"id": 6, "class": "person", "kpt3d_body": [[327.36714531778716, -284.2865925810875, 2634.066615118238], [498.3857803871947, -465.2826793708064, 2553.972652719345], [212.64264175630476, 183.4883092993995, 2859.571114225905], [324.6596189435377, -368.573685160174, 2790.974137151677], [254.96439826919286, -132.43268165567756, 2979.794323362837], [286.5730832604679, 118.8108254616634, 3082.741932948656], [203.76064955097885, 131.89650254620219, 2947.190560191033], [281.9705537175373, 511.52708829490115, 3135.84267979], [303.089756781168, 892.3736101964602, 3322.946789022103], [352.2250229471828, -200.98359391121448, 2483.8965230003782], [314.8264207546535, 101.73194851445544, 2563.4446342511183], [352.0910214378478, 317.8511275576317, 2720.627612920989], [221.52445179153108, 235.0794748115132, 2771.9507377082928], [287.3713053881395, 599.2554199880565, 2974.6056888394924], [307.2667394142895, 965.446780021279, 3175.01823004738], [471.61739570985617, -507.98383175219755, 2567.9058250466146], [376.8026697280451, -510.21893240043454, 2616.911958902536], [473.26785455901813, -481.4885025777261, 2510.365224692269], [380.48229292348026, -443.02433705008923, 2477.055235322809]], "kpt2d_body": [[1137.7173231693653, 414.2555896209783], [1232.6911250468625, 314.6545138770788], [1069.0415798295105, 652.4872867753478], [1126.5211000122376, 381.1078297724023], [1084.6548862601992, 501.6737276966131], [1094.9199667466721, 616.9003626728309], [1061.8451966930106, 625.5841988908164], [1089.8344182418439, 788.2776034982242], [1090.0944402590208, 929.0109069260354], [1162.0179032779592, 451.5658277852309], [1136.168440353912, 618.3878002875329], [1144.652661638996, 724.6614408122407], [1076.6527284231538, 681.0125713303439], [1098.5317948188842, 839.9532000217228], [1096.9690302987353, 975.0530863090312], [1216.864434885619, 293.4189702769302], [1163.3156061738807, 296.30898840114816], [1223.5613376905562, 301.5959482873576], [1176.7016476765396, 318.1760940453202]], "kpt2d_body_mask": [true, true, true, true, true, true, true, true, true, true, true, true, true, true, true, true, true, true, true], "kpt3d_body_mask": [true, true, true, true, true, true, true, true, true, true, true, true, true, true, true, true, true, true, true], "kpt_list": ["Thorax", "Nose", "Pelvis", "L_Shoulder", "L_Elbow", "L_Wrist", "L_Hip", "L_Knee", "L_Ankle", "R_Shoulder", "R_Elbow", "R_Wrist", "R_Hip", "R_Knee", "R_Ankle", "L_Eye", "L_Ear", "R_Eye", "R_Ear"]}