{"id": 6, "class": "person", "kpt3d_body": [[87.25595553087759, -432.76976667778615, 2908.9071594398065], [-14.052141009771029, -659.7347492589721, 3010.240669350208], [30.148572698362663, 98.75242147561082, 2943.8972844005248], [-8.892997183804072, -440.56011898829877, 2761.2784599077736], [-32.73084980669495, -132.59291821412347, 2721.052877154295], [-77.2904300414522, 111.71530139311315, 2747.5864814562756], [-45.42501028861181, 96.75226270384073, 2878.302834325298], [-96.9238458407479, 498.49770143743564, 2999.5476159581112], [4.3845864151346365, 915.1600896054937, 3028.591174929313], [195.74318508183921, -432.0864667694526, 3045.3919069900194], [210.8122079075723, -124.24601124257137, 3113.496902770079], [124.67180022233379, 119.57410855821536, 3153.12654625491], [105.72268549027316, 100.75255620591221, 3009.491827903464], [71.09086082716304, 486.28282665454935, 3099.8079161923692], [112.35597477461658, 907.2069590498785, 3088.943188043156], [-19.21526081378732, -690.7469722306133, 2969.1668497426726], [10.912760492627186, -664.6457886875585, 2869.110203672331], [26.241326329183057, -691.2115826711293, 3011.9636357466798], [123.08555089739389, -667.3611157936726, 2976.9852782325574]], "kpt2d_body": [[989.6949261419953, 328.3093769192112], [935.5295385048036, 220.46076301460818], [958.8509574977113, 612.9270383999794], [937.7353965968607, 311.65119189716734], [923.843286821564, 483.988714792047], [898.5360964567947, 624.0572887384411], [917.9372087319961, 613.0325886210076], [892.2982252913242, 819.1473339705501], [945.0602704646172, 1024.4794702521108], [1043.29782196198, 339.11251926898046], [1049.0968509431036, 497.8618474663228], [1004.893305940852, 619.7651121946101], [997.9709483046121, 612.8098658169788], [978.6267230595316, 804.8552682755453], [998.9166218944654, 1011.828037614893], [932.7432096820254, 200.04732258065997], [948.7052190486065, 201.52935283880373], [956.3336993265067, 204.81064983985436], [1007.0568446226132, 212.9731676954474]], "kpt2d_body_mask": [true, true, true, true, true, true, true, true, true, true, true, true, true, true, true, true, true, true, true], "kpt3d_body_mask": [true, true, true, true, true, true, true, true, true, true, true, true, true, true, true, true, true, true, true], "kpt_list": ["Thorax", "Nose", "Pelvis", "L_Shoulder", "L_Elbow", "L_Wrist", "L_Hip", "L_Knee", "L_Ankle", "R_Shoulder", "R_Elbow", "R_Wrist", "R_Hip", "R_Knee", "R_Ankle", "L_Eye", "L_Ear", "R_Eye", "R_Ear"]}