{"id": 4, "class": "person", "kpt3d_body": [[-204.72471485154233, -268.62886710574276, 2837.877717833883], [-361.0737561651374, -322.1428938024127, 2650.598301613184], [-185.1508313608113, 90.632451105851, 3153.4395728876807], [-95.19319380331063, -174.87138819347408, 2748.0947935004415], [-8.221844844429302, 50.40510602202929, 2942.7578161322367], [35.00420313866858, 281.5217145539839, 3000.392757804213], [-120.81275860202692, 120.23698128888498, 3071.3902681075015], [-114.17859096468958, 436.4112071500935, 2815.8028126756344], [-36.77333959865469, 459.66514936963085, 3226.176000780377], [-315.8410807285534, -351.9896438551747, 2928.2932432816324], [-299.8732183059331, -169.64633778014743, 3176.117555050886], [-340.5941071101007, 38.04702830661924, 3303.0197893233862], [-249.48961899085563, 61.02326608144324, 3235.486248711629], [-235.56323278659022, 341.8055447596245, 3486.996103091843], [-207.99988972549704, 644.4195296653677, 3797.6390157569394], [-330.5795082933611, -336.3679692934008, 2612.231899672722], [-220.7436200564237, -338.606254568008, 2613.623342801703], [-360.32721417925865, -371.0253655120699, 2650.5342725348364], [-302.2123852509197, -429.0725797114005, 2711.235873952771]], "kpt2d_body": [[850.2469814750991, 416.84457267741675], [762.1820071943887, 380.4761782555414], [868.6775152662276, 588.1159195514489], [902.2628596161234, 459.6508720184553], [946.6540878543515, 571.9955256530142], [966.8206019287434, 678.4898831674847], [895.681508136024, 602.6110671544565], [894.3820220753729, 762.4168592727428], [934.7616412328271, 745.4270750306256], [801.0973745593591, 381.97448747218857], [819.1840741315455, 474.0086091900984], [807.0397983140482, 564.1299586801558], [843.0901571863483, 574.3572649160802], [856.6295621157838, 684.0915163987228], [874.8073639048245, 782.3383534400534], [775.5209566003236, 370.4617259087754], [833.4504572597037, 368.93078138649827], [762.8178639839182, 355.2794444668882], [796.5968508501626, 330.05115140816247]], "kpt2d_body_mask": [true, true, true, true, true, true, true, true, true, true, true, true, true, true, true, true, true, true, true], "kpt3d_body_mask": [true, true, true, true, true, true, true, true, true, true, true, true, true, true, true, true, true, true, true], "kpt_list": ["Thorax", "Nose", "Pelvis", "L_Shoulder", "L_Elbow", "L_Wrist", "L_Hip", "L_Knee", "L_Ankle", "R_Shoulder", "R_Elbow", "R_Wrist", "R_Hip", "R_Knee", "R_Ankle", "L_Eye", "L_Ear", "R_Eye", "R_Ear"]}