{"id": 4, "class": "person", "kpt3d_body": [[-147.99649559305146, -74.830190639087, 2690.990601053745], [-282.52300538286823, -98.36616657666013, 2553.674229803093], [-210.64701300943494, 280.3297352738018, 3069.2378023570527], [-86.89136802771759, 62.877232569049255, 2597.9158257368113], [-107.5224783142798, 285.87549124385805, 2788.2442766518243], [-191.63090358896042, 445.61221567096624, 2950.2843962587312], [-189.74225167015064, 357.6141565017273, 3023.0301732207627], [-152.88151365314974, 598.5416592399416, 3348.272297728632], [-144.24279615142504, 847.7293905023712, 3658.804594943363], [-232.5347071231921, -184.6741772771081, 2784.315308602455], [-260.5233759176383, -6.600322342417968, 3029.9621321109203], [-333.13787751842256, 167.5230742518042, 3191.478449717296], [-231.55269882357624, 203.04481090761456, 3115.4444816522373], [-208.29401394034625, 465.33398094297957, 3438.3049172563788], [-186.49261088858367, 742.5360268182236, 3754.063198652355], [-261.6053754152903, -101.54950282792839, 2511.12447341495], [-156.79211985083396, -112.7784537528288, 2484.0798851971063], [-287.6449020387032, -145.1137759921066, 2538.173021998394], [-232.8616639402253, -227.15147087283938, 2558.2836245484496]], "kpt2d_body": [[873.8480178417141, 509.45777582016024], [796.7075665387024, 494.7101735177855], [855.1001887014058, 674.8560771149833], [903.875413442961, 581.8313716531824], [896.9089361014868, 690.4372969055369], [860.5914267798182, 756.870619298447], [863.3871723052403, 712.0375305159666], [887.457690787245, 794.7107750675189], [896.4301431726702, 865.8850777032924], [834.3345836709801, 456.0735896795669], [830.764874023321, 545.1132410450873], [805.3999673733989, 620.9464310554938], [847.0812486930537, 638.6434710536357], [866.5242602085925, 735.4361645973217], [882.0556957936865, 820.3966018824747], [805.6312956362806, 492.02651935769495], [862.579838085431, 485.02466961869504], [793.0703038453527, 468.88972396516124], [824.0654763162586, 425.0574336589278]], "kpt2d_body_mask": [true, true, true, true, true, true, true, true, true, true, true, true, true, true, true, true, true, true, true], "kpt3d_body_mask": [true, true, true, true, true, true, true, true, true, true, true, true, true, true, true, true, true, true, true], "kpt_list": ["Thorax", "Nose", "Pelvis", "L_Shoulder", "L_Elbow", "L_Wrist", "L_Hip", "L_Knee", "L_Ankle", "R_Shoulder", "R_Elbow", "R_Wrist", "R_Hip", "R_Knee", "R_Ankle", "L_Eye", "L_Ear", "R_Eye", "R_Ear"]}