{"id": 1, "class": "person", "kpt3d_body": [[-37.99042459044063, -147.26695270025374, 2574.5197686908077], [60.240806922982095, -343.64177713681187, 2438.952902576355], [-72.57746082044315, 407.0271610787494, 2546.871939932027], [110.83669440410813, -135.9563262209693, 2667.7248411044293], [145.60576467218146, 143.6148940828248, 2656.6067371707213], [154.5095747536932, 397.72108641895585, 2578.0494318579376], [18.27322210202892, 417.5040244209039, 2591.48504594698], [-9.481429774382875, 862.0959377344832, 2578.726909851757], [-28.444288631932597, 1247.0520288657021, 2584.2971249680345], [-187.90130817762554, -159.1099041255154, 2476.254784509132], [-248.01953901592012, 119.92381524025461, 2441.557493235049], [-206.0431210672828, 380.14717529665774, 2376.648977941196], [-163.42857657505732, 396.5493161767614, 2502.2597608456745], [-184.44187350278247, 844.8472895421853, 2483.0195017411183], [-220.00310725969058, 1237.0904992946894, 2468.1635942731837], [76.82387253129986, -377.53501724514194, 2472.0632205485786], [71.86889647266537, -364.98560959422434, 2577.63005869931], [25.20680460738161, -379.77264766404943, 2443.8861158635364], [-62.41858963719651, -373.8554255972167, 2501.258517970246]], "kpt2d_body": [[935.3173504791719, 465.46480713557094], [990.3281453790722, 349.6978694141917], [916.3758023605808, 766.6330121744319], [1014.0306085660964, 474.1778022948064], [1032.5355972469408, 620.5622403523621], [1039.1981328143186, 758.9062795939692], [965.7578027967949, 768.4499593091772], [951.0137460795391, 997.8958684737732], [941.5504067871417, 1179.9989084127046], [850.0540829181626, 455.7984065269713], [814.3053717312756, 613.5347633247562], [835.7664315268306, 766.3945590182695], [865.3147720961525, 764.5870866563567], [855.4075427813756, 1004.8010751095685], [839.1857321642287, 1200.7643728068479], [999.1579109316542, 333.5172595862996], [994.7526601497846, 348.74608127715015], [970.2974216749833, 329.8082174580475], [921.2606211748467, 337.9590048158015]], "kpt2d_body_mask": [true, true, true, true, true, true, true, true, true, true, true, true, true, true, true, true, true, true, true], "kpt3d_body_mask": [true, true, true, true, true, true, true, true, true, true, true, true, true, true, true, true, true, true, true], "kpt_list": ["Thorax", "Nose", "Pelvis", "L_Shoulder", "L_Elbow", "L_Wrist", "L_Hip", "L_Knee", "L_Ankle", "R_Shoulder", "R_Elbow", "R_Wrist", "R_Hip", "R_Knee", "R_Ankle", "L_Eye", "L_Ear", "R_Eye", "R_Ear"]}