{"id": 3, "class": "person", "kpt3d_body": [[-39.728571471297485, -110.9010626155181, 2625.6545565183455], [38.774959300340434, -115.06000476665278, 2446.099050363772], [-29.60522040262582, 382.0005905298296, 2848.0848139051877], [101.97657512221315, -138.70654723383538, 2675.9419399850767], [316.80805967153344, -172.94969375363308, 2769.4932169471526], [519.7284554531265, -258.59818319826627, 2804.2219369105705], [77.6480417850137, 370.83268285286135, 2885.327792354223], [36.432707077275104, 648.2630259035393, 3044.571679704449], [18.12225668723859, 950.0986491771023, 3226.2185595087503], [-174.04543918933686, -77.33050659666787, 2564.7631269416634], [-385.7113329795505, -23.822376979913003, 2506.5464598976905], [-593.6951586708387, -14.840361133669262, 2412.5481789561427], [-136.85818207488896, 393.16799453888103, 2810.842843428938], [-141.70798410904834, 673.399360988878, 2979.8620779107064], [-153.88844863517122, 971.1103138227783, 3161.7265834540276], [60.074599465834744, -158.34118237903738, 2447.570171475445], [68.99501342844027, -211.68669307476407, 2524.9294347920936], [4.476942329003721, -142.62415902161166, 2430.979972855866], [-68.5186598130228, -178.55913639116451, 2478.070475988049]], "kpt2d_body": [[911.0433222353137, 504.6304107206457], [954.3071016507604, 497.9527203820758], [917.7261193831068, 749.3778557259744], [985.3593264478571, 491.307715331341], [1091.244083131003, 476.8495471955413], [1188.0514837291307, 436.4802271592964], [969.5918025655578, 741.6570589122495], [948.6852719607008, 856.3570288065014], [939.8460441316264, 964.0810096299656], [837.5049349679006, 521.5045727382553], [718.6157139296013, 550.2949812984571], [594.112310765671, 555.0150018245818], [864.5699076296743, 757.1366804649812], [866.7216289771169, 873.6494504984782], [865.9599947153629, 980.2014499803981], [966.4225469993601, 473.4274527310635], [970.2709744930758, 446.8839066651383], [934.7441374463158, 481.7792056032331], [893.6046637092427, 463.2161162845745]], "kpt2d_body_mask": [true, true, true, true, true, true, true, true, true, true, true, true, true, true, true, true, true, true, true], "kpt3d_body_mask": [true, true, true, true, true, true, true, true, true, true, true, true, true, true, true, true, true, true, true], "kpt_list": ["Thorax", "Nose", "Pelvis", "L_Shoulder", "L_Elbow", "L_Wrist", "L_Hip", "L_Knee", "L_Ankle", "R_Shoulder", "R_Elbow", "R_Wrist", "R_Hip", "R_Knee", "R_Ankle", "L_Eye", "L_Ear", "R_Eye", "R_Ear"]}