{"id": 1, "class": "person", "kpt3d_body": [[79.0252538511325, -304.862642662717, 2909.1086387336745], [151.8802710356421, -511.33141191975096, 2991.082552003394], [63.89649218198187, 248.25771625668722, 3012.604312282911], [-64.95223146234558, -324.37675722955544, 3001.284731768209], [18.05949087353472, -119.4841155576519, 3177.5973676214066], [203.37029076967653, -127.00045037620882, 3058.0524061107344], [-21.016925281959953, 238.1475077753413, 3059.6313093680765], [-27.68684960473978, 673.7266618480273, 3089.719470259716], [-53.44511645238663, 1067.5332796678128, 3112.748439296486], [225.20236148962317, -290.8367095791401, 2818.705211227959], [286.3627790910107, -58.21257609564654, 2960.7502051382553], [96.09610370084134, -132.3117676070298, 3111.4668239150897], [148.8100965770596, 258.3669510515439, 2965.5770764690897], [104.49670845036809, 694.2251166841992, 2994.227348674981], [75.50651904803868, 1091.6324095104214, 3026.564561117716], [118.18021967300882, -547.7474225177646, 2985.167001701082], [27.91178137560614, -532.4876941587324, 2934.246373960568], [166.8820080140182, -539.0003821455433, 2953.8030484443825], [156.8828249547316, -513.2429408806563, 2852.396574749516]], "kpt2d_body": [[987.50232575678, 420.2545111974089], [1019.9738985168971, 329.7511120674378], [979.2498182251173, 680.2514308202763], [919.5760635988165, 415.71623791562683], [957.6255686341909, 513.3753456314998], [1042.4005469468966, 507.98357788052044], [940.1172261653744, 673.9333292059717], [937.3507804478573, 865.362941390442], [926.4841775987095, 1028.3165646482075], [1060.7298350391475, 422.7091186749353], [1084.3860803575951, 538.4144804193461], [992.7877976214041, 506.5451603661074], [1019.5639405393282, 686.7066758419433], [997.6901464644335, 883.6900700916798], [983.3422203092645, 1050.6606736040917], [1004.4368734018168, 312.68566066365827], [962.8570691462653, 315.3142506503195], [1027.7893304569775, 314.16900344040414], [1025.7428627790487, 317.59992145043674]], "kpt2d_body_mask": [true, true, true, true, true, true, true, true, true, true, true, true, true, true, true, true, true, true, true], "kpt3d_body_mask": [true, true, true, true, true, true, true, true, true, true, true, true, true, true, true, true, true, true, true], "kpt_list": ["Thorax", "Nose", "Pelvis", "L_Shoulder", "L_Elbow", "L_Wrist", "L_Hip", "L_Knee", "L_Ankle", "R_Shoulder", "R_Elbow", "R_Wrist", "R_Hip", "R_Knee", "R_Ankle", "L_Eye", "L_Ear", "R_Eye", "R_Ear"]}