{"id": 1, "class": "person", "kpt3d_body": [[88.17731457120367, -340.0804981726794, 2899.4377226180673], [163.68200774124475, -518.8653932463934, 2994.653752411519], [62.62053528568462, 254.11761065214378, 2976.9794476108], [-55.12111858956786, -356.36563973085015, 2976.9453989784915], [-247.61179712824995, -413.93867874975274, 3190.5668797118633], [-103.17181461877331, -614.7618268948146, 3204.898280464513], [-17.503075567475914, 243.92047069964008, 3036.243970074089], [-38.430456744381004, 681.1072027064614, 3071.623747400111], [-53.81314530135556, 1066.0552638865843, 3110.991498757749], [224.5578744527691, -324.95042049968947, 2808.5806819166005], [524.6778341752118, -314.1783470965926, 2747.197781391712], [466.5971801936761, -523.2509279812659, 2862.065703224144], [142.74448860468522, 264.31563809123986, 2917.716013763466], [100.80399383424296, 699.0742903582883, 2980.4876565956233], [76.17438131595229, 1092.975198967542, 3029.101702279445], [129.85278964834225, -553.1834108254828, 2986.4052071973656], [41.26545911452876, -536.6358271616268, 2933.9581354507545], [180.27187658602955, -545.8938025448679, 2957.7902264519844], [170.8764025836308, -520.0757380515954, 2855.8508632387284]], "kpt2d_body": [[991.986759926882, 403.04449122525773], [1025.3193855343623, 326.639513304309], [979.0021974432814, 684.3410556458406], [923.9442911966111, 399.6937363554101], [842.0182798668899, 386.1977049336058], [905.2169398925721, 301.3914129272758], [941.6576715594363, 677.3979783359918], [932.4668612822388, 870.2880702020325], [926.3099139819262, 1027.959170072522], [1060.725773522483, 405.4819604962454], [1212.743529955512, 408.6270978308231], [1173.6033586590609, 315.29913740077484], [1017.8058595716967, 691.5047905121032], [996.1928198155271, 887.2834991480861], [983.6103586097939, 1050.8368956756635], [1009.8027064561784, 310.34840836911064], [969.1522064164196, 313.38248431712435], [1033.911695855386, 311.3854170138528], [1032.3953768182946, 314.69362982719554]], "kpt2d_body_mask": [true, true, true, true, true, true, true, true, true, true, true, true, true, true, true, true, true, true, true], "kpt3d_body_mask": [true, true, true, true, true, true, true, true, true, true, true, true, true, true, true, true, true, true, true], "kpt_list": ["Thorax", "Nose", "Pelvis", "L_Shoulder", "L_Elbow", "L_Wrist", "L_Hip", "L_Knee", "L_Ankle", "R_Shoulder", "R_Elbow", "R_Wrist", "R_Hip", "R_Knee", "R_Ankle", "L_Eye", "L_Ear", "R_Eye", "R_Ear"]}