{"id": 1, "class": "person", "kpt3d_body": [[82.06387266257686, -348.3156984495839, 2855.837052472462], [158.3086592917869, -556.9970668621777, 2969.858862615346], [26.158002708982515, 176.59229084606565, 2887.4385164565547], [-77.18981882609631, -362.8668825552377, 2926.7242186202493], [-247.7317605880977, -155.04706783650747, 2846.7745177886554], [-189.6305288040961, 37.83840458323979, 2995.1293544985165], [-66.93108680358092, 150.62248916312583, 2923.40301236892], [56.63580017462209, 246.22691748639596, 3333.8292256400255], [-13.866284358675571, 646.502403981922, 3159.6570566474247], [247.64574572846897, -340.4655161270465, 2794.3355591848567], [327.09724612632726, -74.5171360919727, 2802.028036533879], [302.6672693062448, -101.3855689614904, 3054.676829093666], [119.24737798652174, 202.5649651544117, 2851.475345822142], [131.34381543246542, 597.0953157650991, 2957.4254620005677], [42.99238759446446, 1052.3789629421497, 2947.6865024602007], [121.14734155808125, -589.2261866996425, 2962.2201114804957], [32.01976050581294, -562.5901552319077, 2912.909994660529], [171.28748107301575, -583.9192541383112, 2929.97155187581], [162.4049610573249, -550.4225066035393, 2829.747010612633]], "kpt2d_body": [[989.6441088043205, 396.6099274600815], [1023.3460391221547, 307.28417475131954], [962.3293741032201, 650.8048992546901], [913.0309106388625, 393.83161178219984], [828.5362627911304, 490.0970178102574], [861.3851499363217, 583.2957468443835], [917.7501019066206, 637.4128402901601], [973.376856946174, 668.4136771007629], [943.6407621547951, 847.3354145780138], [1072.665412676527, 397.11288318920094], [1112.050702829308, 528.8332895194812], [1087.6320372517625, 519.6397657518842], [1007.9784217669196, 664.4656310085072], [1010.9741920530726, 843.5366970735955], [969.3860622977239, 1046.099320101812], [1006.1531589580053, 291.86872822681704], [964.8867112253847, 299.5439873755654], [1030.3560049254652, 291.4901393060036], [1028.9252673114825, 297.91864965946496]], "kpt2d_body_mask": [true, true, true, true, true, true, true, true, true, true, true, true, true, true, true, true, true, true, true], "kpt3d_body_mask": [true, true, true, true, true, true, true, true, true, true, true, true, true, true, true, true, true, true, true], "kpt_list": ["Thorax", "Nose", "Pelvis", "L_Shoulder", "L_Elbow", "L_Wrist", "L_Hip", "L_Knee", "L_Ankle", "R_Shoulder", "R_Elbow", "R_Wrist", "R_Hip", "R_Knee", "R_Ankle", "L_Eye", "L_Ear", "R_Eye", "R_Ear"]}