{"id": 1, "class": "person", "kpt3d_body": [[89.39343357424679, -302.202696524178, 2920.295573883508], [183.4282040130286, -520.058381031336, 3028.9130454296364], [59.40513801390356, 251.06742802120309, 2981.8586429741154], [-55.61951335070668, -324.591806569892, 3019.52203223744], [-98.7868698955707, -56.13784146738226, 3087.6951560656107], [-38.61778881579448, 177.58869777390714, 3169.415137135029], [-27.11455329725485, 239.05155695935974, 3041.9926350959086], [-39.95540628125879, 674.8651139873414, 3072.354522260453], [-52.31155870114069, 1068.4909227828452, 3113.7229057857826], [240.51507059030337, -285.39375176749036, 2826.578114520251], [274.2898882071181, 2.1084283942118986, 2845.184077804406], [281.0702564337634, 244.7382029129507, 2964.8258882265764], [145.92525108125392, 263.084196011098, 2921.725679269448], [96.84806586304123, 700.2707698935933, 2976.036234282834], [72.65657839758123, 1090.983674077502, 3024.2838222842834], [148.58717522051776, -554.8996643710775, 3021.599946682108], [57.98277845778124, -539.0148595530711, 2972.5388795267395], [198.22264352585785, -547.8388396242171, 2990.490840201467], [186.9304906299331, -521.2766002173289, 2888.6155606275734]], "kpt2d_body": [[992.2999444175963, 422.0730406371931], [1033.480677557712, 328.80919496365084], [977.4536396233816, 682.7336235168298], [924.0573892158634, 416.5125945722111], [905.0316481717126, 540.4116313566485], [932.693460548893, 643.6844095482026], [937.2680047649212, 674.9692216549395], [931.7828108488005, 867.500063008137], [926.9845706359433, 1028.571954304507], [1067.9360380854646, 425.79230568549696], [1083.9642770371022, 566.7510838081221], [1081.4865509207823, 680.1693188075179], [1019.2280201143176, 690.7469030948702], [994.4317953393381, 888.2919952007677], [982.0971621031564, 1050.7383526939911], [1017.6745112206145, 312.5355348993296], [976.6822330988131, 315.52619448998394], [1041.2805502080967, 313.28229924434186], [1039.1387097564802, 316.9683946315829]], "kpt2d_body_mask": [true, true, true, true, true, true, true, true, true, true, true, true, true, true, true, true, true, true, true], "kpt3d_body_mask": [true, true, true, true, true, true, true, true, true, true, true, true, true, true, true, true, true, true, true], "kpt_list": ["Thorax", "Nose", "Pelvis", "L_Shoulder", "L_Elbow", "L_Wrist", "L_Hip", "L_Knee", "L_Ankle", "R_Shoulder", "R_Elbow", "R_Wrist", "R_Hip", "R_Knee", "R_Ankle", "L_Eye", "L_Ear", "R_Eye", "R_Ear"]}