{"id": 1, "class": "person", "kpt3d_body": [[87.82685233813086, -340.1526293181969, 2901.1419202829256], [163.73697101388544, -518.7103916300277, 2994.718894852262], [73.26943194511045, 254.20943920329407, 2993.135439059254], [-55.4943106871807, -356.4110912144786, 2977.490764058881], [-247.3589262393452, -413.64356911485106, 3191.4479016280934], [-102.65929641276782, -613.050399990238, 3206.046078808688], [-17.442631264915658, 244.1413942180263, 3036.1884621889103], [-38.40623622851703, 681.6951055915981, 3071.667288349692], [-53.22059914785861, 1067.1324604605252, 3110.130410575739], [224.0433527667097, -324.730698427761, 2807.62846889126], [524.6543114188912, -314.07534227017106, 2747.933798840988], [467.6205155801838, -521.5666606094358, 2862.465089136656], [163.98202455211242, 264.27739798866526, 2950.083265816897], [100.5925594415319, 699.1332598621773, 2980.1536310050137], [75.78110691722824, 1093.4128920876008, 3028.177258976729], [129.84734701284427, -552.8423516299092, 2986.838912446155], [41.44066737915317, -536.9504689592098, 2934.4421257221666], [180.51532670331312, -545.8861017587764, 2958.6290459666843], [170.94115964833344, -519.952104035943, 2856.181465950057]], "kpt2d_body": [[991.7941402476878, 403.1047137840867], [1025.3434956982323, 326.71498481237404], [983.800479753106, 683.740685123912], [923.7747272733874, 399.7031160899386], [842.1564579995319, 386.37276358865853], [905.4507608877134, 302.20408458265524], [941.6853015949888, 677.5007930630893], [932.4783681831904, 870.5396826184665], [926.5629142122145, 1028.519447489979], [1060.509992554407, 405.5344798219969], [1212.6640299542642, 408.71902528552494], [1174.0700466028077, 316.1323026204353], [1027.0700209311012, 690.0886696709422], [996.1002863471779, 887.3451708808464], [983.4441414308832, 1051.15764671766], [1009.7923322866632, 310.5391863428832], [969.2314343777467, 313.278255117265], [1034.0018024732103, 311.4602453060162], [1032.4176309371912, 314.7808623902205]], "kpt2d_body_mask": [true, true, true, true, true, true, true, true, true, true, true, true, true, true, true, true, true, true, true], "kpt3d_body_mask": [true, true, true, true, true, true, true, true, true, true, true, true, true, true, true, true, true, true, true], "kpt_list": ["Thorax", "Nose", "Pelvis", "L_Shoulder", "L_Elbow", "L_Wrist", "L_Hip", "L_Knee", "L_Ankle", "R_Shoulder", "R_Elbow", "R_Wrist", "R_Hip", "R_Knee", "R_Ankle", "L_Eye", "L_Ear", "R_Eye", "R_Ear"]}