{"id": 1, "class": "person", "kpt3d_body": [[-90.17216242992596, -75.6711058584645, 2777.691786500925], [-252.9386749808789, -250.67789477003686, 2681.011796036686], [-59.479218706544366, 365.82116451556726, 3118.092659118256], [-135.10065481060377, 28.789265067204752, 2641.7873110995297], [-142.21943103785972, 273.30154030526717, 2778.864227182813], [-205.4430594292663, 435.1070699887599, 2964.7408569597246], [-87.49624008798172, 429.5470336602118, 3039.049528307479], [-45.72491046341067, 764.0635921544771, 3312.5811533130554], [-22.939451698102395, 1071.4751523426914, 3561.770814720555], [-54.656788370047344, -185.04706264696807, 2913.538121844574], [-41.48253843655979, 10.546384039325574, 3127.179789890892], [-119.50752072932016, 222.30448094185604, 3274.201063578739], [-31.462139024028453, 302.09517382595993, 3197.135937671397], [-1.9777734128701496, 668.1054758616735, 3446.453310572205], [16.10904294925369, 983.3462451473811, 3683.879093976743], [-240.53818911579168, -259.1090243718321, 2633.127879629015], [-160.1405302296382, -210.15856277056514, 2586.020008985387], [-227.1409355069309, -293.16660400939725, 2679.241927140415], [-126.02646915093953, -302.8873423090755, 2705.2040862730128]], "kpt2d_body": [[900.9230521689354, 524.6312562200387], [815.2920216464267, 433.11660682910633], [919.6849054905435, 725.0269663112961], [874.9141886183644, 577.6468215131994], [875.0618415700042, 698.8107232673192], [850.2828297866166, 765.0980417374973], [906.2733883110228, 757.9314359635184], [927.2486132895282, 878.5661111211336], [937.4832014123623, 970.6619804648087], [920.0429853154459, 474.27433796082425], [927.6691948707719, 567.1925020746919], [895.3609910304966, 656.7742705006863], [932.4864014134521, 693.5881200800891], [945.4066139734798, 829.295041102301], [952.2063081305064, 926.5271349876846], [819.4590159322054, 426.3471854498832], [860.0835925930791, 449.8117892794543], [828.6142305627097, 411.1493710397965], [881.488999708367, 407.42944099865974]], "kpt2d_body_mask": [true, true, true, true, true, true, true, true, true, true, true, true, true, true, true, true, true, true, true], "kpt3d_body_mask": [true, true, true, true, true, true, true, true, true, true, true, true, true, true, true, true, true, true, true], "kpt_list": ["Thorax", "Nose", "Pelvis", "L_Shoulder", "L_Elbow", "L_Wrist", "L_Hip", "L_Knee", "L_Ankle", "R_Shoulder", "R_Elbow", "R_Wrist", "R_Hip", "R_Knee", "R_Ankle", "L_Eye", "L_Ear", "R_Eye", "R_Ear"]}