{"id": 1, "class": "person", "kpt3d_body": [[-231.1288630873433, 273.69458595199023, 2401.9302876814295], [-290.86585100410383, 213.48702764255052, 2149.841492983896], [-205.65360311451923, 683.1267413141956, 2787.1751096113126], [-65.16573622105199, 293.45006746530305, 2343.900554226023], [53.99247329222668, 487.0962513394471, 2507.979869845186], [104.02700028732141, 703.0139896053813, 2636.4402922428817], [-93.01002282465592, 686.536766142887, 2766.489296892065], [-65.04984335103839, 906.4532153092655, 3128.919045171728], [-48.79222424679288, 1138.9969362188906, 3463.2543003907317], [-398.94740502783793, 243.6493794879405, 2453.57396160495], [-435.7259348672477, 428.38399816349136, 2680.5920575878004], [-442.2441817699179, 681.6240367692401, 2763.459770650065], [-318.29593651009753, 679.7162553795818, 2807.8614046540733], [-310.3458186421131, 1088.0386106476794, 2927.4075148723305], [-324.2850597298582, 1463.6905832633454, 3073.5814160249975], [-259.2407571575384, 177.35341165666526, 2138.130322030001], [-186.7928553287474, 142.19894210869043, 2206.4002493780404], [-314.6048222724751, 170.99591592162398, 2154.143759578713], [-334.0452329899414, 124.61494615497784, 2248.2374456728885]], "kpt2d_body": [[812.858156606572, 719.976876684379], [759.0490397680853, 699.5048733943299], [845.1931201348145, 897.2317586174207], [907.5923661433108, 735.8209070636053], [975.8998649068534, 829.7607289185528], [1000.1594155176874, 926.0270545237743], [900.1493221572077, 901.6903180325182], [917.9130592838417, 956.1984756752038], [927.1833556741562, 1006.6666656902023], [721.8074714845104, 699.1913353224204], [722.8526248907126, 781.5321328980964], [728.3577893190227, 897.458707382089], [791.267655219782, 892.5660361334108], [804.2357899555329, 1059.2667628885627], [807.8768979936877, 1186.0059512860653], [778.1647011171901, 677.1530920549455], [828.5112075309622, 651.8454261209419], [744.1518542052936, 672.0324440303476], [740.5013702845829, 639.0355357688975]], "kpt2d_body_mask": [true, true, true, true, true, true, true, true, true, true, true, true, true, true, true, true, true, true, true], "kpt3d_body_mask": [true, true, true, true, true, true, true, true, true, true, true, true, true, true, true, true, true, true, true], "kpt_list": ["Thorax", "Nose", "Pelvis", "L_Shoulder", "L_Elbow", "L_Wrist", "L_Hip", "L_Knee", "L_Ankle", "R_Shoulder", "R_Elbow", "R_Wrist", "R_Hip", "R_Knee", "R_Ankle", "L_Eye", "L_Ear", "R_Eye", "R_Ear"]}