{"id": 2, "class": "person", "kpt3d_body": [[45.27726368856861, 42.71972051350403, 2781.7216458036114], [-141.66915441250464, -75.88525731111176, 2709.2290210226893], [41.0014345796635, 416.02441458739975, 3113.7392814945306], [9.885471959839691, 152.96869162647482, 2651.831391595055], [74.1244112181645, 405.6230452658094, 2748.041199724812], [31.5900017522916, 597.9171578114774, 2895.9810459089726], [58.46875921557409, 479.5631517913581, 3041.630171455705], [63.46949259661031, 764.2277772177326, 3288.618252657193], [125.13874617234697, 1032.565384626606, 3544.9383718307818], [59.378453079835865, -68.45568451778504, 2910.4159106489624], [116.1658890271829, 74.63369785045217, 3156.2020464729203], [67.72759134633468, 241.29063808294518, 3340.858063504947], [23.535141987614203, 352.48654372549595, 3185.8488323699617], [-120.04983044564025, 579.0395056097625, 3415.701184916697], [73.91214547478056, 872.0151309120386, 3622.7421318264796], [-131.3997270543115, -84.67736261930455, 2662.039693678774], [-43.96995498744616, -47.87236496970863, 2612.8710752801953], [-119.5979921870686, -121.09107769402783, 2709.332442168809], [-17.34653863391273, -141.68787248172663, 2733.697920073013]], "kpt2d_body": [[968.8614951086926, 583.859979163313], [873.3270061528038, 523.5845306410562], [964.4506021855295, 747.3931979103035], [951.3623379249598, 642.6591028871046], [983.5617160647372, 766.5057051900204], [961.2330237509452, 846.2513022891937], [972.8036718779188, 780.2447243102839], [972.7214147071163, 880.8655258169379], [994.3182329101751, 958.1891188126731], [974.6103006687623, 529.7947825506361], [997.4672359606276, 595.3758640054643], [974.396098152991, 662.8001841622436], [956.4423682131619, 715.8567626039412], [897.595863401463, 796.2931332933302], [974.2090023867411, 891.9088522022352], [877.4078870083421, 518.3046678241809], [922.7042461095565, 537.0231566887863], [884.6849473446878, 500.41022522289586], [937.3266096909163, 490.4678838654667]], "kpt2d_body_mask": [true, true, true, true, true, true, true, true, true, true, true, true, true, true, true, true, true, true, true], "kpt3d_body_mask": [true, true, true, true, true, true, true, true, true, true, true, true, true, true, true, true, true, true, true], "kpt_list": ["Thorax", "Nose", "Pelvis", "L_Shoulder", "L_Elbow", "L_Wrist", "L_Hip", "L_Knee", "L_Ankle", "R_Shoulder", "R_Elbow", "R_Wrist", "R_Hip", "R_Knee", "R_Ankle", "L_Eye", "L_Ear", "R_Eye", "R_Ear"]}