{"id": 1, "class": "person", "kpt3d_body": [[-82.00203658032837, -107.62272226154764, 2764.34459810875], [-229.0604883690496, -254.19674785625034, 2681.3200156823223], [-66.73209467170932, 361.4690065835247, 3121.359478486056], [-102.23065494044891, -18.310317961251315, 2638.257291060986], [-242.80149065977622, 207.0381986731475, 2503.140111401578], [-347.2841915984252, 15.257420756709053, 2475.2866696636866], [-87.94227053532644, 421.2543861731457, 3044.7518502462863], [-47.9070153359104, 762.1293340315589, 3317.392770741794], [-20.323976226127023, 1069.5778840402077, 3560.8449567483913], [-37.35617757419291, -205.97195445039318, 2886.554937465685], [-89.08137629215162, -302.96129298986955, 3172.9363654985605], [-231.46625670206217, -403.6859688307334, 3003.2559563164114], [-45.52118582686564, 301.6833577520376, 3197.9657837566883], [-12.420855925090528, 664.688524697626, 3447.7591633166303], [14.232847295862037, 983.893866246668, 3683.6052714760267], [-215.12479893534677, -263.7630476513391, 2635.4302582163964], [-131.93409439758352, -219.99103769857783, 2590.245977427523], [-205.2500025989821, -295.8311891442088, 2681.9045899526077], [-106.72524387213218, -308.90910797359567, 2709.8933469848635]], "kpt2d_body": [[904.8312835571927, 508.3896379022998], [827.6140751498223, 431.26373114669383], [916.4831029489795, 722.9367086408112], [892.1580253926705, 552.8534128474182], [811.5558137879851, 677.0014047600367], [751.6614509802603, 571.0260797283256], [906.1349981940056, 753.8442788852299], [926.3699323151613, 877.3430953083873], [938.4792504274176, 970.0756310958222], [928.1511441963369, 463.4036747288574], [907.1354175365537, 430.0736892511737], [839.4497563990241, 376.82784162919404], [926.3758555466289, 693.3718823778999], [941.22664962824, 827.8582898096276], [951.5103089433433, 926.7483653195275], [832.9009258592981, 423.9683519099604], [875.3488473781648, 444.7091825437332], [840.0144259091002, 409.8749676534669], [891.4880443434265, 404.6114930293581]], "kpt2d_body_mask": [true, true, true, true, true, true, true, true, true, true, true, true, true, true, true, true, true, true, true], "kpt3d_body_mask": [true, true, true, true, true, true, true, true, true, true, true, true, true, true, true, true, true, true, true], "kpt_list": ["Thorax", "Nose", "Pelvis", "L_Shoulder", "L_Elbow", "L_Wrist", "L_Hip", "L_Knee", "L_Ankle", "R_Shoulder", "R_Elbow", "R_Wrist", "R_Hip", "R_Knee", "R_Ankle", "L_Eye", "L_Ear", "R_Eye", "R_Ear"]}