{"id": 6, "class": "person", "kpt3d_body": [[-245.5581163446877, -286.1628227938172, 2618.204957023053], [-341.8833549313125, -378.0399464949272, 2462.4042409303074], [-209.56092824462158, 242.08556823532334, 2839.223465661843], [-93.30393689149003, -265.03218461195985, 2580.250743682922], [17.950642798121415, -117.54077872834202, 2349.112458861402], [-154.8735789193394, -238.08511220927102, 2185.9944943890487], [-128.05445537109648, 258.81412080391783, 2791.4889553683424], [-107.87794495753167, 655.042117915641, 2974.3683213247095], [-97.29988438511532, 1038.9160371129205, 3170.575617722645], [-380.9482025731252, -317.58710647680033, 2692.7921011673934], [-487.52747704231797, -162.042383650938, 2479.28766109057], [-312.3109481021872, -268.66603115182215, 2321.4390411223208], [-291.0670540277139, 225.35559575812087, 2886.9585704196206], [-255.2704885779085, 605.7850890850383, 3091.740878774915], [-208.94193632371474, 982.6959406811751, 3286.8184802837727], [-305.4910576179468, -408.83812045490544, 2444.3987342032146], [-207.52633098990728, -421.2080975926568, 2483.6817063100066], [-350.2723857967524, -424.87343129551533, 2482.3734713811023], [-319.69622856862253, -460.01932749303734, 2575.7609968309384]], "kpt2d_body": [[794.8604770980617, 385.1694397047314], [729.0669779112709, 320.86453669606624], [824.3292705684341, 673.844848913609], [880.3693025724306, 394.5768405641579], [945.6351516898487, 472.67327760623425], [828.8438923376532, 385.5774639135607], [865.8883717760998, 684.9858898812813], [880.7448206325568, 871.2425388293161], [889.623018817132, 1022.6737604491834], [724.7162978386083, 372.94049745345194], [643.680641932852, 450.84532578598476], [734.8657315405233, 376.09713391617424], [784.2486136965105, 663.0349266264914], [812.3170368709752, 835.8234855496728], [841.4691335893275, 982.5228183323469], [749.5887100504449, 300.66593745132957], [810.5392143692595, 296.73105733756785], [726.0523462249847, 295.2658314975205], [751.0262726703791, 284.1901410369514]], "kpt2d_body_mask": [true, true, true, true, true, true, true, true, true, true, true, true, true, true, true, true, true, true, true], "kpt3d_body_mask": [true, true, true, true, true, true, true, true, true, true, true, true, true, true, true, true, true, true, true], "kpt_list": ["Thorax", "Nose", "Pelvis", "L_Shoulder", "L_Elbow", "L_Wrist", "L_Hip", "L_Knee", "L_Ankle", "R_Shoulder", "R_Elbow", "R_Wrist", "R_Hip", "R_Knee", "R_Ankle", "L_Eye", "L_Ear", "R_Eye", "R_Ear"]}