{"id": 6, "class": "person", "kpt3d_body": [[-224.91174075965625, -241.8614369547808, 2611.283228504676], [-348.3612996076978, -355.9171295593842, 2441.288423441372], [-197.75542223326983, 245.8723573970576, 2847.4034127561554], [-111.89469636777511, -190.48673283975447, 2490.0399965360048], [-143.9417218216246, 86.6782695677557, 2537.9079505495624], [-385.99355488372083, 51.257272566529366, 2662.637055069915], [-128.79652576417692, 271.24937290925175, 2785.3607436326183], [-105.38777515882252, 653.6776646936162, 2977.426733884823], [-98.2136251676802, 1041.5684649858665, 3170.6594845829654], [-349.4349217764592, -289.71840920644325, 2720.0131563238597], [-447.2963860612228, -31.301612380645736, 2665.2248553204345], [-348.5426938698323, -210.92104500192661, 2525.9700111073007], [-266.71419998110076, 220.49540808246775, 2909.4459351720275], [-256.30224745098184, 608.48371032033, 3094.3879834303148], [-208.19763700882754, 982.1628460424927, 3287.0302931162314], [-313.1008997776967, -383.46330445081236, 2417.1619976244], [-210.30547576030486, -394.6091876422264, 2441.189860777974], [-353.97889437914415, -405.80675425416274, 2457.3571027816806], [-313.0323292280347, -447.1010649848077, 2544.1846274957625]], "kpt2d_body": [[806.083236402098, 409.7244632405602], [723.3072645233361, 332.2016184309914], [830.8063398690423, 675.4712962651979], [867.2279956913347, 433.41554532293605], [849.5910281279308, 598.0402889947675], [718.8622532712918, 575.7233133170485], [865.3580337508895, 691.8888507459106], [882.0285772887091, 870.2646415781461], [889.2109452833006, 1023.8140366362752], [743.6774228769806, 389.58210250534194], [685.3402879326356, 529.815524104685], [729.4697652754919, 423.57880802201817], [797.7837931241202, 659.723075058816], [811.9388317961576, 836.8380816702495], [841.8026094054962, 982.272641159114], [742.7786422897673, 313.26716248454875], [806.6302679035123, 308.33340944809765], [721.6458398995268, 304.0518753196419], [752.5609225426914, 288.321795467967]], "kpt2d_body_mask": [true, true, true, true, true, true, true, true, true, true, true, true, true, true, true, true, true, true, true], "kpt3d_body_mask": [true, true, true, true, true, true, true, true, true, true, true, true, true, true, true, true, true, true, true], "kpt_list": ["Thorax", "Nose", "Pelvis", "L_Shoulder", "L_Elbow", "L_Wrist", "L_Hip", "L_Knee", "L_Ankle", "R_Shoulder", "R_Elbow", "R_Wrist", "R_Hip", "R_Knee", "R_Ankle", "L_Eye", "L_Ear", "R_Eye", "R_Ear"]}