{"id": 6, "class": "person", "kpt3d_body": [[-193.18445570599647, -264.7053515857965, 2582.214201499447], [-305.6679602241927, -367.5748412432918, 2445.172164273412], [-193.4823532442927, 245.27854598633567, 2834.3361695300064], [-131.04379663603981, -199.87821051564865, 2455.4330886269595], [-407.775261800316, -110.77358974278951, 2394.820602180386], [-542.3814532574619, -311.9216554589602, 2508.9263169832043], [-155.26890332144194, 284.3637264383284, 2755.8614310123094], [-125.45498194461798, 668.2824485935793, 2962.735596888724], [-97.44864269842138, 1037.8309865186882, 3170.08751422737], [-224.24110745297529, -326.82236795788526, 2715.244315321678], [-490.4977688262153, -323.43454733576465, 2841.4336228790607], [-561.2392643631949, -390.33787916102995, 2611.0996470175064], [-231.6965246910026, 206.19545160077394, 2912.8112654412744], [-252.173394734087, 608.6628370453261, 3093.1299739475776], [-207.27796179901176, 982.2478168471682, 3287.2662035245858], [-271.12407310930394, -385.0039465821075, 2415.5843637844496], [-166.14641111892993, -379.75530783005894, 2430.352057229916], [-302.6696129174086, -417.9667292013332, 2456.5803297652405], [-246.22787593925602, -455.28925243195374, 2536.672208975146]], "kpt2d_body": [[822.9233779754535, 395.0492907169581], [749.2923917085188, 325.323704566093], [832.5710389704061, 675.7559189695044], [854.6899367215972, 426.17321621061143], [681.8894586319569, 478.80539894600065], [616.3145297436329, 364.78120955643806], [850.3628699789244, 700.4191685971289], [871.8289809023264, 878.8552037631339], [889.5458986566747, 1022.2706689342963], [811.5247145950532, 368.78527551165985], [679.148220179677, 379.3863371775708], [618.6168790137135, 328.1897304109016], [815.7472163659324, 652.3817342156062], [813.8552192791618, 837.0528725504981], [842.216891041765, 982.2824898036288], [768.1729575997892, 311.9417236413291], [832.8587555572489, 316.0392628477958], [752.2252903085525, 296.4439141485806], [790.7505744341265, 282.50997317551185]], "kpt2d_body_mask": [true, true, true, true, true, true, true, true, true, true, true, true, true, true, true, true, true, true, true], "kpt3d_body_mask": [true, true, true, true, true, true, true, true, true, true, true, true, true, true, true, true, true, true, true], "kpt_list": ["Thorax", "Nose", "Pelvis", "L_Shoulder", "L_Elbow", "L_Wrist", "L_Hip", "L_Knee", "L_Ankle", "R_Shoulder", "R_Elbow", "R_Wrist", "R_Hip", "R_Knee", "R_Ankle", "L_Eye", "L_Ear", "R_Eye", "R_Ear"]}