{"id": 6, "class": "person", "kpt3d_body": [[-242.77041238261057, -277.9650338988304, 2603.434861166331], [-347.0120939197044, -376.3017861088875, 2454.1012779759803], [-211.3159815878666, 242.70673260509128, 2838.711136912042], [-125.16706051291172, -225.8807839766473, 2512.449505817244], [-98.67803391790005, -146.89740304520626, 2229.855964539171], [-305.66731654157246, -290.3766856958899, 2262.9052695153914], [-145.5568739604807, 268.6908161188609, 2775.465009729681], [-115.96846612183462, 656.5274596681215, 2970.7363991883835], [-98.6215075668733, 1039.5623999084671, 3169.5298843379874], [-353.9169186129409, -321.1093521402344, 2703.106653698199], [-614.2024878780314, -426.6236447454486, 2708.265043654144], [-534.7157025980175, -423.9168515219754, 2468.0482481235554], [-277.0759705513646, 216.72377111071143, 2901.9573298146206], [-257.51606987670846, 607.2061434653839, 3094.976375348838], [-209.19241162215667, 983.4784667023381, 3287.158371208973], [-309.6563728484118, -402.9737250264324, 2430.8621371456757], [-210.68925225516492, -408.6769983873458, 2459.316890428412], [-350.03195374596373, -424.04574990456183, 2469.409833313176], [-311.183412742396, -456.7619220210648, 2560.900728181932]], "kpt2d_body": [[795.637908376178, 388.89224143494334], [725.3192554353373, 321.1800453865578], [823.3927859042465, 674.1882518919965], [860.0019348840588, 413.5694179389613], [868.2202257284434, 449.17496022211907], [734.2217670915079, 357.63966362054987], [856.128793721727, 691.0158713358617], [876.670335680521, 872.3298442032208], [889.004189546358, 1023.1013792053637], [740.1937422198579, 371.5620891988526], [601.8393952128301, 316.84169825829713], [616.7027208261047, 296.0354793123203], [792.137525074811, 658.0677188988722], [811.3794538874188, 836.1832038321953], [841.3704261708829, 982.8109264235187], [746.0344817890689, 302.8563223878245], [807.3846400960816, 301.72704355680094], [725.1225506343645, 294.4599253027966], [754.8374961108674, 284.4900554534953]], "kpt2d_body_mask": [true, true, true, true, true, true, true, true, true, true, true, true, true, true, true, true, true, true, true], "kpt3d_body_mask": [true, true, true, true, true, true, true, true, true, true, true, true, true, true, true, true, true, true, true], "kpt_list": ["Thorax", "Nose", "Pelvis", "L_Shoulder", "L_Elbow", "L_Wrist", "L_Hip", "L_Knee", "L_Ankle", "R_Shoulder", "R_Elbow", "R_Wrist", "R_Hip", "R_Knee", "R_Ankle", "L_Eye", "L_Ear", "R_Eye", "R_Ear"]}