{"id": 6, "class": "person", "kpt3d_body": [[-255.67032665853918, -252.26628906550332, 2600.735078807938], [-384.9446832046644, -360.46942758560135, 2439.373481280785], [-227.37750902919709, 253.09442465237254, 2838.33566584908], [-139.447453601979, -202.07438161917665, 2482.8228365153886], [29.54077349508879, -97.30161766165082, 2309.4484027173767], [-125.18448502011557, -197.5864175700589, 2142.603736837507], [-156.30950833083767, 277.8555457648572, 2779.5990597071623], [-132.37371380615235, 663.0243330523363, 2969.360641099438], [-99.00749091574652, 1040.3008469745257, 3170.33978745878], [-369.6669608198465, -297.4220176377034, 2715.5148662857355], [-607.8227177996989, -323.5015455095183, 2855.351088323309], [-702.6443649582444, -439.49364292679263, 2663.736393528457], [-298.44545036692546, 228.33333663868999, 2897.0721986371655], [-262.37897402914354, 604.011692321526, 3096.61640464514], [-214.33269037446678, 986.349555757659, 3282.4987567193607], [-349.0649437460023, -389.5299665876462, 2414.7320278872085], [-245.62377929034116, -397.94978056224494, 2438.9785733462913], [-389.5101591962734, -409.61049853906275, 2456.616205160057], [-346.8150607374225, -446.0405976586341, 2547.1638302066167]], "kpt2d_body": [[788.0843493112943, 403.34220845908317], [701.272723664141, 329.5574631086062], [815.0003961915294, 679.5880336802331], [850.5297832294427, 426.20284068017935], [953.3270235563351, 484.43622806934314], [847.2083864859035, 410.1791186230555], [850.5070408770578, 695.6597712963999], [868.5201184403973, 875.5782373132791], [888.8397814724774, 1023.3063524076731], [732.4486213265989, 385.2325878066572], [620.8735084738482, 380.7994475738949], [549.4873348799606, 307.08225138348234], [781.0062233313998, 664.1384770033876], [809.1197697094244, 834.5239259257783], [838.9752801919129, 984.6013133640515], [720.8383339194258, 309.6203334242904], [785.1874893425439, 306.28789119735154], [700.5219875952359, 301.9959054912041], [733.3496807718499, 289.4412060377933]], "kpt2d_body_mask": [true, true, true, true, true, true, true, true, true, true, true, true, true, true, true, true, true, true, true], "kpt3d_body_mask": [true, true, true, true, true, true, true, true, true, true, true, true, true, true, true, true, true, true, true], "kpt_list": ["Thorax", "Nose", "Pelvis", "L_Shoulder", "L_Elbow", "L_Wrist", "L_Hip", "L_Knee", "L_Ankle", "R_Shoulder", "R_Elbow", "R_Wrist", "R_Hip", "R_Knee", "R_Ankle", "L_Eye", "L_Ear", "R_Eye", "R_Ear"]}