{"id": 6, "class": "person", "kpt3d_body": [[-235.1831862172254, -269.4488077171306, 2620.3880232605015], [-349.120326839158, -375.22581481676383, 2465.1432003062428], [-217.53980317631652, 243.8842218082783, 2838.025739939607], [-112.51686671392513, -225.1392838349068, 2522.4737434756316], [-195.89869115975236, -20.68147488941463, 2346.1064197982582], [-324.9209828400268, -238.8503923171234, 2306.1286251695533], [-157.14191702099407, 270.4639805765918, 2767.9555746215033], [-117.77461892740948, 653.8379499573643, 2974.1033136465394], [-98.31311673372007, 1038.5896262130877, 3170.8270030686726], [-333.54748391612804, -322.81216212911716, 2729.526289223105], [-567.4627071055982, -162.79904629654908, 2696.2313308095668], [-532.8626872122123, -309.31599589293654, 2497.405230783729], [-277.9383743162178, 217.30481960512478, 2908.095239181578], [-259.8167819831234, 606.3094221473154, 3097.9775528980617], [-209.362686626764, 983.2337788874743, 3287.6585972139683], [-313.00702702664245, -401.2381120220297, 2441.376649277897], [-209.92550046116804, -410.70799656240865, 2465.6176815976896], [-354.8067154181358, -424.8432045458614, 2484.014010081804], [-311.962003928489, -457.9602770758862, 2569.3817876636604]], "kpt2d_body": [[800.7873376014647, 394.678219085907], [724.9769138102246, 322.820307168856], [820.1131299857277, 674.8214026447888], [867.7580914495477, 414.5163211905458], [809.7112085080777, 534.0841625701465], [725.3919782196324, 394.04082709392634], [849.6985383170944, 692.332831462062], [875.8329819679519, 870.6685067829301], [889.161027739122, 1022.4936557395542], [753.0233297013098, 372.2365665373024], [623.6423176430869, 458.29279659634943], [620.3515603346277, 365.41229111703456], [791.9970122716184, 658.1296216879389], [810.3994713798531, 835.4823705080689], [841.3075030970917, 982.6430146418704], [744.8051986543986, 304.94110705350306], [808.1687845095618, 301.1400633818594], [723.5202367021318, 295.47805006613737], [754.9792687240408, 284.6658791671577]], "kpt2d_body_mask": [true, true, true, true, true, true, true, true, true, true, true, true, true, true, true, true, true, true, true], "kpt3d_body_mask": [true, true, true, true, true, true, true, true, true, true, true, true, true, true, true, true, true, true, true], "kpt_list": ["Thorax", "Nose", "Pelvis", "L_Shoulder", "L_Elbow", "L_Wrist", "L_Hip", "L_Knee", "L_Ankle", "R_Shoulder", "R_Elbow", "R_Wrist", "R_Hip", "R_Knee", "R_Ankle", "L_Eye", "L_Ear", "R_Eye", "R_Ear"]}