{"id": 3, "class": "person", "kpt3d_body": [[-6.860261746598724, 7.745491661536619, 2790.940738131236], [-26.735706664939123, 2.904094024736139, 2631.2314182529108], [52.19176156734388, 416.72257612067796, 3074.729642265899], [134.1640336591135, -46.67497015329417, 2805.880054918187], [237.46905893024916, 49.74134776395289, 2593.2274435153017], [60.529347989898184, -72.23005217380972, 2538.691222929974], [163.149415355294, 407.3736371103738, 3070.7449799795063], [177.25200102941034, 675.201121965119, 3300.563990501112], [207.6311737595515, 935.3555844871923, 3541.8721550620608], [-143.6417754420917, 51.08923185821098, 2769.3067801562347], [-46.79578622364062, 201.3401565625938, 2588.3489010541634], [78.82593602499287, 292.90586978015966, 2396.7088684869345], [-58.76531836064707, 426.0718014042272, 3078.7154175358387], [1.0455617449454735, 667.8592689967538, 3339.593189301177], [54.88745847609124, 921.6101865444865, 3578.1503300525646], [-10.55087652466991, -34.71098525130671, 2617.8116465100475], [32.84082286641791, -90.63483330661626, 2668.725626999857], [-62.082032240035545, -20.284503699266168, 2626.35225903818], [-104.40582012979928, -68.06909635655117, 2693.3629958736424]], "kpt2d_body": [[911.4554543254784, 566.9639888622934], [900.7243529559927, 564.6402792316939], [938.4192122657317, 750.5411583820174], [981.453016379618, 539.9973738934316], [1042.1627545853728, 589.709112490485], [948.0864580012434, 523.568667743688], [988.4978563523342, 746.4904831679014], [988.8139170916343, 844.0122012066793], [994.9903924708993, 922.9860042748685], [842.683030494592, 588.729453997012], [889.7415526298354, 671.0484341137537], [960.5091296415857, 732.2472271888332], [888.4460657132961, 754.4455079519732], [915.3394491829264, 838.0501742149752], [935.9115917058365, 914.7009276938395], [909.2652638881027, 544.6742917917376], [932.0191968634158, 515.9111678161966], [881.9542072954924, 552.3714407243182], [860.9102631248271, 527.9959687724669]], "kpt2d_body_mask": [true, true, true, true, true, true, true, true, true, true, true, true, true, true, true, true, true, true, true], "kpt3d_body_mask": [true, true, true, true, true, true, true, true, true, true, true, true, true, true, true, true, true, true, true], "kpt_list": ["Thorax", "Nose", "Pelvis", "L_Shoulder", "L_Elbow", "L_Wrist", "L_Hip", "L_Knee", "L_Ankle", "R_Shoulder", "R_Elbow", "R_Wrist", "R_Hip", "R_Knee", "R_Ankle", "L_Eye", "L_Ear", "R_Eye", "R_Ear"]}