{"id": 3, "class": "person", "kpt3d_body": [[0.04608725238959721, 61.45796334466311, 2791.337769408956], [-85.03476699925137, 56.30854649507441, 2594.0768442959607], [39.18002298409391, 441.76353335917315, 3093.830903678996], [136.9457690277148, 90.02423688484768, 2718.6256382955503], [213.64247119315746, 304.0110724932734, 2829.905879686152], [205.42694692923132, 521.4639940174266, 2934.4367393024677], [122.932130705665, 470.16158828337524, 3051.3532277355334], [167.15292249929962, 688.6234116999448, 3292.9790754636338], [199.7620263588705, 940.4122587464783, 3540.3870010839237], [-146.25388633996545, 28.69759423076502, 2854.7334091898656], [-185.54784512784119, 202.3044355854219, 3027.7852177469103], [-200.4435890043574, 414.6598505563579, 3126.102571584069], [-44.57256689330084, 413.36540758798253, 3136.3087296440103], [3.730729508895436, 650.1073315095921, 3359.5224457033446], [52.99464552578211, 921.8657767343545, 3581.532357521368], [-59.432678745449614, 22.603654028372944, 2568.479894143107], [17.49162060541881, -20.125350919878287, 2599.4819305155875], [-110.52524929473137, 15.80519697001563, 2596.653308645618], [-117.03353526379999, -45.81917611226672, 2665.406035635843]], "kpt2d_body": [[914.9033403422419, 593.7097288320701], [869.2324790640736, 593.2678137373098], [932.4369838894455, 760.4728537083978], [984.9947241276581, 609.0954798397161], [1019.5725009245375, 711.7420349800866], [1011.4601696643432, 807.6736605902889], [970.632988177854, 775.8064305089337], [984.7348722686079, 850.1329200977176], [991.9772914166755, 925.0289051128726], [843.5636351679825, 577.0697516963063], [829.7098959375368, 655.7721598848846], [826.1104077381527, 746.3779735804483], [895.189835528729, 745.4298610667233], [916.4374231800304, 829.3394201935005], [935.1692687801617, 914.4759253826613], [882.6489036048291, 575.33768453641], [924.2545913801425, 552.3435835538563], [855.6136103748975, 571.5630981161307], [853.749639443604, 539.2253534914857]], "kpt2d_body_mask": [true, true, true, true, true, true, true, true, true, true, true, true, true, true, true, true, true, true, true], "kpt3d_body_mask": [true, true, true, true, true, true, true, true, true, true, true, true, true, true, true, true, true, true, true], "kpt_list": ["Thorax", "Nose", "Pelvis", "L_Shoulder", "L_Elbow", "L_Wrist", "L_Hip", "L_Knee", "L_Ankle", "R_Shoulder", "R_Elbow", "R_Wrist", "R_Hip", "R_Knee", "R_Ankle", "L_Eye", "L_Ear", "R_Eye", "R_Ear"]}