{"id": 3, "class": "person", "kpt3d_body": [[-31.479915879737845, 81.89326613665074, 2734.7305268997416], [-104.52741681330406, 92.83762125514386, 2560.5295329890164], [15.829986325448324, 475.220181201413, 3060.7478341681], [118.87459102235255, 97.36361346011805, 2684.4506751818863], [298.6118325502106, 201.80077785092763, 2593.7627469744066], [178.09609614210558, 131.38282731865317, 2417.691618438583], [114.30738883690299, 491.08141914875125, 3028.9658942392402], [146.89524744756892, 706.3843086850454, 3272.222658092374], [195.83449037897114, 937.6524152152658, 3537.2348143261274], [-166.68169054145926, 35.45957515231578, 2805.6579350131774], [-373.625974413328, 74.5322816752514, 2892.3440931702994], [-446.75508081230333, -5.891525979397301, 2711.242719228698], [-82.647329568651, 459.3589696154879, 3092.529731640986], [-16.75619470005845, 679.1390973154773, 3327.3336928677827], [53.88918048342154, 921.0190232416442, 3574.9340075800023], [-80.035357266939, 61.06143055465381, 2535.789365775855], [-4.693394201727159, 10.818669505382417, 2567.395411056701], [-131.23766925939577, 56.41930088774629, 2562.4390447086876], [-143.56172305006334, -10.67100476507349, 2628.814105409293]], "kpt2d_body": [[898.8480177422286, 604.7230728735634], [858.0576185906104, 613.4655654276619], [922.0541350539672, 777.5005628406402], [976.5232781896221, 613.4827727349211], [1074.440993776107, 670.6948728344106], [1017.2805931509953, 638.4794475366963], [967.0734263256485, 786.7672120478319], [976.6248161877477, 859.2167578095509], [990.5375566661509, 924.3267179767115], [832.2045389130669, 580.6569331964259], [735.8215627050292, 598.7525500244584], [687.1094134541462, 560.1134191059484], [877.9001079558853, 768.285319977241], [907.9738921818861, 843.5931427353755], [935.5483311433678, 914.7889890474839], [870.9290092261888, 596.5652740146488], [912.3331381542065, 568.9639170284208], [843.5938877732185, 593.6864190989959], [838.8667892559448, 557.4686473355882]], "kpt2d_body_mask": [true, true, true, true, true, true, true, true, true, true, true, true, true, true, true, true, true, true, true], "kpt3d_body_mask": [true, true, true, true, true, true, true, true, true, true, true, true, true, true, true, true, true, true, true], "kpt_list": ["Thorax", "Nose", "Pelvis", "L_Shoulder", "L_Elbow", "L_Wrist", "L_Hip", "L_Knee", "L_Ankle", "R_Shoulder", "R_Elbow", "R_Wrist", "R_Hip", "R_Knee", "R_Ankle", "L_Eye", "L_Ear", "R_Eye", "R_Ear"]}