{"id": 3, "class": "person", "kpt3d_body": [[-30.99991208283054, 75.79383205052167, 2743.0430665158297], [-102.87697711776514, 85.91151392920153, 2568.1076126321123], [8.807728749932835, 458.40013333392176, 3084.1523240119595], [118.78957351581971, 89.81685849021346, 2697.015759554334], [299.6393145653583, 196.94175007706363, 2612.375132495211], [176.601522435667, 132.89327207485115, 2422.4108940263245], [111.56436991749116, 484.93392255601003, 3034.8614194149086], [144.43881838753066, 704.5026696371314, 3275.3385435020346], [196.4468105963687, 936.69236137236, 3538.127531632151], [-169.50711335192716, 31.99996473338743, 2811.2771473858957], [-372.8645092750065, 66.76393228718027, 2902.7118081847266], [-446.288210290642, -7.403748127719467, 2698.2003794817365], [-93.94997234304178, 431.8682581830209, 3133.44272572771], [-20.1056246993123, 677.9920528465252, 3329.98923248655], [53.92450537517051, 921.3499434024708, 3576.7755216578344], [-77.08004433201964, 53.509718037950336, 2544.1951930764685], [-3.2559542326771407, 3.82868550908114, 2576.248144039882], [-129.86190882709627, 47.14825425889231, 2570.9588550870444], [-139.96305751741397, -18.31980418514064, 2639.276089867758]], "kpt2d_body": [[899.1396197993719, 601.5081792953346], [859.1156314174132, 609.5743845161871], [918.8497433262934, 768.4579781151286], [976.1959538562569, 609.3644532402383], [1073.869608852798, 667.3697660537583], [1016.2249606134106, 639.1985580990386], [965.7334639512828, 783.5883366281695], [975.5414843121603, 858.1792463652378], [990.7579514099882, 923.881246375614], [830.97308240575, 578.9126384205015], [736.8085599040353, 594.9262662554163], [686.2610808776202, 559.3261116024441], [873.3546308167546, 753.6391213068559], [906.5936298066864, 842.9107256384743], [935.5513232761205, 914.7361425080794], [872.6890381564924, 592.3321589855709], [913.119217698668, 565.1719798079278], [844.5704347557487, 588.5782721793961], [841.0629778293567, 553.4654630833802]], "kpt2d_body_mask": [true, true, true, true, true, true, true, true, true, true, true, true, true, true, true, true, true, true, true], "kpt3d_body_mask": [true, true, true, true, true, true, true, true, true, true, true, true, true, true, true, true, true, true, true], "kpt_list": ["Thorax", "Nose", "Pelvis", "L_Shoulder", "L_Elbow", "L_Wrist", "L_Hip", "L_Knee", "L_Ankle", "R_Shoulder", "R_Elbow", "R_Wrist", "R_Hip", "R_Knee", "R_Ankle", "L_Eye", "L_Ear", "R_Eye", "R_Ear"]}