{"id": 3, "class": "person", "kpt3d_body": [[-32.412486972319066, 115.93382673268181, 2717.601498730344], [-77.66963975805763, 173.42581692055674, 2540.722975938609], [17.63387949835323, 500.75049682897, 3033.4344489557325], [112.99457877257204, 137.1128847822517, 2662.561313603694], [195.92067932835272, 328.416635020419, 2788.822152137472], [198.6338568102765, 544.4327718600457, 2883.670971664552], [115.63292542172455, 538.5592870538392, 2982.408444395718], [143.05829684617646, 747.0575782788397, 3227.9103619453776], [189.90051502394687, 998.3324304672839, 3474.5510242688733], [-176.5128036504256, 79.1077749703885, 2775.1270886997554], [-213.99879537391774, 254.48549486980227, 2968.8352178304885], [-223.56325962602156, 459.5392864021253, 3069.578619684554], [-80.36564904261138, 462.943037435922, 3084.460530761605], [-33.53574817244496, 710.4463927487423, 3298.682930453902], [18.11531347314574, 957.807371553111, 3538.3067725370565], [-53.84218231654884, 139.63718724802263, 2512.1910734041985], [-0.7399896532174566, 68.74606799264413, 2527.5239313580937], [-108.863776716789, 141.29611362385475, 2534.55251238498], [-141.28209662614879, 62.81138345501404, 2573.3650125625545]], "kpt2d_body": [[898.2740211879291, 622.3779301049633], [872.3617397210586, 657.8454397815718], [922.9367241503328, 790.8545102757803], [973.9372189014798, 634.608893847975], [1012.2616723499284, 725.9681327572896], [1009.8120994262738, 822.6638247667454], [968.4125496980893, 811.782164010925], [975.7293474151323, 879.9751543121406], [989.3391526758069, 953.3903515914249], [826.394981726008, 602.6779180447786], [814.8244148312081, 681.8434414720467], [814.2191282900887, 769.608637175267], [878.831908921441, 770.4027452140082], [900.9299989735661, 858.6845076125234], [921.9228538800638, 931.9639246606722], [885.0530110614128, 640.2986356979188], [914.4727089048654, 600.9093589521085], [855.128277826726, 640.4943629922459], [838.4750642180376, 597.0016093997666]], "kpt2d_body_mask": [true, true, true, true, true, true, true, true, true, true, true, true, true, true, true, true, true, true, true], "kpt3d_body_mask": [true, true, true, true, true, true, true, true, true, true, true, true, true, true, true, true, true, true, true], "kpt_list": ["Thorax", "Nose", "Pelvis", "L_Shoulder", "L_Elbow", "L_Wrist", "L_Hip", "L_Knee", "L_Ankle", "R_Shoulder", "R_Elbow", "R_Wrist", "R_Hip", "R_Knee", "R_Ankle", "L_Eye", "L_Ear", "R_Eye", "R_Ear"]}