{"id": 3, "class": "person", "kpt3d_body": [[3.9881864529288436, 55.87591327316048, 2759.8485246820564], [-70.09052158682931, 54.89393229607472, 2594.7043128119203], [51.06974755579209, 439.1426619017856, 3074.019477415165], [137.93803555045093, 95.37997513474437, 2691.6426818388777], [99.57471936886192, 342.2794297167278, 2712.3196209210873], [-124.25952178010398, 289.48847538163903, 2799.014744605757], [151.4921272988699, 474.9687687018349, 3039.200060108261], [168.25182360539517, 687.49657693642, 3292.317895250021], [202.4627418130731, 937.7330035248922, 3540.0320422214872], [-137.0257069496929, 30.22396030067881, 2815.6613487620325], [-219.07166417189458, 259.81454337796276, 2841.9763365221925], [-17.319477834179082, 299.0796629538288, 2736.3007666572435], [-49.35294573340908, 403.31494623392143, 3108.837727146297], [2.9184964580615613, 654.1210607156554, 3350.9006693239544], [52.699923408337455, 921.7282974964166, 3580.172073127415], [-43.36467237086289, 22.094171018541857, 2571.5670340028473], [34.485315691488196, -19.682059481032326, 2602.553948571054], [-94.69449274446077, 15.234037793958635, 2599.1297965411923], [-99.34922888860416, -44.20589071314623, 2669.299394373638]], "kpt2d_body": [[916.8933587957491, 591.2481507375345], [877.2595811141238, 592.5061467982571], [937.9072061076525, 760.5597513342075], [986.2059503579223, 612.3165671107383], [965.7946196144469, 737.6988571248712], [853.2609328416212, 706.3691374944965], [983.8285044103933, 778.7505255963115], [985.2096983506256, 849.7279081108354], [993.0327815307744, 924.0627891192557], [847.1313735113326, 578.0175222975726], [807.9342333499408, 689.6782863959527], [906.0997137137168, 714.5426950047164], [892.8806655702545, 742.5930094973266], [916.1074019289424, 831.6240000773265], [935.0642076281631, 914.5543386252206], [891.3891093573125, 575.0485283138535], [933.3399750716202, 552.5934008106576], [864.1433543003178, 571.2508159014533], [863.0535957235822, 540.0958647292637]], "kpt2d_body_mask": [true, true, true, true, true, true, true, true, true, true, true, true, true, true, true, true, true, true, true], "kpt3d_body_mask": [true, true, true, true, true, true, true, true, true, true, true, true, true, true, true, true, true, true, true], "kpt_list": ["Thorax", "Nose", "Pelvis", "L_Shoulder", "L_Elbow", "L_Wrist", "L_Hip", "L_Knee", "L_Ankle", "R_Shoulder", "R_Elbow", "R_Wrist", "R_Hip", "R_Knee", "R_Ankle", "L_Eye", "L_Ear", "R_Eye", "R_Ear"]}