{"id": 5, "class": "person", "kpt3d_body": [[-250.04791657174218, -74.51560845440419, 2682.6866621523523], [-197.82077063019656, -1.9727190189796318, 2454.352228507907], [-270.01402236021886, 90.85283896673864, 3126.213742578564], [-95.05663475852242, -114.17264404866451, 2707.978980422704], [15.24313703852819, -13.443921674018497, 2973.4159219930307], [-15.584185659501415, 207.86027976844522, 3115.323758283891], [-175.24914541098667, 59.335014490279434, 3144.14636524865], [-60.87340162490796, 384.0716537639661, 3383.5184030576397], [-156.13068803954434, 533.4355141093863, 3733.3386911444622], [-401.78485831117706, -29.013089993763685, 2666.2550898437103], [-509.4001734698898, 163.86087874999276, 2879.460467529513], [-385.7187989941117, 343.16692166019806, 3031.5662947325227], [-364.7784120916473, 122.37055070005198, 3108.28115873881], [-321.6921166766147, 483.3063204938736, 3332.802896609019], [-274.909886816689, 583.2455367164655, 3703.483901569507], [-180.07585976697476, -44.88789562043422, 2437.087927874076], [-167.31394686819698, -133.1250216090637, 2490.337992101466], [-236.2287496553826, -25.504933163468024, 2432.6857985074084], [-309.77783235921856, -81.41929450544247, 2476.2103186546656]], "kpt2d_body": [[791.0141909426839, 517.6415087706156], [810.9319208345896, 560.346291848265], [801.8255791698417, 607.6464163689022], [883.1425108351071, 494.7600132707665], [947.0956420063994, 554.4436531704282], [930.9958422526205, 667.3978637935716], [850.3503148414738, 591.5419021539464], [910.4223042504506, 741.2191283621268], [872.7746158883749, 787.2296516511346], [700.5346410656362, 544.4462763214921], [659.8031295503984, 651.2096650924008], [737.9243502134345, 740.0595564208057], [752.9459087868466, 623.8697267728439], [786.4922325853172, 790.1589236022764], [821.705274744364, 809.8236371348181], [821.5691029561091, 532.432026717503], [832.2594534080969, 476.93821247838076], [784.8306589298392, 545.0207297633089], [740.7399870880259, 509.6493777316231]], "kpt2d_body_mask": [true, true, true, true, true, true, true, true, true, true, true, true, true, true, true, true, true, true, true], "kpt3d_body_mask": [true, true, true, true, true, true, true, true, true, true, true, true, true, true, true, true, true, true, true], "kpt_list": ["Thorax", "Nose", "Pelvis", "L_Shoulder", "L_Elbow", "L_Wrist", "L_Hip", "L_Knee", "L_Ankle", "R_Shoulder", "R_Elbow", "R_Wrist", "R_Hip", "R_Knee", "R_Ankle", "L_Eye", "L_Ear", "R_Eye", "R_Ear"]}