{"id": 2, "class": "person", "kpt3d_body": [[251.4960772116548, -127.11601110384706, 2867.7145568664328], [290.7092303451172, -350.0329125238097, 2926.805058920938], [267.4256392087952, 342.2045557516567, 3101.9565991428735], [91.97194818109435, -154.9905214677689, 2925.125957845746], [29.8538725865445, 82.3582041021669, 3049.9040394639114], [70.35571498795228, 270.29659861519093, 3214.1911941364124], [173.83970427812758, 328.15966808619567, 3133.2307483485715], [148.45034895180845, 673.8398689006146, 3262.1073381585948], [147.41649632302708, 1020.3458990604036, 3379.5871481239033], [418.1481637660579, -106.4614999318141, 2815.224159062055], [492.0617388063606, 145.60600435497847, 2928.220916939432], [504.9615345664181, 323.6983743073415, 3118.012756526001], [361.0120570525055, 356.2481748599971, 3070.6828592754523], [361.49715117237895, 695.2733807261282, 3212.853489678896], [338.04102107814776, 1045.1549061592473, 3333.717514802352], [256.49094358721754, -375.33393514115244, 2901.8919099999357], [183.8239383584073, -326.04281695734653, 2841.8186213112763], [313.2924371935752, -365.9715091083676, 2884.6186660783624], [330.8023354557619, -299.64533566873183, 2799.9021354117913]], "kpt2d_body": [[1081.130379884448, 486.250668196125], [1098.4932749412774, 371.40299489448796], [1078.5316722953755, 723.1362348155221], [994.6402221779983, 472.85031381597327], [961.2882110446692, 595.7872293692424], [979.8943081731762, 683.3627331281092], [1031.475268914468, 714.7998040041501], [1015.6578897015513, 868.5770719938209], [1012.0934124744634, 1008.6942520384553], [1173.9796737411289, 496.43257220440836], [1203.4664191528914, 630.1869733181895], [1193.776826644175, 712.535414741787], [1126.335598844362, 731.5355741024922], [1117.3284379552886, 882.4493953599989], [1098.8059219502102, 1024.6080385566972], [1081.7090363280915, 356.52187086454353], [1045.5392806698123, 378.5580580513], [1112.5784929245965, 360.4520324664229], [1127.299143068888, 390.6771762207794]], "kpt2d_body_mask": [true, true, true, true, true, true, true, true, true, true, true, true, true, true, true, true, true, true, true], "kpt3d_body_mask": [true, true, true, true, true, true, true, true, true, true, true, true, true, true, true, true, true, true, true], "kpt_list": ["Thorax", "Nose", "Pelvis", "L_Shoulder", "L_Elbow", "L_Wrist", "L_Hip", "L_Knee", "L_Ankle", "R_Shoulder", "R_Elbow", "R_Wrist", "R_Hip", "R_Knee", "R_Ankle", "L_Eye", "L_Ear", "R_Eye", "R_Ear"]}