{"id": 2, "class": "person", "kpt3d_body": [[239.62791963646475, -135.5366364666277, 2859.3293254320997], [262.3169635096048, -347.2350376792083, 2912.4657940175844], [261.88430951717703, 324.5423449106703, 3079.549989539068], [84.6685764054777, -153.26342511246438, 2920.696159217664], [162.18008746984853, -28.48423658741254, 3159.3347478105998], [243.65737396461256, -215.81779388806055, 3073.9999417392482], [169.61628960501287, 315.8004911716613, 3104.2681261314688], [150.82101622279015, 669.4726353441338, 3251.3028968724625], [146.50828917700815, 1020.3135720236285, 3379.2039598769593], [397.3048755878377, -129.67436397304724, 2810.3366408925467], [483.32905330374626, 43.044288112930076, 3012.3582533703006], [263.989398844622, 38.38161424229199, 3119.8624872103487], [354.15157164218095, 333.2835865919408, 3054.830752426815], [362.14941723417667, 694.8120239441113, 3205.1619411416905], [338.3081560051435, 1043.277052041693, 3333.3941437401927], [227.4953830793837, -369.01484577598535, 2888.1316311109317], [157.71192023854178, -311.4385905785464, 2832.506224366514], [283.7858913119541, -364.23046888875194, 2869.824043795963], [304.40108926054734, -297.2736208283551, 2788.298436473634]], "kpt2d_body": [[1075.151506465899, 481.5258004103566], [1084.35594101351, 371.8921671814082], [1076.7714145365499, 715.6345783579716], [990.8631658093761, 473.6315757625802], [1025.308594364679, 540.4079450397548], [1068.105973361164, 446.58106639206966], [1030.1938543676451, 710.2219592754228], [1017.004089679985, 867.5918294479231], [1011.695361635588, 1008.7320635643637], [1163.071688148439, 483.6767893371827], [1192.1163726347472, 576.1086496377064], [1076.460242984245, 573.1535984120139], [1123.9102053768454, 721.045846169424], [1118.0381637412202, 882.998610555419], [1098.9512463176693, 1023.8399021715705], [1067.0201311778087, 358.83186882291966], [1031.752171893712, 385.78956443633433], [1097.7568245413865, 360.288203401591], [1113.6227688581353, 391.2145092093948]], "kpt2d_body_mask": [true, true, true, true, true, true, true, true, true, true, true, true, true, true, true, true, true, true, true], "kpt3d_body_mask": [true, true, true, true, true, true, true, true, true, true, true, true, true, true, true, true, true, true, true], "kpt_list": ["Thorax", "Nose", "Pelvis", "L_Shoulder", "L_Elbow", "L_Wrist", "L_Hip", "L_Knee", "L_Ankle", "R_Shoulder", "R_Elbow", "R_Wrist", "R_Hip", "R_Knee", "R_Ankle", "L_Eye", "L_Ear", "R_Eye", "R_Ear"]}