{"id": 2, "class": "person", "kpt3d_body": [[232.2358786010526, -125.7716401442265, 2831.6295181790965], [272.6191469594668, -319.20210199419716, 2903.88570567076], [257.7690807583969, 345.40467459415197, 3091.564708915967], [90.53175120323229, -145.29736465992627, 2876.0337322438218], [-107.00919887767215, -177.14480783909195, 3075.3670102813], [-27.778557166178626, -383.46335573638316, 3054.7472103471746], [163.21141468396448, 333.88635401310023, 3112.365335513008], [146.72239597865644, 672.3429521282964, 3260.662730025336], [148.2797704502753, 1020.7533556797335, 3379.7800342160745], [368.61119764433454, -103.23837731080758, 2772.9695280635824], [666.2174616031011, -93.2586950654401, 2817.133613345602], [630.1910327140483, -327.3814320926913, 2837.982304205495], [352.3272058559905, 356.92490705563773, 3070.764702005092], [358.1599549354706, 693.9225824276264, 3208.327674920193], [338.32700900297306, 1043.8776407056025, 3332.7738173573716], [240.5786390256713, -348.1970541886311, 2880.320909847774], [169.03730759965228, -309.6124707984261, 2812.8508916341407], [296.0972296047639, -336.6764765096947, 2862.447522300897], [312.46831999032986, -285.08488046530954, 2771.0897903125674]], "kpt2d_body": [[1072.4132736560696, 486.09669624157596], [1090.2548437943744, 386.06137517692775], [1074.1871219196023, 725.294864727794], [994.6984523843324, 476.63434237761817], [892.6043341945757, 465.78047301762166], [932.2394763871552, 361.9613280096409], [1026.7945721762756, 718.6874354642865], [1014.8831299716062, 868.0320904779213], [1012.4739941451904, 1008.8415526567549], [1150.2680651322662, 497.26837797358365], [1306.0687511775877, 504.0357149882932], [1283.674304272795, 379.44584160985363], [1122.0224038652348, 731.8928459538905], [1115.9974111175902, 882.2921038117493], [1098.9833022775708, 1024.1823442269724], [1074.3432060948433, 369.3142507659879], [1038.5246269201577, 385.6284381845179], [1104.7898595463957, 374.44120891199157], [1119.126752815528, 396.92881823565665]], "kpt2d_body_mask": [true, true, true, true, true, true, true, true, true, true, true, true, true, true, true, true, true, true, true], "kpt3d_body_mask": [true, true, true, true, true, true, true, true, true, true, true, true, true, true, true, true, true, true, true], "kpt_list": ["Thorax", "Nose", "Pelvis", "L_Shoulder", "L_Elbow", "L_Wrist", "L_Hip", "L_Knee", "L_Ankle", "R_Shoulder", "R_Elbow", "R_Wrist", "R_Hip", "R_Knee", "R_Ankle", "L_Eye", "L_Ear", "R_Eye", "R_Ear"]}