{"id": 5, "class": "person", "kpt3d_body": [[520.0125378724014, -396.83991077558755, 3460.5813848479534], [561.3384004085581, -595.7183146826189, 3600.40969763231], [559.6499230970953, 69.04725500054028, 3597.3162679923225], [354.42147381347513, -391.8901503985039, 3499.683490078892], [321.22730485608344, -110.83643855762787, 3585.630704583874], [324.84549684545004, 83.09450458182809, 3748.6824167065265], [468.0392992098857, 69.93796242213875, 3640.7456255552115], [486.5352286427086, 399.5176852170269, 3827.507365486832], [525.6216414626258, 769.5344861652209, 3951.5426489988977], [681.4214785172732, -393.28427733074886, 3425.3843135071697], [776.3381110120902, -120.6674488008808, 3425.4420635530046], [768.8978138935339, -74.54284942554125, 3687.170594039938], [651.2607318080725, 68.15566198626783, 3553.8864397216785], [699.1594523027187, 365.0307527395867, 3853.478734548787], [647.4159280458312, 751.3892813603433, 3773.476407674773], [529.2012952510889, -629.6707495765718, 3580.8158304363897], [462.2539473834793, -614.8107181695137, 3501.5855317521264], [587.5659397350153, -620.7251341929514, 3567.2829793037317], [609.9499842276873, -596.9133263865207, 3468.4960809626723]], "kpt2d_body": [[1175.9780568838503, 379.40262364509914], [1183.7290347178293, 302.9034569358672], [1184.722600665167, 583.6151107947338], [1101.5273775456385, 382.9921302039056], [1084.0582970445803, 506.82722693708257], [1079.579327235715, 588.2922318822283], [1143.6556619712978, 583.6919852752039], [1140.975693431497, 713.7671745666851], [1148.6816582709994, 849.8670841047906], [1249.2062696242954, 379.8772571515236], [1291.4268825381694, 500.7602220050492], [1264.4822680355765, 523.4981029526207], [1226.5433779776072, 583.5264055936748], [1223.252941558584, 698.5179253957194], [1206.5787249969135, 855.6048598631967], [1171.3000334350731, 287.1922692076696], [1147.4796207245827, 287.3198204852467], [1196.8098946738423, 290.26608061609693], [1213.5777675155302, 293.34751087844427]], "kpt2d_body_mask": [true, true, true, true, true, true, true, true, true, true, true, true, true, true, true, true, true, true, true], "kpt3d_body_mask": [true, true, true, true, true, true, true, true, true, true, true, true, true, true, true, true, true, true, true], "kpt_list": ["Thorax", "Nose", "Pelvis", "L_Shoulder", "L_Elbow", "L_Wrist", "L_Hip", "L_Knee", "L_Ankle", "R_Shoulder", "R_Elbow", "R_Wrist", "R_Hip", "R_Knee", "R_Ankle", "L_Eye", "L_Ear", "R_Eye", "R_Ear"]}