{"id": 5, "class": "person", "kpt3d_body": [[237.08739347388547, -156.9230901353258, 2713.383518883904], [302.57474583065226, -319.5515037601713, 2808.27384191921], [252.70069055010055, 332.9360971542992, 2954.4860279745044], [94.79946435797399, -182.77594377139465, 2758.5910313031036], [-177.25085729444123, -284.7970003074686, 2786.884966920823], [-419.2447821302367, -387.24395318757945, 2814.729934318059], [154.43072041222328, 324.16964911566595, 2966.9838506617884], [161.7507034630606, 725.8395161836168, 3130.176719986321], [170.22238768453235, 1093.0496028298107, 3223.8189120137145], [378.0784684765047, -135.22870252295704, 2662.895230035605], [610.7255089702956, -187.11083703774776, 2538.8397866003734], [871.2554538630361, -277.3719264897751, 2438.3980284320387], [350.9707264895909, 341.70072241938624, 2941.987381839137], [318.82788017290613, 740.1278741124321, 3078.854621958966], [292.8245924683647, 1108.4667588099117, 3185.183774125395], [270.09252516237336, -351.0267936157562, 2788.7766057043723], [195.0507905679429, -325.2722572688863, 2721.559517188927], [327.03567048669635, -338.3967393566884, 2770.887508289548], [337.3126413430291, -294.43701521353387, 2678.4357040685386]], "kpt2d_body": [[1080.5919877950726, 465.5553112856955], [1111.3847744144398, 380.29563744013706], [1077.4740640903972, 726.7459921182156], [999.1219639903278, 452.5033856584988], [848.4839511341618, 397.6705078269209], [718.8442214842294, 344.8041655440058], [1026.1880455696223, 721.7088115189467], [1024.8629608720132, 906.151919412175], [1025.551649974014, 1061.9283293555254], [1163.9714546835785, 476.58895847997394], [1311.734526247944, 442.5936619364374], [1480.3339900964147, 384.72104970098167], [1128.9671583305603, 731.716309540034], [1103.3849963905968, 918.0791815144062], [1083.9767441255133, 1074.0839174321559], [1094.6589927062737, 361.8567586955363], [1056.210000159667, 371.31848380297777], [1126.965501138123, 367.7404109571713], [1139.1229993873349, 386.3316949312333]], "kpt2d_body_mask": [true, true, true, true, true, true, true, true, true, true, true, true, true, true, true, true, true, true, true], "kpt3d_body_mask": [true, true, true, true, true, true, true, true, true, true, true, true, true, true, true, true, true, true, true], "kpt_list": ["Thorax", "Nose", "Pelvis", "L_Shoulder", "L_Elbow", "L_Wrist", "L_Hip", "L_Knee", "L_Ankle", "R_Shoulder", "R_Elbow", "R_Wrist", "R_Hip", "R_Knee", "R_Ankle", "L_Eye", "L_Ear", "R_Eye", "R_Ear"]}