{"id": 5, "class": "person", "kpt3d_body": [[258.7247576736563, 37.1045461138138, 2950.9482175206226], [333.72261751913345, -157.48854821529036, 3073.6019558740836], [188.0331141437141, 497.6579233615965, 2913.898110142405], [111.93058092480356, 18.9177911268267, 3014.0114747129296], [-70.43935933796577, 243.64768272017983, 3118.004991723782], [37.146283041958355, 466.7496213035207, 3214.223804505195], [87.22217190354459, 483.37720699904037, 2945.7066781958565], [90.34710549132178, 691.5218686440255, 3314.4276365940364], [146.27083328786694, 1080.1594225238593, 3262.8640659174107], [402.04064206339444, 64.82138030628704, 2892.919677833706], [528.925789843032, 348.63796874126365, 2907.192864189732], [450.1597787573237, 518.3299363305066, 3089.3700321777296], [288.8438729095639, 511.9376916003296, 2882.089214372018], [446.49883251695553, 738.8977634093426, 3205.2910420621574], [279.49578776441484, 1092.4978066052513, 3227.718461483678], [301.44238010443746, -189.2354012583884, 3054.1526170543966], [225.14493076656947, -165.35298432764606, 2986.7241645057584], [355.42326876499686, -178.5573088006855, 3034.3539433560054], [366.4727260840868, -139.62003660427385, 2939.611122086564]], "kpt2d_body": [[1081.1530534990434, 573.567907076694], [1113.0643387426526, 475.7343174808161], [1044.9369300861463, 814.8382826437946], [1003.4464578011801, 563.9152271403942], [911.4209445716197, 674.2469818469771], [963.9413488126708, 776.4496973598267], [991.5712468885497, 804.9486127394387], [987.8199218035853, 871.7620919269181], [1013.6644479330387, 1050.5726879457648], [1159.5102746829439, 588.5656800585909], [1223.66096516869, 736.6472823317504], [1168.3205516480155, 809.3068833784018], [1099.2487677274326, 824.7562269517789], [1157.4470895710335, 902.8430918395634], [1076.1716995860127, 1060.6210888762162], [1097.9128852106505, 459.2843906095526], [1062.2036181104638, 469.2988935274144], [1126.0953412004585, 464.13691141319015], [1137.639234602861, 481.53003041213833]], "kpt2d_body_mask": [true, true, true, true, true, true, true, true, true, true, true, true, true, true, true, true, true, true, true], "kpt3d_body_mask": [true, true, true, true, true, true, true, true, true, true, true, true, true, true, true, true, true, true, true], "kpt_list": ["Thorax", "Nose", "Pelvis", "L_Shoulder", "L_Elbow", "L_Wrist", "L_Hip", "L_Knee", "L_Ankle", "R_Shoulder", "R_Elbow", "R_Wrist", "R_Hip", "R_Knee", "R_Ankle", "L_Eye", "L_Ear", "R_Eye", "R_Ear"]}