{"id": 5, "class": "person", "kpt3d_body": [[641.1402443860242, -532.4065073076225, 3742.0783911493368], [666.4750907392073, -725.7889000780149, 3898.3143812360413], [623.0844110247147, -59.90238364425707, 3852.0637522893185], [474.3902385793457, -532.1324367916271, 3723.5073371506583], [429.76747109566986, -242.75785201003586, 3764.2235552697775], [402.2027621554723, -44.254603658737466, 3921.6812630404324], [524.5694623537333, -62.674332110565274, 3853.7796647346104], [490.0898834364541, 277.7574107326748, 4057.85923601206], [528.6809185845185, 673.7713541519748, 4023.0867333103492], [806.2298435452515, -527.2694265129793, 3753.679773332587], [885.1904576813013, -240.84852791124106, 3789.039183644458], [801.8563399461484, -173.82766496862686, 4038.6936411504935], [721.603170608592, -57.13595784382747, 3850.355520150302], [701.8444653266367, 279.5265649760545, 4075.4133329478245], [668.6070368617594, 644.4363470644686, 4233.214139775178], [646.5202282510186, -756.6165673752552, 3873.668693069762], [585.1052854714529, -746.556499859501, 3784.455284605905], [698.2334938316206, -740.9628789884375, 3867.087430793609], [734.1838522736624, -728.0084464543547, 3766.5566675275895]], "kpt2d_body": [[1207.3520665664369, 338.01468158198384], [1205.9474984447543, 272.21065008629523], [1194.08833884893, 530.5013265946349], [1140.9736908530458, 336.3971142787253], [1121.546150756794, 455.4905434419087], [1103.9577567828162, 536.9547356409503], [1155.1763420091997, 529.3668515412545], [1131.6007516812438, 659.0559779859594], [1146.707657968305, 809.0841711865473], [1272.3822934236473, 341.5501889059656], [1301.5722096291897, 457.8483137372573], [1249.4165847962558, 488.71898016572555], [1232.8116342355925, 531.6374182920296], [1209.6308595331373, 658.8974359398765], [1187.0337527797817, 785.7467599017566], [1199.6533046927616, 258.50297096987657], [1181.1521634732453, 255.34299781416092], [1220.1900845655691, 264.34221689946884], [1241.5913358717753, 262.2004347754864]], "kpt2d_body_mask": [true, true, true, true, true, true, true, true, true, true, true, true, true, true, true, true, true, false, true], "kpt3d_body_mask": [true, true, true, true, true, true, true, true, true, true, true, true, true, true, true, true, true, false, true], "kpt_list": ["Thorax", "Nose", "Pelvis", "L_Shoulder", "L_Elbow", "L_Wrist", "L_Hip", "L_Knee", "L_Ankle", "R_Shoulder", "R_Elbow", "R_Wrist", "R_Hip", "R_Knee", "R_Ankle", "L_Eye", "L_Ear", "R_Eye", "R_Ear"]}