{"id": 5, "class": "person", "kpt3d_body": [[193.73732824028502, -225.7082282478065, 2664.4630724018543], [330.66314264597383, -431.727909891421, 2584.3257809254837], [246.05697696950216, 226.20166724733906, 2882.3334091286442], [195.9889802552598, -298.5715791344626, 2818.456467002331], [227.44571833810136, -60.97483132375757, 2976.4239549264494], [317.58511841815937, 171.05426141641132, 3075.292230610294], [290.3750379269851, 187.5682980032255, 2973.044720555111], [240.95362375582204, 548.5732043079532, 3138.916135229408], [210.12664896016375, 897.700427352496, 3285.4346102274776], [196.42517338328236, -146.03631329618267, 2512.09110500231], [220.0626282417244, 134.48167780348868, 2611.708200622248], [324.59841001356756, 342.88532743562746, 2731.994007049635], [201.7390526077908, 264.8348042205241, 2791.6225421026847], [248.49928008690486, 624.5507359831521, 2992.640053531605], [210.23303324257398, 952.8006144149267, 3167.89850896809], [300.6460595866694, -468.6269564857264, 2598.0616041532103], [206.82967543905917, -447.11108199735065, 2645.145537621142], [305.7461822310248, -447.3597427656179, 2543.3046916235317], [222.70489805927673, -398.42630889738757, 2499.2234377261047]], "kpt2d_body": [[1066.6703163384036, 445.8608516889633], [1141.9698922297139, 333.645377084266], [1084.237839569318, 672.2414132299277], [1062.1595606308408, 416.56335250555173], [1072.0050463032726, 534.9202778140187], [1109.1253595140254, 640.5348734590153], [1101.3452025294187, 650.8968690354634], [1071.5982096282578, 804.2061285240843], [1052.9250582837715, 935.5473807201483], [1074.3834349596614, 482.6675087510679], [1082.8197446014724, 634.8878363992443], [1130.001062401168, 736.6626586942056], [1065.9950184178058, 694.940678943195], [1079.833216123087, 849.8429445598292], [1055.8402590482756, 971.3000845010416], [1125.0340251531647, 315.44360547458405], [1073.6366899097768, 330.3261537975207], [1131.25594430935, 321.56319207201295], [1088.7749549627408, 343.4937657410901]], "kpt2d_body_mask": [true, true, true, true, true, true, true, true, true, true, true, true, true, true, true, true, true, true, true], "kpt3d_body_mask": [true, true, true, true, true, true, true, true, true, true, true, true, true, true, true, true, true, true, true], "kpt_list": ["Thorax", "Nose", "Pelvis", "L_Shoulder", "L_Elbow", "L_Wrist", "L_Hip", "L_Knee", "L_Ankle", "R_Shoulder", "R_Elbow", "R_Wrist", "R_Hip", "R_Knee", "R_Ankle", "L_Eye", "L_Ear", "R_Eye", "R_Ear"]}