{"id": 3, "class": "person", "kpt3d_body": [[326.2451648088438, -121.08051053684434, 2723.4480904488046], [482.65003516854176, -247.08609457623837, 2664.2230029472266], [360.13800458507615, 316.3937736826791, 2972.2922809953407], [315.4465230331308, -202.73622058646254, 2859.185816254339], [322.03328933608964, -22.864066838302506, 3029.475740447486], [395.8366975102862, 159.4164159727599, 3148.103718152134], [375.63371493740397, 265.88940544756383, 3077.2530387161673], [347.8073038979334, 562.8962155313853, 3200.7925659899747], [343.3418853735468, 876.3340769362856, 3367.1194875843476], [329.7512507683036, -48.76937552558758, 2582.1540167323024], [337.72785692618174, 202.48310615940184, 2647.0456764622645], [408.2124187926212, 392.2061468399892, 2739.1480323346204], [344.6412832901063, 366.8982380390991, 2867.331429702781], [354.2399235210993, 651.9365802911869, 3029.407969927737], [348.7229413397979, 958.2965122615973, 3196.9165596332914], [466.16472643044426, -292.9942051151548, 2668.577246425584], [383.312966075669, -315.48202049055067, 2707.566963786703], [465.96723483796484, -257.00040368959975, 2621.642172181064], [386.6762952075919, -233.62865350482494, 2583.151435736985]], "kpt2d_body": [[1131.9884261884163, 501.7725234437455], [1215.5425022421562, 435.73776505110783], [1133.4360824769274, 710.5109819788131], [1118.7997901865792, 465.1400749397153], [1113.4420625763426, 552.9174624865925], [1140.1478060364357, 633.5322315697451], [1134.8595408554124, 682.9343968535634], [1115.4182967578024, 805.3010558729172], [1104.865503819973, 917.952410627217], [1142.967294789763, 537.216386751261], [1142.5285265302668, 669.2306386096153], [1171.105393246902, 760.3652641089664], [1131.8707254612657, 739.9988820790495], [1126.0783815409454, 858.0152637277873], [1113.6769965545845, 969.2199424760661], [1206.5334350296473, 412.31637748169237], [1161.3213656242938, 402.6725396746148], [1210.8356304243327, 428.4516790957913], [1172.724894811177, 438.5329336140432]], "kpt2d_body_mask": [true, true, true, true, true, true, true, true, true, true, true, true, true, true, true, true, true, true, true], "kpt3d_body_mask": [true, true, true, true, true, true, true, true, true, true, true, true, true, true, true, true, true, true, true], "kpt_list": ["Thorax", "Nose", "Pelvis", "L_Shoulder", "L_Elbow", "L_Wrist", "L_Hip", "L_Knee", "L_Ankle", "R_Shoulder", "R_Elbow", "R_Wrist", "R_Hip", "R_Knee", "R_Ankle", "L_Eye", "L_Ear", "R_Eye", "R_Ear"]}