{"id": 5, "class": "person", "kpt3d_body": [[194.3270625158067, -225.3686674605146, 2663.9376092099906], [328.7981325068591, -436.3509903766888, 2587.990581652403], [257.33270198685307, 227.7345012229344, 2882.604717125553], [196.21578106963256, -297.8338817866498, 2818.441353643385], [226.74667559905598, -60.513502813161466, 2976.1122754528355], [318.18571415164547, 171.14773422916244, 3074.649054430543], [288.3994972971737, 188.04181748848023, 2973.194568959878], [240.79704292004777, 548.023722349828, 3138.5739092374592], [209.4873851726619, 896.6051819397642, 3284.7493883759025], [199.4963443587001, -145.84077237545287, 2511.105956491894], [221.84710108878218, 134.67904828440666, 2610.7749253138636], [327.11844499207274, 342.40724167255405, 2731.0368264449835], [226.2657816730898, 267.4273445234036, 2792.0145629456874], [249.6885717003787, 625.0791991211597, 2992.6805674774478], [210.38250061857673, 952.9913277148215, 3167.816098044343], [297.4034298661928, -471.5486851315242, 2601.932990109997], [203.69469527935053, -446.32786085720824, 2646.2210265714434], [304.1786334302069, -451.66913285821636, 2546.0142463612847], [224.40898908920954, -400.9697207423662, 2500.666027753919]], "kpt2d_body": [[1066.9978045733722, 446.01500878967545], [1140.7125399758193, 331.5327499842717], [1089.6404337813465, 672.94513096474], [1062.273078863023, 416.9235146311622], [1071.6900594272938, 535.1324305788738], [1109.425068741612, 640.5920906548128], [1100.41840402711, 651.1160748855353], [1071.5425947068222, 803.9952429996769], [1052.681379139709, 935.188101693485], [1076.123181403637, 482.7482221713977], [1083.8089716293528, 635.0157117786089], [1131.3271628891082, 736.4722928429762], [1078.147661976968, 696.1533045968563], [1080.3743769715331, 850.0706327547997], [1055.905692381318, 971.3872892411582], [1123.0797096374768, 314.2681812003551], [1071.9638450029981, 330.809163596012], [1130.2151137377875, 319.51741360361495], [1089.6325920174772, 342.24263312643734]], "kpt2d_body_mask": [true, true, true, true, true, true, true, true, true, true, true, true, true, true, true, true, true, true, true], "kpt3d_body_mask": [true, true, true, true, true, true, true, true, true, true, true, true, true, true, true, true, true, true, true], "kpt_list": ["Thorax", "Nose", "Pelvis", "L_Shoulder", "L_Elbow", "L_Wrist", "L_Hip", "L_Knee", "L_Ankle", "R_Shoulder", "R_Elbow", "R_Wrist", "R_Hip", "R_Knee", "R_Ankle", "L_Eye", "L_Ear", "R_Eye", "R_Ear"]}