{"id": 3, "class": "person", "kpt3d_body": [[324.16172308620247, -163.03730229490156, 2703.540352952892], [492.20471672027344, -242.51118844845038, 2661.9587606960895], [357.3651402431071, 314.6183469986146, 2965.3191331069374], [315.1678576290127, -235.28283648173314, 2826.6355109935257], [293.4985190643239, -392.8826768188148, 3002.855997883214], [287.7698455775542, -610.1418465852282, 3111.6840093351248], [364.9009818504837, 264.65842792578076, 3067.143087760944], [366.9041024263986, 563.427368190791, 3197.6408355454523], [346.57594955712545, 875.5507807465061, 3366.1753472902324], [314.09308406635836, -96.0502249792205, 2578.9651422553475], [288.5727905773273, -5.884777661018887, 2368.70477553138], [262.1340601410055, -46.252441950907865, 2135.513061415409], [349.829248569375, 364.5774207325908, 2863.4946372546538], [359.27876247789425, 652.5126988253835, 3030.3120901634884], [349.95282269494555, 956.7457942818094, 3196.91232179489], [478.48214955570006, -288.42691480399094, 2667.348516606489], [395.44636699902384, -317.57052475140256, 2701.2250512148576], [477.188867961794, -252.32657287128035, 2619.4674478148886], [396.28298090013067, -233.9422044731019, 2580.5828486175787]], "kpt2d_body": [[1132.0657886719491, 479.84875680582826], [1220.6347233891702, 438.0310161348921], [1132.5456965714113, 710.0389537212933], [1120.3355539333531, 448.1237978960733], [1100.9579545890826, 382.5826150377617], [1092.9670167581082, 293.94151977571596], [1130.5981685184277, 682.7988051589921], [1123.7405966752885, 805.6703533670122], [1106.2127066946548, 917.7239728050022], [1134.771459556963, 511.7705697728679], [1134.885688417718, 559.9467031471725], [1136.136797516283, 533.3661406901863], [1134.586564245761, 739.1017460070755], [1128.2943574708627, 858.1530648811548], [1114.2073005617735, 968.5857610626135], [1212.928208413189, 414.65526217167724], [1167.9030914402827, 401.3013805762611], [1216.8655889245852, 430.84109334996685], [1178.0134965254053, 438.2825524762837]], "kpt2d_body_mask": [true, true, true, true, true, true, true, true, true, true, true, true, true, true, true, true, true, true, true], "kpt3d_body_mask": [true, true, true, true, true, true, true, true, true, true, true, true, true, true, true, true, true, true, true], "kpt_list": ["Thorax", "Nose", "Pelvis", "L_Shoulder", "L_Elbow", "L_Wrist", "L_Hip", "L_Knee", "L_Ankle", "R_Shoulder", "R_Elbow", "R_Wrist", "R_Hip", "R_Knee", "R_Ankle", "L_Eye", "L_Ear", "R_Eye", "R_Ear"]}