{"id": 5, "class": "person", "kpt3d_body": [[254.8109588376428, -231.6417821526801, 2623.5276493620268], [458.50510504998743, -316.2987919347802, 2509.7343019502937], [207.644302439309, 206.87235976275275, 2874.656864612689], [288.8661295458887, -309.3351779760607, 2759.640607138895], [216.43259395769516, -260.6882006182859, 3047.0940959334166], [252.3804044921961, -9.975248786793145, 3022.339626372868], [227.7701784826628, 165.80430469730345, 2956.616688572001], [250.76932428679297, 552.6244973128955, 3140.8167662718074], [210.86466477784967, 894.3105894768989, 3285.9246375019866], [201.5158038097867, -156.3920765518914, 2490.599092330412], [-31.634047770462956, 34.50282835784293, 2443.559183541393], [99.50749689123116, 170.74671746153442, 2638.4274446802556], [187.518311659046, 247.93978776128995, 2792.696075810111], [233.68497906959178, 633.3170432674276, 2979.054086167643], [207.11104361623913, 953.5192677197966, 3167.3271861556595], [445.856899540605, -364.5781953593283, 2520.2068136987064], [361.42379320630175, -398.5832839706367, 2577.204520460349], [432.24941618929734, -332.5800808562002, 2472.6826925578753], [330.6476938678122, -316.63913543941703, 2451.7081752103622]], "kpt2d_body": [[1100.4563475336322, 441.050412487177], [1217.1202423931409, 390.2943484642769], [1066.0562855908342, 663.2923187924962], [1110.6937715380232, 408.34774939094723], [1064.332499967704, 444.68887986190623], [1081.8606979789192, 558.8069156567185], [1072.7841017215326, 641.2714079941201], [1075.8252779778657, 805.7777924063078], [1053.2313371483856, 934.1421730840403], [1078.1377819730778, 476.22132310071686], [947.444593715323, 583.050984214204], [1018.0796347602694, 653.3506024003219], [1058.9237830549391, 686.5655699286882], [1073.4841273279626, 855.1141434821955], [1054.515134558752, 971.6764747831542], [1208.9682348777906, 364.8646008052084], [1158.9530210484681, 350.65380825293806], [1206.3065837337406, 378.628015079334], [1151.9817699307018, 385.3121328099158]], "kpt2d_body_mask": [true, true, true, true, true, true, true, true, true, true, true, true, true, true, true, true, true, true, true], "kpt3d_body_mask": [true, true, true, true, true, true, true, true, true, true, true, true, true, true, true, true, true, true, true], "kpt_list": ["Thorax", "Nose", "Pelvis", "L_Shoulder", "L_Elbow", "L_Wrist", "L_Hip", "L_Knee", "L_Ankle", "R_Shoulder", "R_Elbow", "R_Wrist", "R_Hip", "R_Knee", "R_Ankle", "L_Eye", "L_Ear", "R_Eye", "R_Ear"]}