{"id": 2, "class": "person", "kpt3d_body": [[270.26933283019196, 129.892763691376, 2818.3748487727544], [302.5711268456978, -25.881637511884037, 2987.2195932764807], [238.61557824691664, 663.7051536421502, 2810.652419388491], [101.60332922626131, 117.50846458162499, 2860.578854772357], [32.94488001450397, 387.62030418706604, 2832.116496334259], [24.690318546659597, 632.1759236098173, 2867.3338311695375], [140.71378150361883, 655.4961642486708, 2822.5446132023217], [100.4503708353248, 1017.7566428098315, 2755.1072767223704], [79.00681845093925, 1374.7247796465917, 2678.2833971171062], [438.96499894705903, 138.50216463508332, 2784.013364537076], [455.1321473280158, 420.5634875525691, 2734.595990573616], [449.03991326100277, 672.0765368471887, 2790.8649086023443], [336.5178598358364, 671.9151627503207, 2798.7599338441823], [307.8098983090793, 1030.4099277694163, 2729.755998980021], [261.4763015353302, 1388.373131880266, 2657.259276669916], [270.54333975349977, -62.43473567777983, 2974.0580491557034], [205.81288384265878, -52.03216582514642, 2891.368489178107], [330.7143863928048, -58.82855776780673, 2961.1707467993483], [357.8443532314083, -41.0416059677695, 2858.255828520172]], "kpt2d_body": [[1080.366004680618, 605.2206674148389], [1087.923114457775, 529.1690861447648], [1063.4115645971774, 864.4865298492375], [996.3783040768208, 598.398574712653], [962.9749494326919, 730.8640832381737], [958.7065208243685, 844.1844978518935], [1015.4102423391995, 859.6911135781036], [996.021472401833, 1037.1808433688257], [985.6312088861742, 1210.4954777140697], [1165.4625127060747, 609.9937569275982], [1176.1041738182432, 752.4481037336084], [1166.5785293540082, 869.0881515796443], [1111.5490168085935, 869.0889817294337], [1098.1517516759313, 1045.901250708751], [1075.2774937427344, 1219.9207849625059], [1073.5993936856198, 512.0266790675469], [1046.1072635217922, 516.1722985545069], [1102.3012485136821, 513.6217273308338], [1120.9733801127763, 521.2838089551118]], "kpt2d_body_mask": [true, true, true, true, true, true, true, true, true, true, true, true, true, true, true, true, true, true, true], "kpt3d_body_mask": [true, true, true, true, true, true, true, true, true, true, true, true, true, true, true, true, true, true, true], "kpt_list": ["Thorax", "Nose", "Pelvis", "L_Shoulder", "L_Elbow", "L_Wrist", "L_Hip", "L_Knee", "L_Ankle", "R_Shoulder", "R_Elbow", "R_Wrist", "R_Hip", "R_Knee", "R_Ankle", "L_Eye", "L_Ear", "R_Eye", "R_Ear"]}