{"id": 1, "class": "person", "kpt3d_body": [[321.14412081792784, 50.88254199877895, 2990.013941043493], [374.706896921116, -134.58976252527577, 3161.979188346686], [264.42657831734283, 603.9147182021098, 2931.8871468331727], [150.19222242470659, 33.94606553026762, 3032.7031613102645], [82.50622143444403, 306.9881896100114, 3032.777901394049], [107.56929701097171, 555.2004808101401, 3083.4254799889623], [163.2529999811535, 596.9446206362247, 2961.2401395744496], [131.78278847211143, 1026.2615556988676, 2896.8665143252106], [100.79015855955738, 1418.3173801480414, 2851.1597472202347], [493.9231480542044, 62.96933201748175, 2950.729160749436], [515.7486027524919, 349.90809600314094, 2920.962813303836], [480.08036051510345, 609.4808664589993, 2986.9921719225995], [365.60042903374233, 610.8857163982749, 2902.5328873345707], [295.56581174059454, 1046.7954322358432, 2848.7001974232126], [249.70446882718767, 1434.7443066962292, 2807.6886968814724], [345.6561054619562, -172.71285579937683, 3152.360421894674], [276.0499290166565, -173.21066815754762, 3073.6124739642405], [401.0078958923865, -167.6614734062889, 3137.301255167532], [424.5010236084248, -162.21740040094517, 3035.275581092079]], "kpt2d_body": [[1096.3823830901222, 564.8404812153865], [1111.6660981533566, 482.1522676940606], [1071.0847598197347, 824.1564361773476], [1015.9401763723365, 556.7966012817842], [984.6918014922394, 681.7952525576511], [995.1035845347188, 789.6885095026956], [1022.9192613450541, 818.6284407582225], [1008.3300896840861, 1018.0746303060075], [993.4248384578763, 1192.047411269423], [1178.872980924386, 570.6993455947298], [1190.4522152740992, 706.0115124776831], [1167.2861371073182, 820.2443607141208], [1119.928447126959, 829.5780049061539], [1086.383404204944, 1033.6454545854888], [1063.2631297753726, 1206.9120470746366], [1099.383113873098, 465.1773238148754], [1071.906205319612, 462.92559558650095], [1124.466322759139, 467.1291371758929], [1141.0273248780254, 467.18892825447716]], "kpt2d_body_mask": [true, true, true, true, true, true, true, true, true, true, true, true, true, true, true, true, true, true, true], "kpt3d_body_mask": [true, true, true, true, true, true, true, true, true, true, true, true, true, true, true, true, true, true, true], "kpt_list": ["Thorax", "Nose", "Pelvis", "L_Shoulder", "L_Elbow", "L_Wrist", "L_Hip", "L_Knee", "L_Ankle", "R_Shoulder", "R_Elbow", "R_Wrist", "R_Hip", "R_Knee", "R_Ankle", "L_Eye", "L_Ear", "R_Eye", "R_Ear"]}