{"id": 2, "class": "person", "kpt3d_body": [[292.84730856876797, 134.81951893760026, 2869.933799693553], [303.8013196155042, 11.90901439905332, 3071.4199712854497], [240.50464066367556, 660.9213691281424, 2802.394446685207], [123.66069448824142, 125.61993285135202, 2920.8001949115674], [43.43325429965719, 393.458553798271, 2870.5183504432], [41.60014806357658, 641.7964988838891, 2900.715666424364], [142.14226505631328, 648.7552097831916, 2807.0516954378936], [104.63697002697053, 1013.4845677311022, 2756.5610726122122], [81.57811199111518, 1372.6064271417683, 2677.7543171407588], [457.843406121863, 147.64055459852727, 2850.9932142458256], [499.9874272081023, 433.15311921102693, 2802.1704125846345], [461.72628776232364, 684.3872448437194, 2867.806965177997], [338.8675239980449, 673.0886577539117, 2797.737944215389], [310.0496355726093, 1028.8910363796492, 2734.8898161694724], [262.18277451878345, 1387.919430545197, 2658.1645109059878], [272.25952966394334, -22.415950193135075, 3060.6682340855155], [215.84222184476153, -21.61535837850039, 2970.6359218963576], [331.89393418285357, -25.63750381722656, 3051.8448652399643], [367.5946064157395, -27.401154239919663, 2949.2519314243946]], "kpt2d_body": [[1088.8741339255785, 606.4309322514308], [1084.630901586802, 546.5954859859658], [1064.6801642405594, 864.0781776302388], [1005.8877650735747, 601.0739449189359], [967.8353448437708, 731.1380961999591], [966.6016915257669, 845.2182820067611], [1016.4964974466473, 858.1939871863881], [998.0545090102369, 1034.983756192566], [986.8995965250698, 1209.689989438215], [1169.439576197292, 612.7870152504083], [1192.3432200786856, 753.275089598191], [1166.7818576337797, 866.2224144386703], [1112.739984462185, 869.7418980252745], [1098.9955805543243, 1044.311751279895], [1075.588382601663, 1219.5133014372527], [1070.8166734386198, 531.025960284402], [1048.1685422465034, 531.0862121620241], [1098.2577866807069, 529.5392932240793], [1120.2102884175333, 528.3140463260853]], "kpt2d_body_mask": [true, true, true, true, true, true, true, true, true, true, true, true, true, true, true, true, true, true, true], "kpt3d_body_mask": [true, true, true, true, true, true, true, true, true, true, true, true, true, true, true, true, true, true, true], "kpt_list": ["Thorax", "Nose", "Pelvis", "L_Shoulder", "L_Elbow", "L_Wrist", "L_Hip", "L_Knee", "L_Ankle", "R_Shoulder", "R_Elbow", "R_Wrist", "R_Hip", "R_Knee", "R_Ankle", "L_Eye", "L_Ear", "R_Eye", "R_Ear"]}