{"id": 1, "class": "person", "kpt3d_body": [[325.1564544956046, 8.889924483731022, 2965.6096119850286], [368.1079492284277, -143.823525773565, 3114.1209219221064], [266.95019215812306, 605.9372512052494, 2929.0352327402397], [165.5398081124727, -4.393517118720638, 3004.695097130285], [-88.77646718802261, -30.727294482827006, 3142.9422489822937], [49.5638733899746, -201.89353397223556, 3237.0276515066275], [172.23702171227717, 599.4705671857637, 2954.495038394861], [135.6605478926463, 1031.581254277572, 2897.5116627929656], [102.68819738692522, 1416.4767871949007, 2849.276146086761], [483.737864773688, 20.245022434351085, 2934.849105336623], [786.0281901874486, 51.23610857002831, 2961.7342176318234], [690.6512261192819, -136.1957894846836, 3084.2179456551326], [361.6633734895238, 612.404931143718, 2903.5752928213897], [297.89863059971583, 1040.3310813325604, 2849.6835140390026], [251.0059272786444, 1437.165566079148, 2812.016322177981], [339.78862990626794, -182.33298468794175, 3104.557371996657], [272.9850753229947, -181.30644286531066, 3025.5731761837815], [395.9436694345943, -176.08420513159643, 3090.368238763057], [419.91809971382025, -168.21154910428987, 2990.1595130927653]], "kpt2d_body": [[1099.4910855637231, 545.369240945764], [1111.2408216960089, 477.1353465183022], [1072.3748657335314, 825.3388418650704], [1023.7081017550317, 539.1755941492733], [907.3401623297959, 527.5947577185464], [968.164854243367, 454.40684422326876], [1027.2711290057866, 820.3710309014846], [1010.1028817085388, 1020.2757177705703], [994.3321755303161, 1191.6708895108536], [1175.3979737673549, 550.7375776989595], [1310.6372107821742, 564.8197440463264], [1255.3182172340396, 480.5204971075224], [1118.0100479691596, 830.2034417735329], [1087.4891434142328, 1030.6281593371411], [1063.6858994097447, 1206.990561838572], [1099.0861770565116, 459.7155199731877], [1072.4651169139806, 457.97668535202126], [1124.8644530803485, 462.2363292937054], [1141.8047838207644, 463.30585514074136]], "kpt2d_body_mask": [true, true, true, true, true, true, true, true, true, true, true, true, true, true, true, true, true, true, true], "kpt3d_body_mask": [true, true, true, true, true, true, true, true, true, true, true, true, true, true, true, true, true, true, true], "kpt_list": ["Thorax", "Nose", "Pelvis", "L_Shoulder", "L_Elbow", "L_Wrist", "L_Hip", "L_Knee", "L_Ankle", "R_Shoulder", "R_Elbow", "R_Wrist", "R_Hip", "R_Knee", "R_Ankle", "L_Eye", "L_Ear", "R_Eye", "R_Ear"]}