{"id": 1, "class": "person", "kpt3d_body": [[338.82447484301025, -0.7704113205733165, 2970.165644303587], [382.3586634351292, -139.06628079214016, 3117.618633222726], [275.4051520693132, 584.872641015261, 2929.533219186926], [192.33172244794676, -22.218475538145412, 3005.12909498293], [32.85413963728048, -179.6876834701223, 3235.2917709342955], [226.0289566220052, -172.07289762625123, 3323.5351161732615], [184.1246062525189, 570.8761906296181, 2960.6831387132656], [137.1313917222153, 1029.216516665583, 2897.4119629180477], [104.12098728322256, 1417.2376966123238, 2850.9523248096775], [484.8408337241549, 16.068862992617596, 2938.042733024734], [755.2283318724164, -115.85575838420681, 3049.108674452346], [599.3080947004174, -105.34633903226648, 3244.9735883600006], [366.68567500472255, 598.8689818347763, 2898.382261647241], [298.41227461862286, 1041.097432626992, 2859.039059427066], [249.32621084601794, 1436.1259565230741, 2812.0204071272883], [350.24696389534313, -176.6371936432276, 3105.899361547645], [288.17010281942646, -177.7456648404842, 3023.190969701352], [407.71549744633495, -168.72912894578576, 3092.531531810054], [433.05994232571527, -161.8766263940563, 2991.095920598475]], "kpt2d_body": [[1105.6236668137874, 540.845529455071], [1117.3724176894118, 479.33928436797174], [1076.412229737762, 815.5970760957264], [1036.1176301905264, 530.9205200060313], [960.9709479236226, 463.89370083234314], [1041.6326718305174, 469.21233347274494], [1032.7232606827574, 806.7594784177516], [1010.7980425458359, 1019.257210169389], [994.963836433464, 1191.6367487908558], [1175.6675141991059, 548.7613254453915], [1287.085112519018, 489.1285058797078], [1202.4045482193271, 496.39157503140603], [1120.7583806146768, 824.4230396863024], [1087.294546053041, 1029.4713835599905], [1062.9165765102368, 1206.5759684121808], [1103.683322396788, 462.3062495359544], [1079.530970218353, 459.56467841810644], [1129.9955193596502, 465.6017555008548], [1147.7898835164374, 466.28294107493826]], "kpt2d_body_mask": [true, true, true, true, true, true, true, true, true, true, true, true, true, true, true, true, true, true, true], "kpt3d_body_mask": [true, true, true, true, true, true, true, true, true, true, true, true, true, true, true, true, true, true, true], "kpt_list": ["Thorax", "Nose", "Pelvis", "L_Shoulder", "L_Elbow", "L_Wrist", "L_Hip", "L_Knee", "L_Ankle", "R_Shoulder", "R_Elbow", "R_Wrist", "R_Hip", "R_Knee", "R_Ankle", "L_Eye", "L_Ear", "R_Eye", "R_Ear"]}