{"id": 1, "class": "person", "kpt3d_body": [[326.29242835972536, 52.6830427506232, 2998.602044206013], [381.2711121721906, -133.25785452595028, 3169.0760717262965], [267.87002800695245, 602.8915817348917, 2934.4071242624805], [156.46928220380033, 37.246223321325544, 3046.9513275102595], [87.84329908923772, 308.79075912396036, 3040.5507106190125], [112.13205481824012, 556.9725945662543, 3088.8122451615077], [166.53224181602883, 595.5045291084572, 2964.1640149462037], [135.34405297670708, 1025.5620470662586, 2899.482642334464], [101.9122079343464, 1416.9446748459786, 2852.117045086161], [500.05862451523546, 64.51922379235896, 2958.818841093902], [519.4543353610704, 351.8477696468319, 2928.859903653013], [481.28928173753275, 614.2423354644149, 2992.3919507497662], [369.20778043093617, 610.2775288762153, 2904.6493298296423], [296.25286537788384, 1045.3637131717055, 2849.6468588308644], [250.48315742413078, 1435.8271836339848, 2807.9861264807614], [351.6836947582835, -171.32070698802863, 3159.016856594816], [280.99225327316725, -171.734516450951, 3080.1163465558698], [408.24534577660495, -167.09024549981223, 3144.6857265946155], [431.21710171585096, -160.2882130192856, 3042.267931690835]], "kpt2d_body": [[1098.3317565731827, 565.6043292520194], [1114.1610052333567, 482.8735864506708], [1072.5954329003494, 823.4363300355017], [1018.4892373377938, 558.2306819754631], [987.038003542755, 682.2529944666641], [997.0612308281512, 790.0339072409705], [1024.3743583935025, 817.6987439692447], [1009.9371620369542, 1017.3548936438403], [993.9312340738156, 1191.2871380795418], [1181.0775978788931, 571.3378831329225], [1191.5175723935413, 706.4620089692385], [1167.4112454033775, 821.8763335121512], [1121.5028174006397, 829.0707230077517], [1086.6750344363825, 1032.8590679487593], [1063.6040439236401, 1207.2894571608035], [1101.7037663459912, 465.95528235422285], [1073.870726514031, 463.76052419237266], [1127.22453595628, 467.56434284010516], [1143.6226606270845, 468.2459708571078]], "kpt2d_body_mask": [true, true, true, true, true, true, true, true, true, true, true, true, true, true, true, true, true, true, true], "kpt3d_body_mask": [true, true, true, true, true, true, true, true, true, true, true, true, true, true, true, true, true, true, true], "kpt_list": ["Thorax", "Nose", "Pelvis", "L_Shoulder", "L_Elbow", "L_Wrist", "L_Hip", "L_Knee", "L_Ankle", "R_Shoulder", "R_Elbow", "R_Wrist", "R_Hip", "R_Knee", "R_Ankle", "L_Eye", "L_Ear", "R_Eye", "R_Ear"]}