{"id": 1, "class": "person", "kpt3d_body": [[325.4002802047913, 51.7137417340939, 2995.4311564047985], [378.8099930175657, -133.2420509141565, 3166.372659735498], [267.5072281100544, 603.3525095982898, 2933.855358026171], [155.08207494616582, 36.751018673843134, 3045.2540457478085], [86.37359373463866, 308.1136861624809, 3040.085893046816], [111.7418545976061, 556.1986406709873, 3088.117771867791], [166.13748940769187, 596.221716239372, 2963.8815359817972], [134.95560415531415, 1024.9430907123076, 2899.3766657567544], [101.90271119616382, 1417.983638768132, 2851.4697432397597], [499.2666150389024, 63.73261516063536, 2956.160501414869], [520.081618011778, 350.6627188346731, 2924.6057081888916], [483.66255610814477, 611.1225736485226, 2988.788641025131], [368.8764928523499, 610.4832791614999, 2903.829337536791], [296.08293046943464, 1047.2105174847966, 2849.585916597825], [249.9470263655329, 1436.0557197176138, 2807.6484888251593], [349.45932424823707, -171.93226520322668, 3156.1024843772407], [279.5419297259995, -171.5172957986212, 3077.362572121361], [405.84803170544285, -166.2698347699711, 3140.9328024376955], [429.32261599088184, -159.41402278496355, 3038.7204501515953]], "kpt2d_body": [[1098.0795096435354, 565.181154107869], [1113.2298244291655, 482.8282425255183], [1072.4466744909164, 823.7004459621596], [1017.894100783164, 558.0140088805205], [986.371567727204, 681.9679742382189], [996.8987575699065, 789.7498352728328], [1024.1960730716198, 818.0511277885619], [1009.76085174622, 1017.1032789293386], [993.9331321301303, 1191.8441346569302], [1180.9200902700604, 570.9976205046383], [1192.1621982132274, 706.1399760997704], [1168.7669138931133, 820.7884720024507], [1121.393742277666, 829.2463305378151], [1086.5821942404373, 1033.6811490039097], [1063.3658398884743, 1207.4592708910338], [1100.8706178246011, 465.61476810763367], [1073.3304651791607, 463.7877535752677], [1126.3880127195778, 467.8348607272879], [1142.9948394313205, 468.55618827527303]], "kpt2d_body_mask": [true, true, true, true, true, true, true, true, true, true, true, true, true, true, true, true, true, true, true], "kpt3d_body_mask": [true, true, true, true, true, true, true, true, true, true, true, true, true, true, true, true, true, true, true], "kpt_list": ["Thorax", "Nose", "Pelvis", "L_Shoulder", "L_Elbow", "L_Wrist", "L_Hip", "L_Knee", "L_Ankle", "R_Shoulder", "R_Elbow", "R_Wrist", "R_Hip", "R_Knee", "R_Ankle", "L_Eye", "L_Ear", "R_Eye", "R_Ear"]}