{"id": 1, "class": "person", "kpt3d_body": [[333.3546419993303, 18.52376383613688, 2964.2550837760105], [373.41990269543936, -146.8388019592706, 3103.8619182585408], [271.8757364683997, 603.089032448745, 2937.653180727884], [179.50832614898434, 2.6051405468692224, 3000.751761645851], [83.47804669816537, 56.77016931509428, 3297.5647502265174], [238.8137762818996, -73.66256067923075, 3399.6037201004365], [177.373349943555, 596.2678510731675, 2961.584834425742], [139.84503100728605, 1029.2699385634487, 2900.868753679772], [102.61689389401053, 1416.9043951592428, 2850.8817614486934], [484.68720857925325, 31.800112763152697, 2921.5504624427467], [694.0216945477096, 137.87623339505984, 3123.68802463963], [607.4214312657672, -43.31466637060174, 3275.843601334322], [366.3780282012309, 609.9102090651807, 2913.721558523275], [298.8738799253598, 1045.3344955357263, 2857.617208011833], [250.76548974778493, 1435.6561260841777, 2811.172484317372], [345.2288185462399, -184.211497197673, 3091.729109466217], [280.005695687734, -181.51824729991944, 3010.7926668686473], [401.9605748887358, -177.5297644556332, 3077.839044561293], [425.65238432109567, -165.96384516606292, 2976.796697819066]], "kpt2d_body": [[1103.3842612582125, 549.8826418768429], [1114.1377608855355, 475.5865132479274], [1074.3295689671677, 823.2045009560486], [1030.2958218170274, 542.4194500051282], [982.1529183441405, 565.1931632879127], [1044.803579646825, 511.0630381207234], [1029.4814041918728, 818.2495681317829], [1011.9877134759105, 1018.7373575905383], [994.2739442700458, 1191.519548287774], [1176.8618739857495, 556.2487764720141], [1252.947872844115, 601.8279256346639], [1203.4619671913783, 522.9434857276628], [1119.6549051893771, 828.0534218844666], [1087.5393229702909, 1031.5502334841362], [1063.618695230552, 1206.5477851665273], [1102.1416258812892, 458.5474248543771], [1076.3105669712563, 457.4827591854068], [1128.2709026224534, 461.2793597595103], [1145.319100051589, 464.01546791012856]], "kpt2d_body_mask": [true, true, true, true, true, true, true, true, true, true, true, true, true, true, true, true, true, true, true], "kpt3d_body_mask": [true, true, true, true, true, true, true, true, true, true, true, true, true, true, true, true, true, true, true], "kpt_list": ["Thorax", "Nose", "Pelvis", "L_Shoulder", "L_Elbow", "L_Wrist", "L_Hip", "L_Knee", "L_Ankle", "R_Shoulder", "R_Elbow", "R_Wrist", "R_Hip", "R_Knee", "R_Ankle", "L_Eye", "L_Ear", "R_Eye", "R_Ear"]}