{"id": 1, "class": "person", "kpt3d_body": [[321.53425623570524, 13.141798500478785, 2975.9064155715896], [367.83162828380176, -140.33813032393567, 3125.970269883949], [262.62957507845135, 608.5525317698158, 2929.3824975804337], [166.01729220071735, -2.481820516199491, 3009.8009441121644], [-73.88175278210123, -28.278535875140847, 3194.6820339530777], [-13.302145329291939, -221.0643309269537, 3334.1712306154272], [165.26561539400353, 605.332543856283, 2960.2564107048283], [134.51317185177027, 1031.1650417062638, 2900.2238980106226], [102.03452858169655, 1415.482143697323, 2848.63390587031], [483.5658126831768, 23.853320244556357, 2940.306250559752], [783.4111892162895, 62.27048073491119, 2990.014670187488], [768.4777375120448, -127.90918879644892, 3136.5011760183465], [359.9932046240888, 611.7722862736686, 2898.506602909096], [295.22698838076735, 1039.3319913234666, 2849.8675167771926], [249.70206252628256, 1437.0762517359394, 2811.7679824597453], [339.93606216737254, -179.46833473316673, 3115.814980572302], [273.15961190236385, -179.0282696802538, 3037.282600534481], [396.5828112676852, -172.0073499643388, 3100.265847842557], [419.9325960012306, -163.60961667859527, 3001.7389907921843]], "kpt2d_body": [[1097.281201350967, 547.3397954553752], [1110.5052335515363, 478.92093007256744], [1070.325149716342, 826.52353296002], [1023.7989455797833, 540.0633089685145], [914.4881415811423, 528.8820645959975], [941.2289792839374, 448.94321863687264], [1023.857585448836, 822.5228896994563], [1009.5154400182208, 1019.6799333506826], [994.0440148566679, 1191.3961490639072], [1174.8985859264103, 552.4173905505083], [1306.1498583374882, 569.653742911609], [1283.5052609213578, 485.29879443633786], [1117.5185993430155, 830.411588713414], [1086.2350227229897, 1030.182529466474], [1063.0918160706397, 1207.0170861738616], [1098.6102577679562, 461.2811609492528], [1072.0663452296033, 459.33562481343756], [1124.5929873351415, 464.3063715901415], [1141.077183336517, 465.72226059894876]], "kpt2d_body_mask": [true, true, true, true, true, true, true, true, true, true, true, true, true, true, true, true, true, true, true], "kpt3d_body_mask": [true, true, true, true, true, true, true, true, true, true, true, true, true, true, true, true, true, true, true], "kpt_list": ["Thorax", "Nose", "Pelvis", "L_Shoulder", "L_Elbow", "L_Wrist", "L_Hip", "L_Knee", "L_Ankle", "R_Shoulder", "R_Elbow", "R_Wrist", "R_Hip", "R_Knee", "R_Ankle", "L_Eye", "L_Ear", "R_Eye", "R_Ear"]}