{"id": 5, "class": "person", "kpt3d_body": [[556.0578981651097, 64.75595389623948, 3983.637268993975], [588.2655083664317, -41.02528598415489, 4199.52495180782], [547.6340329538664, 558.1877629850778, 3928.6885441929167], [394.147135143215, 67.58146895667153, 4003.5126041305366], [312.0771947906454, 339.4651929127782, 3913.3399966502648], [265.6213524696366, 590.5736137254149, 3941.329188830632], [455.921425319831, 560.0558289077867, 3971.152938614905], [474.75163957788504, 912.8488246147306, 4171.286916752178], [497.67271601470503, 1273.8636494372363, 4330.719239053288], [717.1654491006584, 63.87283235717035, 3955.268862043332], [817.1601179372122, 341.8240399909476, 3921.4581154686284], [850.7523119853524, 538.6832446174553, 4103.95259596473], [639.3432580360513, 556.3199590142711, 3886.2147423417264], [620.7835104152034, 924.1261029457951, 3839.000911349117], [582.4900514029315, 1299.9965306697036, 3684.9018918522897], [557.8306236614789, -80.50761485476926, 4192.381155759304], [502.6456436863708, -106.69006093339931, 4104.875836529577], [614.2116669089688, -70.5441570880177, 4186.309348653846], [450.2839240546332, 316.6745464358465, 3747.6494293690985]], "kpt2d_body": [[1128.1899855393292, 582.6412408159817], [1128.880246879559, 546.592712644325], [1126.8360170343617, 755.817403632401], [1071.4396010171845, 583.5760988595641], [1045.262929811619, 680.4795870225848], [1027.7275151759304, 767.2403220219257], [1093.1711321986568, 754.7291434869638], [1090.5903758446166, 859.7835684881018], [1090.4765618574631, 958.7448998817265], [1185.206928924088, 582.404012078746], [1221.219539661087, 679.8035071138936], [1219.0114461467342, 739.8896528546112], [1161.0339115394063, 756.8597186305576], [1154.9644444219819, 887.6885287601708], [1146.431265756938, 1032.222605199024], [1119.216134508994, 533.5125295731649], [1104.5935906159034, 524.0820526073039], [1137.9830131843978, 536.7953706643116], [1101.1056048658604, 677.1049621327072]], "kpt2d_body_mask": [true, true, true, true, true, true, true, true, true, true, true, true, true, true, true, true, true, false, false], "kpt3d_body_mask": [true, true, true, true, true, true, true, true, true, true, true, true, true, true, true, true, true, false, false], "kpt_list": ["Thorax", "Nose", "Pelvis", "L_Shoulder", "L_Elbow", "L_Wrist", "L_Hip", "L_Knee", "L_Ankle", "R_Shoulder", "R_Elbow", "R_Wrist", "R_Hip", "R_Knee", "R_Ankle", "L_Eye", "L_Ear", "R_Eye", "R_Ear"]}