{"id": 5, "class": "person", "kpt3d_body": [[-17.067054157422117, 47.85067345702913, 2717.678102339134], [137.24098882299992, -99.50644308326275, 2653.33475302002], [21.305387065039803, 555.6031868303853, 2732.351174180644], [25.07848808204649, 39.204375619787584, 2872.907806721545], [126.60817423991689, 286.6043773892247, 2925.88156209266], [134.94530101196244, 326.94144690552844, 2705.474281089736], [38.72295326707967, 557.3856673649095, 2830.4400743059614], [1.2610396445438266, 939.9964970843437, 2847.8634538807864], [-59.7162232731844, 1338.6276782499156, 2859.101199320631], [-34.2517378170407, 68.91198499756314, 2560.2031435434333], [130.84068414023346, 292.53327527587146, 2591.7837835367727], [147.3341701739559, 54.46124946420355, 2650.867694394102], [3.887660199097933, 553.8217260591393, 2634.2616150636986], [-12.905570664256532, 965.2311128306553, 2634.106455296365], [-84.65025966395162, 1346.2564817745897, 2653.4455644980253], [130.44678176824326, -137.92006402978615, 2684.3455775857547], [55.162877369944034, -147.85421321153962, 2754.2682341153704], [113.10078635353351, -133.99247649858182, 2625.327718381487], [12.362923987947596, -137.12988457359955, 2607.3967083658495]], "kpt2d_body": [[925.5553126738142, 584.6573252611196], [1006.4873633650889, 507.95012367155255], [945.0844056974482, 840.0574250727619], [946.517585893729, 579.1407498219509], [994.5626791239367, 696.1257105622408], [1003.6476159280005, 727.6327719457327], [953.2189184419699, 831.4076636494137], [934.9128868353247, 1006.3661279278842], [906.732200624276, 1176.3403417840298], [915.6445446738386, 597.6177447960388], [1004.5237941182754, 716.65973076329], [1011.8764778950944, 588.721236794494], [936.3561684616088, 849.3257888667483], [927.7100095839652, 1052.343769126327], [892.5487194004959, 1222.160905403819], [1002.1052166055532, 488.6593487524871], [962.274363898204, 485.42000877482803], [994.4227755455757, 489.12291623117176], [940.9432259717502, 486.9255958297609]], "kpt2d_body_mask": [true, true, true, true, true, true, true, true, true, true, true, true, true, true, true, true, true, true, true], "kpt3d_body_mask": [true, true, true, true, true, true, true, true, true, true, true, true, true, true, true, true, true, true, true], "kpt_list": ["Thorax", "Nose", "Pelvis", "L_Shoulder", "L_Elbow", "L_Wrist", "L_Hip", "L_Knee", "L_Ankle", "R_Shoulder", "R_Elbow", "R_Wrist", "R_Hip", "R_Knee", "R_Ankle", "L_Eye", "L_Ear", "R_Eye", "R_Ear"]}