{"id": 3, "class": "person", "kpt3d_body": [[105.46658138946667, 132.4658805680734, 2778.4558495310785], [-2.2204799949395237, -2.0919344316702393, 2771.9706089407928], [124.26153910663957, 510.1021202519728, 3139.656406502958], [-37.801714433717635, 154.21152228900112, 2759.5797294275912], [-113.2103334124439, -18.13171388194661, 2968.6831352278045], [-177.7258387389958, -162.7646738415953, 3139.485300867525], [31.62645113716149, 561.3510049856934, 3119.1368305215165], [135.2933001467726, 818.0395761642692, 3300.953425813602], [189.66726334625116, 1091.2953760053879, 3527.485371496889], [254.84515068275704, 99.68570172272038, 2815.9444243061544], [333.84562074309383, -61.861620518325964, 2944.802414298701], [167.9580535973523, -92.17438264158162, 2818.516771623529], [216.89674439100511, 458.853635250931, 3160.17707726794], [205.6298825540692, 714.3007096772371, 3418.728342838071], [214.1685837600714, 981.1777116842502, 3651.0255574629964], [-4.265414490027659, -6.025856186654295, 2724.642027812739], [29.444241217863336, 53.570560616468725, 2666.350724198846], [25.713081682564614, -34.36700182396535, 2763.0087337164246], [123.9661136015437, -14.505476230335717, 2755.3095923827177]], "kpt2d_body": [[999.04882324436, 628.747751005317], [945.0489418717925, 561.4523176559079], [1000.9493676043675, 786.7136975837274], [927.0849268711943, 640.1541909634766], [893.0134726532284, 554.010829855365], [867.3671862435802, 490.51770459615426], [960.204592160127, 810.5409444291178], [1002.384490820398, 901.2187827787343], [1019.2442793491538, 981.4038520672408], [1072.051619278137, 611.6137160685672], [1103.692872803368, 533.3895742172068], [1029.165786704977, 517.0716722832058], [1041.2100834749476, 763.0068597277301], [1028.9854223501868, 849.3113797829652], [1026.3460690023273, 928.5892593088756], [943.9829318864216, 559.4258565960575], [961.563665329973, 590.4434177115111], [959.142939088626, 545.2025097075609], [1008.8753122013052, 555.1833841287694]], "kpt2d_body_mask": [true, true, true, true, true, true, true, true, true, true, true, true, true, true, true, true, true, true, true], "kpt3d_body_mask": [true, true, true, true, true, true, true, true, true, true, true, true, true, true, true, true, true, true, true], "kpt_list": ["Thorax", "Nose", "Pelvis", "L_Shoulder", "L_Elbow", "L_Wrist", "L_Hip", "L_Knee", "L_Ankle", "R_Shoulder", "R_Elbow", "R_Wrist", "R_Hip", "R_Knee", "R_Ankle", "L_Eye", "L_Ear", "R_Eye", "R_Ear"]}