{"id": 3, "class": "person", "kpt3d_body": [[134.78236343821223, 122.64230309527193, 2874.4280506928776], [-27.674825899359163, -7.458212326165494, 2821.4089118705224], [128.87119918978198, 504.33754083518, 3180.6993143640457], [93.2533287794273, 207.59793911478866, 2749.435311248586], [59.25091896753127, 437.74044901326886, 2849.1540344018513], [-0.0929505362872618, 611.0196306498647, 3006.877401965396], [96.05353213194033, 564.4954275400163, 3108.9423301605484], [155.06614512333977, 820.3977585412606, 3307.616017167691], [191.4211755052039, 1091.5992168234745, 3530.8405049541116], [170.68040292338117, 24.436818921930126, 2999.4993105559215], [183.08839974643485, 172.3060169070405, 3199.6975180770205], [121.51451244350896, 335.119762985818, 3355.6853744184714], [161.68898067043287, 444.1789637309583, 3252.455550064964], [192.85130563795326, 707.4892823338362, 3444.268140755794], [201.51330457656186, 994.9217266995521, 3650.1519571112112], [-20.607053970993938, -21.333286294480303, 2773.961829944272], [47.062586319009725, 14.133619846271301, 2719.680654360722], [-6.280315388501201, -49.4216475605009, 2823.263307474959], [82.35049667284478, -69.57278280834004, 2840.199946389539]], "kpt2d_body": [[1011.4863530138746, 621.7826905313461], [932.4881948201152, 558.82537305375], [1002.2654454957944, 781.3917936242556], [993.3789351176744, 667.322409894613], [974.9904602965433, 774.7534544190182], [946.1590269323074, 841.8828929105566], [988.8707759920834, 812.6552934964659], [1010.4533164005992, 901.4565162374681], [1019.8507753139955, 981.1312807125352], [1025.450529395782, 573.8237787992487], [1025.8301861831965, 637.2766253160697], [996.5126258176759, 700.9666117130926], [1015.0985208092031, 751.3304161821899], [1023.3045512344883, 844.618694395808], [1021.5976239020173, 933.6390549442874], [935.8071497973391, 551.8055899967517], [970.2955983841993, 569.729751309007], [943.0645061173227, 538.1561569353762], [986.5849735151663, 528.4434990975882]], "kpt2d_body_mask": [true, true, true, true, true, true, true, true, true, true, true, true, true, true, true, true, true, true, true], "kpt3d_body_mask": [true, true, true, true, true, true, true, true, true, true, true, true, true, true, true, true, true, true, true], "kpt_list": ["Thorax", "Nose", "Pelvis", "L_Shoulder", "L_Elbow", "L_Wrist", "L_Hip", "L_Knee", "L_Ankle", "R_Shoulder", "R_Elbow", "R_Wrist", "R_Hip", "R_Knee", "R_Ankle", "L_Eye", "L_Ear", "R_Eye", "R_Ear"]}