{"id": 3, "class": "person", "kpt3d_body": [[135.58681052485719, 120.88496089908148, 2874.690154089066], [-27.370633626574943, -11.558689525019759, 2822.974562419845], [132.23444534897, 503.33472057525313, 3181.2959703782035], [94.23441077858668, 207.89702304750463, 2748.5529239003995], [61.350123089350106, 437.5761948155132, 2846.568789905798], [-3.205473751837715, 609.7489824028486, 3003.5271277579955], [100.88583411987639, 565.7332064077984, 3108.979810056656], [155.23054806667844, 817.5099269568072, 3308.666993638377], [191.66666514739944, 1091.2207208924176, 3529.0414503257252], [171.42405653049536, 21.816763792865714, 3000.9585378422244], [184.08906164736976, 169.97735069828096, 3197.427503537642], [120.51196915978622, 329.910280437207, 3356.072961234556], [163.58299827698505, 440.9363562876703, 3253.6119829573868], [191.27921518734308, 705.7290897258088, 3444.745404160885], [201.16220826891322, 995.2833521101421, 3650.1994928365284], [-20.942628518647766, -24.009507634024345, 2774.5469237014595], [47.24512603032036, 11.820605199336143, 2720.4773551534818], [-5.590356971575758, -53.63153314248137, 2824.359027680752], [83.5632232837383, -71.49715097310391, 2841.297799901421]], "kpt2d_body": [[1011.8706970020854, 620.9283871715581], [932.646074182863, 556.8071588406191], [1003.7185459118577, 780.9172784904231], [993.8903424805457, 667.5058181946224], [976.0376342213134, 774.8633011657267], [944.7304560659763, 841.6185765941506], [991.0144560491904, 813.1844161987232], [1010.5086826486603, 900.1986179770429], [1019.9819805729855, 981.1949906762745], [1025.7570080548303, 572.6049409813386], [1026.3231877653902, 636.3191691154382], [996.0959561892226, 698.811201059907], [1015.8853155582192, 749.8974353104194], [1022.6709003335586, 843.898723665521], [1021.4645369658107, 933.7649986116753], [935.6407497266276, 550.466346112558], [970.3821321581654, 568.5451460470251], [943.4064254477096, 536.0929486248313], [987.1637299654411, 527.5155303016855]], "kpt2d_body_mask": [true, true, true, true, true, true, true, true, true, true, true, true, true, true, true, true, true, true, true], "kpt3d_body_mask": [true, true, true, true, true, true, true, true, true, true, true, true, true, true, true, true, true, true, true], "kpt_list": ["Thorax", "Nose", "Pelvis", "L_Shoulder", "L_Elbow", "L_Wrist", "L_Hip", "L_Knee", "L_Ankle", "R_Shoulder", "R_Elbow", "R_Wrist", "R_Hip", "R_Knee", "R_Ankle", "L_Eye", "L_Ear", "R_Eye", "R_Ear"]}