{"id": 3, "class": "person", "kpt3d_body": [[72.0285610027106, 92.38259277035738, 2875.436556300696], [-85.01378920993562, -8.51146379240916, 2832.6479765743147], [80.10989185208246, 495.2661029013278, 3189.9951532990126], [18.917985502561372, 195.2797606937773, 2743.396272608486], [-45.13534123970288, 344.3928813546975, 2612.7973524162744], [-150.20305493400218, 147.6468644360537, 2569.452125896235], [67.13060175979717, 560.8695737754017, 3109.3769636223237], [122.11494319923705, 809.7173693517107, 3316.515178288705], [190.0810410525543, 1086.3392536289675, 3531.5988876567308], [121.4947521842649, -3.2543303101319054, 2992.728448212324], [111.41150177482105, -97.72251951248847, 3196.274207981691], [13.148333376765429, -251.65050301338596, 3096.440132911477], [93.08910528939859, 429.6619123040901, 3270.612645750786], [145.27615924842675, 701.7726968587151, 3451.6408410802724], [196.84436127520468, 993.5453161405142, 3645.6881640625706], [-78.55339734918033, -21.143822433692492, 2788.2311473619657], [-5.335631162334131, 7.516446236182901, 2730.691774152985], [-66.21426501237349, -50.035052991458144, 2836.812417587423], [24.82931846128661, -77.03295975822627, 2854.8226973356036]], "kpt2d_body": [[981.0835767523117, 607.1695608296793], [904.3273518227056, 558.3238797017392], [980.96361170755, 776.9470127717362], [955.7726591698517, 661.3654382812517], [922.2129759584616, 744.9146289069903], [864.8156086549028, 642.2678024441192], [976.0229474665266, 811.0743469553245], [996.7027945762767, 896.3896602647137], [1019.337896260161, 979.1326483063999], [1002.7555274421268, 560.9901507230746], [994.7476341404225, 520.0008576624977], [952.0819656140515, 449.67491323921314], [985.6701948153003, 744.2963187939152], [1004.1929688538902, 841.906821293056], [1019.9444115061109, 933.5942312514537], [906.8901700391243, 551.9573432574964], [943.4412440890862, 566.3305686618188], [913.6265369721689, 537.9761811553037], [958.2924450690183, 524.978708094915]], "kpt2d_body_mask": [true, true, true, true, true, true, true, true, true, true, true, true, true, true, true, true, true, true, true], "kpt3d_body_mask": [true, true, true, true, true, true, true, true, true, true, true, true, true, true, true, true, true, true, true], "kpt_list": ["Thorax", "Nose", "Pelvis", "L_Shoulder", "L_Elbow", "L_Wrist", "L_Hip", "L_Knee", "L_Ankle", "R_Shoulder", "R_Elbow", "R_Wrist", "R_Hip", "R_Knee", "R_Ankle", "L_Eye", "L_Ear", "R_Eye", "R_Ear"]}