{"id": 6, "class": "person", "kpt3d_body": [[-182.49184755163841, -11.532706037556437, 2761.70704591623], [-365.54790811742225, -175.81069420970636, 2675.6150423399185], [-40.75878401852364, 347.42246651939877, 3089.1120034445694], [-191.44894255704398, 103.35765436196553, 2631.145665026611], [-121.40051160517291, 373.4318943475681, 2782.1684567555603], [-156.8293864927202, 574.7815725217316, 2936.439581444519], [-50.99611163801146, 424.658132992044, 3017.6601447307467], [-11.172853132867182, 746.1833415396814, 3291.3285044008617], [124.27128673237874, 1059.8308952635978, 3574.6311367190874], [-166.97297535184933, -137.1396650976851, 2885.566846827054], [-63.67650763038057, 42.124184644287084, 3137.0906569799417], [-116.29074990961274, 214.899737400806, 3311.9156996712536], [-30.521358150769267, 270.185715688702, 3160.563608160569], [-241.2670681744422, 578.2305685683235, 3443.728172913434], [-55.48231517387347, 903.2213502500294, 3676.2406351573964], [-356.96760998416994, -182.17394454211302, 2624.1015737188345], [-278.7613631308512, -137.89687276936235, 2565.141142621561], [-338.73096512611926, -220.02700096264874, 2670.2195685513107], [-232.07926440032298, -230.08593534403275, 2680.7505494080556]], "kpt2d_body": [[854.1452689792876, 556.7014259521843], [756.9371698718245, 471.71690969469375], [927.8450216118603, 718.3596871560742], [844.9118689821182, 617.0286066464907], [885.680643616559, 748.1307883937734], [872.5860735493291, 831.609268636335], [922.7519974347687, 757.1187401567925], [941.5441582230784, 873.3345239816379], [993.5534127238093, 964.9443806924244], [865.6134564684711, 496.50826444900076], [917.8665405398609, 581.1752024752484], [897.2841971166263, 652.6093621914765], [932.734419661936, 681.1533601245605], [849.4133020812212, 793.8551093870478], [925.5247766681556, 898.5139944662993], [757.7695992355144, 466.59348004007944], [795.2881281237995, 488.0520443505236], [770.4590861282404, 448.65031052548477], [825.976546030042, 443.638911391912]], "kpt2d_body_mask": [true, true, true, true, true, true, true, true, true, true, true, true, true, true, true, true, true, true, true], "kpt3d_body_mask": [true, true, true, true, true, true, true, true, true, true, true, true, true, true, true, true, true, true, true], "kpt_list": ["Thorax", "Nose", "Pelvis", "L_Shoulder", "L_Elbow", "L_Wrist", "L_Hip", "L_Knee", "L_Ankle", "R_Shoulder", "R_Elbow", "R_Wrist", "R_Hip", "R_Knee", "R_Ankle", "L_Eye", "L_Ear", "R_Eye", "R_Ear"]}