{"id": 3, "class": "person", "kpt3d_body": [[169.4842151607797, 85.68868519364202, 2855.0869395494897], [44.5599322149657, 10.761456829748255, 2780.4500757330566], [138.5571288176783, 489.3954652098077, 3149.096231637975], [231.96475158872843, 159.327610455817, 2728.9098454155487], [26.51928182186019, 237.85489228874752, 2610.4046892338547], [-32.44432292553945, 25.865552367954336, 2646.175372578382], [163.62176920396087, 555.4529202354955, 3064.3125292807604], [171.88927665209218, 818.2990112458397, 3297.8188348958406], [197.69752583534068, 1094.4470680523368, 3524.3581664233852], [99.41551672113418, 10.976772139557056, 2966.8547730889604], [-122.02036586754889, 91.88152456309751, 2891.846605116022], [-249.6682568168052, 141.98136250602545, 2682.496988690077], [113.49263200474424, 423.33725901225296, 3233.879259363793], [169.36174913304149, 710.2854663055118, 3442.8394953914994], [200.16916539207637, 994.1213690076556, 3646.622064495594], [61.356484802427254, -6.678274953962955, 2743.093636378051], [150.15369669167097, 10.703472423975313, 2705.916287776161], [54.39161477884518, -28.868947686915618, 2793.05016013866], [121.20710417024233, -66.42890224939819, 2838.451908296528]], "kpt2d_body": [[1028.8516551819073, 604.1970918150394], [968.5134123189548, 567.8850671610282], [1007.0966944418673, 777.0809794510837], [1064.364613273654, 643.472764080141], [960.3062636750686, 688.936487909351], [929.0699412687524, 576.0965540558254], [1019.9164719061514, 812.11653086246], [1017.6234507494329, 901.5441418739424], [1022.3839651201214, 982.8808895260713], [992.8816030943993, 567.6466291923563], [887.3781095545676, 606.657228543431], [816.8243556992683, 635.8723300371596], [994.8688214285003, 743.6410567454917], [1013.9473763417336, 845.8757033961583], [1021.167558919796, 933.700353996235], [977.3544200551754, 559.1161208491376], [1023.4874283306197, 567.9993662225007], [973.3196567673853, 548.1272239719589], [1005.678432299015, 529.9706429646488]], "kpt2d_body_mask": [true, true, true, true, true, true, true, true, true, true, true, true, true, true, true, true, true, true, true], "kpt3d_body_mask": [true, true, true, true, true, true, true, true, true, true, true, true, true, true, true, true, true, true, true], "kpt_list": ["Thorax", "Nose", "Pelvis", "L_Shoulder", "L_Elbow", "L_Wrist", "L_Hip", "L_Knee", "L_Ankle", "R_Shoulder", "R_Elbow", "R_Wrist", "R_Hip", "R_Knee", "R_Ankle", "L_Eye", "L_Ear", "R_Eye", "R_Ear"]}