{"id": 3, "class": "person", "kpt3d_body": [[149.79543140705826, 124.32104658802544, 2869.096504508643], [-9.371655486859503, -5.460615231796027, 2810.903484286054], [125.25533306712342, 505.9209560412802, 3183.4568513665477], [108.83461736187826, 213.01887647416407, 2744.877388389421], [79.59541390751126, 440.42723520066875, 2845.6672845281555], [16.303959223175646, 614.084895118723, 3002.7892714523578], [98.7003543747623, 564.5407947825901, 3109.5886009074457], [149.8837090352404, 817.5592802370376, 3308.629259878199], [190.79456198753434, 1089.9839063915806, 3529.6458536919536], [185.17191280654112, 25.286467519557903, 2996.7215010198765], [190.93015747781553, 171.52094779821056, 3196.7220402545813], [125.35205595695624, 333.8004740465121, 3352.0460266088066], [151.81013956562617, 447.3003829149175, 3257.3244302395647], [186.23020186278683, 705.797627483878, 3446.5667730186815], [200.086691837763, 994.0389489270602, 3648.316842782931], [-1.9115988415465424, -17.490599667698348, 2764.4209917430835], [66.79690448052423, 18.669744583548464, 2710.9089203658887], [12.101927166579074, -48.70186825708913, 2814.1432488988485], [98.547095062241, -69.9352883990619, 2832.890330850215]], "kpt2d_body": [[1018.8855725079976, 622.6961442606766], [941.5167377074295, 559.7999647273073], [1000.6444678727953, 781.8872267892236], [1001.34738077268, 670.2161004831923], [984.9213273345291, 776.2779198773297], [953.6852096019468, 843.6254016223783], [990.0371589258635, 812.6205773719786], [1008.2971142117116, 900.234925634026], [1019.6389368815087, 980.6787219463237], [1032.2482419519006, 574.2263978217431], [1029.3133727810307, 636.9996658878597], [998.1583452689606, 700.5702645747762], [1010.7926469938326, 752.3773704245599], [1020.616926166651, 843.7922343760001], [1021.1035289563952, 933.5056571580159], [945.201749400407, 553.7017682343874], [980.5216970506256, 572.0795461031826], [952.1626593708199, 538.4328315423555], [994.6544959129795, 528.1811818391478]], "kpt2d_body_mask": [true, true, true, true, true, true, true, true, true, true, true, true, true, true, true, true, true, true, true], "kpt3d_body_mask": [true, true, true, true, true, true, true, true, true, true, true, true, true, true, true, true, true, true, true], "kpt_list": ["Thorax", "Nose", "Pelvis", "L_Shoulder", "L_Elbow", "L_Wrist", "L_Hip", "L_Knee", "L_Ankle", "R_Shoulder", "R_Elbow", "R_Wrist", "R_Hip", "R_Knee", "R_Ankle", "L_Eye", "L_Ear", "R_Eye", "R_Ear"]}