{"id": 1, "class": "person", "kpt3d_body": [[303.6635148755795, -283.616132346324, 2876.465853632013], [337.91336115832564, -496.92241717712864, 2920.288987252365], [289.65222559438564, 247.4641477799672, 3142.1495479363493], [152.82964953118892, -307.85892592082564, 2917.685606116561], [58.16988266787955, -394.84481568501633, 3196.133561709107], [250.06007977605944, -535.0235275015366, 3156.9901858318417], [193.81406808186242, 233.18285298493507, 3178.5994694438286], [197.83591026193594, 636.0021097873521, 3329.382770643475], [193.9760902066833, 1001.3648324920918, 3480.1473206979695], [443.82803826451834, -266.9347100999199, 2847.4589168928906], [682.0089030517483, -290.3809698084625, 3030.0624956947013], [543.7972202711309, -500.18316505802557, 3065.746809504885], [385.48981014351614, 261.7439449245866, 3105.698055201264], [354.8658329915121, 663.7006048997921, 3285.903048387049], [339.63182429746405, 1029.7019381109326, 3437.5255635253666], [306.2558668209158, -521.9564137372914, 2895.1175867599936], [235.77641059899804, -476.8211934329447, 2832.1932971675724], [363.60200449245184, -511.63186394916, 2879.2927859789424], [379.82766818312626, -453.3849105415761, 2795.143955757697]], "kpt2d_body": [[1108.1903954156426, 403.3859778774423], [1122.8665883773165, 295.20445525191025], [1087.8608806362242, 674.9652203167939], [1026.7083914297566, 392.5366863953508], [974.1660477364932, 364.996635235369], [1067.3416061363037, 295.8154541772112], [1040.0256274621056, 666.8452300336735], [1036.9832542483914, 845.2575575175149], [1030.5088765315486, 988.0352424897121], [1184.69090570242, 411.2267117530447], [1288.4866320469714, 408.94162361367796], [1216.0452577961169, 306.7673127727237], [1136.594508918836, 683.1894769884246], [1110.7153438877824, 861.0744011674594], [1095.1767766145613, 1004.529440698477], [1107.6582184211507, 279.8771450478957], [1073.5120777134211, 297.53199882810765], [1138.7740354429088, 284.0627693537266], [1153.5543921373892, 307.4551342323532]], "kpt2d_body_mask": [true, true, true, true, true, true, true, true, true, true, true, true, true, true, true, true, true, true, true], "kpt3d_body_mask": [true, true, true, true, true, true, true, true, true, true, true, true, true, true, true, true, true, true, true], "kpt_list": ["Thorax", "Nose", "Pelvis", "L_Shoulder", "L_Elbow", "L_Wrist", "L_Hip", "L_Knee", "L_Ankle", "R_Shoulder", "R_Elbow", "R_Wrist", "R_Hip", "R_Knee", "R_Ankle", "L_Eye", "L_Ear", "R_Eye", "R_Ear"]}