{"id": 1, "class": "person", "kpt3d_body": [[295.3685646699338, -267.44767263113897, 2919.325794583388], [349.313475331169, -516.7986490940627, 2974.724626280599], [286.74041504896195, 246.14037179158814, 3141.131919752959], [129.97450681195738, -297.23341686734454, 2974.654018401501], [88.19996681757047, -54.19756071989937, 3107.822205505264], [139.62220826301677, 135.41859538005184, 3267.866251673333], [189.10922103723436, 230.1216250449076, 3174.743219998843], [192.03391387738176, 639.2362605275924, 3329.667900780847], [193.2929036673627, 1001.7207281118546, 3481.0371559132373], [465.0440879809242, -244.99021628098959, 2870.4900804180165], [509.06209148015245, 18.093686752453806, 2983.1846249024275], [501.92508781907924, 213.35955813756627, 3170.67396616701], [384.37179253500915, 262.16006666209194, 3107.5209472240113], [350.215657291584, 671.6865041446983, 3277.1606454448056], [338.33011413574764, 1031.5609775667017, 3433.3940431084447], [315.84463663681925, -545.449006873347, 2951.894006248366], [238.46518151850182, -505.7122411962762, 2891.4369801904413], [371.4419055540192, -535.5113681346286, 2933.673394245789], [384.61470018090506, -481.85570999874176, 2844.9593422235416]], "kpt2d_body": [[1101.5343613374864, 414.0007682712549], [1125.4176006472658, 289.8730584520802], [1086.4897375140881, 674.364945395641], [1013.3889251578572, 401.03594853996645], [989.9497965404436, 527.4513941514814], [1012.0301126570424, 617.9442988230503], [1037.8655940151916, 665.510151317198], [1034.310673275486, 846.7007243983927], [1030.190792619141, 988.0790594225248], [1194.0613018187553, 424.05237074796963], [1207.5454129322884, 563.5316533914797], [1188.6198663423381, 657.0335933778517], [1135.9350976473481, 683.3215173401165], [1108.9572789570507, 865.5246726806744], [1094.7692679455151, 1005.837589519896], [1109.4395699688766, 273.1668701851294], [1072.264158816976, 287.6891678039595], [1139.1988348684656, 276.81202714588557], [1152.3874720194067, 296.68127187532247]], "kpt2d_body_mask": [true, true, true, true, true, true, true, true, true, true, true, true, true, true, true, true, true, true, true], "kpt3d_body_mask": [true, true, true, true, true, true, true, true, true, true, true, true, true, true, true, true, true, true, true], "kpt_list": ["Thorax", "Nose", "Pelvis", "L_Shoulder", "L_Elbow", "L_Wrist", "L_Hip", "L_Knee", "L_Ankle", "R_Shoulder", "R_Elbow", "R_Wrist", "R_Hip", "R_Knee", "R_Ankle", "L_Eye", "L_Ear", "R_Eye", "R_Ear"]}