{"id": 1, "class": "person", "kpt3d_body": [[371.9318963705009, -274.9842925460065, 2877.798199158523], [420.738374732993, -482.62126210677206, 2918.620080994315], [311.4022938069167, 235.75172257803317, 3155.206030312899], [245.701568131979, -251.88073979799483, 2809.8698050225385], [16.96312265403435, -270.02093096103397, 3002.217685923353], [132.8522916711069, -465.0910065537481, 3010.6588103454906], [209.78898785008164, 237.2096768472406, 3134.1914038348186], [197.57778873256376, 639.7174312995768, 3332.6452014772676], [195.9819619407292, 1002.6479185122653, 3481.1241076455426], [507.7025973361953, -277.5886312769411, 2922.1089961384178], [338.36741190126963, -342.06793261588996, 3163.945517459957], [80.87162100307644, -457.20388959789307, 3210.8619356604695], [413.0153930742744, 234.29508376430846, 3176.220140209589], [364.4835995541289, 658.9694564475465, 3294.0347654053467], [340.35183141903497, 1030.3109839809943, 3431.5144194486743], [395.71746425066743, -512.8356627052143, 2886.7208676049727], [333.5365466782452, -476.4920714992196, 2811.4629836754757], [453.09995874088577, -492.4465313998014, 2885.2048175827986], [477.0922615671817, -431.1811134357181, 2805.1333567847705]], "kpt2d_body": [[1144.2855661012754, 408.2174614087728], [1166.0019194442946, 302.8491527566641], [1097.8458759885148, 668.760118723946], [1080.5413029407296, 416.92245050287204], [954.8974669070091, 416.2196229067915], [1013.8369215834415, 318.1683801167325], [1049.1712989210064, 670.3813092538347], [1036.7691441705974, 846.647632613424], [1031.3521519841597, 988.4476564462835], [1211.6665704437303, 409.52561360578375], [1110.2148232967695, 388.915038775109], [984.8533386480814, 336.3902322711798], [1145.668045538959, 667.1120208658836], [1114.764083205511, 858.1499278021554], [1095.7383309757538, 1005.5370202892879], [1155.1084333774504, 284.29878756891503], [1127.3090855485057, 296.2667130284244], [1185.340102376086, 295.0972964195296], [1205.2646009916316, 320.7931732977946]], "kpt2d_body_mask": [true, true, true, true, true, true, true, true, true, true, true, true, true, true, true, true, true, true, true], "kpt3d_body_mask": [true, true, true, true, true, true, true, true, true, true, true, true, true, true, true, true, true, true, true], "kpt_list": ["Thorax", "Nose", "Pelvis", "L_Shoulder", "L_Elbow", "L_Wrist", "L_Hip", "L_Knee", "L_Ankle", "R_Shoulder", "R_Elbow", "R_Wrist", "R_Hip", "R_Knee", "R_Ankle", "L_Eye", "L_Ear", "R_Eye", "R_Ear"]}