{"id": 1, "class": "person", "kpt3d_body": [[239.65413242906578, -221.0921274520966, 2823.8401306450646], [301.90237916538194, -465.96971005674266, 2892.826053187505], [226.28992375407256, 284.7130640909454, 3058.6558167480466], [72.0220282098368, -261.09205978330476, 2884.537558527011], [-23.023939601074765, -7.794125195948425, 2954.7697791578485], [-3.0914333110548498, 211.34638574172698, 3104.5263299691283], [134.17817075573421, 265.8374688797294, 3100.398251258879], [151.15342380815355, 637.7908196557099, 3275.0345235310356], [150.3401587598821, 1037.7792287056038, 3401.5593658751304], [405.67050208279954, -187.75636178542825, 2774.4875573444933], [436.81062088058866, 84.85431258904683, 2872.2442173261825], [468.6579466627868, 318.23400902168515, 3014.314945038693], [318.4017688269327, 303.5886749349488, 3016.9133464895094], [390.4664747179839, 648.0571697266333, 3229.52912334534], [324.28232176348376, 1066.0496013924508, 3327.76515127706], [268.5457195673887, -495.40152988584634, 2868.8846599313842], [192.95392680243512, -455.29028857854246, 2804.4895420002067], [324.38078082993917, -484.02349740926365, 2852.5666032315276], [340.8457668055514, -430.5486741716111, 2762.0440432293417]], "kpt2d_body": [[1076.659408953375, 434.2384112295898], [1105.7413549069638, 308.7191346034412], [1059.9079278834004, 696.9410532011232], [984.6221983060318, 415.3600251996116], [934.1803404157162, 550.2082847754108], [944.6655825943018, 658.8452446196555], [1012.7920099526513, 685.841898117862], [1016.7168403400414, 850.9125075890581], [1012.9382467702286, 1013.2766493168426], [1170.295196485838, 450.83394640966105], [1179.3964867517984, 599.444277491222], [1183.9752954800747, 715.2794449885681], [1108.1345126380083, 708.244376345956], [1130.2766873580968, 858.9060285453373], [1092.7518098766002, 1034.507839883859], [1089.2413825260746, 291.14245538530344], [1051.5223076399911, 306.46019663366485], [1119.8427697946645, 295.9011489553798], [1134.7317033578365, 316.7881976657115]], "kpt2d_body_mask": [true, true, true, true, true, true, true, true, true, true, true, true, true, true, true, true, true, true, true], "kpt3d_body_mask": [true, true, true, true, true, true, true, true, true, true, true, true, true, true, true, true, true, true, true], "kpt_list": ["Thorax", "Nose", "Pelvis", "L_Shoulder", "L_Elbow", "L_Wrist", "L_Hip", "L_Knee", "L_Ankle", "R_Shoulder", "R_Elbow", "R_Wrist", "R_Hip", "R_Knee", "R_Ankle", "L_Eye", "L_Ear", "R_Eye", "R_Ear"]}