{"id": 6, "class": "person", "kpt3d_body": [[86.68916223578447, -33.600466533928, 2654.9495055905036], [238.53590524202326, -220.67862435918357, 2606.047297454724], [89.36637407118326, 512.0607112168882, 2672.558075575712], [134.5649432748186, -40.497581190713845, 2822.6047854943126], [214.8467461653093, 222.9892449208934, 2882.396594951051], [379.5923589853875, 230.97368714997287, 2667.5562603137514], [101.41863608523812, 502.4396891711129, 2768.9051895841067], [95.05788680991694, 929.7948232162955, 2784.714700473056], [92.50057818036004, 1361.9837214993006, 2786.9956778238047], [55.478898033991996, -28.789395943316833, 2484.1350078605537], [200.58078247744348, 203.3719471404241, 2446.980176832431], [277.64443812416454, -1.9493124762041703, 2545.320836612932], [77.31407729404383, 521.6817358607393, 2576.2108678401705], [68.01047655781812, 939.7005643970826, 2591.2157683336995], [42.48236828460669, 1360.4959535676544, 2624.42913573856], [226.04951132557323, -256.9514958127124, 2640.748512865975], [147.0396868478513, -254.13641115742706, 2712.7685228265386], [209.19630162996867, -256.0929479905542, 2582.1316650203025], [105.62451307638442, -247.98119543728262, 2563.440813122971]], "kpt2d_body": [[979.916418741708, 542.5089043126761], [1061.6096422577411, 442.6842489114374], [980.5252182092763, 824.1539484402898], [1000.8670389892438, 540.159694041312], [1038.0858299853949, 667.5342892845515], [1131.5069518163841, 679.7833953281144], [984.9825932765401, 810.4279810131827], [980.5451554970632, 1011.0998791169587], [977.903189319817, 1200.3861756944518], [965.51435927992, 543.9914906523906], [1048.3649943045937, 675.446116884614], [1086.1624353154962, 559.0648284469689], [975.7414864523104, 838.8576003849219], [969.6819440603444, 1047.510491932815], [955.4265283609681, 1235.017421307139], [1053.3206076209356, 425.22312499121193], [1009.7828440831424, 430.05785502454137], [1046.9615496230151, 422.6062233753238], [991.6979048713464, 425.78931843063555]], "kpt2d_body_mask": [true, true, true, true, true, true, true, true, true, true, true, true, true, true, true, true, true, true, true], "kpt3d_body_mask": [true, true, true, true, true, true, true, true, true, true, true, true, true, true, true, true, true, true, true], "kpt_list": ["Thorax", "Nose", "Pelvis", "L_Shoulder", "L_Elbow", "L_Wrist", "L_Hip", "L_Knee", "L_Ankle", "R_Shoulder", "R_Elbow", "R_Wrist", "R_Hip", "R_Knee", "R_Ankle", "L_Eye", "L_Ear", "R_Eye", "R_Ear"]}