{"id": 2, "class": "person", "kpt3d_body": [[-18.369564115231597, -350.8101292969111, 2865.0979069651403], [-143.99727853125978, -519.6760327755596, 2964.5528606003295], [-37.267766267042376, 169.98864086353123, 2979.952779940149], [-163.71636050521, -332.1575078106197, 2767.3628438798773], [-184.57656912737178, -53.452682286173854, 2774.689522542666], [-222.32853380084688, 185.44275479184435, 2828.7931095473236], [-110.7079088071138, 181.4929811759646, 2917.0997082446047], [-81.66325422304371, 548.5647661182576, 2950.720283567204], [-40.049218651759084, 911.46800755654, 2996.4044850457003], [110.39206961297862, -372.15736067407863, 2975.7875701836883], [136.89233443625176, -94.9203231448189, 3050.9056933141146], [112.05723738182962, 140.4558260410137, 3148.4040161806197], [36.17218390020091, 158.484117381486, 3042.8068953988795], [69.40964461677713, 520.7574494474591, 3093.0683442983395], [91.79525176132233, 889.0778232387222, 3121.17518208898], [-154.95286301782843, -547.7699595111197, 2925.571958626805], [-126.44481354796484, -523.8852826401229, 2826.2242135592087], [-108.15962109826094, -555.0024565899735, 2963.5428078867085], [-8.986739689922205, -541.1574538436553, 2924.7852725518887]], "kpt2d_body": [[932.7130690724038, 369.03329018564125], [866.9704180211139, 287.59265636240707], [923.0986453612564, 649.7113255766589], [850.1141659384797, 372.9441104122635], [838.2568748305538, 530.1768132002408], [819.467634145615, 662.8638510310416], [883.1440072201384, 657.7676427335148], [899.6135477984795, 849.4112738793806], [922.2433531195634, 1027.4282044707313], [1000.878867826195, 365.02092761399865], [1013.2734341415904, 511.59590102906725], [998.6858015605278, 630.2415797298746], [961.4342239696214, 641.9555499496475], [977.8282626427674, 822.5342975577995], [988.227101188545, 998.7496124229124], [860.2097816284981, 269.3315880090805], [873.0070777073049, 272.1370886164104], [885.8625138115686, 269.1659615024752], [937.9842175098581, 272.5160789248664]], "kpt2d_body_mask": [true, true, true, true, true, true, true, true, true, true, true, true, true, true, true, true, true, true, true], "kpt3d_body_mask": [true, true, true, true, true, true, true, true, true, true, true, true, true, true, true, true, true, true, true], "kpt_list": ["Thorax", "Nose", "Pelvis", "L_Shoulder", "L_Elbow", "L_Wrist", "L_Hip", "L_Knee", "L_Ankle", "R_Shoulder", "R_Elbow", "R_Wrist", "R_Hip", "R_Knee", "R_Ankle", "L_Eye", "L_Ear", "R_Eye", "R_Ear"]}