{"id": 6, "class": "person", "kpt3d_body": [[195.4270235269792, -298.984742448876, 2676.4225623421444], [340.6473503356404, -476.1364073086104, 2707.496361771011], [191.9871142428358, 243.16175853805177, 2849.5192059949595], [99.09578904600764, -334.1578275892915, 2804.173636387356], [-39.01314598119255, -302.49390411893626, 3030.156128606905], [154.05311691252274, -287.0316846487201, 3237.133999901908], [139.58825603144862, 212.13756220643916, 2921.4631843288817], [152.5178899450306, 624.4397515983628, 3061.5054515331976], [112.7053395002875, 1038.2993087069117, 3148.863110619901], [266.12470149025415, -258.7503437924663, 2535.7997589866523], [443.24599362003966, -150.33611779669826, 2351.719862466341], [649.540171777586, -139.3232241211915, 2517.792025457311], [244.38547480295273, 274.1839328113672, 2777.574956324612], [234.56674781087258, 680.7814961631335, 2900.2740199195], [157.79577245986818, 1081.0180231698073, 2995.603436365105], [307.7751342724258, -513.8284097641936, 2715.6205064475807], [201.11688061345606, -507.5099244395806, 2714.8577623401316], [336.17307830026914, -501.2663031466632, 2661.684567769773], [272.5926672571511, -472.762510345686, 2582.6302781142376]], "kpt2d_body": [[1057.1405960732393, 392.99616110778425], [1135.44140405245, 298.39486595926724], [1048.7707641177974, 689.4557193965808], [1000.3615014503314, 381.6930056629026], [927.6049672070628, 410.59483241757033], [1018.9313949213984, 427.39098958321455], [1019.2588169945249, 670.4192909609145], [1021.6961505197048, 865.5829286436021], [999.957599274322, 1045.8718372056862], [1105.1446034271364, 407.66938907532847], [1229.7434586217319, 465.3414213315047], [1331.2787523209295, 478.7657417673834], [1079.7063493430458, 709.3897237341359], [1067.723837865045, 910.059163733973], [1024.4974695035105, 1089.0104579582369], [1116.679234806999, 278.5910737824081], [1058.1471983380038, 281.44736195329267], [1135.9604803607258, 280.0938997684356], [1105.1741447182326, 287.5200686740798]], "kpt2d_body_mask": [true, true, true, true, true, true, true, true, true, true, true, true, true, true, true, true, true, true, true], "kpt3d_body_mask": [true, true, true, true, true, true, true, true, true, true, true, true, true, true, true, true, true, true, true], "kpt_list": ["Thorax", "Nose", "Pelvis", "L_Shoulder", "L_Elbow", "L_Wrist", "L_Hip", "L_Knee", "L_Ankle", "R_Shoulder", "R_Elbow", "R_Wrist", "R_Hip", "R_Knee", "R_Ankle", "L_Eye", "L_Ear", "R_Eye", "R_Ear"]}