{"id": 6, "class": "person", "kpt3d_body": [[258.99027678514653, -281.8850295705165, 2849.400959174775], [435.157448871538, -473.58750515306485, 2876.5538353194847], [216.34114283539506, 222.72117710384492, 2993.621841236397], [157.3170794259094, -343.4654222599197, 2981.8339329753617], [16.6548355420932, -65.3730649434057, 3026.8923353543432], [-52.246221149490296, 177.7488296780713, 3078.0461533429343], [171.0402234345877, 190.10817838115727, 3077.6125721586923], [310.28957711003693, 530.2552862016958, 3267.9806749934414], [247.33235529702262, 963.4539462190667, 3363.0954260453377], [359.4602815079428, -230.01974585277722, 2718.430328832772], [302.2913445154715, 84.58272820287448, 2702.3854913761497], [269.7275009857153, 336.58049222201737, 2728.447854643063], [261.6430265045962, 255.3341237055963, 2909.631388648204], [220.8575049984941, 642.1795712239465, 3013.7997457624533], [101.15023685297959, 1048.772431872437, 3086.528044394997], [406.71278857873006, -517.7556749447429, 2882.5994133031563], [299.37522537658106, -530.8753016287507, 2879.0507731537], [433.51579177874186, -496.3438811134255, 2829.827309779723], [367.7478795683763, -477.5001191425587, 2750.2885965001246]], "kpt2d_body": [[1084.083947240525, 412.22137758550264], [1173.3913364510931, 315.3308529392657], [1056.1862040212786, 673.0216617396773], [1026.6282827924779, 387.699693826638], [955.368345343433, 528.355989244027], [921.365177202045, 648.0913809000365], [1031.054964355383, 654.094005272585], [1089.5870086682626, 803.8385983154087], [1056.156134405186, 984.4364935440906], [1146.0926186381523, 433.94217608682476], [1115.8792871578516, 608.0774757956427], [1095.8268565603703, 746.0967419948649], [1082.6852076743398, 692.9706821903713], [1056.668162857307, 878.6886122241265], [995.4416490282002, 1059.9318650070982], [1158.0455307867799, 293.12972750170917], [1102.824719780574, 285.53324405919267], [1176.0330334956473, 299.5420229282139], [1147.20430222164, 301.815827947758]], "kpt2d_body_mask": [true, true, true, true, true, true, true, true, true, true, true, true, true, true, true, true, true, true, true], "kpt3d_body_mask": [true, true, true, true, true, true, true, true, true, true, true, true, true, true, true, true, true, true, true], "kpt_list": ["Thorax", "Nose", "Pelvis", "L_Shoulder", "L_Elbow", "L_Wrist", "L_Hip", "L_Knee", "L_Ankle", "R_Shoulder", "R_Elbow", "R_Wrist", "R_Hip", "R_Knee", "R_Ankle", "L_Eye", "L_Ear", "R_Eye", "R_Ear"]}