{"id": 3, "class": "person", "kpt3d_body": [[267.7735151469784, -75.64649603169471, 2789.071508016896], [400.013168177229, -224.0555926525674, 2820.151426071661], [219.53510651905225, 385.0102372517722, 2932.5273139152405], [202.2099281260574, -128.3767393355437, 2924.2701943392476], [237.0491202856864, 77.17743539632252, 3075.457072729695], [310.6879904332956, 273.9931528561299, 3180.394211672552], [156.90826302308946, 341.82510542372756, 3022.0332925336065], [159.05759158761595, 687.8779002052147, 3111.2067563824858], [128.452784918377, 1028.498897762809, 3207.3081424336538], [358.36984224217406, -18.971581544626446, 2677.036206358873], [407.6214076142193, 233.06193027033203, 2722.687438637762], [461.2033458623181, 432.22062600932134, 2839.580653716659], [282.16284675748807, 428.19624797623237, 2843.0219859842236], [248.07995466257861, 744.1800734834007, 2946.8207233402977], [218.6895045973435, 1074.385836033729, 3048.343372869742], [372.9722817398083, -264.4864210778933, 2824.295077473027], [279.40276744231124, -266.552916344762, 2826.8462150305913], [400.46435441368885, -243.34984282846264, 2776.8250105140914], [352.3305544841491, -217.5922222050515, 2704.420563719499]], "kpt2d_body": [[1092.0797608400133, 520.1029666921232], [1160.4670542656086, 441.7493665568626], [1059.772286760367, 758.0960345793986], [1051.5848141708702, 494.7738803394607], [1063.5735824447415, 598.8050525981133], [1094.3571283398992, 690.5203778223549], [1025.3681678215846, 731.1132379399655], [1023.523565811398, 890.5718965102316], [1006.3025535366247, 1033.1327292210995], [1148.8808158610714, 550.3071983014246], [1172.1148734811095, 689.2868960036982], [1190.0540157448106, 788.0344324991408], [1096.1411866419674, 786.5683182345442], [1072.3953254044063, 935.7205826154845], [1052.5514557961317, 1077.1109882240944], [1145.7582258312264, 420.4379707868893], [1096.0424564600178, 419.20952640994665], [1163.9345149796252, 429.52900798948343], [1143.2120232736786, 440.1470048041295]], "kpt2d_body_mask": [true, true, true, true, true, true, true, true, true, true, true, true, true, true, true, true, true, true, true], "kpt3d_body_mask": [true, true, true, true, true, true, true, true, true, true, true, true, true, true, true, true, true, true, true], "kpt_list": ["Thorax", "Nose", "Pelvis", "L_Shoulder", "L_Elbow", "L_Wrist", "L_Hip", "L_Knee", "L_Ankle", "R_Shoulder", "R_Elbow", "R_Wrist", "R_Hip", "R_Knee", "R_Ankle", "L_Eye", "L_Ear", "R_Eye", "R_Ear"]}