{"id": 3, "class": "person", "kpt3d_body": [[-292.92599173750307, -80.15795490295531, 2778.7845330313444], [-393.70093678429015, -142.15227995482564, 2593.0614193928477], [-206.95528478159167, 300.18802135691146, 2987.668936332205], [-154.69254656469298, -73.80019560671514, 2705.495639420441], [-24.8442291534628, 127.51372323351376, 2751.288715005445], [65.11227934879872, 335.2897593705498, 2685.006193503902], [-109.38985395463185, 278.92947292624217, 2927.463125992087], [-93.25710672166979, 613.4461046426592, 2708.7573057403606], [-24.212958908954327, 864.5145310618914, 3004.7127794079365], [-432.3447708949909, -99.97484216543612, 2859.699160610249], [-465.4633449099423, 79.81737725891136, 3041.9482281560286], [-506.8284129050728, 270.0336042631345, 3148.9743017151477], [-304.5212717930992, 321.447356154473, 3047.8754693657993], [-239.69660890595006, 673.047890394427, 3127.548052996197], [-161.74492999423194, 987.281736052289, 3268.446276178927], [-364.2059514974292, -177.7790271096866, 2574.779324763936], [-280.52264730876095, -199.17896223469114, 2613.045785024126], [-412.8067590645453, -180.70903736525636, 2609.515690504811], [-406.14003298449774, -215.88120838946665, 2696.7351867082402]], "kpt2d_body": [[777.2316827698064, 504.3387207984526], [708.9312087498158, 466.0395613198421], [831.1475262765169, 696.3535071983738], [848.8932377955449, 506.5871063935757], [920.7429046053429, 616.232645625262], [970.3081910888159, 732.5194245076046], [878.5574584775441, 688.8064234546373], [883.4949048533015, 880.2035454577988], [922.4638472350257, 967.1796473588831], [709.7739490138122, 495.41441519816595], [707.0654225887258, 586.0522671769826], [695.8482519798953, 673.8922648294888], [785.7885759567329, 703.5076729903925], [821.2641540733656, 863.651548385721], [862.0295135521424, 986.9887361726323], [724.2591452393668, 444.9462657848445], [774.5639504867204, 434.1013690074776], [699.7115340374852, 444.7749182034853], [710.9182540410295, 428.7758146431811]], "kpt2d_body_mask": [true, true, true, true, true, true, true, true, true, true, true, true, true, true, true, true, true, true, true], "kpt3d_body_mask": [true, true, true, true, true, true, true, true, true, true, true, true, true, true, true, true, true, true, true], "kpt_list": ["Thorax", "Nose", "Pelvis", "L_Shoulder", "L_Elbow", "L_Wrist", "L_Hip", "L_Knee", "L_Ankle", "R_Shoulder", "R_Elbow", "R_Wrist", "R_Hip", "R_Knee", "R_Ankle", "L_Eye", "L_Ear", "R_Eye", "R_Ear"]}