{"id": 5, "class": "person", "kpt3d_body": [[-107.9165425580127, -227.2189232807014, 2735.2296960447984], [-257.1516370886406, -313.11637151684266, 2567.761664013947], [-100.47611247224786, 237.80139203108263, 2958.7613557342816], [4.612245634416974, -174.414734952053, 2627.9847921771307], [216.2055420659506, 24.6200519426219, 2665.331642464162], [63.71911275098232, 202.76447646947076, 2766.544845528564], [-38.5380828668098, 274.02686176794464, 2895.5238717627662], [-31.883685829630366, 637.237296583333, 3087.426066292932], [7.703500138475343, 945.6971915805774, 3300.0579459063033], [-210.47168487707776, -282.64042240815854, 2848.7251534733928], [-219.00182556078465, -230.17241482794645, 3145.5722687995894], [-230.3102440729141, 29.80289365504248, 3079.3193764613193], [-162.4136946001046, 201.5771205905908, 3021.9986246485405], [-142.08868868951777, 581.0355519427902, 3199.3039430672534], [-77.83865187459818, 904.9794580768024, 3387.8363949653744], [-224.71386922189765, -340.86241545298265, 2541.09278563012], [-121.07232808397016, -347.6269744151554, 2560.858289769521], [-260.8078463859452, -358.40774577595425, 2585.3606745735938], [-213.94755068423532, -394.05897553210707, 2673.1699066454944]], "kpt2d_body": [[875.4113020797976, 423.6589089436465], [785.5719888264139, 366.61552158080065], [883.5957398564773, 666.7396630851539], [936.8457947363411, 448.39444232208166], [1055.2132004965001, 560.9414094330178], [968.5839519930668, 656.2611677856776], [914.3918498367826, 687.9030791248515], [918.9810698276984, 851.4330466210946], [937.6721309577559, 965.574967486373], [824.2852030415474, 399.9089701442823], [830.4877472284353, 438.42903156272945], [822.65549414006, 561.6008040181113], [854.0911580336716, 646.4161749208195], [868.4842832240362, 815.4185889706847], [900.5427334622777, 938.1376945750748], [802.9906187128599, 348.5947656486677], [863.972550742151, 345.95008787490235], [784.6559600099927, 342.133763823694], [815.5221952887952, 329.0701545736526]], "kpt2d_body_mask": [true, true, true, true, true, true, true, true, true, true, true, true, true, true, true, true, true, true, true], "kpt3d_body_mask": [true, true, true, true, true, true, true, true, true, true, true, true, true, true, true, true, true, true, true], "kpt_list": ["Thorax", "Nose", "Pelvis", "L_Shoulder", "L_Elbow", "L_Wrist", "L_Hip", "L_Knee", "L_Ankle", "R_Shoulder", "R_Elbow", "R_Wrist", "R_Hip", "R_Knee", "R_Ankle", "L_Eye", "L_Ear", "R_Eye", "R_Ear"]}