{"id": 6, "class": "person", "kpt3d_body": [[264.26674914732564, 39.49380420197599, 2808.389901401511], [295.7024657695056, -116.196566019903, 2979.433297888297], [258.48995858325145, 592.0109527343632, 2828.040579858682], [103.62975576838174, 30.77156024766822, 2847.0520145222276], [-136.36654715458877, 221.45293440043318, 2822.365672977656], [54.3805931138644, 424.30482452802823, 2877.18397118341], [164.81107388998825, 589.7782328367499, 2851.999494459464], [140.16465472006672, 1000.4838816930896, 2837.860674914172], [86.11687043693159, 1395.1584589986362, 2677.709919173054], [433.23883207555957, 40.954558041144935, 2783.8692779063717], [630.1569626295496, 215.38551666068628, 2659.2840933393036], [469.70237667500805, 431.2684565605814, 2766.39289482851], [352.1695798415123, 594.2417188671426, 2804.0816818403646], [311.3607212999251, 1006.3576883023702, 2753.453828198278], [238.19554725983443, 1399.7035527484215, 2621.7498734544106], [261.3934061932192, -152.94390972770913, 2970.736877192899], [191.9179781180935, -159.21215435671428, 2890.428261385604], [321.9990575566704, -155.88897964028405, 2955.3216248704293], [341.58147244439016, -160.60614594907605, 2852.1937107959543]], "kpt2d_body": [[1077.9487470117624, 560.753491923249], [1085.043541529126, 487.03461098789415], [1072.7016613757946, 828.6379299632167], [997.629133889059, 556.2656198441895], [879.4670991867126, 650.2529754179251], [973.0539078361769, 745.3753850632942], [1026.537074916631, 825.6071775028743], [1013.6079861648798, 1015.8662786434195], [989.047415028298, 1219.4119499173771], [1162.7982695587712, 561.5599594793055], [1272.3252736180732, 652.1155103683225], [1180.6140357979666, 755.2321116419453], [1119.399774421683, 831.5287395421165], [1098.8985101982248, 1030.9364601228465], [1065.193398654125, 1233.1936984507176], [1069.3940201015746, 469.6751209551651], [1039.38305610128, 464.614438329814], [1098.4321120037148, 468.0006980676841], [1113.341164048766, 463.11828335596084]], "kpt2d_body_mask": [true, true, true, true, true, true, true, true, true, true, true, true, true, true, true, true, true, true, true], "kpt3d_body_mask": [true, true, true, true, true, true, true, true, true, true, true, true, true, true, true, true, true, true, true], "kpt_list": ["Thorax", "Nose", "Pelvis", "L_Shoulder", "L_Elbow", "L_Wrist", "L_Hip", "L_Knee", "L_Ankle", "R_Shoulder", "R_Elbow", "R_Wrist", "R_Hip", "R_Knee", "R_Ankle", "L_Eye", "L_Ear", "R_Eye", "R_Ear"]}