{"id": 2, "class": "person", "kpt3d_body": [[279.0873471115377, -264.3054777244812, 2663.815103624378], [445.6366586785823, -372.5676216187327, 2622.4058070799742], [322.04080566150054, 230.93633725505526, 2911.489758576571], [263.5037822088533, -331.46450228084717, 2782.5806432839754], [251.81645677140716, -477.6442436383539, 3020.3813956112826], [293.7962168552937, -673.8850548063505, 3155.6107796402184], [312.20382024676377, 191.40918798254674, 2996.6599987607433], [315.64044895464633, 531.5513088821065, 3175.297815178308], [296.4199277964593, 869.9460694253889, 3321.981968386517], [270.8442726344685, -201.713568134129, 2540.5151680563195], [254.66528663610467, -89.91555357015372, 2277.095846217596], [310.36059889561835, -131.4928752213791, 2016.783975904625], [331.8777772359098, 270.4624139858507, 2826.3194211158902], [344.7238273621168, 619.0048287106554, 2989.945031151983], [322.67783411620206, 948.7410741321362, 3161.705373536708], [425.89965584157767, -415.8715804862891, 2633.0364191589933], [328.6770055390951, -427.71595620830226, 2668.8750861365534], [427.77250422184926, -386.06071050289273, 2579.224840812034], [336.3961796718283, -354.7799665133303, 2538.9488832108595]], "kpt2d_body": [[1110.9329119239064, 426.0479107808391], [1199.56477486823, 368.25349914842195], [1119.1280922492022, 673.2500372728275], [1096.868975216876, 398.61076670848377], [1080.8836930077337, 345.175605095846], [1093.57589009089, 270.51649357860055], [1110.3485424343876, 651.9496254566036], [1102.828395402178, 793.9724347249718], [1087.5129265111618, 920.2965867540888], [1113.6157534966019, 453.3885016188817], [1121.032666915154, 508.6289538587195], [1178.6899566931434, 473.31540356026744], [1128.3901299069785, 695.7636604762158], [1123.9901600542237, 847.1218021734596], [1104.1878391329253, 969.781139502322], [1188.1731149048828, 346.5753807226596], [1135.511820246466, 342.7839384843533], [1193.8916083602835, 357.84980271410393], [1148.5946034454862, 370.8362208572595]], "kpt2d_body_mask": [true, true, true, true, true, true, true, true, true, true, true, true, true, true, true, true, true, true, true], "kpt3d_body_mask": [true, true, true, true, true, true, true, true, true, true, true, true, true, true, true, true, true, true, true], "kpt_list": ["Thorax", "Nose", "Pelvis", "L_Shoulder", "L_Elbow", "L_Wrist", "L_Hip", "L_Knee", "L_Ankle", "R_Shoulder", "R_Elbow", "R_Wrist", "R_Hip", "R_Knee", "R_Ankle", "L_Eye", "L_Ear", "R_Eye", "R_Ear"]}