{"id": 3, "class": "person", "kpt3d_body": [[337.63081632318017, -115.51005127208924, 2723.758431883976], [488.0079676273381, -249.72228237325425, 2659.910202503777], [360.38596284736025, 317.0248570311621, 2968.4799007062843], [344.0400870979704, -196.4826467676238, 2859.749538496525], [361.73400574757306, -21.291623855764925, 3046.1623838611786], [445.2256313700735, 177.12259109841554, 3153.4126009422653], [373.59207960034126, 269.8913911048288, 3071.8675693437845], [347.4368976914672, 564.3368901781937, 3205.749393722088], [343.2324848192649, 876.0922151475801, 3367.586825464151], [354.233072903304, -29.53839771481782, 2588.9422710999274], [373.1348139432544, 219.0566662072213, 2649.111145673275], [449.41873754981117, 415.4767101442622, 2761.24628891574], [347.18084979181583, 364.1582722767623, 2865.0922368561623], [353.2140346285372, 653.2930886559675, 3031.02281853874], [348.97451909601625, 957.8143066784639, 3198.18103434568], [469.36071668282665, -294.5539788424976, 2665.7536338838277], [386.52728534037954, -312.7132494557182, 2707.2265562065522], [470.95007605624517, -260.47380079538897, 2617.28921087889], [393.6065004220282, -231.90669826152032, 2576.8725802023027]], "kpt2d_body": [[1137.7386030442576, 504.627600985357], [1218.6553153805237, 434.2037997518214], [1133.7613278218782, 710.9882385762389], [1132.5691731628165, 468.2418054274749], [1130.640678664976, 553.6982059312369], [1161.350235281987, 641.0878718820018], [1134.2275513684754, 684.9413316167113], [1115.027108182131, 805.5450362972604], [1104.8041773243729, 917.8115737636016], [1155.5266894226281, 547.5884070553191], [1160.688211250147, 677.6583184119415], [1189.6552500385153, 770.0176022202589], [1133.2267409948888, 738.8163323267445], [1125.5260400713144, 858.4668253772999], [1113.7310299151513, 968.8716192291535], [1208.4006169218237, 411.37777585694073], [1162.9822415177446, 404.067622117656], [1213.7982906141287, 426.44093376305216], [1176.9036164931758, 439.17989413411806]], "kpt2d_body_mask": [true, true, true, true, true, true, true, true, true, true, true, true, true, true, true, true, true, true, true], "kpt3d_body_mask": [true, true, true, true, true, true, true, true, true, true, true, true, true, true, true, true, true, true, true], "kpt_list": ["Thorax", "Nose", "Pelvis", "L_Shoulder", "L_Elbow", "L_Wrist", "L_Hip", "L_Knee", "L_Ankle", "R_Shoulder", "R_Elbow", "R_Wrist", "R_Hip", "R_Knee", "R_Ankle", "L_Eye", "L_Ear", "R_Eye", "R_Ear"]}