{"id": 6, "class": "person", "kpt3d_body": [[78.90434730584951, -247.53386859866126, 2634.517412427086], [72.54261184918005, -363.38293561527007, 2463.4497705229483], [119.4365291369484, 320.4190045003087, 2682.8713538700868], [237.80949913129788, -254.9299352776798, 2650.621822754996], [301.5904446582472, -418.2818743350118, 2442.8675561930454], [231.1545963995297, -618.6649444997023, 2253.1096407757764], [215.73086315246667, 320.07657932618156, 2674.8241513346993], [222.15953868270194, 765.1521423168975, 2708.709570554058], [219.4519420096786, 1190.915283484702, 2759.7229606290657], [-72.6216944114072, -249.54520181377447, 2643.698809401124], [-136.0930061139971, -399.0210495245442, 2447.7883149591685], [-83.16904961784343, -628.5397865139656, 2262.7581351734334], [23.14202999141923, 320.76242968834663, 2690.918669118636], [35.72370736659337, 775.5041471656957, 2694.9214762839283], [57.04841244759194, 1189.0257283415076, 2798.7701735304418], [104.27156461226636, -400.9524361781548, 2478.366267255218], [156.02736754331892, -407.47713758208147, 2570.8093882351245], [41.407471663734476, -400.543918786252, 2482.7580221011094], [2.5640474733954832, -408.3110079946413, 2579.903572876183]], "kpt2d_body": [[991.0838708827426, 404.6242321604626], [990.1465266981606, 318.2495313101869], [1014.7378065492453, 751.2087487687345], [1088.2831614896838, 401.25991061830314], [1142.0812736619491, 281.0464187723437], [1107.0066922591823, 117.9071926691197], [1073.4369963843847, 751.4043333077369], [1073.9772639629002, 1009.4137463312386], [1067.821469162347, 1235.6444433604593], [897.497731680594, 403.92901067160136], [852.0703834868083, 293.54952490719023], [883.2921242229125, 112.25422189363326], [956.2767265672874, 750.9075760735958], [963.6409782986678, 1018.1385259351595], [974.6549086178626, 1226.2344278111934], [1010.5974105704491, 295.40984930846514], [1040.8127320596586, 300.7592773885978], [969.3739431629332, 296.05859214982536], [943.9007378198584, 300.9586866499904]], "kpt2d_body_mask": [true, true, true, true, true, true, true, true, true, true, true, true, true, true, true, true, true, true, true], "kpt3d_body_mask": [true, true, true, true, true, true, true, true, true, true, true, true, true, true, true, true, true, true, true], "kpt_list": ["Thorax", "Nose", "Pelvis", "L_Shoulder", "L_Elbow", "L_Wrist", "L_Hip", "L_Knee", "L_Ankle", "R_Shoulder", "R_Elbow", "R_Wrist", "R_Hip", "R_Knee", "R_Ankle", "L_Eye", "L_Ear", "R_Eye", "R_Ear"]}