{"id": 3, "class": "person", "kpt3d_body": [[-10.377831669538846, 172.70025510825917, 2694.586507187495], [130.04541379901704, 46.42540508361918, 2659.0323808890644], [14.615538312604457, 678.2452628506053, 2705.1111812809713], [32.732386963230056, 164.56040069860393, 2841.7858876118003], [200.32100583647713, 357.4367669858402, 2823.8624795979094], [141.97064497602344, 411.3315295788915, 2616.3800206259198], [31.118731530566208, 673.295439335442, 2812.3269504308555], [-10.44655044154327, 1004.4943064129927, 2814.860871664613], [-36.90475710173553, 1359.5343584480866, 2830.6131903506866], [-47.55671150471447, 180.78278574164116, 2552.196613173567], [135.53994280782723, 371.42657747356157, 2508.5956118496765], [139.5988791422996, 182.12532164651762, 2624.547822600546], [-1.8865756681235535, 683.1961141280206, 2597.894933642062], [-47.58228538681208, 1012.0264739473166, 2641.996885063918], [-53.39420465693227, 1365.4131157497454, 2673.8058718565776], [118.32227013703351, 8.535403404155772, 2686.0219098931366], [48.4957296794418, 8.751627216884117, 2749.527360861728], [106.0813091755348, 19.90955842511852, 2629.651309386861], [15.979667198551812, 25.723249913066013, 2602.0330078217767]], "kpt2d_body": [[928.9526623460958, 649.3031967660678], [1002.5824122084473, 584.4340329218596], [941.7326203700259, 903.2571399294503], [950.3970018685245, 640.714068147834], [1032.806551651031, 735.3803679897442], [1009.5134395133002, 777.3900993183207], [949.5259233465364, 888.2540500253901], [929.302623436686, 1040.3116022943634], [917.1332319997578, 1190.664861434675], [908.3398248829806, 658.6486778315967], [1009.2518025453331, 764.9054200225155], [1008.4514982897356, 656.5793540875043], [933.3226219807204, 919.4168010009295], [910.125412953554, 1073.0344195756693], [908.178420118021, 1226.0716754438904], [995.819107289202, 564.5562777957307], [958.9592184055405, 564.5663566286948], [990.6433971992341, 570.6738723601889], [942.903343560959, 573.9034661215529]], "kpt2d_body_mask": [true, true, true, true, true, true, true, true, true, true, true, true, true, true, true, true, true, true, true], "kpt3d_body_mask": [true, true, true, true, true, true, true, true, true, true, true, true, true, true, true, true, true, true, true], "kpt_list": ["Thorax", "Nose", "Pelvis", "L_Shoulder", "L_Elbow", "L_Wrist", "L_Hip", "L_Knee", "L_Ankle", "R_Shoulder", "R_Elbow", "R_Wrist", "R_Hip", "R_Knee", "R_Ankle", "L_Eye", "L_Ear", "R_Eye", "R_Ear"]}