{"id": 5, "class": "person", "kpt3d_body": [[-35.399144883113074, 23.48853757389179, 2745.1891857648125], [98.75120770996149, -135.33690514212282, 2694.0005942888997], [5.286162435350894, 541.6018374067268, 2737.504015277701], [27.991832013793196, 20.86841033954329, 2886.3562578769165], [266.7486947728599, -26.646736463347906, 3041.1153389987467], [304.8969048819044, -162.95008736884967, 2842.411157368432], [37.42884307688898, 551.9858748291163, 2832.369805426477], [0.9718524496299707, 937.8095729579061, 2847.218403238043], [-58.1976031716097, 1338.6471750732562, 2859.935415855971], [-76.52832052152499, 25.65967313301428, 2606.391380351684], [43.882790028769314, 8.642732150823917, 2342.389179355561], [212.63821606975952, -142.2367561507795, 2480.492653172738], [-26.856366002328443, 531.2187963649324, 2642.6384096816128], [-26.850398076238218, 961.7805988910787, 2636.025862043345], [-86.02738981961565, 1348.0360307685773, 2653.279088666402], [90.5539421942077, -170.62822558505928, 2724.1918549455454], [18.98384782546966, -159.4082667823909, 2798.4851607727755], [72.02673637885235, -165.11003811799753, 2672.9449249228755], [-29.20285357802959, -149.85742344271955, 2659.885103892965]], "kpt2d_body": [[916.3162061251661, 572.0510789184746], [985.4691877441934, 490.2270094134544], [936.988404718132, 832.6614599225785], [947.8709870902192, 570.2040151315163], [1056.5661555770787, 547.951138192586], [1083.520580463406, 480.6027313242174], [952.579140694432, 828.6574213305325], [934.7754385084746, 1005.4813975854397], [907.4402221613109, 1176.1896146030026], [893.3261290386807, 573.8429582479953], [960.490064331612, 565.2721175548742], [1053.6986393866384, 480.4908363370197], [920.2890043275166, 836.9278743418656], [920.5855444563371, 1050.3595543566676], [891.8736790082753, 1222.970409440595], [980.688860823999, 473.0028014553193], [943.7919788961664, 480.8542241187884], [971.9153046759244, 474.19232204765615], [919.0046334312481, 481.7205032762221]], "kpt2d_body_mask": [true, true, true, true, true, true, true, true, true, true, true, true, true, true, true, true, true, true, true], "kpt3d_body_mask": [true, true, true, true, true, true, true, true, true, true, true, true, true, true, true, true, true, true, true], "kpt_list": ["Thorax", "Nose", "Pelvis", "L_Shoulder", "L_Elbow", "L_Wrist", "L_Hip", "L_Knee", "L_Ankle", "R_Shoulder", "R_Elbow", "R_Wrist", "R_Hip", "R_Knee", "R_Ankle", "L_Eye", "L_Ear", "R_Eye", "R_Ear"]}