{"id": 5, "class": "person", "kpt3d_body": [[32.36050515709644, 54.90881458846815, 2687.610753153188], [188.42246527399874, -130.20928773119294, 2634.8659914996297], [24.40710178912788, 547.488460927995, 2682.3553295461993], [75.53117974809632, 63.75478174646844, 2853.497129683238], [89.50001786421709, 348.4832131323144, 2877.007353377564], [174.0980189053888, 588.1496322233884, 2811.243632234379], [58.446961934977196, 561.585291344935, 2772.579394105333], [13.952241386458315, 955.3297498472161, 2788.644032582231], [-68.88904002337681, 1333.8509168634957, 2813.1899008980786], [-17.4683761864034, 50.96285783323111, 2522.007436592072], [-38.68777491557368, 330.7492672548054, 2465.65618588114], [80.64354313239049, 553.7897566874615, 2488.576455073567], [-9.631507922934688, 533.3916285714888, 2592.131761385678], [-18.481794141479682, 963.3689851751365, 2629.180548138734], [-86.60333693170537, 1335.0498621594863, 2690.299128036041], [177.86109306495285, -165.56888577165267, 2669.522321956402], [105.0460724340388, -150.57963463067836, 2744.4145832270824], [156.72399653615605, -162.27238327673177, 2612.9791007925223], [54.91577216017909, -146.23012675216899, 2599.4287779696415]], "kpt2d_body": [[951.140709554646, 588.5876346306978], [1033.9941593490958, 491.4374743140504], [946.8800158350815, 841.0841954274172], [971.2839785612257, 591.2450123822417], [977.5783794842968, 728.0945366015911], [1019.6597729130663, 847.643308843611], [963.4193880625662, 838.9607294164412], [941.079716686516, 1022.272590028431], [902.0201119432231, 1183.3486739398622], [924.6528999850456, 588.2779264401563], [912.5231092971071, 746.0055689542224], [978.938844095271, 865.6986065765775], [929.193057768036, 843.3297393472585], [924.8408364372633, 1052.3136155309699], [892.0696369168427, 1209.2323296925856], [1027.1675202905703, 473.93425510007455], [987.720706372287, 483.79541132058546], [1017.924396811727, 473.8021114105368], [963.8037539711532, 481.8463408514141]], "kpt2d_body_mask": [true, true, true, true, true, true, true, true, true, true, true, true, true, true, true, true, true, true, true], "kpt3d_body_mask": [true, true, true, true, true, true, true, true, true, true, true, true, true, true, true, true, true, true, true], "kpt_list": ["Thorax", "Nose", "Pelvis", "L_Shoulder", "L_Elbow", "L_Wrist", "L_Hip", "L_Knee", "L_Ankle", "R_Shoulder", "R_Elbow", "R_Wrist", "R_Hip", "R_Knee", "R_Ankle", "L_Eye", "L_Ear", "R_Eye", "R_Ear"]}