{"id": 2, "class": "person", "kpt3d_body": [[-173.66357771906334, -102.81916978332589, 2793.7078617526513], [-331.93687515823694, -243.34008735516534, 2777.5874280339303], [-216.77525141825373, 417.175956901238, 2947.633288846783], [-195.12562143771132, -63.85533469271223, 2650.207235092596], [-383.7777255197491, 47.11084656103978, 2466.3890725767087], [-455.92426481989264, -161.9873825931117, 2527.082092518669], [-230.0240351235306, 449.04938122936244, 2855.8283954930594], [-200.79078917440168, 798.5197925102698, 2941.6301420064024], [-160.96139685230327, 1147.0226099763256, 3045.3102281032175], [-133.18955739402267, -144.17085565343854, 2929.0196693316807], [-125.883906697049, -201.02940162883698, 3219.2603370382217], [-264.8481700860917, -359.9808675688493, 3119.3811109834915], [-203.52448443365918, 385.30255909554455, 3039.4379067014893], [-189.52284036606363, 740.7737261738072, 3153.8533074190195], [-150.06314380342914, 1099.5963264194147, 3237.491165206028], [-320.1457960500045, -270.5722457099179, 2739.967220626238], [-230.88625860619658, -250.95132111503204, 2684.113626428235], [-310.1149355849209, -281.4966871175082, 2796.9050127910505], [-207.34400764965818, -284.2472275448898, 2830.8049694939023]], "kpt2d_body": [[821.0528796018364, 484.0546989622587], [715.069445635963, 390.2846621272465], [800.3679196887005, 813.9745888717487], [799.7541830503628, 507.6361069363044], [648.2651377673023, 587.639861868353], [602.9477085798085, 434.05397049859687], [787.5328881538351, 842.7487434522204], [811.2101684733567, 1050.230435783391], [840.3602481868026, 1237.7899744180163], [852.0775894027034, 461.00793313622796], [863.9356024246713, 436.4926693160441], [779.1874922873917, 338.82146558410665], [812.4606749463571, 786.8719153461828], [825.8985311202932, 984.3396829227534], [851.950742080373, 1172.2509090883914], [720.0590735173573, 369.7200858437703], [776.9980083241238, 379.22378542678223], [731.082318831471, 366.1837062550514], [800.690307250722, 366.39325320935313]], "kpt2d_body_mask": [true, true, true, true, true, true, true, true, true, true, true, true, true, true, true, true, true, true, true], "kpt3d_body_mask": [true, true, true, true, true, true, true, true, true, true, true, true, true, true, true, true, true, true, true], "kpt_list": ["Thorax", "Nose", "Pelvis", "L_Shoulder", "L_Elbow", "L_Wrist", "L_Hip", "L_Knee", "L_Ankle", "R_Shoulder", "R_Elbow", "R_Wrist", "R_Hip", "R_Knee", "R_Ankle", "L_Eye", "L_Ear", "R_Eye", "R_Ear"]}