{"id": 2, "class": "person", "kpt3d_body": [[-157.55951830805867, -102.45804409262405, 2809.7627134687864], [-309.88498970447, -245.3467484073454, 2780.144884707652], [-203.1005242672622, 413.06163830953153, 2960.713668662933], [-175.81393031133996, -63.9548782753576, 2665.3336681480214], [-322.6936733243175, 50.533540718062966, 2453.912496432466], [-413.0706288787073, -153.55870369797145, 2467.679626420657], [-204.9457594397894, 434.988221617846, 2865.213617122703], [-194.82243863518704, 797.7489807806908, 2944.6647531200842], [-159.92310431809705, 1148.5246006003313, 3047.7186597377754], [-129.4220561090472, -142.5617557071186, 2951.2708724543463], [-224.0869926196646, -184.45282569674333, 3231.677447939157], [-336.76294963677543, -362.4034587902335, 3119.624132121905], [-201.2553262253454, 391.1351059861508, 3056.2135304089206], [-184.78093906795263, 739.9119992198634, 3155.4560705760246], [-149.61510347726394, 1099.150596806541, 3237.2943125242505], [-292.13989029566403, -273.17706536948094, 2742.462133330442], [-201.27609822800878, -253.33716777078592, 2692.4544191685304], [-284.91063827914587, -285.48493977380446, 2799.94982728018], [-187.1223910091361, -286.526304193315, 2839.76604460267]], "kpt2d_body": [[832.3571378610914, 484.6740087022969], [729.9187993695392, 389.0503036098613], [809.5024453544183, 810.3038080822587], [813.9785970027681, 507.8117444069077], [692.6486977291579, 590.4407846922736], [626.7949632930568, 437.4200812211285], [804.15975837385, 832.8721290736648], [815.0560801153022, 1049.277421070673], [841.0590897658666, 1238.1381904725163], [855.0858667172606, 462.70409352714086], [807.7705008887065, 446.5034747434275], [736.6029136829113, 337.56965628372245], [814.5228997636411, 789.109546116846], [828.7194898626142, 983.6417739148062], [852.1978245585833, 1172.0439715489906], [739.1145105792364, 368.063188500674], [797.8629165159988, 378.06774396312267], [747.9413888098835, 363.6979412785745], [814.3177267011424, 365.46346464680244]], "kpt2d_body_mask": [true, true, true, true, true, true, true, true, true, true, true, true, true, true, true, true, true, true, true], "kpt3d_body_mask": [true, true, true, true, true, true, true, true, true, true, true, true, true, true, true, true, true, true, true], "kpt_list": ["Thorax", "Nose", "Pelvis", "L_Shoulder", "L_Elbow", "L_Wrist", "L_Hip", "L_Knee", "L_Ankle", "R_Shoulder", "R_Elbow", "R_Wrist", "R_Hip", "R_Knee", "R_Ankle", "L_Eye", "L_Ear", "R_Eye", "R_Ear"]}