{"id": 2, "class": "person", "kpt3d_body": [[-205.8757485410838, -91.81784870039138, 2820.707412088061], [-367.4315542646774, -257.18358369925, 2785.074111222352], [-217.0894297851404, 410.78758154029356, 2968.3582312820004], [-235.10663637052988, -47.4661531680411, 2657.0194587343576], [-225.5932663454252, 226.98407874527078, 2664.2240482872962], [-296.2149877076918, 453.7200508655954, 2748.221043855624], [-233.90126959348146, 437.4623376706393, 2873.538202703416], [-198.1436253903414, 798.6491047534989, 2947.147602165169], [-160.57071901618, 1147.6419814737026, 3046.589363368338], [-182.10640336007776, -138.4859078886754, 2984.873624236065], [-190.75583090820018, 107.23459557082293, 3129.312158206334], [-280.842633161752, 343.48992307932167, 3185.0200660568617], [-200.27660761979317, 384.11285141739654, 3063.1780746625145], [-191.0096968685966, 740.4578806209736, 3157.8877002266977], [-149.31596494058456, 1100.1842727897888, 3237.827493635534], [-350.62171719276023, -281.8215356949682, 2745.0223489741397], [-261.0993504278924, -251.74566464061684, 2695.665035825357], [-342.755781268801, -295.7411159248508, 2804.0518221696466], [-243.80967416896323, -288.0550911336647, 2845.0743633227075]], "kpt2d_body": [[800.9522376623796, 491.9555861281735], [692.1985437126416, 381.6402028023073], [801.1018322576417, 808.2078288677433], [772.1913157738595, 519.2035977520558], [779.4418179303317, 710.1123312271803], [737.3496107708049, 856.8834116844776], [785.9184857311006, 833.5737882413389], [813.0896660287372, 1049.4058693693084], [840.6348699881398, 1237.871036989694], [823.2097843451362, 466.2719623499688], [823.2847980030034, 615.8912687530457], [773.0812762971057, 751.8940631863405], [815.378260864067, 784.3569362465538], [825.1695074778913, 983.6124477952083], [852.3826212591308, 1172.5125581583193], [700.0149036378439, 362.58758054425857], [756.9409635638849, 379.4785512056231], [710.1634666146397, 357.3815776012855], [777.6397386988108, 364.9171907085862]], "kpt2d_body_mask": [true, true, true, true, true, true, true, true, true, true, true, true, true, true, true, true, true, true, true], "kpt3d_body_mask": [true, true, true, true, true, true, true, true, true, true, true, true, true, true, true, true, true, true, true], "kpt_list": ["Thorax", "Nose", "Pelvis", "L_Shoulder", "L_Elbow", "L_Wrist", "L_Hip", "L_Knee", "L_Ankle", "R_Shoulder", "R_Elbow", "R_Wrist", "R_Hip", "R_Knee", "R_Ankle", "L_Eye", "L_Ear", "R_Eye", "R_Ear"]}