{"id": 2, "class": "person", "kpt3d_body": [[-192.88976981938706, -100.99971299973333, 2812.45176617401], [-331.7368526905656, -263.5929134922165, 2763.0611920304405], [-204.02515829038987, 387.5515327921988, 2960.2991207330415], [-221.6791340708548, -50.20201043111456, 2655.3425961767534], [-398.5319673261609, 146.1653448712164, 2748.5584389709584], [-417.0677880968091, -73.01854662179352, 2773.6439744205136], [-209.93968953227602, 413.9707228897363, 2868.278261706103], [-191.1414929399189, 788.2187836519852, 2949.7735897267557], [-159.61377359632925, 1147.7808412133907, 3045.626466859834], [-180.52134329668252, -156.98912416355626, 2967.3997564037654], [-307.0302382340938, 61.659106622793445, 3086.7022061533025], [-357.69827662219336, 160.44069695986906, 2869.0701034378517], [-198.10974148395462, 361.13150406087345, 3052.3191597180303], [-184.6991521629829, 737.0259378755495, 3161.3593980121113], [-150.2934593312642, 1099.499676807588, 3237.9675973734547], [-311.7046615781725, -284.7592537000463, 2725.2491390551577], [-223.92166097369991, -243.65640513372483, 2681.848178593209], [-305.4594628970684, -302.8154831298639, 2781.477685226598], [-210.0545145349514, -287.66403662661844, 2828.6259623522897]], "kpt2d_body": [[809.1291541176761, 485.7190612096764], [714.0973587576219, 375.9209617913551], [808.8559893725018, 794.4946281234892], [781.4630429567699, 517.2673124491712], [667.8865762373828, 650.6553015850968], [657.9095173230892, 503.6452511332045], [801.0309417207343, 819.1155656638045], [817.523693152175, 1042.637019871749], [841.1786623983692, 1238.1646513698192], [823.5477666511683, 454.2108314523174], [751.846631175892, 589.3440838249991], [705.352623333262, 655.8144618458626], [816.2264842783869, 771.3147374815914], [828.9579393635756, 981.1978641111009], [851.8325520379138, 1172.1086193300278], [724.6522146873874, 359.12609908747123], [781.6584414207113, 384.0874043257936], [733.0964795389752, 351.02507444899453], [798.8166789592362, 364.0264457583502]], "kpt2d_body_mask": [true, true, true, true, true, true, true, true, true, true, true, true, true, true, true, true, true, true, true], "kpt3d_body_mask": [true, true, true, true, true, true, true, true, true, true, true, true, true, true, true, true, true, true, true], "kpt_list": ["Thorax", "Nose", "Pelvis", "L_Shoulder", "L_Elbow", "L_Wrist", "L_Hip", "L_Knee", "L_Ankle", "R_Shoulder", "R_Elbow", "R_Wrist", "R_Hip", "R_Knee", "R_Ankle", "L_Eye", "L_Ear", "R_Eye", "R_Ear"]}