{"id": 2, "class": "person", "kpt3d_body": [[-162.63732629735443, -112.35632490996409, 2815.2560251148807], [-320.9577190516532, -250.0911479432807, 2785.7293760668563], [-203.12008845520953, 410.24204045098514, 2965.0735976666924], [-170.2029791918272, -81.37032684519994, 2674.8047482577567], [-316.2007673493763, 76.90439468119251, 2492.0834683101575], [-428.8584394941131, -115.6326913430459, 2420.417214053452], [-204.35110220947794, 435.0383949816056, 2870.075819946615], [-194.67596362404478, 792.717825745046, 2949.2870650434706], [-159.45598323940115, 1147.8851802509776, 3047.0234579580138], [-127.07913345887599, -152.23421690656266, 2954.235430565823], [-237.21293258406592, -124.60650831575379, 3223.0493394099135], [-349.03293393640354, -341.3127197864583, 3203.5397544457237], [-201.88819976983538, 385.44685698618525, 3060.070781164249], [-187.72644963519815, 740.0197791614033, 3160.7221089333334], [-150.17940480556024, 1100.327853043399, 3238.143522606304], [-305.0393702924898, -275.7071395715104, 2748.1279843595353], [-212.24717476272718, -257.0093713028646, 2700.1595829292587], [-297.61053165002477, -288.011894009322, 2806.2914221919214], [-201.1829314633499, -291.1914767694549, 2846.646247722956]], "kpt2d_body": [[829.21511113892, 478.2893687806056], [723.0020103999723, 386.2581074487382], [809.6699756577439, 808.1799100763963], [818.3149643742261, 495.89191943543403], [701.1926678900525, 609.4495718551512], [608.7661716635619, 464.1363513647592], [804.7653994455374, 832.4346201742878], [815.3174011171418, 1045.4485120366476], [841.3157895217633, 1237.9202353970477], [856.6464471610177, 456.72381206717], [799.8280326815546, 480.6315618246392], [734.6796932252672, 355.3037140052518], [814.282822628643, 785.3907008636278], [827.1798417440962, 982.9898149164916], [851.9033178514421, 1172.5305050536306], [730.8565400478972, 366.77504408048355], [790.7358296299027, 376.0706201445454], [740.0095779498004, 362.49147055097217], [805.4647418416552, 362.91074523512214]], "kpt2d_body_mask": [true, true, true, true, true, true, true, true, true, true, true, true, true, true, true, true, true, true, true], "kpt3d_body_mask": [true, true, true, true, true, true, true, true, true, true, true, true, true, true, true, true, true, true, true], "kpt_list": ["Thorax", "Nose", "Pelvis", "L_Shoulder", "L_Elbow", "L_Wrist", "L_Hip", "L_Knee", "L_Ankle", "R_Shoulder", "R_Elbow", "R_Wrist", "R_Hip", "R_Knee", "R_Ankle", "L_Eye", "L_Ear", "R_Eye", "R_Ear"]}