{"id": 1, "class": "person", "kpt3d_body": [[83.39788656662452, -208.38211314844997, 2448.681778485583], [74.17457023903268, -366.59374061841515, 2303.234896707076], [116.8608642797581, 388.65817331615983, 2500.5010139084193], [238.25219578719805, -217.75353872452072, 2456.071063717545], [509.65515833719707, -237.23014223336904, 2322.1370036977833], [456.0636156827007, -445.2892733744342, 2235.9257186937357], [218.6339717854344, 388.03694378528604, 2486.0586235681003], [225.6030529542775, 817.9825334005263, 2544.071846429391], [236.94609987829725, 1205.2081270104939, 2585.943061872352], [-72.64049531489331, -201.48961373076006, 2457.0253028089137], [-347.10093024787005, -170.07684032247212, 2319.4578287091604], [-288.13106673802383, -386.8061487390945, 2250.1688274390526], [15.087723464666034, 389.27840729961815, 2514.9433160680933], [60.098230982391634, 824.483926485617, 2552.0375836282296], [84.62226807664756, 1221.5876759524617, 2596.3002125607777], [100.93928779597148, -403.9432950108427, 2321.512549756749], [150.24446913093308, -400.3414687039923, 2412.4835822025643], [42.48215502219786, -398.34977896219254, 2322.403476502161], [-1.563481569613785, -389.06007670294105, 2415.947760745944]], "kpt2d_body": [[997.7944727820341, 418.98150303876446], [994.5905671346817, 299.56337387507534], [1018.1949865074888, 809.1052599823644], [1100.1448079397753, 413.45842621362374], [1296.513246926349, 392.942462940885], [1270.0419323102726, 238.2911264829629], [1084.969290914916, 809.8724449150926], [1084.0465779461958, 1069.5529737938655], [1086.2759768977905, 1286.514561802092], [894.0597025383319, 424.0013811196628], [699.3847104741799, 438.6537317047321], [735.2478780801043, 280.13926587372634], [952.0332343233721, 808.1686400726206], [980.040317861065, 1072.5553398648663], [993.674749805432, 1293.726604974911], [1012.8245055405447, 275.8771725136072], [1043.3349878887389, 288.8559328031137], [971.9782150636664, 279.75036695123543], [941.2362606377005, 296.5174795317177]], "kpt2d_body_mask": [true, true, true, true, true, true, true, true, true, true, true, true, true, true, true, true, true, true, true], "kpt3d_body_mask": [true, true, true, true, true, true, true, true, true, true, true, true, true, true, true, true, true, true, true], "kpt_list": ["Thorax", "Nose", "Pelvis", "L_Shoulder", "L_Elbow", "L_Wrist", "L_Hip", "L_Knee", "L_Ankle", "R_Shoulder", "R_Elbow", "R_Wrist", "R_Hip", "R_Knee", "R_Ankle", "L_Eye", "L_Ear", "R_Eye", "R_Ear"]}