{"id": 1, "class": "person", "kpt3d_body": [[87.09831577848058, -207.06816356889632, 2451.9550790587614], [77.16525738749408, -367.63362118072325, 2309.195755383143], [117.95034037130846, 387.7970029087244, 2501.0798956023095], [247.37630378966114, -218.25329613236292, 2455.545024117705], [513.5784285993525, -248.57237402000877, 2310.1281065566177], [480.3468810482388, -447.17260387871715, 2173.5093398097533], [220.34152451371318, 387.648790485335, 2486.019470200573], [225.38422445446056, 816.7669193370889, 2542.3763551918987], [237.380200306064, 1204.7964829341834, 2587.0640739075366], [-70.93770279136791, -199.93921551715673, 2456.796069300172], [-359.1853094080835, -179.55993663425048, 2341.04301475443], [-307.4552060115981, -375.50536664509946, 2208.699538966901], [15.5595407257535, 387.94412150655234, 2516.141184547799], [60.18167167299339, 824.4810027516282, 2551.1885464659886], [83.85272331684774, 1222.2459666889658, 2593.9014259073424], [103.69335110685617, -404.6753638150493, 2325.7886918154336], [153.90661652755708, -398.6730907776313, 2416.5328458006124], [45.36689701642317, -398.6128365902438, 2329.500240981127], [2.7857917773186713, -388.49118782448943, 2421.8308248964872]], "kpt2d_body": [[1000.1811156134938, 420.03693915073165], [996.5580837710571, 299.5040486381427], [1018.8861439304796, 808.4935823533821], [1106.2000496370058, 413.12074304369844], [1300.9271552310738, 384.269168204063], [1296.7520777535074, 228.35555146379528], [1086.08386846572, 809.6201795660282], [1084.0078042709408, 1069.1489697210977], [1086.4826289365549, 1285.9803999166393], [895.1836257652983, 425.01079586187404], [693.3360525762813, 433.23536038993507], [717.3264018915734, 283.32126865124656], [952.3334649869147, 807.1997525140656], [980.1047506047975, 1072.7183332137413], [993.2528723513632, 1294.7414507800772], [1014.6144338571368, 275.8906990128904], [1045.6275474984832, 290.41423812205386], [973.8980551119945, 280.40719990222584], [944.1554061237998, 297.51975637498185]], "kpt2d_body_mask": [true, true, true, true, true, true, true, true, true, true, true, true, true, true, true, true, true, true, true], "kpt3d_body_mask": [true, true, true, true, true, true, true, true, true, true, true, true, true, true, true, true, true, true, true], "kpt_list": ["Thorax", "Nose", "Pelvis", "L_Shoulder", "L_Elbow", "L_Wrist", "L_Hip", "L_Knee", "L_Ankle", "R_Shoulder", "R_Elbow", "R_Wrist", "R_Hip", "R_Knee", "R_Ankle", "L_Eye", "L_Ear", "R_Eye", "R_Ear"]}