{"id": 4, "class": "person", "kpt3d_body": [[91.70757046944316, -0.9511900589609468, 2731.17165392219], [240.71314009683766, -140.63736408832824, 2658.802193606182], [80.64318835838472, 535.3057690282569, 2732.4547809365727], [119.8238536773883, -22.501660468344085, 2881.1022510373828], [206.5468180152717, 109.31259443825951, 3108.0963134462118], [293.20151805126443, -72.67644220693398, 2998.8888277175074], [114.595621268019, 533.8552509097575, 2822.130509680601], [72.47989589309529, 961.915082382508, 2860.779018643143], [28.551939706995118, 1353.2575955436023, 2905.9469232881224], [37.243133200565794, 8.473812632995816, 2581.4509343313057], [-72.4987027738738, 171.0262445684826, 2341.423230421121], [47.99614383525064, -47.000515123309015, 2387.8812477892193], [46.69068592258142, 536.756292342908, 2642.7788647382513], [7.807632790133656, 940.804431364717, 2645.2119122088316], [-20.2780380207896, 1361.0492235452318, 2662.634531806524], [237.58041319086274, -174.41005769475282, 2691.4561188489397], [165.63781344720255, -181.18311845487057, 2775.138062226156], [217.34470381942558, -175.99822181718736, 2637.1723740028547], [114.85249455093233, -181.27800259225097, 2630.925923967013]], "kpt2d_body": [[981.2106209567801, 559.6475383772689], [1060.3837622457793, 486.6746655434699], [975.0849551194497, 829.9821350601906], [992.3860142991459, 549.2582651093948], [1026.9922080679316, 609.0425895587545], [1070.4889834094085, 526.467585298737], [990.4352270131128, 820.8312182730988], [968.6173226973006, 1014.1518743871412], [947.2750575694522, 1173.4041375509037], [954.47581881445, 564.7052960403951], [891.1565272459047, 661.6944454954847], [962.3942688064975, 532.7199519985604], [958.7074724710478, 839.715279334381], [938.2940047013676, 1038.8120353056975], [924.3344966814968, 1226.701852553709], [1057.1996799602439, 470.1650345718902], [1017.5077280735313, 469.38322303503656], [1049.07236556259, 467.457668317099], [995.1859278284924, 464.32687921249476]], "kpt2d_body_mask": [true, true, true, true, true, true, true, true, true, true, true, true, true, true, true, true, true, true, true], "kpt3d_body_mask": [true, true, true, true, true, true, true, true, true, true, true, true, true, true, true, true, true, true, true], "kpt_list": ["Thorax", "Nose", "Pelvis", "L_Shoulder", "L_Elbow", "L_Wrist", "L_Hip", "L_Knee", "L_Ankle", "R_Shoulder", "R_Elbow", "R_Wrist", "R_Hip", "R_Knee", "R_Ankle", "L_Eye", "L_Ear", "R_Eye", "R_Ear"]}