{"id": 6, "class": "person", "kpt3d_body": [[130.20312680886613, -47.97704600343593, 2624.789075184053], [268.15667896710585, -224.3791797389551, 2571.9926621613477], [114.83882967219658, 507.84878783437733, 2653.3753297572766], [156.1793223729628, -54.204722838078965, 2790.819813910432], [286.13329534493073, -4.161365427580108, 3020.436700162738], [344.5532670825639, -226.87638327014923, 2945.493749125186], [129.8774855947916, 504.99100163436196, 2747.7952020760413], [117.83530763985779, 932.8396328332703, 2767.3088279646095], [92.5375400759851, 1360.0063884681003, 2787.3420857800584], [80.38621067838876, -39.86644150349804, 2470.200581480428], [126.08172979718424, 34.81471477555459, 2205.7639603192856], [221.20904204145, -182.87892332681906, 2238.580457235327], [99.80111131562752, 510.7065954775098, 2558.955110292808], [73.40649162478726, 938.7242487593751, 2581.4883979193173], [59.66544445484773, 1361.5497117853001, 2620.940296074895], [256.23685903808763, -260.42686252660303, 2606.1034317481885], [176.82489634785333, -252.45100449212657, 2679.937181402324], [239.11814124235713, -260.14741798549977, 2547.669938746081], [133.7031320156127, -248.3014199716584, 2530.7850512452014]], "kpt2d_body": [[1003.5562777456828, 534.6899620647181], [1079.1896876605406, 439.2328618484365], [994.1127491848923, 823.8251549828994], [1012.41169715351, 533.102768644231], [1066.300847997296, 558.2149829160307], [1096.8047433437616, 453.4222766570522], [999.6648208563232, 813.5077939303392], [991.9421398905781, 1015.0953967120689], [977.9225446774087, 1199.4837653940897], [979.762363596004, 537.6589998586281], [1014.0818793992878, 582.0956794333165], [1071.7051229154447, 446.85306121563855], [988.1576705383675, 834.8758342646157], [972.6241047134785, 1048.7356795272954], [964.0050670060281, 1236.2376232704664], [1070.8943124629702, 421.6914877800726], [1026.139995474517, 429.3933362612588], [1064.709048590899, 418.65156995569356], [1007.8580983228467, 423.93244715850597]], "kpt2d_body_mask": [true, true, true, true, true, true, true, true, true, true, true, true, true, true, true, true, true, true, true], "kpt3d_body_mask": [true, true, true, true, true, true, true, true, true, true, true, true, true, true, true, true, true, true, true], "kpt_list": ["Thorax", "Nose", "Pelvis", "L_Shoulder", "L_Elbow", "L_Wrist", "L_Hip", "L_Knee", "L_Ankle", "R_Shoulder", "R_Elbow", "R_Wrist", "R_Hip", "R_Knee", "R_Ankle", "L_Eye", "L_Ear", "R_Eye", "R_Ear"]}