{"id": 6, "class": "person", "kpt3d_body": [[131.39500469336537, -46.48832982083775, 2620.2416674074357], [276.53454276570955, -221.65855364852007, 2562.679970708433], [111.04968966723823, 513.5692959993627, 2649.532841156422], [156.02391379936836, -54.714642042305854, 2786.0389969854077], [283.46965676597233, 11.48470268283262, 3010.4816970380107], [368.5629013367816, -200.26511779298488, 2916.8839923665814], [125.80328410156673, 504.4202384543031, 2744.00119906679], [105.13445847498511, 931.1247201157616, 2770.5850956398863], [92.66707932682694, 1360.938554746076, 2787.426892104898], [79.08716037386979, -40.00419487003086, 2468.417758629939], [125.01332551429046, 41.769701879047716, 2200.0154721980334], [243.89164463829383, -175.06334035911578, 2229.155100884405], [96.29611891708132, 522.7193503787819, 2555.064608786167], [71.06647423977556, 940.4734290623003, 2580.4789862561347], [46.99292217202982, 1362.3353589349972, 2622.4742927871625], [265.2065095150835, -257.41068664539597, 2597.770664832383], [186.63661919562713, -252.15561685032839, 2673.445590276297], [248.26627695790293, -257.98533100186404, 2539.8269585845756], [143.31908293493603, -249.20472349758768, 2524.477092568666]], "kpt2d_body": [[1004.3105346087311, 535.4368740814429], [1084.2310293256824, 440.2863609364547], [992.2104327451922, 827.1210047875775], [1012.4675760878408, 532.8017766369595], [1065.507802489985, 565.4299323906918], [1109.7778348922839, 465.04271020983913], [997.7045968911003, 813.5795572771348], [985.6837294389601, 1013.8453722546944], [977.9791986917057, 1199.8578071104416], [979.0607890143478, 537.5648716734636], [1013.6108484731097, 586.5517137471255], [1086.3587214662887, 451.2874332221476], [986.3181078650214, 841.6162071943991], [971.4120921264532, 1049.770399886368], [957.6817296940542, 1236.261689160915], [1076.1046927586708, 422.8785228939139], [1031.4549402232442, 429.24921802736594], [1070.0907649672522, 419.4192402463249], [1013.3311603042422, 423.1166552796427]], "kpt2d_body_mask": [true, true, true, true, true, true, true, true, true, true, true, true, true, true, true, true, true, true, true], "kpt3d_body_mask": [true, true, true, true, true, true, true, true, true, true, true, true, true, true, true, true, true, true, true], "kpt_list": ["Thorax", "Nose", "Pelvis", "L_Shoulder", "L_Elbow", "L_Wrist", "L_Hip", "L_Knee", "L_Ankle", "R_Shoulder", "R_Elbow", "R_Wrist", "R_Hip", "R_Knee", "R_Ankle", "L_Eye", "L_Ear", "R_Eye", "R_Ear"]}