{"id": 2, "class": "person", "kpt3d_body": [[114.7645979416007, -114.55530965824707, 2598.5577677761503], [113.3408996196629, -219.72997473357609, 2441.7635936954716], [121.52663904215238, 425.3172520643946, 2595.586898552356], [252.46920545702494, -119.39823053449786, 2591.1241335221494], [441.0588328206577, -270.7320086264191, 2449.348592969805], [261.3730764277262, -244.55308529786564, 2300.4822306609076], [216.81991040449503, 424.88648510632527, 2596.7627317995016], [246.04770485563333, 805.7067629944544, 2630.7247855787687], [255.16226238178263, 1170.6148533591947, 2690.693649900049], [-27.785931406976943, -122.54916273401065, 2621.6527974765577], [-224.61338354883912, -292.7514299287053, 2483.080831945834], [-67.12746821448161, -265.31395339165454, 2346.6441722998347], [26.233830468960555, 425.7470123088093, 2594.410915793274], [29.339270661149968, 816.2406602568922, 2623.6987215921836], [57.23379091188981, 1181.8450582537728, 2689.3178411137324], [144.63636962299375, -256.93482226958065, 2455.2218302781803], [184.87285372401968, -259.83704360560967, 2544.799822657251], [91.44949153848566, -251.28687179576488, 2454.868253134275], [38.577265463507686, -256.95770035974033, 2552.4715498016453]], "kpt2d_body": [[1014.3391028035641, 485.5957640024498], [1017.9181372103641, 411.0898973824354], [1018.2938224938688, 822.6080718893872], [1101.0339306372068, 482.4694278474138], [1233.7136569326099, 378.9726285559242], [1126.916338987762, 385.0735243920801], [1077.7079836351088, 821.9726698257186], [1092.022898125857, 1046.0259800655626], [1091.839355042989, 1240.6268527198604], [924.9567718573762, 481.2444731880304], [795.2641920455696, 366.2570205389981], [895.6910728786371, 373.74522517174535], [958.7088105467515, 823.0947742645224], [960.281139194304, 1054.199400367026], [976.0247325448846, 1247.936075947296], [1038.1970996804962, 387.41468259190765], [1060.537582950675, 391.58701252596495], [1002.9605457393988, 391.03912167441797], [966.8984780313536, 393.74064706341915]], "kpt2d_body_mask": [true, true, true, true, true, true, true, true, true, true, true, true, true, true, true, true, true, true, true], "kpt3d_body_mask": [true, true, true, true, true, true, true, true, true, true, true, true, true, true, true, true, true, true, true], "kpt_list": ["Thorax", "Nose", "Pelvis", "L_Shoulder", "L_Elbow", "L_Wrist", "L_Hip", "L_Knee", "L_Ankle", "R_Shoulder", "R_Elbow", "R_Wrist", "R_Hip", "R_Knee", "R_Ankle", "L_Eye", "L_Ear", "R_Eye", "R_Ear"]}