{"id": 2, "class": "person", "kpt3d_body": [[119.7283431611204, -90.71869157830477, 2599.39896169634], [114.58398447997075, -224.6274440839018, 2437.8427392371173], [127.3817753304084, 449.13461731415066, 2591.999403964738], [269.827419009368, -95.34772698494535, 2591.1058913907304], [514.0825370973446, -41.02914251821332, 2462.5887816696145], [443.6102516912773, -235.1227214519777, 2356.633008276468], [225.06526841773155, 442.8161591650944, 2594.7499462513288], [252.90356939798716, 809.97472529037, 2629.5757389205346], [253.60932981902496, 1172.3253387790883, 2691.5992674209674], [-28.96138811895824, -90.00370258992987, 2623.1112245835225], [-303.49083324356167, -41.63925777847382, 2510.3349734107323], [-240.59335936968063, -242.9499666642728, 2390.7994208049904], [29.697930347117243, 455.4521759606895, 2589.247809506846], [33.28213350280613, 815.680951788924, 2628.301566804059], [56.7097749565967, 1181.7893368241155, 2690.0541477080383], [141.11790478519677, -263.4066185116735, 2453.069181375905], [189.14585458775525, -265.30473148155534, 2547.646381224161], [82.59140301702372, -257.7035771142131, 2458.079753215155], [38.609165471885696, -253.9755667096692, 2555.0807616142342]], "kpt2d_body": [[1017.4410744620855, 500.536365826566], [1018.8639820323153, 407.6041273450756], [1022.013354108915, 837.6513745922277], [1111.9319881224076, 497.55829614402086], [1280.2068066063503, 530.456173892582], [1246.8887052086675, 396.36229019016275], [1082.8855248536258, 833.187960328705], [1096.2175005103056, 1048.6882814350547], [1090.8740115598582, 1241.3634237183219], [924.2296612344693, 501.4729424993846], [745.4858183914046, 530.420717986138], [778.6693407335218, 392.5877199587005], [960.9031822630067, 841.9620665029825], [962.6533682705659, 1053.0304928784078], [975.7090827457703, 1247.7278129015979], [1035.9375807913846, 382.9977214319289], [1063.1198322689522, 388.3116406395212], [997.0072566618943, 387.0256708835582], [966.8947312039897, 395.7955066619775]], "kpt2d_body_mask": [true, true, true, true, true, true, true, true, true, true, true, true, true, true, true, true, true, true, true], "kpt3d_body_mask": [true, true, true, true, true, true, true, true, true, true, true, true, true, true, true, true, true, true, true], "kpt_list": ["Thorax", "Nose", "Pelvis", "L_Shoulder", "L_Elbow", "L_Wrist", "L_Hip", "L_Knee", "L_Ankle", "R_Shoulder", "R_Elbow", "R_Wrist", "R_Hip", "R_Knee", "R_Ankle", "L_Eye", "L_Ear", "R_Eye", "R_Ear"]}