{"id": 2, "class": "person", "kpt3d_body": [[116.74106060350942, -86.99870720783949, 2565.446883219728], [110.38496671049296, -221.72580719708222, 2379.3395353000105], [124.90933605326282, 449.5871531899047, 2579.500454676776], [281.8563694501756, -92.8853792702931, 2544.813859826244], [485.1360415412074, 95.47187126859995, 2574.4155814622563], [361.86349310109733, 303.65161544104967, 2601.874331519258], [222.3905745674349, 445.0044087663947, 2577.179041202639], [248.37942562358992, 809.9618450439101, 2633.9816885578175], [253.80887071181468, 1173.0880061107819, 2693.323930673066], [-45.70228268298415, -91.57765195181028, 2573.152082772288], [-252.8705728445633, 100.17607380252642, 2617.614545173478], [-98.03213625555031, 314.4714288542116, 2617.3904059553306], [27.427733969653296, 454.1709020938215, 2581.8220053965915], [31.22862848695121, 819.3154656541604, 2624.945616846956], [56.96268485015551, 1181.2046547328055, 2690.2089942058387], [139.20785654503274, -259.1811712162614, 2392.1373235321953], [191.01915146621096, -251.77176851854355, 2485.8969496027107], [79.2084030968332, -255.63671593395512, 2396.331820463736], [36.236445749676776, -245.0286873850176, 2494.092223107527]], "kpt2d_body": [[1016.5371646394834, 502.1434108204355], [1017.869235897989, 405.9088267284967], [1020.8404390996309, 839.2764399661085], [1122.6680986694387, 498.06039578176274], [1247.7552442483525, 617.2945985829542], [1167.901510160332, 746.1395371841967], [1082.1447121725996, 836.405294289483], [1093.2304009725965, 1047.9183378088746], [1090.8955419588021, 1241.3695088595077], [913.2588709760839, 499.39638507837907], [784.8771816242058, 619.5252644312264], [881.3131084396986, 752.3637126551914], [959.530055390736, 841.9782517357887], [961.4237969362113, 1055.7739689266493], [975.8560967216756, 1247.3679824178969], [1037.0178871315527, 381.4355823706492], [1067.3536956970925, 392.94170170576604], [996.1141227598102, 384.0516188265332], [965.9474552472444, 397.666763234763]], "kpt2d_body_mask": [true, true, true, true, true, true, true, true, true, true, true, true, true, true, true, true, true, true, true], "kpt3d_body_mask": [true, true, true, true, true, true, true, true, true, true, true, true, true, true, true, true, true, true, true], "kpt_list": ["Thorax", "Nose", "Pelvis", "L_Shoulder", "L_Elbow", "L_Wrist", "L_Hip", "L_Knee", "L_Ankle", "R_Shoulder", "R_Elbow", "R_Wrist", "R_Hip", "R_Knee", "R_Ankle", "L_Eye", "L_Ear", "R_Eye", "R_Ear"]}