{"id": 3, "class": "person", "kpt3d_body": [[101.57394537731841, 16.80365510503364, 2615.401544003709], [90.2912036648068, -81.47563206233613, 2451.1649580702724], [124.29163347976589, 525.6575288588754, 2646.430214586653], [270.9164147504897, 8.585913276405677, 2595.787862589669], [474.9295866511705, 47.139372008934544, 2575.1783993391564], [414.01370422256883, -126.49699418966392, 2434.8109536654], [228.04058184685266, 521.4543017175846, 2650.6000078298302], [226.2568434075746, 844.2106673723619, 2715.990203150673], [233.5182962772766, 1191.235241858036, 2798.900766758299], [-54.47676704380342, 21.258047158209195, 2640.842496040388], [-261.45844863767417, 107.59716994948263, 2617.365103090524], [-302.8150206575804, -72.96006813002279, 2493.0844858424625], [20.54273009556436, 529.8598475646572, 2642.259320107141], [53.183303924276046, 851.7137329623231, 2709.8927305510347], [88.30937807760606, 1196.8270895044336, 2780.1321896529553], [113.79219371941203, -121.17019268545235, 2460.1806892024115], [162.51632444926292, -139.98282745977278, 2542.465158492239], [57.003026002280635, -110.56877506504335, 2463.553312365604], [11.029276927662366, -121.45686845586837, 2546.4623445484]], "kpt2d_body": [[1005.6736704017397, 567.8063414440359], [1002.3950678066165, 503.2291050782765], [1018.34466878913, 878.0465166392121], [1112.3568192682894, 562.720968001726], [1241.3931580446354, 586.953402520866], [1218.2075254937888, 473.2783511189567], [1081.4820653706688, 874.7098616399302], [1075.6408670803035, 1053.2055293504932], [1074.0708431705928, 1226.7769468989172], [908.5677803864602, 570.453967896567], [779.548991178692, 624.1251195941077], [744.5974912740437, 509.84890511491693], [954.8948694430117, 881.1945646414325], [973.7924336442635, 1059.0975376666217], [992.5888470071473, 1234.5889380110514], [1017.7380655051569, 477.195752134548], [1046.5147954852873, 467.7967931956793], [980.0319737979754, 484.27809997332974], [949.3295340734209, 479.69398875332615]], "kpt2d_body_mask": [true, true, true, true, true, true, true, true, true, true, true, true, true, true, true, true, true, true, true], "kpt3d_body_mask": [true, true, true, true, true, true, true, true, true, true, true, true, true, true, true, true, true, true, true], "kpt_list": ["Thorax", "Nose", "Pelvis", "L_Shoulder", "L_Elbow", "L_Wrist", "L_Hip", "L_Knee", "L_Ankle", "R_Shoulder", "R_Elbow", "R_Wrist", "R_Hip", "R_Knee", "R_Ankle", "L_Eye", "L_Ear", "R_Eye", "R_Ear"]}