{"id": 2, "class": "person", "kpt3d_body": [[110.27807510399302, -86.31822304988262, 2533.442400101172], [109.59162199990821, -218.25478805825682, 2364.3800361980457], [121.3035261298883, 453.90561877275684, 2551.4542794658078], [262.9065643569048, -94.12071970895099, 2544.7123286784663], [485.031528908614, 1.1508054744565754, 2381.6813889389464], [413.9130684333594, -177.85818042753917, 2261.483217017161], [219.51639951967636, 449.14204820543915, 2559.1878011414906], [249.5676894157468, 811.9570802905832, 2606.8563294948026], [251.910317850428, 1170.8614195379905, 2686.858931425948], [-40.2875249669167, -86.30219129929102, 2551.6923437539626], [-299.7034205992552, -5.579925034986815, 2427.4944362803576], [-225.61072776529295, -181.78780376714755, 2271.511385768436], [23.089759762680373, 458.66920943930495, 2543.72086818645], [31.68668750056291, 817.9198554920108, 2610.9531859216568], [57.840176274476676, 1179.9818800274804, 2687.159588883567], [137.87922103665926, -256.249981173179, 2380.526129308976], [182.62900541366733, -259.046597256695, 2477.526720674452], [77.9448149396999, -253.7010235833715, 2382.8936773241385], [30.88326834427388, -250.51968676275393, 2478.3842574373575]], "kpt2d_body": [[1013.3135994755206, 501.8814212432185], [1017.8033211954943, 407.3308833566439], [1019.3937131976057, 845.0416507584648], [1110.599442626703, 497.24972473718617], [1272.0996364341918, 558.1295889357048], [1238.7964700629989, 430.2976735727112], [1081.2828816421868, 840.9270827184754], [1095.4562653903918, 1053.9966898849514], [1090.1377218555856, 1241.7033969507029], [916.4782753572762, 502.27279136877956], [741.3260989549142, 553.6149537112576], [780.6499703786195, 427.4734918208677], [957.0183419070925, 849.0083657737019], [961.8050882787813, 1057.525001810925], [976.4083632385947, 1247.430859490648], [1036.5748266090018, 382.56981437964635], [1062.2582437664498, 387.62819169551426], [995.5546530929046, 384.39147276711265], [962.5754997964934, 393.07257154261254]], "kpt2d_body_mask": [true, true, true, true, true, true, true, true, true, true, true, true, true, true, true, true, true, true, true], "kpt3d_body_mask": [true, true, true, true, true, true, true, true, true, true, true, true, true, true, true, true, true, true, true], "kpt_list": ["Thorax", "Nose", "Pelvis", "L_Shoulder", "L_Elbow", "L_Wrist", "L_Hip", "L_Knee", "L_Ankle", "R_Shoulder", "R_Elbow", "R_Wrist", "R_Hip", "R_Knee", "R_Ankle", "L_Eye", "L_Ear", "R_Eye", "R_Ear"]}