{"id": 2, "class": "person", "kpt3d_body": [[113.90424430818814, -107.79694770724021, 2595.160061901883], [112.17129217082699, -224.60407628378974, 2432.820113463969], [122.15272828459204, 429.8116174490261, 2591.2525175931246], [256.09732689064214, -112.91948011189234, 2583.1773347433436], [454.2239132412699, -226.73167852626122, 2407.8095904111437], [276.07568868969065, -289.37432383610985, 2267.3903063641405], [218.16664409500132, 428.98849761919803, 2594.1475675844413], [246.05003666515347, 805.478778110118, 2630.7802636391434], [253.68967033556655, 1172.460812889499, 2691.910594285866], [-28.227878383011635, -107.1434498046817, 2626.9555858968038], [-256.2194643824581, -233.95422320032807, 2460.1435183995272], [-76.30395832529103, -277.1783966261511, 2286.055812355278], [26.13855979792806, 430.6338355430887, 2588.3564031642472], [30.094453981655143, 815.2660118660566, 2626.6829815785604], [57.24879636793659, 1182.9685210161254, 2689.1368459259343], [138.41513244005122, -262.70434160474235, 2447.7491682334185], [181.57405744158956, -262.0575730434207, 2540.496421622671], [77.86108911484189, -258.8140511502768, 2455.846763762628], [33.995446068153896, -254.35385385779526, 2544.5374399319867]], "kpt2d_body": [[1013.8959312048446, 489.73666729846957], [1017.4066455714539, 407.30915852613225], [1018.802884442626, 825.8205734094249], [1103.8072109887278, 486.3161809059958], [1247.6053231275791, 405.3776689261531], [1139.8696426421977, 350.82540507172814], [1078.6681086430342, 824.7593689021394], [1092.0226693129082, 1045.8825474170433], [1090.9037823406798, 1241.363018229447], [924.7144159862077, 490.937627659891], [772.9339319904561, 403.1423608381356], [887.9490652935727, 360.5472848579851], [958.6857561191058, 826.731228403303], [960.7222078993739, 1053.0835234699734], [976.0343056773911, 1248.5988720595865], [1034.3455198251525, 383.08023267746], [1058.6227972023971, 389.8892458671514], [993.9191453539723, 386.1363827628529], [964.0414804335823, 394.88713423866875]], "kpt2d_body_mask": [true, true, true, true, true, true, true, true, true, true, true, true, true, true, true, true, true, true, true], "kpt3d_body_mask": [true, true, true, true, true, true, true, true, true, true, true, true, true, true, true, true, true, true, true], "kpt_list": ["Thorax", "Nose", "Pelvis", "L_Shoulder", "L_Elbow", "L_Wrist", "L_Hip", "L_Knee", "L_Ankle", "R_Shoulder", "R_Elbow", "R_Wrist", "R_Hip", "R_Knee", "R_Ankle", "L_Eye", "L_Ear", "R_Eye", "R_Ear"]}