{"id": 5, "class": "person", "kpt3d_body": [[1265.3103842613764, -157.83283703549287, 3316.8062258274877], [1438.0394791777028, -209.7844732477668, 3474.0595966429546], [1026.7879594581168, 220.8356835058595, 3309.8539700528236], [1116.008695533647, -216.71740071922216, 3328.723561636744], [908.4000247206095, -24.11661214304914, 3331.24029921129], [894.0187452345783, 173.8212599379588, 3487.840657992963], [932.8609892296886, 184.31360352062455, 3325.1132184095068], [943.6400885722803, 487.2531978732852, 3648.444425269875], [932.1409690667132, 801.3003331262053, 3898.9366391331214], [1435.6810301194023, -95.9270833083913, 3292.8942044488604], [1572.6888880357856, 81.3104522652452, 3485.1867628373743], [1765.7502685252748, 125.07155580827515, 3697.5982735343628], [1120.7242600981058, 257.3549608631869, 3294.5971973166543], [1124.5234140521752, 553.66887368776, 3605.8894439830274], [1069.6104012651567, 838.5939693018627, 3858.172356671298], [1462.147928378206, -229.42822922695342, 3462.34710206783], [1345.4464621180307, -272.19498454130246, 3409.9632284616973], [-77.0812848, 1109.551941, 3615.141052], [-77.0812848, 1109.551941, 3615.141052]], "kpt2d_body": [[1460.7847553861138, 485.52980897104555], [1500.7152132063934, 468.91827652835246], [1370.0819903656825, 639.6334911685218], [1402.2531271234802, 461.3977992742184], [1321.6640693349457, 539.3702004888534], [1299.860007171961, 617.340169056135], [1331.663210887646, 624.7107364804021], [1301.4846872530447, 730.9224982741049], [1273.557902539183, 827.7519187874053], [1527.9503487411594, 510.6333474924242], [1546.3830601129032, 580.0551022021662], [1577.6357706323363, 593.664944844553], [1408.2775401159079, 654.4988024187793], [1370.1306864356397, 756.1889712722091], [1323.0348964334, 841.9438432090669], [1510.8396889560818, 461.2605622932415], [1476.5123401128144, 442.73667710467464], [919.7849908531797, 965.6408589804198], [919.7849908531797, 965.6408589804198]], "kpt2d_body_mask": [true, true, true, true, true, true, true, true, true, true, true, true, true, true, true, true, true, false, false], "kpt3d_body_mask": [true, true, true, true, true, true, true, true, true, true, true, true, true, true, true, true, true, false, false], "kpt_list": ["Thorax", "Nose", "Pelvis", "L_Shoulder", "L_Elbow", "L_Wrist", "L_Hip", "L_Knee", "L_Ankle", "R_Shoulder", "R_Elbow", "R_Wrist", "R_Hip", "R_Knee", "R_Ankle", "L_Eye", "L_Ear", "R_Eye", "R_Ear"]}