{"id": 4, "class": "person", "kpt3d_body": [[291.3322507567536, -317.61487476935287, 2699.3855681729588], [447.02825477383374, -432.36654116503416, 2612.167522859259], [346.3325858024163, 162.00668036942517, 2935.26205625112], [292.7913257731813, -397.5690588423524, 2835.5198912641845], [402.2598579444393, -467.71205433022203, 3084.2398428738966], [516.2945660330707, -495.8039260757542, 2885.3082201673506], [353.811916918541, 119.56421325941662, 3020.4818098834535], [309.93722692383426, 493.21519231962316, 3230.0557288681266], [298.96658927728964, 844.268102855509, 3422.54729387517], [285.23983778970205, -237.4587448213056, 2568.132871209842], [368.20758422660083, -24.912206934570378, 2350.6442994218187], [491.7633756817429, -250.3099902551952, 2404.7958328646105], [338.85422215770035, 204.44932400155537, 2850.0418634843954], [323.35892250249884, 577.3115755654525, 3013.581266649421], [320.07787783376375, 956.657208356204, 3201.406635316903], [433.6076650626994, -475.8699557742588, 2622.858245817058], [342.6602099640355, -506.9429835579322, 2676.6224809927726], [428.57574899553185, -449.1878883898997, 2573.2745279509368], [331.52860423272756, -437.28481860074623, 2541.782704527569]], "kpt2d_body": [[1115.1203267016738, 400.73353961181846], [1200.733048348394, 336.5169443643058], [1129.4505071565354, 639.8707298691016], [1108.4621336815806, 369.82444269790426], [1145.591057231446, 354.59257450430937], [1211.1421583232027, 328.1660741754987], [1128.342879623555, 618.2689700931558], [1098.2572685119464, 774.032946950774], [1085.1985595213423, 900.3144082605831], [1119.6731341467846, 435.4027153347346], [1182.6967512982612, 548.7345302176391], [1246.888136580504, 420.55764442235056], [1130.59927099068, 662.726550382833], [1113.319440868242, 826.5079980836601], [1101.406334076314, 968.2125549063921], [1192.5253779340815, 314.94916867008106], [1141.687606403346, 303.4905531957402], [1194.338896736818, 324.2282332057191], [1145.2793837782156, 326.9441361971002]], "kpt2d_body_mask": [true, true, true, true, true, true, true, true, true, true, true, true, true, true, true, true, true, true, true], "kpt3d_body_mask": [true, true, true, true, true, true, true, true, true, true, true, true, true, true, true, true, true, true, true], "kpt_list": ["Thorax", "Nose", "Pelvis", "L_Shoulder", "L_Elbow", "L_Wrist", "L_Hip", "L_Knee", "L_Ankle", "R_Shoulder", "R_Elbow", "R_Wrist", "R_Hip", "R_Knee", "R_Ankle", "L_Eye", "L_Ear", "R_Eye", "R_Ear"]}