{"id": 4, "class": "person", "kpt3d_body": [[327.66279599251726, -318.5200265669147, 2705.5095505201407], [487.1227768973073, -441.8778338261535, 2621.1097107519354], [348.5159479846678, 162.74537243752974, 2939.8187113779913], [307.564004848593, -402.39505667407855, 2831.1573298777666], [322.4369920397979, -378.97727072360397, 3103.613665328394], [416.3357943944403, -524.8980931028782, 2958.5527277923266], [353.9718211540194, 119.5824151553623, 3028.830224133545], [328.605005845348, 497.3485908604756, 3227.2257493151255], [298.2431536590416, 843.9046029218741, 3423.672760140566], [318.0787764550303, -242.1894908715612, 2565.8735467358406], [290.92964018225115, 26.610507897382405, 2415.0184365456685], [373.3962564820296, -215.20491025531285, 2373.4478432354176], [343.0600574268228, 205.9084387770676, 2850.8069855399885], [327.0225192139872, 575.7473263725342, 3014.2455290954513], [319.7338072073229, 955.4415785562168, 3201.079482518685], [472.13861590422624, -485.34019987885955, 2632.9285791633924], [377.5302739770246, -511.90190232367087, 2682.864832179411], [470.28785525361525, -459.6922823113505, 2579.907696192173], [373.8277895115185, -443.7130255120053, 2545.81621153674]], "kpt2d_body": [[1133.2555331539745, 400.77486359565967], [1220.5266652868424, 332.70534104925116], [1130.2214112711945, 640.0970902192253], [1115.836306783499, 367.26357578977394], [1109.5194892912823, 394.5973760206944], [1159.2180610043226, 319.8605657411707], [1127.9706792238094, 618.1271553060523], [1106.3137974937113, 775.8907759471538], [1084.874030595028, 900.0707585626571], [1137.4113994805332, 432.860223092367], [1133.003472965075, 578.6703144914819], [1183.1450810793094, 438.29918812988325], [1132.5841545940316, 663.3968894540108], [1114.9591921546844, 825.7345910335857], [1101.2820700752482, 967.7635215165395], [1211.3655913432701, 311.37048713041764], [1158.9571687508735, 301.83630227002186], [1215.5112664580652, 319.7061582221904], [1167.6018931094115, 324.1930013119334]], "kpt2d_body_mask": [true, true, true, true, true, true, true, true, true, true, true, true, true, true, true, true, true, true, true], "kpt3d_body_mask": [true, true, true, true, true, true, true, true, true, true, true, true, true, true, true, true, true, true, true], "kpt_list": ["Thorax", "Nose", "Pelvis", "L_Shoulder", "L_Elbow", "L_Wrist", "L_Hip", "L_Knee", "L_Ankle", "R_Shoulder", "R_Elbow", "R_Wrist", "R_Hip", "R_Knee", "R_Ankle", "L_Eye", "L_Ear", "R_Eye", "R_Ear"]}