{"id": 4, "class": "person", "kpt3d_body": [[308.78285790489605, -317.4682975454553, 2701.4681233549063], [469.8607941609004, -442.38879049519454, 2621.5613494607123], [345.13819698627924, 166.05338199584452, 2934.960179020776], [297.4841122709177, -399.67866705135265, 2831.581562165359], [311.8665440652192, -383.6948729673327, 3103.956231643553], [387.99342237912185, -530.9602770427239, 2953.5876323871657], [353.29072313289055, 123.51273631904391, 3020.6123430021285], [313.2829867951358, 494.7581881643209, 3231.373685117913], [299.09231543550027, 844.1992591829114, 3423.6585346285474], [295.2025662917135, -241.33743394270425, 2561.9625062700243], [263.1201064272715, 20.88330264968917, 2404.2816158641012], [344.35577465681325, -214.87546740016043, 2369.469375726697], [336.98573539643456, 208.59478213036155, 2849.3087338064097], [324.9076808562086, 578.270905216918, 3013.024540341884], [319.89797277966716, 955.591615762959, 3201.065159758891], [456.3432313302816, -485.52240710588705, 2633.102497285754], [361.6302533396077, -510.95535949835494, 2682.8818437896966], [453.7021481063658, -461.78687766883115, 2580.3852268283395], [359.5410124641247, -446.3694246315137, 2543.623621881785]], "kpt2d_body": [[1123.8988959691019, 400.9956203512837], [1211.602757806708, 332.3329651392628], [1128.8990171918638, 641.7876827781116], [1110.9296829348066, 368.56100390768734], [1104.7959667674647, 392.49999152264206], [1146.4191680798845, 316.52136530561876], [1128.0930155517808, 620.0777359177047], [1099.6236647634964, 774.5870404379939], [1085.2115310534184, 900.1819601932764], [1125.3859236446197, 433.044502310024], [1117.778907964117, 575.4448458807886], [1166.7564401470308, 438.1564303640321], [1129.728094845433, 664.7647621939763], [1114.0446643706032, 826.9758346177449], [1101.3510003980768, 967.8247227578715], [1203.2579920870835, 311.15185130348914], [1150.8975347238334, 302.19781982664944], [1206.7810962696517, 318.5086465659663], [1160.1076464357982, 322.47849984308374]], "kpt2d_body_mask": [true, true, true, true, true, true, true, true, true, true, true, true, true, true, true, true, true, true, true], "kpt3d_body_mask": [true, true, true, true, true, true, true, true, true, true, true, true, true, true, true, true, true, true, true], "kpt_list": ["Thorax", "Nose", "Pelvis", "L_Shoulder", "L_Elbow", "L_Wrist", "L_Hip", "L_Knee", "L_Ankle", "R_Shoulder", "R_Elbow", "R_Wrist", "R_Hip", "R_Knee", "R_Ankle", "L_Eye", "L_Ear", "R_Eye", "R_Ear"]}