{"id": 4, "class": "person", "kpt3d_body": [[321.658075342878, -315.26178509129113, 2703.110761748895], [478.3680866017874, -441.6872118489431, 2621.2093623475653], [348.2104924555285, 166.63997345404752, 2933.9520693986105], [302.4135273277745, -396.4840147758247, 2830.5718369382425], [313.6712462487335, -377.6284210240968, 3103.533720284579], [391.52585016559806, -525.3880189426909, 2951.9410970553417], [356.8152832839372, 124.50188724125297, 3020.2298591671183], [326.6340389710746, 497.4323949892355, 3224.5064432476092], [298.4822824147005, 843.5152329456095, 3422.911074910414], [314.0049750482266, -240.72642744865348, 2563.5994745035127], [275.5330492531165, 26.202788331210343, 2409.0559496898486], [353.57717763728095, -212.94006321816568, 2367.1067399698495], [339.60671191967833, 208.77912696839303, 2847.674292909635], [327.4516570095863, 577.70617952335, 3012.856795828776], [319.8988529764951, 956.1691479588126, 3201.480064118969], [462.8211926787557, -485.0377445834508, 2633.524409237077], [368.94736974488967, -509.78113545249755, 2682.1318625308313], [462.3269191128142, -460.74113761341636, 2580.7149108871704], [367.78869202194585, -444.73840120741045, 2543.764958740754]], "kpt2d_body": [[1130.3623722621103, 402.2614348184813], [1216.0183068004765, 332.73612244912465], [1130.397163183954, 642.0853777089177], [1113.3888454794687, 370.0529352752799], [1105.634649980104, 395.1621541555455], [1148.1827912434278, 318.9552333268588], [1129.7218471071674, 620.5339790566119], [1105.589602739864, 776.1091705861302], [1084.99669143749, 899.9915711158219], [1135.3817304814484, 433.5172944177769], [1124.5954141011139, 578.4798593296799], [1172.2914442343763, 439.1966269790161], [1131.0888104465862, 664.9054336577673], [1115.2111236855014, 826.7249169674494], [1101.3309419783493, 968.008013720306], [1206.5446437380363, 311.49556416746486], [1154.6702456372045, 302.7674154124169], [1211.2687667764226, 319.16098888926666], [1164.5227954969507, 323.4169064500502]], "kpt2d_body_mask": [true, true, true, true, true, true, true, true, true, true, true, true, true, true, true, true, true, true, true], "kpt3d_body_mask": [true, true, true, true, true, true, true, true, true, true, true, true, true, true, true, true, true, true, true], "kpt_list": ["Thorax", "Nose", "Pelvis", "L_Shoulder", "L_Elbow", "L_Wrist", "L_Hip", "L_Knee", "L_Ankle", "R_Shoulder", "R_Elbow", "R_Wrist", "R_Hip", "R_Knee", "R_Ankle", "L_Eye", "L_Ear", "R_Eye", "R_Ear"]}