{"id": 4, "class": "person", "kpt3d_body": [[297.6881933485685, -296.30216934911346, 2704.4537403611635], [445.68970403017636, -444.1169273362675, 2626.058166464789], [338.7031444867941, 161.85040396586686, 2939.4460770319893], [300.4614271728752, -367.5186330400746, 2849.894462792335], [494.4222121710695, -167.84415710648076, 2935.8300595764804], [506.6901062415899, -321.24907119040273, 2762.1718684079106], [339.4945048950558, 117.52058339875177, 3031.923790828121], [308.13424423377586, 492.37179028646887, 3225.6869220618028], [296.9863719208946, 844.6960257491507, 3423.012377424976], [297.35686842478026, -222.84515384338093, 2564.9359063511088], [402.41218870270427, 48.20558511177367, 2631.9652048095604], [533.38853140936, -54.487146883803064, 2838.2321007215246], [337.9108014666289, 206.18130231485765, 2846.9685445093405], [324.61335149853943, 574.9524619900856, 3014.0139097265733], [320.4870479604793, 957.6245420181032, 3203.2953878375333], [426.9324422602716, -487.5578599843348, 2637.926715217208], [331.70626048824045, -504.6793221594132, 2689.6473624201644], [425.966457386923, -461.86332700466494, 2585.0176520442164], [331.4179151246452, -437.3618460563384, 2551.891487822272]], "kpt2d_body": [[1118.1552417330747, 411.8741031045672], [1198.743237813654, 331.6296988461215], [1125.6401316812967, 639.7024126646121], [1111.5696378811433, 385.2294211721977], [1198.5676960289027, 484.48642612896185], [1218.293121354189, 403.56096373159295], [1121.2180757683843, 617.1465229704734], [1097.6674301475957, 773.963289529479], [1084.39177357504, 900.4443701347354], [1126.4174742630073, 443.1325138079641], [1177.554223692649, 588.7214293219548], [1225.2894117951232, 536.9217890528852], [1130.3149849019082, 663.6747087951455], [1113.8804331696108, 825.4115568368552], [1101.4966998731738, 968.3735790900877], [1187.7478859791229, 310.3094759372051], [1135.3146503574706, 305.7758692681841], [1191.8602793501643, 318.65452001595344], [1144.5254166818793, 327.8155550204984]], "kpt2d_body_mask": [true, true, true, true, true, true, true, true, true, true, true, true, true, true, true, true, true, true, true], "kpt3d_body_mask": [true, true, true, true, true, true, true, true, true, true, true, true, true, true, true, true, true, true, true], "kpt_list": ["Thorax", "Nose", "Pelvis", "L_Shoulder", "L_Elbow", "L_Wrist", "L_Hip", "L_Knee", "L_Ankle", "R_Shoulder", "R_Elbow", "R_Wrist", "R_Hip", "R_Knee", "R_Ankle", "L_Eye", "L_Ear", "R_Eye", "R_Ear"]}