{"id": 4, "class": "person", "kpt3d_body": [[326.9815047516457, -290.2267287098695, 2704.6388566301594], [505.29223324652463, -437.6668903539317, 2625.6209361144174], [350.25738392136077, 187.47204854397268, 2943.827021450348], [316.2002378360733, -369.88746021180106, 2851.7205528022405], [341.8348087355162, -115.31494379922435, 3029.2224670095], [429.5846837176715, 103.70735630574387, 3124.866937246506], [362.4908881558316, 147.2869732771683, 3034.1716894690603], [328.4986842968591, 496.0114977377714, 3224.4287705397237], [300.3104972219945, 841.3840147941744, 3423.8539261495516], [324.7303599686559, -211.1557924914409, 2557.9847343031765], [324.6444146516592, 78.05410158857768, 2657.9627712903975], [415.7134887358676, 297.77372935342555, 2774.5100087959954], [338.02294779142557, 227.6578835086555, 2853.483156195597], [331.25651146826414, 595.7848904055589, 3023.3050330670653], [321.32068156727377, 957.6131696394499, 3203.756543254506], [486.82960156761345, -480.5303153414107, 2637.0318324097843], [391.4370249092747, -501.25276805293737, 2687.503211063509], [486.72849138580744, -456.16176328320705, 2584.5960561727716], [392.1296192090266, -433.4114648509501, 2548.4462726864867]], "kpt2d_body": [[1133.0709349660472, 415.0727541333406], [1229.4527376815058, 335.4089248134145], [1130.7681710962486, 651.6032138040854], [1119.0637509081284, 384.26347457422247], [1122.4292364634446, 510.59919150234396], [1156.3618408456325, 609.3394503747835], [1131.521837146609, 630.662117386444], [1106.3932406831227, 775.507826057333], [1085.7030736819163, 899.0716591211913], [1141.612557639689, 449.1918780409885], [1135.274773140159, 604.0974104476273], [1172.7130707889146, 711.3955558417658], [1129.9440970037501, 673.8339112126533], [1116.3350189928603, 833.8584511290649], [1101.8298779710062, 968.3083444820444], [1218.5431997526478, 314.3319305947173], [1165.7470945779069, 307.7036350717236], [1223.6688483301386, 322.12080067602903], [1177.2386483363794, 330.0276566009988]], "kpt2d_body_mask": [true, true, true, true, true, true, true, true, true, true, true, true, true, true, true, true, true, true, true], "kpt3d_body_mask": [true, true, true, true, true, true, true, true, true, true, true, true, true, true, true, true, true, true, true], "kpt_list": ["Thorax", "Nose", "Pelvis", "L_Shoulder", "L_Elbow", "L_Wrist", "L_Hip", "L_Knee", "L_Ankle", "R_Shoulder", "R_Elbow", "R_Wrist", "R_Hip", "R_Knee", "R_Ankle", "L_Eye", "L_Ear", "R_Eye", "R_Ear"]}