{"id": 4, "class": "person", "kpt3d_body": [[324.8933970994939, -322.3027703459553, 2711.1198535184735], [485.57917388714765, -436.83363818486356, 2606.0191785872166], [354.5849184640696, 164.1301077185966, 2931.2372469275424], [376.95570536247, -383.013834533825, 2848.407403758811], [431.3028650559838, -339.64194084400873, 3098.881572766632], [520.7468982722867, -487.66214473518147, 2940.272962433982], [371.7572947482979, 120.80564757818365, 3015.353130704354], [329.27125710883683, 497.62525584884, 3225.1237425529166], [298.47726942893564, 843.8991503126729, 3421.9478617796376], [279.723647900699, -250.9672669316862, 2574.0993613421824], [148.70362685591311, -17.674844702149812, 2422.8182905317963], [266.0077790429777, -226.71260593226094, 2369.7550229203316], [337.41163136990997, 207.45635465803034, 2847.122351975553], [321.9269595842326, 580.0529543349526, 3014.185479892055], [320.77343701345785, 956.9018140180458, 3202.130586653493], [477.16397713967933, -479.62598846836386, 2620.3399000039253], [389.570492049604, -504.25521943364515, 2687.6677705662355], [464.4240348220575, -460.14157833216757, 2569.5661028527584], [363.7053715361765, -451.54218753995593, 2546.5843356844066]], "kpt2d_body": [[1131.4952093044521, 399.1828080849526], [1221.2002605690318, 334.00917977465826], [1133.549889213175, 640.9619517643486], [1148.454325636828, 378.02067342690725], [1158.1325523878697, 412.1201185731247], [1208.8027228521605, 336.1901278638928], [1136.8205330292749, 618.9091296800148], [1106.6868246347578, 776.1408718518114], [1085.0253681110264, 900.2310435051755], [1116.32371008917, 428.4517995151084], [1051.103269415667, 553.2477158563568], [1121.2767265990258, 430.99747172008404], [1130.0616279999938, 664.2887726133874], [1112.6264166086517, 827.6875432126837], [1101.6691873929665, 968.219940028254], [1215.140819603185, 313.1759209419364], [1164.7690342889405, 306.2026767921534], [1213.4039248077654, 318.47067490921347], [1162.0763178346956, 320.04022417645314]], "kpt2d_body_mask": [true, true, true, true, true, true, true, true, true, true, true, true, true, true, true, true, true, true, true], "kpt3d_body_mask": [true, true, true, true, true, true, true, true, true, true, true, true, true, true, true, true, true, true, true], "kpt_list": ["Thorax", "Nose", "Pelvis", "L_Shoulder", "L_Elbow", "L_Wrist", "L_Hip", "L_Knee", "L_Ankle", "R_Shoulder", "R_Elbow", "R_Wrist", "R_Hip", "R_Knee", "R_Ankle", "L_Eye", "L_Ear", "R_Eye", "R_Ear"]}