{"id": 2, "class": "person", "kpt3d_body": [[101.18198652034629, 22.6766368743246, 2725.762694184554], [251.79238434881952, -108.79329783071313, 2725.05976538773], [104.4492123976413, 456.93442422403723, 3078.4000176523928], [29.34310424581924, -56.63972165179118, 2815.2895003272506], [-80.09507237110813, -257.68074194665445, 2967.265666424619], [63.50774641684782, -355.5956353358408, 2812.9174489839525], [56.04935434513251, 409.7575911357403, 3147.969156055667], [27.293581858715513, 704.7615867661798, 3374.1637282707097], [-10.27847756202764, 1013.2767653686977, 3574.487989718492], [154.986516379997, 102.62837437965374, 2622.445131862364], [279.7813989835702, 212.92904560736133, 2386.9766208843844], [317.56903824574204, -27.87628648017261, 2414.2656296558093], [152.8482339541211, 504.1133081602678, 3008.831466017512], [139.80660400886305, 814.7165495570462, 3238.361914731559], [90.11662760046924, 1110.176654305765, 3459.250238469053], [226.24425645861166, -149.01667176723151, 2718.977196421447], [121.03772118882098, -146.66948478524034, 2712.883740139896], [252.0339545818411, -112.70555057637509, 2676.171239144012], [186.71595206006083, -58.64964601500233, 2611.680649140656]], "kpt2d_body": [[1000.5518291194621, 560.8301712530639], [1077.357489824954, 493.8248793767923], [995.8134157080656, 754.5572847241575], [963.3088890266442, 521.2449768360042], [911.1808510008127, 428.627734546949], [980.1312245555879, 374.062600177063], [973.4956422066964, 729.5909380312402], [959.9246678474848, 836.5103232809635], [944.8545418913292, 935.2808627803677], [1031.1323752347512, 603.6608067031743], [1111.3593969234498, 672.6903424867987], [1131.4537592921445, 533.2532223777168], [1019.059674830767, 780.5104775988732], [1007.9515780252873, 893.2463427733012], [984.1318748952166, 983.6405797365308], [1064.574992354371, 473.1583641370427], [1010.9483333473308, 474.0828811253334], [1079.8134360405036, 490.7911732181288], [1048.38837614779, 518.0347089088012]], "kpt2d_body_mask": [true, true, true, true, true, true, true, true, true, true, true, true, true, true, true, true, true, true, true], "kpt3d_body_mask": [true, true, true, true, true, true, true, true, true, true, true, true, true, true, true, true, true, true, true], "kpt_list": ["Thorax", "Nose", "Pelvis", "L_Shoulder", "L_Elbow", "L_Wrist", "L_Hip", "L_Knee", "L_Ankle", "R_Shoulder", "R_Elbow", "R_Wrist", "R_Hip", "R_Knee", "R_Ankle", "L_Eye", "L_Ear", "R_Eye", "R_Ear"]}