{"id": 2, "class": "person", "kpt3d_body": [[120.18403734106705, 54.49387402252469, 2738.205636045809], [271.6188335153437, -109.38386219268679, 2721.546204800309], [114.04729968576245, 459.00368450170816, 3069.568123639093], [51.17797248111084, -40.78480747779153, 2851.174038148647], [-102.07627640862759, 19.589926098646515, 3078.467521035169], [11.5303825215575, 202.17602446687692, 3204.333019928844], [63.382706504708956, 405.38386725921583, 3130.305223263917], [25.527598256644033, 708.3234206725411, 3371.515208013683], [-10.226629526970195, 1009.9042146207055, 3574.5056021310115], [187.50077712575086, 144.5960929492341, 2622.335448220955], [196.2608215511221, 424.511161321507, 2585.0693013952714], [258.0110672143667, 523.901742448282, 2820.3400980820434], [164.71106634073072, 512.6221874968813, 3008.829411684087], [142.80832820310638, 821.6801227460146, 3237.65073239949], [88.06094997578771, 1110.6885601111453, 3455.454179993549], [241.60608683749842, -147.5024224610651, 2711.7468990895673], [135.6591305587706, -137.5156053166087, 2708.7530832394023], [270.3199672854154, -111.9211189682214, 2671.383706344942], [210.19809017044298, -49.22185035003537, 2609.4902449076653]], "kpt2d_body": [[1009.9829236074679, 576.942070349071], [1087.6057795569743, 493.4746545505777], [1000.2763932436218, 756.0482941815267], [973.8126594149743, 529.3387180935764], [902.5016339304897, 558.108804018405], [953.7812051708856, 636.9967952982591], [976.8894458128315, 728.6769163090443], [959.2099482901075, 838.1489641498472], [944.873704229968, 934.0485062745906], [1048.3283177410613, 625.8451702929101], [1053.7592179977323, 775.7876615025411], [1074.9274101159913, 804.7886241371211], [1024.4865289120416, 784.3246156042419], [1009.2162265218537, 896.1514672175372], [983.3609509533763, 984.2854602201342], [1072.7344232397934, 473.75130636996516], [1018.5630839789363, 478.67017170155714], [1089.5199585368139, 491.11604694959834], [1060.9727663158078, 523.0397571199192]], "kpt2d_body_mask": [true, true, true, true, true, true, true, true, true, true, true, true, true, true, true, true, true, true, true], "kpt3d_body_mask": [true, true, true, true, true, true, true, true, true, true, true, true, true, true, true, true, true, true, true], "kpt_list": ["Thorax", "Nose", "Pelvis", "L_Shoulder", "L_Elbow", "L_Wrist", "L_Hip", "L_Knee", "L_Ankle", "R_Shoulder", "R_Elbow", "R_Wrist", "R_Hip", "R_Knee", "R_Ankle", "L_Eye", "L_Ear", "R_Eye", "R_Ear"]}