{"id": 2, "class": "person", "kpt3d_body": [[289.52857995757785, -232.86277254351987, 2687.1662404786402], [431.3591852037989, -376.8981676274282, 2625.630595395851], [372.9265611583392, 244.01948946368236, 2923.9624308211974], [296.04355004900617, -303.84687912043887, 2825.871528318719], [416.8403030024216, -358.75121743601596, 3065.640893816887], [507.0629508427825, -512.712134708907, 2920.8659074778056], [362.51017106256427, 198.5221662846746, 3009.4176288112003], [374.29402336669824, 519.1618267899487, 3189.934151387622], [365.624759620193, 851.9984099862022, 3348.753857435923], [276.6646604224804, -166.72340969893824, 2554.555962608967], [414.24058889573536, -17.605461903165462, 2333.934193974217], [514.6077588837165, -235.24393388351442, 2316.2734558800257], [383.34198313262186, 289.5177995434234, 2838.5075916733854], [389.0264988864791, 616.6180128153267, 2995.742896843496], [377.4266335338227, 942.4086451138488, 3173.5361123511702], [408.2314358173616, -420.3669444845991, 2633.6795277353067], [313.3853669628196, -428.33061388411664, 2676.3733742927657], [408.3499992101491, -390.2094435159205, 2582.357591487711], [317.90454739729654, -353.9464571943387, 2544.8491437153043]], "kpt2d_body": [[1115.1325589343026, 443.3806112319741], [1191.877827218498, 366.14991247046703], [1142.4111934835507, 678.8257791532983], [1110.8532483288461, 414.62682788744297], [1153.6510546790578, 401.91311022280496], [1203.8518868936007, 323.0681695009052], [1132.7910723905263, 654.7498415840395], [1127.4919003474643, 787.4229413362009], [1114.7778284773417, 910.137908697673], [1116.0367731496685, 472.9271029018074], [1211.1299612200173, 552.9768765754023], [1270.6356014822993, 424.28663155554534], [1152.5447878150364, 704.2565890911922], [1143.8612245712698, 845.2487762528704], [1127.0243861067313, 965.3768604492943], [1178.977045389116, 344.1906396632492], [1127.2161965455985, 342.9945396878062], [1183.3802701580244, 355.7771009403343], [1138.2304085987164, 371.6223813021923]], "kpt2d_body_mask": [true, true, true, true, true, true, true, true, true, true, true, true, true, true, true, true, true, true, true], "kpt3d_body_mask": [true, true, true, true, true, true, true, true, true, true, true, true, true, true, true, true, true, true, true], "kpt_list": ["Thorax", "Nose", "Pelvis", "L_Shoulder", "L_Elbow", "L_Wrist", "L_Hip", "L_Knee", "L_Ankle", "R_Shoulder", "R_Elbow", "R_Wrist", "R_Hip", "R_Knee", "R_Ankle", "L_Eye", "L_Ear", "R_Eye", "R_Ear"]}