{"id": 2, "class": "person", "kpt3d_body": [[341.8651467291852, -223.0217472021512, 2688.8963045953997], [476.46038995653845, -391.6306504477882, 2612.837238433381], [390.18321909051707, 244.6042572154704, 2919.561927391824], [349.94692757210817, -303.2217404787221, 2840.691882882131], [356.6678672331006, -94.07427425341808, 3019.1522196520577], [447.9937715309387, 122.2653815273614, 3113.9799924160984], [394.1360719983024, 199.33096384842443, 3008.399274483704], [380.48641594338056, 520.2817149718082, 3190.9050792296016], [365.8843019282797, 849.8970380227522, 3348.9875925455062], [350.1474137095174, -147.31576063548005, 2533.2379835326446], [376.45303266682595, 130.8378971736522, 2595.7250229375177], [484.1666814928267, 333.52337533419666, 2725.532087173219], [386.2313119185237, 289.8778634263505, 2830.723874812491], [398.5529724209075, 616.5018597988727, 2995.7462834912094], [378.48539702399034, 943.1017395253735, 3173.671537638827], [453.02084775825404, -433.9164108451399, 2624.709096000882], [361.8511365750278, -433.7271873669522, 2673.945943829826], [454.18343316692335, -405.2398739858535, 2569.0427004891008], [363.70728056447865, -357.86068850848636, 2537.191092558906]], "kpt2d_body": [[1141.8731403831391, 448.65040011450117], [1216.2196542777945, 357.8882167197721], [1150.7914774883097, 679.2233354941535], [1136.229883966922, 415.8711571943345], [1129.750258477741, 520.1885416318011], [1165.1118765891524, 617.7165908594513], [1147.3106884740137, 655.083605142306], [1130.0968215519533, 787.8040750849809], [1114.885554903717, 909.2875871548042], [1157.2739847414273, 482.9291974172304], [1166.6496651397918, 633.1061196609298], [1210.325606810489, 731.55815527986], [1154.448609933942, 704.8013932111534], [1148.1878619213, 845.1334447737072], [1127.462112029208, 965.6345051590906], [1202.719345243117, 336.81815689176267], [1152.1229949990345, 340.33653483982505], [1208.5448985578605, 347.1480193213214], [1163.4136283938003, 369.2078166110455]], "kpt2d_body_mask": [true, true, true, true, true, true, true, true, true, true, true, true, true, true, true, true, true, true, true], "kpt3d_body_mask": [true, true, true, true, true, true, true, true, true, true, true, true, true, true, true, true, true, true, true], "kpt_list": ["Thorax", "Nose", "Pelvis", "L_Shoulder", "L_Elbow", "L_Wrist", "L_Hip", "L_Knee", "L_Ankle", "R_Shoulder", "R_Elbow", "R_Wrist", "R_Hip", "R_Knee", "R_Ankle", "L_Eye", "L_Ear", "R_Eye", "R_Ear"]}