{"id": 4, "class": "person", "kpt3d_body": [[392.11449088537324, -272.3648553693991, 2640.294995368078], [587.8695034329082, -397.9520729092181, 2559.6565734964383], [375.39129065278416, 196.15150311152433, 2902.0428468080545], [394.71739964177686, -355.32777409544025, 2787.0194847125326], [396.0446304787078, -116.89898520771223, 2960.3247301997503], [463.2652934619456, 103.92580491618602, 3062.709628346948], [371.09799903080614, 140.5968735632075, 2983.713111567427], [388.56413930150495, 513.0658951924325, 3167.081335022346], [315.35748120866236, 874.5103846486581, 3348.221598673409], [386.132591630234, -185.17537522001135, 2498.2117387084145], [334.7057783634469, 102.11630072019844, 2604.682025627654], [438.55764803230636, 305.9171743255241, 2724.4182117115065], [379.6844814919677, 251.70560540497988, 2820.371419359927], [377.8294897858724, 593.4797023002427, 3011.647800449253], [330.94231731751324, 955.8627695485366, 3197.1928878020685], [570.1354051639054, -442.04357124724623, 2570.3220149261783], [473.81416494763346, -470.29200506967385, 2617.0440739533483], [569.5553775561549, -415.5713345236745, 2519.5143688860153], [475.0156687174635, -397.444929766921, 2483.0691389804324]], "kpt2d_body": [[1170.9725836226253, 421.0652197729313], [1279.4922150078878, 351.43158861831535], [1145.0227716727989, 656.9344283810265], [1161.2547599260793, 387.66538730424054], [1151.2732829460567, 508.70786380699354], [1175.2677990390948, 610.316981884019], [1138.287079357187, 628.6729682281144], [1134.8323495289792, 786.3268145446123], [1094.2687446809766, 919.307446710271], [1179.5393288863186, 461.02807786228476], [1144.0030661174558, 617.7001401931316], [1187.8402222099144, 718.0433123346561], [1152.084154824326, 686.735907413425], [1138.0294508319944, 833.5827390790676], [1106.172932716442, 968.3261722216537], [1268.6092503793109, 329.04267375432175], [1213.8055533168415, 317.63147474588635], [1274.4447649110302, 338.60470768301843], [1228.0646660378943, 344.3215998137382]], "kpt2d_body_mask": [true, true, true, true, true, true, true, true, true, true, true, true, true, true, true, true, true, true, true], "kpt3d_body_mask": [true, true, true, true, true, true, true, true, true, true, true, true, true, true, true, true, true, true, true], "kpt_list": ["Thorax", "Nose", "Pelvis", "L_Shoulder", "L_Elbow", "L_Wrist", "L_Hip", "L_Knee", "L_Ankle", "R_Shoulder", "R_Elbow", "R_Wrist", "R_Hip", "R_Knee", "R_Ankle", "L_Eye", "L_Ear", "R_Eye", "R_Ear"]}