{"id": 3, "class": "person", "kpt3d_body": [[243.77515615333098, 185.49874262072407, 2576.001492183652], [361.3033692307862, 65.30215423934095, 2432.244475659931], [297.3425397115641, 645.1689081074201, 2683.749302550493], [348.28728077022777, 144.2449333091396, 2687.467112120281], [393.4972516659816, 349.5681689853923, 2814.406352340297], [492.8725913654507, 553.2428194240183, 2876.7082859737493], [372.6412702405392, 608.6255204375866, 2741.9072532281693], [518.151131100631, 875.0832887319737, 2673.417801556536], [472.5755377887242, 1246.04846818441, 2869.314879563124], [129.0603010944062, 225.3588309062988, 2468.997712293462], [69.20074604434944, 475.62360862575315, 2474.79469991118], [93.2040848526579, 697.0175554691484, 2459.95595997339], [222.04442096166252, 681.7124359351875, 2625.5905732958336], [281.0762560544253, 998.3859124564704, 2718.8864621706575], [314.8498797556738, 1318.7729789356956, 2848.0271609223432], [363.8004440461292, 21.08007282769165, 2454.190221437024], [334.70381998835444, 4.3848633935175485, 2543.5339558886426], [325.9928272451647, 40.19106109804483, 2414.1457006993032], [234.07840656634102, 44.628550545801886, 2437.0067544034346]], "kpt2d_body": [[1073.3889273455825, 653.8339404835314], [1148.2804224022955, 590.7664070328472], [1093.6187814552, 883.4746599556663], [1122.0012388448445, 628.1465101949567], [1135.4323965326066, 725.6024814645837], [1177.215137277478, 817.7356189890172], [1128.3136110725995, 858.3701650327585], [1202.8842616009044, 994.2842520202573], [1159.8847501835476, 1128.601370843908], [1014.2133799968831, 680.808052026484], [979.902200022463, 819.6228521812575], [993.0780532394954, 941.2163724686575], [1057.3708818585305, 909.4601711279877], [1080.6958878405094, 1047.8718289699946], [1087.5999312914848, 1165.209204517601], [1147.8902272814491, 565.3694825696508], [1124.9079349850526, 555.8206703670553], [1129.6565939143966, 576.6054026693683], [1075.5484210851116, 578.9894705052163]], "kpt2d_body_mask": [true, true, true, true, true, true, true, true, true, true, true, true, true, true, true, true, true, true, true], "kpt3d_body_mask": [true, true, true, true, true, true, true, true, true, true, true, true, true, true, true, true, true, true, true], "kpt_list": ["Thorax", "Nose", "Pelvis", "L_Shoulder", "L_Elbow", "L_Wrist", "L_Hip", "L_Knee", "L_Ankle", "R_Shoulder", "R_Elbow", "R_Wrist", "R_Hip", "R_Knee", "R_Ankle", "L_Eye", "L_Ear", "R_Eye", "R_Ear"]}