{"id": 3, "class": "person", "kpt3d_body": [[292.350872166891, 171.75763145995631, 2614.6998963788537], [392.34435459721715, 19.32865800291097, 2479.8944843493837], [330.4205054172154, 657.996449879065, 2713.212498190206], [403.374346765499, 133.24797584580892, 2718.770449992871], [479.1982935360494, 351.397902499064, 2810.5786456463443], [547.2887679603481, 578.7841158815944, 2813.5649005211685], [415.9008244740451, 642.1344343905937, 2775.9535130704026], [410.38253233834826, 956.3618227703013, 2863.6031283043917], [408.1669719089159, 1295.891085795114, 2966.8752187614327], [179.1928906582227, 211.25336758338875, 2504.2533609917705], [151.11221236734053, 459.9558216163564, 2513.7474136210612], [210.19618530146022, 685.1118034543173, 2509.0509294547583], [244.9407637055383, 673.8576269210023, 2650.4705016379758], [268.1394893754895, 991.9804025856629, 2737.590975856197], [274.9077556658664, 1326.1381107042164, 2837.925354434582], [394.6147320644124, -20.000437243948, 2508.24523084987], [372.8616267644011, -15.718737485787813, 2603.45011642914], [353.59246550594696, -2.760295175794454, 2467.835661573899], [266.02453113797117, 19.138356839443418, 2497.1868375831614]], "kpt2d_body": [[1097.292420191362, 644.950033667117], [1161.6182319671848, 564.2534788546546], [1108.5892910959296, 886.063588553066], [1147.9328244668063, 621.5632184425403], [1177.453791031246, 726.2729581170992], [1208.1889216666143, 835.1020318964927], [1147.036918847624, 870.5156698122905], [1135.2634495269067, 1004.6342008837623], [1124.0988634243645, 1132.717564435235], [1041.1697571016948, 671.1148747295194], [1024.579150948564, 806.9124534924232], [1056.065898603725, 927.1559537995153], [1068.206105509286, 902.1849892431314], [1073.51002537925, 1041.8992792715712], [1069.4405256826499, 1170.6597567714211], [1160.404376798603, 542.332525026209], [1140.972838748914, 545.014567564935], [1141.0604511409101, 551.8617473023111], [1090.1426996633222, 564.1147763843535]], "kpt2d_body_mask": [true, true, true, true, true, true, true, true, true, true, true, true, true, true, true, true, true, true, true], "kpt3d_body_mask": [true, true, true, true, true, true, true, true, true, true, true, true, true, true, true, true, true, true, true], "kpt_list": ["Thorax", "Nose", "Pelvis", "L_Shoulder", "L_Elbow", "L_Wrist", "L_Hip", "L_Knee", "L_Ankle", "R_Shoulder", "R_Elbow", "R_Wrist", "R_Hip", "R_Knee", "R_Ankle", "L_Eye", "L_Ear", "R_Eye", "R_Ear"]}