{"id": 6, "class": "person", "kpt3d_body": [[245.20196866823892, 29.002400984400083, 2840.704477264614], [311.44062082120456, -140.79107029154045, 3003.7824104643146], [183.52588726017365, 574.1400532108466, 2771.449233322219], [73.67972975179808, 9.146395186221525, 2885.963829905435], [-82.1100445222369, 279.07371938971664, 2832.377615334027], [-14.554387065484882, 501.6887105470961, 2921.942620264465], [84.93690954278787, 565.0291223389886, 2791.258941801288], [66.81813438522013, 982.6477690669691, 2783.806585473806], [18.097457051486373, 1389.22095087242, 2666.4893244810964], [410.95264014420735, 44.35241189888387, 2801.0703566036095], [479.36593893505824, 318.43225184232483, 2700.8145571827245], [406.4257900966414, 521.0819287929166, 2855.1808106559], [282.1146228966804, 583.2489703420995, 2751.639762004749], [248.4903330390116, 992.2543366109562, 2715.5399719209213], [183.0271813969321, 1394.292075219589, 2608.8526821084442], [280.01263941858633, -182.60522209908402, 2996.703588609369], [205.68078016733318, -194.62673737565893, 2921.504149654321], [339.4432461079851, -176.25747891589157, 2977.194349813107], [352.69675670778054, -178.80793995584526, 2872.3985251887398]], "kpt2d_body": [[1067.1517645530064, 555.4047354577611], [1091.1601155488909, 476.1276861815513], [1038.1391653226497, 826.0227041826761], [982.4566121970121, 545.6276507646762], [906.425529285996, 678.060778660942], [939.9202649477096, 778.4090280794843], [988.8476581341642, 819.913463480927], [979.336347356291, 1016.6251105215827], [955.9212835547921, 1219.4899373177839], [1150.5754968499325, 563.1312758577179], [1191.7322506276003, 703.4173501225954], [1142.796416313243, 791.7211041116366], [1087.899097814251, 831.9922061878747], [1070.0340153373638, 1031.3403642960466], [1038.3314611103306, 1234.2954019276015], [1076.917102369956, 456.58905413632334], [1044.9161886334653, 448.6216628688086], [1105.3934285690468, 459.0845536582611], [1117.4848861878668, 454.9134740508435]], "kpt2d_body_mask": [true, true, true, true, true, true, true, true, true, true, true, true, true, true, true, true, true, true, true], "kpt3d_body_mask": [true, true, true, true, true, true, true, true, true, true, true, true, true, true, true, true, true, true, true], "kpt_list": ["Thorax", "Nose", "Pelvis", "L_Shoulder", "L_Elbow", "L_Wrist", "L_Hip", "L_Knee", "L_Ankle", "R_Shoulder", "R_Elbow", "R_Wrist", "R_Hip", "R_Knee", "R_Ankle", "L_Eye", "L_Ear", "R_Eye", "R_Ear"]}