{"id": 4, "class": "person", "kpt3d_body": [[310.87785432354536, 154.5321305153979, 2941.6998727661403], [397.08981911113017, 37.50873475216679, 3140.4657961633616], [203.83375234559693, 612.4569042917715, 2728.802593698485], [159.76547110203643, 144.98885922976768, 2989.869089580057], [10.025310344842895, 409.93966650599543, 2953.699023102574], [88.31946403489906, 661.1638822061229, 2911.0699534773576], [114.7645323700603, 608.2085208412319, 2767.4969382429776], [122.8596409048972, 1028.4369358276172, 2811.3351631484193], [61.86559628482626, 1393.33804502814, 2652.308948312321], [459.27448174877446, 164.13504025744004, 2889.0253053035144], [552.463311971974, 444.47783477797685, 2739.5217709040735], [440.3186800331391, 691.0908574996911, 2777.2521052141983], [292.9030030468761, 616.7053001266659, 2690.1083435073515], [299.44294924092765, 1035.4084868116192, 2752.9377574065793], [194.9007702011882, 1396.015073204576, 2605.744758315461], [367.98922621655606, -0.2694584826124924, 3135.3816729154214], [289.556602316145, -14.21436102123863, 3057.4353148169257], [422.5679398076543, 1.537308986940502, 3119.72831244261], [437.4149496039929, -4.697808827206984, 3017.5033623807385]], "kpt2d_body": [[1093.8891620098848, 614.116332318383], [1122.6914768427976, 557.7719016383347], [1049.59402059417, 849.0529331040316], [1021.3462878458745, 608.6777843883615], [951.526791148678, 733.5037292167846], [988.6117508272265, 852.9998404475223], [1003.9711217974212, 843.1172697190273], [1005.8015076204892, 1032.618596127943], [977.4900384811908, 1224.4260203408194], [1167.1924802383664, 619.7362320009887], [1223.4950265914897, 763.1258821540011], [1163.1886529697103, 879.7319718791898], [1096.2906447940966, 854.9438289167581], [1092.867885984808, 1044.3103805171295], [1044.3287159982267, 1235.6883150046847], [1110.1714998426564, 541.0859286120717], [1078.7986650650168, 534.7459961114845], [1135.1099690134167, 541.8857914196791], [1148.1844763548213, 539.0443765593002]], "kpt2d_body_mask": [true, true, true, true, true, true, true, true, true, true, true, true, true, true, true, true, true, true, true], "kpt3d_body_mask": [true, true, true, true, true, true, true, true, true, true, true, true, true, true, true, true, true, true, true], "kpt_list": ["Thorax", "Nose", "Pelvis", "L_Shoulder", "L_Elbow", "L_Wrist", "L_Hip", "L_Knee", "L_Ankle", "R_Shoulder", "R_Elbow", "R_Wrist", "R_Hip", "R_Knee", "R_Ankle", "L_Eye", "L_Ear", "R_Eye", "R_Ear"]}