{"id": 6, "class": "person", "kpt3d_body": [[553.7429645921112, 415.2159186812339, 4176.010859136617], [611.6643989158454, 540.6551596475313, 4400.0075123685], [515.6417118508436, 633.158709286445, 3677.2327361765947], [427.3494618865826, 364.3655795728597, 4131.0022115723295], [312.7179295808405, 457.3509139890547, 3834.7284535730564], [265.85872958080284, 674.7134411145394, 3720.4335194075106], [419.10881711716263, 607.9533177302419, 3658.814710442519], [291.3646699177346, 1026.207587982809, 3519.995322065547], [218.99039174389458, 1386.2909906600225, 3266.7319787320052], [701.9432692625696, 467.9593190339556, 4249.3017584633835], [776.3924650434303, 820.4986138433038, 4224.294925716975], [742.4680820174669, 938.523142241502, 4474.478853869537], [612.1741217389027, 658.3630811279569, 3695.651053641148], [524.2857947832877, 1121.939740984727, 3783.3992386617465], [448.1773631237899, 1530.0867569893207, 3754.230700619409], [584.7892976332845, 498.3926455686127, 4398.217978110146], [529.988152318562, 400.07388775476966, 4327.074992698051], [55.55147962, 1469.03237, 2599.029028], [55.55147962, 1469.03237, 2599.029028]], "kpt2d_body": [[1130.6741369336205, 678.6784371934182], [1139.2011753331067, 710.766806088635], [1140.0959242290428, 777.8298235601342], [1090.600964369463, 663.4631701595065], [1060.0802938852314, 706.3990797521136], [1045.606795369818, 791.1842561211606], [1105.0635992283885, 770.0855487521944], [1059.658640738419, 937.2719405595022], [1036.2307073256568, 1104.5808828376632], [1175.1270518398117, 692.9675717575261], [1198.6678914120944, 806.5484237801539], [1174.1910155234627, 827.7362402617325], [1174.541183851206, 785.3743458076746], [1134.973135569571, 942.5119683614107], [1106.0913819433051, 1082.8558869856429], [1131.0179560847953, 697.745816100004], [1116.8235474461098, 669.1807101786515], [974.7410218105057, 1269.7974757043335], [974.7410218105057, 1269.7974757043335]], "kpt2d_body_mask": [true, true, true, true, true, true, true, true, true, true, true, false, true, true, true, true, true, false, false], "kpt3d_body_mask": [true, true, true, true, true, true, true, true, true, true, true, false, true, true, true, true, true, false, false], "kpt_list": ["Thorax", "Nose", "Pelvis", "L_Shoulder", "L_Elbow", "L_Wrist", "L_Hip", "L_Knee", "L_Ankle", "R_Shoulder", "R_Elbow", "R_Wrist", "R_Hip", "R_Knee", "R_Ankle", "L_Eye", "L_Ear", "R_Eye", "R_Ear"]}