{"id": 2, "class": "person", "kpt3d_body": [[92.45269024821286, -105.81149165225426, 2630.9720371819594], [97.12247567766508, -215.96317348244568, 2438.8173346497942], [113.7138729195222, 441.7398441825502, 2647.3870358848726], [240.4260412244693, -120.12423552280254, 2634.4887873190246], [461.20260142102995, 46.42036673535344, 2675.23484224047], [684.5738252749445, 175.98108037041257, 2698.3215571636274], [213.21227759826868, 442.6936548953262, 2638.0902393069455], [234.84294359611243, 805.8852769462956, 2709.965586383524], [238.35875269041088, 1163.168372831117, 2769.7137059733636], [-60.61120218012942, -103.58953315159383, 2635.580801276543], [-286.65556444833396, 69.96422589277941, 2662.4394092231196], [-512.4267237678996, 218.55416053933112, 2694.8952843275783], [14.215227946524536, 440.78621662657895, 2656.681855416453], [13.605643585376761, 810.141652598344, 2693.4864762353614], [44.75590121299607, 1176.5140127825016, 2748.264333736299], [125.12760289561194, -253.6430786003497, 2453.778641927398], [166.87094693541974, -261.1775113501251, 2550.1766510441653], [64.50069606024496, -250.5849725581659, 2455.6493163859755], [16.537823355245784, -251.1935422167265, 2550.040497042799]], "kpt2d_body": [[999.6217724678905, 491.8744348791084], [1007.1814463202767, 413.3989020566012], [1012.0071519967744, 827.4217916435379], [1091.0082548840046, 483.23517249294923], [1222.1289749184853, 585.435929930139], [1350.9771393873912, 662.1100039337988], [1073.3435904574362, 828.689303246556], [1081.19251077518, 1032.4183116965414], [1078.2980118477576, 1218.3273488177722], [904.7148024085345, 493.3557650611946], [766.9141615936485, 600.0270908057787], [634.6391664986594, 688.2113445504549], [950.9772412206056, 826.0015045222378], [950.4644167454074, 1038.2835090531926], [968.1775086001609, 1231.0849234635969], [1025.325653808937, 389.453643480046], [1048.8159121804836, 391.05137988120475], [985.0679041907073, 391.53153425324393], [952.8378309257594, 397.2386139267321]], "kpt2d_body_mask": [true, true, true, true, true, true, true, true, true, true, true, true, true, true, true, true, true, true, true], "kpt3d_body_mask": [true, true, true, true, true, true, true, true, true, true, true, true, true, true, true, true, true, true, true], "kpt_list": ["Thorax", "Nose", "Pelvis", "L_Shoulder", "L_Elbow", "L_Wrist", "L_Hip", "L_Knee", "L_Ankle", "R_Shoulder", "R_Elbow", "R_Wrist", "R_Hip", "R_Knee", "R_Ankle", "L_Eye", "L_Ear", "R_Eye", "R_Ear"]}