{"id": 1, "class": "person", "kpt3d_body": [[367.5254260588713, -25.194055295334863, 2483.945558856348], [461.76524008437127, -205.30149347215968, 2327.735910986223], [393.8699990749791, 518.2780782578161, 2610.492491514604], [502.0277262858045, -60.90646243006404, 2595.451429576312], [557.2837255035997, 200.58066795463617, 2677.3584232734247], [604.8081408563444, 448.95103386103483, 2649.909050570942], [474.00452085621157, 498.7553901180158, 2676.291460624353], [473.6945729624971, 924.6647114873092, 2773.9777096245944], [484.73772893993544, 1311.1552492590124, 2858.9088860656984], [240.38012396408226, 6.927825057439065, 2364.2465159081385], [227.19381730785088, 294.7771842587707, 2385.7380645396997], [323.34065438548043, 547.1900966781412, 2400.0322262528603], [313.73477930047744, 537.8006440832156, 2544.6942350370055], [343.79986323482854, 963.3959359020525, 2669.769646012664], [368.10699024724397, 1345.8008422624193, 2762.017291315762], [467.2759155604762, -247.17921593857938, 2353.613996652656], [442.0664557436533, -256.12922446214213, 2456.1518510462247], [423.5926068745783, -234.79681109738095, 2316.927272722375], [326.81845837646836, -225.47724891135488, 2356.937539333603]], "kpt2d_body": [[1147.5083775307157, 539.3061628387542], [1215.929918311307, 431.5567499961778], [1149.2563463152512, 826.5871120908096], [1209.7492203436486, 520.9122121608698], [1229.3231827829609, 656.875007855307], [1254.445661923257, 785.3729036978185], [1185.198706374173, 809.5654121111689], [1171.9956351035532, 1002.8628819690829], [1165.1747535436523, 1157.716370134733], [1083.3885371619604, 557.5098967182491], [1073.8403378449498, 725.2140649815407], [1126.565816849955, 866.440553553638], [1111.2911057338865, 844.3855244043639], [1114.9382405819622, 1039.1746158587907], [1116.6251780733821, 1193.1998375668536], [1215.9025258607103, 408.4445829801305], [1190.7098826562988, 409.18298227124944], [1194.6220796535713, 413.2671003887117], [1134.1885216535725, 420.5511030716003]], "kpt2d_body_mask": [true, true, true, true, true, true, true, true, true, true, true, true, true, true, true, true, true, true, true], "kpt3d_body_mask": [true, true, true, true, true, true, true, true, true, true, true, true, true, true, true, true, true, true, true], "kpt_list": ["Thorax", "Nose", "Pelvis", "L_Shoulder", "L_Elbow", "L_Wrist", "L_Hip", "L_Knee", "L_Ankle", "R_Shoulder", "R_Elbow", "R_Wrist", "R_Hip", "R_Knee", "R_Ankle", "L_Eye", "L_Ear", "R_Eye", "R_Ear"]}