{"id": 1, "class": "person", "kpt3d_body": [[371.43806809043383, -62.55974169561313, 2486.7683704048877], [448.3705976402074, -214.93151142711724, 2351.0969954096704], [400.0867332451966, 522.5179222376424, 2613.227945672115], [498.016682274427, -91.88105112691545, 2587.613557036131], [752.8684347177013, -109.80564803058797, 2720.0399025138377], [714.296748042967, -270.8481834627912, 2564.7297630298567], [481.4451316461982, 508.40798254936345, 2675.5026206998577], [473.94815532408484, 924.1486027023423, 2772.134053325769], [483.5267688962514, 1308.4308712011198, 2859.927865309701], [250.0928334836118, -36.715259228547836, 2381.741135181706], [41.666265662515904, 62.685378163846224, 2181.0995955861545], [190.3250441848186, -115.59799747563858, 2172.6614449841954], [318.72805744299563, 536.6269336077753, 2550.9528817047944], [351.3559558290601, 959.5353588160324, 2664.23761607084], [372.3956299816906, 1347.2706170384379, 2758.7864748202055], [454.25368433104506, -256.42277584477256, 2376.4810111785314], [433.2218406656793, -261.68785007540123, 2477.265027335924], [409.49824942698973, -241.8293434786048, 2341.87561857615], [315.0728404806598, -230.7384905726596, 2384.756396651301]], "kpt2d_body": [[1149.414118420625, 518.4249026023657], [1205.4788532037046, 427.0249193790376], [1152.2506276322563, 828.4413443441874], [1208.3849483878091, 504.23736172431404], [1321.3765591952038, 498.1047959125417], [1322.6888557619993, 409.12357501773783], [1188.945202650095, 814.431580035556], [1172.2675829312138, 1002.9003776421355], [1164.592963120068, 1156.4022493156035], [1088.0140000340211, 531.9053700896311], [967.8626685668903, 593.6454842327306], [1063.681377277292, 479.14852423023063], [1113.5762632557141, 843.0385730308891], [1119.1149638833165, 1038.1971149022042], [1118.8199963320712, 1194.4385439010298], [1205.835953595243, 404.37796159200434], [1183.731671840413, 407.24724255239573], [1183.7375771856066, 410.51049558259956], [1125.1556349899524, 418.978192649673]], "kpt2d_body_mask": [true, true, true, true, true, true, true, true, true, true, true, true, true, true, true, true, true, true, true], "kpt3d_body_mask": [true, true, true, true, true, true, true, true, true, true, true, true, true, true, true, true, true, true, true], "kpt_list": ["Thorax", "Nose", "Pelvis", "L_Shoulder", "L_Elbow", "L_Wrist", "L_Hip", "L_Knee", "L_Ankle", "R_Shoulder", "R_Elbow", "R_Wrist", "R_Hip", "R_Knee", "R_Ankle", "L_Eye", "L_Ear", "R_Eye", "R_Ear"]}