{"id": 2, "class": "person", "kpt3d_body": [[264.0686229464839, 9.618213472227524, 2626.0485068279568], [386.2968886832558, -77.68333425249551, 2485.5123417579634], [302.34293675541556, 560.1827135271758, 2721.377282102803], [352.94629645173023, -20.889194190793603, 2726.2359632013668], [548.8413758380739, -114.56802895978115, 2902.6756117061955], [623.6511093539323, -305.9661791304467, 2794.780873338921], [367.21580079416424, 550.5342314398729, 2792.7155370913315], [372.4724683250958, 911.6501578586551, 2883.2646324334373], [348.4861264099721, 1269.3680257349952, 2970.8436733763137], [157.8631126869333, 30.25384562066165, 2538.1381786355046], [-61.9312940441306, 35.60179375439958, 2351.071421797192], [21.732553691670766, -161.8286271674259, 2237.43343785513], [237.47042849440766, 569.8321077112303, 2650.039476003698], [241.47250657707383, 945.9819890712964, 2724.9738874201144], [234.41928526203247, 1302.7000132850371, 2833.974512964889], [394.1428211911443, -117.42004795084142, 2510.2404791600165], [356.37763242107616, -134.63132777240304, 2607.191584855018], [350.6907447772852, -105.71797542834332, 2468.8902049497824], [250.921622939659, -104.34138201798476, 2506.110966916143]], "kpt2d_body": [[1081.8355014769793, 558.5326112067889], [1157.7257679178692, 509.9700154561352], [1094.6731182326082, 837.2151691487209], [1121.9614644407811, 542.7421518363606], [1203.761504220194, 498.7351298905498], [1249.0274816709243, 402.757273707081], [1122.7973794102243, 825.0984767598255], [1116.800221147274, 982.2678687348039], [1097.6078969943903, 1121.8374337131431], [1028.2792142893582, 570.0895554150657], [904.0740635330325, 574.6154011153486], [954.6677553077396, 452.3085701723732], [1064.975834274793, 849.9083334133738], [1061.263100129979, 1022.8666984476331], [1050.9254440952895, 1161.8953223674523], [1159.8440643861923, 488.42332342770754], [1131.817400869094, 481.5569938619625], [1139.2522548082738, 493.83996858719814], [1081.163944084844, 495.32116222756997]], "kpt2d_body_mask": [true, true, true, true, true, true, true, true, true, true, true, true, true, true, true, true, true, true, true], "kpt3d_body_mask": [true, true, true, true, true, true, true, true, true, true, true, true, true, true, true, true, true, true, true], "kpt_list": ["Thorax", "Nose", "Pelvis", "L_Shoulder", "L_Elbow", "L_Wrist", "L_Hip", "L_Knee", "L_Ankle", "R_Shoulder", "R_Elbow", "R_Wrist", "R_Hip", "R_Knee", "R_Ankle", "L_Eye", "L_Ear", "R_Eye", "R_Ear"]}