{"id": 1, "class": "person", "kpt3d_body": [[361.1672810259941, -66.82115529973487, 2482.978080443375], [449.7949785118659, -211.06072001729018, 2350.2748346267567], [394.54002175106257, 518.5237662046095, 2616.096031128769], [473.0128063687436, -98.3902229357389, 2596.061109469735], [737.6481915143736, -159.1395804008431, 2711.248301315899], [738.4463856893734, -319.7108055112193, 2519.902543650922], [473.2390793255607, 503.4727608172062, 2678.345927756937], [474.13913674070716, 928.5645610713306, 2775.432219201275], [481.79467442179913, 1308.3093039716518, 2860.2888934949924], [244.95067942937808, -39.15058623540972, 2377.085908113577], [101.0878271058489, 17.931342622818818, 2110.756974941894], [247.24980638045446, -179.369880182916, 2087.6631487263767], [315.840379435808, 533.5758783454952, 2553.845863991865], [344.37016419712177, 957.9446780600892, 2669.887657664836], [370.9352979124019, 1347.9450932272973, 2758.662983613513], [453.3945456623609, -252.63384007273004, 2377.8421178836315], [424.6493002281619, -261.0873751690548, 2476.001081000318], [413.11191537044135, -239.62506475008354, 2337.349832789412], [313.96287459321206, -231.7419549273538, 2374.9868586877215]], "kpt2d_body": [[1144.0223933498405, 515.9730326948741], [1206.4142811101174, 429.2565115887461], [1149.172327375622, 826.1424425430323], [1194.3942361029033, 500.8713285344377], [1314.9730404650782, 472.97844545218237], [1341.2303401924935, 380.6589863042882], [1184.5875635253096, 811.7578463017239], [1172.043162646154, 1004.427520447885], [1163.7789653075858, 1156.3100021155492], [1085.2894614848576, 530.4310001471505], [1008.2483294073011, 565.3060814534609], [1106.3355721126854, 433.85374168450323], [1111.8619333606891, 841.1373900567506], [1115.2795611167796, 1036.5741955302622], [1118.126598948707, 1194.7716684187985], [1205.2225344743233, 406.6427106632693], [1179.1302994666391, 407.459536094487], [1186.3187801181352, 411.5588397335904], [1125.252443731496, 417.84494056444095]], "kpt2d_body_mask": [true, true, true, true, true, true, true, true, true, true, true, true, true, true, true, true, true, true, true], "kpt3d_body_mask": [true, true, true, true, true, true, true, true, true, true, true, true, true, true, true, true, true, true, true], "kpt_list": ["Thorax", "Nose", "Pelvis", "L_Shoulder", "L_Elbow", "L_Wrist", "L_Hip", "L_Knee", "L_Ankle", "R_Shoulder", "R_Elbow", "R_Wrist", "R_Hip", "R_Knee", "R_Ankle", "L_Eye", "L_Ear", "R_Eye", "R_Ear"]}