{"id": 2, "class": "person", "kpt3d_body": [[151.699025566143, 115.32417566287307, 2452.5212656848703], [304.777202439601, -17.384014847113463, 2341.2424165861785], [254.33927390980665, 587.4406525895882, 2604.7751965922225], [205.26835652126744, 61.819664774926366, 2601.9712449149083], [218.7667983809402, 287.24722789296976, 2763.675047583865], [304.1096108234923, 502.74941449541745, 2845.307807633504], [299.36688554854726, 540.4496549713963, 2688.8011334025596], [519.645157546263, 781.930405873025, 2853.582127677012], [542.3485049813058, 1153.0777939817758, 2950.13313769011], [96.14621336665117, 165.09125088271674, 2299.270308972454], [67.98423881721061, 450.38362685752674, 2301.4934717619126], [123.90409822851109, 700.231009477476, 2317.676460842353], [209.31243986987158, 634.4295178077867, 2520.749501050126], [222.835090375599, 973.6828755025865, 2644.3462121026796], [228.09171031329782, 1303.3151267970482, 2820.451733419217], [299.95309734899587, -62.35164232033014, 2365.7605619940205], [234.76054576659402, -80.52902759785155, 2446.8967858912715], [271.01036231387786, -42.43135415042332, 2314.3553650015874], [166.26194748891885, -32.07871052810333, 2315.0418185887993]], "kpt2d_body": [[1027.7489524531888, 619.1425732736416], [1122.9508203431326, 543.0731368355035], [1075.860855160819, 863.86292135739], [1051.6037414402076, 586.6199986118287], [1051.6555422108952, 698.2308139123804], [1089.3294301955302, 797.836756754818], [1095.0841680183669, 830.6811397840834], [1189.3171864861492, 925.883370779189], [1186.9386538513327, 1074.58455126336], [999.6471637206877, 653.7493674319951], [982.0766082342132, 824.3680040915801], [1014.2159440969358, 965.5724952780874], [1055.3931291644426, 898.9472516574972], [1054.9670129817773, 1049.573808070531], [1048.4277599095967, 1164.8359938329133], [1118.2280752521062, 516.6937008690163], [1075.3679606108788, 507.475790643206], [1104.8136257427707, 527.8520940461527], [1041.7355017870661, 534.0483712972609]], "kpt2d_body_mask": [true, true, true, true, true, true, true, true, true, true, true, true, true, true, true, true, true, true, true], "kpt3d_body_mask": [true, true, true, true, true, true, true, true, true, true, true, true, true, true, true, true, true, true, true], "kpt_list": ["Thorax", "Nose", "Pelvis", "L_Shoulder", "L_Elbow", "L_Wrist", "L_Hip", "L_Knee", "L_Ankle", "R_Shoulder", "R_Elbow", "R_Wrist", "R_Hip", "R_Knee", "R_Ankle", "L_Eye", "L_Ear", "R_Eye", "R_Ear"]}