{"id": 1, "class": "person", "kpt3d_body": [[370.20386717996416, -25.01948599607232, 2487.036222403437], [469.93576349435267, -208.46991172990954, 2317.979863888953], [396.76941689213857, 517.4801386026144, 2611.7790663738692], [504.0526071667463, -59.930758134401, 2597.8004618336663], [558.601234166239, 203.99920994055108, 2678.8145028091712], [605.3491450008053, 451.59154128203994, 2650.733584424142], [477.1847862670638, 498.6526045405144, 2676.8031295039564], [474.47606944610254, 923.3961922072933, 2773.6586405376333], [485.8303413586493, 1309.924241956502, 2859.1139935582214], [241.14188324279863, 6.627823473989736, 2367.9334227216464], [226.90109392066967, 295.1180851113561, 2392.0478810686527], [320.78849351188785, 547.3854531338158, 2407.3449805037453], [316.35365563450614, 536.3077537716857, 2546.754703494548], [347.1869420160913, 961.6149757237522, 2669.4434203648984], [367.93379445409187, 1345.45452630672, 2762.878957565568], [476.4444180340115, -249.79879942295213, 2345.348273929624], [451.95491511168734, -253.24385154439852, 2448.0359258152957], [432.5254719715615, -238.94124662175244, 2307.89496282696], [335.9224181566629, -225.29344064708454, 2348.5946447007573]], "kpt2d_body": [[1148.7391711494365, 539.4223867976391], [1221.812756511727, 429.22533488939507], [1150.6770039418323, 826.0209486432254], [1210.5729357824323, 521.4637596925589], [1229.8203688526378, 658.5710895708281], [1254.5967944677438, 786.6409540525647], [1186.76455517457, 809.437339055037], [1172.4132450864195, 1002.3175729177019], [1165.6783019791085, 1157.145323215169], [1083.6159666160759, 557.3266275250168], [1073.3237426766657, 724.9646780052439], [1124.575492612405, 865.657374001516], [1112.5773983762842, 843.3502752906293], [1116.6774878131462, 1038.3500883595532], [1116.4989839875573, 1192.876497820032], [1222.1169652482108, 406.4787585682484], [1197.0338004748057, 410.3947363241899], [1200.8294606179666, 410.3196547690071], [1140.2025805278731, 420.2355028842038]], "kpt2d_body_mask": [true, true, true, true, true, true, true, true, true, true, true, true, true, true, true, true, true, true, true], "kpt3d_body_mask": [true, true, true, true, true, true, true, true, true, true, true, true, true, true, true, true, true, true, true], "kpt_list": ["Thorax", "Nose", "Pelvis", "L_Shoulder", "L_Elbow", "L_Wrist", "L_Hip", "L_Knee", "L_Ankle", "R_Shoulder", "R_Elbow", "R_Wrist", "R_Hip", "R_Knee", "R_Ankle", "L_Eye", "L_Ear", "R_Eye", "R_Ear"]}