{"id": 3, "class": "person", "kpt3d_body": [[-82.58885788787993, -136.18058367661092, 2693.3554828898905], [-5.055494742478848, -191.16216268856803, 2555.4394725799366], [-54.33856223502876, 335.3054608471738, 2896.5877214177776], [24.53365783371894, -201.9062806846803, 2789.234650748721], [246.8084772879343, -162.85578063716542, 2698.867333058319], [156.49680569895656, -200.85069925607996, 2522.6917081112833], [26.240999914465284, 292.9280046812363, 2957.784648877962], [-6.517076953108738, 604.5739352996743, 3119.5511417312846], [-34.37051590470196, 911.4883224777742, 3292.6579548969785], [-174.6379877727469, -75.01218670360743, 2594.134687083314], [-5.974289637856698, 35.398944183625076, 2474.2696549553093], [131.74660390188762, -141.97659907895925, 2470.7267254199137], [-134.91778764760346, 377.68200395278194, 2835.390415897966], [-161.74886023174068, 642.2651002263533, 3036.3443202300423], [-169.20752204962162, 943.810327777346, 3218.6899169783064], [4.560041276014939, -235.16682471662776, 2562.9862905255727], [-10.835380982204263, -279.3947425629882, 2641.115421522917], [-39.59734605973713, -209.47308410234498, 2540.0693292472606], [-124.3097440068006, -219.5251992057814, 2560.0349776724943]], "kpt2d_body": [[889.3703419626275, 493.0674589112219], [929.4137910484494, 459.37916455572673], [906.0662211877029, 724.1165088310622], [944.4452762264456, 462.7353515737144], [1059.5189248213032, 479.65277026586256], [1018.6048037683703, 452.82796126936887], [944.5351716706753, 701.0598593747202], [929.2893197639191, 830.6357704603051], [917.9041938822202, 941.0450304380554], [838.2542246185968, 523.2211876848662], [928.799440720154, 583.3875218408688], [1006.550809749057, 483.5186645044271], [866.0691573859988, 747.997927727767], [858.7380169663611, 854.2620388690566], [860.506207063572, 962.1477821265185], [934.6540619259656, 435.90089238300834], [926.4601245656959, 416.51106962800066], [910.4352546505543, 448.7674017197099], [864.5133518333845, 444.292176707892]], "kpt2d_body_mask": [true, true, true, true, true, true, true, true, true, true, true, true, true, true, true, true, true, true, true], "kpt3d_body_mask": [true, true, true, true, true, true, true, true, true, true, true, true, true, true, true, true, true, true, true], "kpt_list": ["Thorax", "Nose", "Pelvis", "L_Shoulder", "L_Elbow", "L_Wrist", "L_Hip", "L_Knee", "L_Ankle", "R_Shoulder", "R_Elbow", "R_Wrist", "R_Hip", "R_Knee", "R_Ankle", "L_Eye", "L_Ear", "R_Eye", "R_Ear"]}