{"id": 6, "class": "person", "kpt3d_body": [[312.4068362800548, -303.94089017789827, 2724.038016772866], [459.5500170245747, -483.3572916702145, 2737.2392759145523], [293.9372302455325, 230.04739979681347, 2891.7131470837644], [231.19556992861362, -351.7990867157773, 2870.899622648049], [117.60575842381147, -399.53426512623867, 3102.753039758076], [295.3748562530517, -572.869548092503, 3121.852317504952], [241.36207925390553, 205.14419806306975, 2966.4982272338057], [222.43503901227757, 617.082592654016, 3090.131339903527], [190.56864249924388, 1029.4441909186733, 3200.6294471935053], [395.4695294363124, -255.37595671870477, 2585.6637410994654], [586.7882922167997, -168.2515765310312, 2406.7714269402004], [711.3794973693327, -375.7222122295901, 2445.6594928607283], [346.51357736842533, 254.9516996657222, 2816.928008889304], [312.0853504786537, 665.1715274034945, 2928.2003690457345], [275.49985124628944, 1069.04045649918, 3060.0392882059978], [426.72509912921527, -523.5057995222126, 2744.7142601480095], [319.99055092787074, -519.9096021618363, 2747.3233745658617], [453.08937399920353, -508.5662483351381, 2690.9199409438916], [388.2437063121313, -478.59494179269984, 2613.717257600081]], "kpt2d_body": [[1119.6409949484075, 393.51072345705234], [1197.6940300115243, 298.0860413171045], [1100.3404676286734, 680.610491814587], [1068.3605043826167, 376.8807177086221], [1004.1971340562221, 367.3694663568281], [1088.864294096437, 286.7204644475353], [1069.904328908879, 665.1064792836621], [1054.8673695404666, 859.1455663157906], [1035.035783531812, 1034.29752901978], [1176.8064084397536, 413.0041421227624], [1310.614286628804, 456.99828090282693], [1376.5525527482546, 334.75679815305523], [1132.2581862425195, 696.856929093867], [1106.0106902435225, 898.7103998710395], [1079.3942428973266, 1072.5096821681666], [1179.0944365740015, 277.1112982178262], [1121.3461702118886, 278.594566640247], [1198.1507041332047, 279.92709825157135], [1169.0060971733978, 288.1386081515685]], "kpt2d_body_mask": [true, true, true, true, true, true, true, true, true, true, true, true, true, true, true, true, true, true, true], "kpt3d_body_mask": [true, true, true, true, true, true, true, true, true, true, true, true, true, true, true, true, true, true, true], "kpt_list": ["Thorax", "Nose", "Pelvis", "L_Shoulder", "L_Elbow", "L_Wrist", "L_Hip", "L_Knee", "L_Ankle", "R_Shoulder", "R_Elbow", "R_Wrist", "R_Hip", "R_Knee", "R_Ankle", "L_Eye", "L_Ear", "R_Eye", "R_Ear"]}