{"id": 6, "class": "person", "kpt3d_body": [[316.5199635522906, -301.2899111844574, 2730.850271752225], [462.57692652603737, -488.737677346602, 2735.9628462633364], [294.65344862157855, 231.57503007896977, 2893.8080207311646], [230.4689247391204, -347.19222218803804, 2864.1785097939323], [178.0563358061656, -369.4236086911751, 3129.222359810974], [278.3375478207685, -576.8716934723547, 3049.618777634131], [242.84550919662684, 205.13438804510784, 2969.27892883011], [220.24469907693899, 616.5299779535627, 3089.2950887149896], [191.68924886430105, 1029.3938022071393, 3202.497304519941], [392.65642886353066, -255.5982271769183, 2593.4109018056915], [602.6078740618998, -139.6575343077066, 2454.455937511373], [645.16450649032, -386.1503834688274, 2483.865363896247], [346.46143279140693, 258.0166853447146, 2818.3372192110523], [313.1740937561795, 666.1167342917904, 2929.958415692913], [265.0860139113491, 1071.7015105523744, 3053.862649579756], [429.35964741181095, -527.5274962769878, 2743.9875571000134], [321.42225993967884, -520.255272831729, 2748.4313328382523], [455.16407221938834, -512.2579066539776, 2690.569719367467], [388.80611406682164, -479.03483747593543, 2614.910284969914]], "kpt2d_body": [[1121.4769886543602, 395.38521254859995], [1199.396584455232, 295.1063592090753], [1100.5985860184242, 681.3144242401648], [1068.2726433237453, 378.84997507030357], [1032.8539735322045, 383.43120346846877], [1083.8029820216916, 278.36675129193316], [1070.54192277504, 665.0024503994974], [1053.8385645776307, 858.9696863622398], [1035.5026548811297, 1034.0084042433284], [1174.5184090291252, 413.2996173999468], [1313.2301858603514, 476.32473909939375], [1331.9846837900068, 331.218304915215], [1132.1299389687968, 698.4158675862707], [1106.4639078192754, 898.975432825976], [1074.6400502267913, 1074.7582572964125], [1180.5405366831887, 274.9149063272659], [1122.0500605866237, 278.5293074794558], [1199.2868815083834, 277.90301394176817], [1169.2223255160588, 288.01723488454695]], "kpt2d_body_mask": [true, true, true, true, true, true, true, true, true, true, true, true, true, true, true, true, true, true, true], "kpt3d_body_mask": [true, true, true, true, true, true, true, true, true, true, true, true, true, true, true, true, true, true, true], "kpt_list": ["Thorax", "Nose", "Pelvis", "L_Shoulder", "L_Elbow", "L_Wrist", "L_Hip", "L_Knee", "L_Ankle", "R_Shoulder", "R_Elbow", "R_Wrist", "R_Hip", "R_Knee", "R_Ankle", "L_Eye", "L_Ear", "R_Eye", "R_Ear"]}