{"id": 1, "class": "person", "kpt3d_body": [[296.81560871300167, -251.57222366622662, 2883.9697737775127], [346.3623523353928, -493.69361008573594, 2955.1209319294703], [279.72887277616934, 262.19026172101024, 3087.1726544896956], [132.19592344005395, -280.70605226129305, 2935.1718933670095], [80.26979380709862, -34.6783512679427, 3063.580841011751], [119.87285821599383, 177.83743082954814, 3222.568593017772], [184.47280286766926, 245.86486510841198, 3112.6999287094754], [190.87394899270262, 639.9719416560156, 3264.541412877211], [185.1654275037765, 1034.8779911770148, 3410.359246544301], [466.4135121556529, -228.7560875632805, 2836.9403392695353], [500.20921282071356, 37.10862927080669, 2953.2507305951826], [494.30012157576243, 246.07505993773955, 3121.8587862987224], [374.98510631745097, 278.5142857454945, 3061.6435230606708], [340.95223732982225, 684.2503259544441, 3226.572295264713], [326.5989549747383, 1054.1426870899707, 3386.036434632776], [313.9440235733889, -522.6797704441508, 2930.733727190299], [239.79656407948596, -485.41147190066465, 2864.879611416819], [369.3846195609175, -513.7507121717828, 2916.031592575055], [387.32660106987333, -463.680618917051, 2823.9125171492924]], "kpt2d_body": [[1104.2252577631903, 420.69513716688266], [1125.1781007101974, 299.8794497385435], [1085.4200276815554, 684.4022158435587], [1015.4681114495772, 407.5835078882214], [986.593622857725, 536.8592927779108], [1003.5007349804295, 639.0479777924812], [1037.3800915690465, 675.4617099774619], [1035.4917024296224, 852.7617742366231], [1028.1714049239185, 1010.8168910295658], [1197.731427923496, 431.24282651953035], [1205.622377468494, 573.4608722807002], [1188.5739858528175, 674.5962311925094], [1134.0371308185147, 693.3979820641431], [1107.038651766135, 876.1174909564684], [1091.4358401202235, 1021.5529831409801], [1109.7153775587203, 282.8094506433772], [1074.1924628760114, 295.91549881203656], [1139.3911426912255, 286.3347958209787], [1155.4460382926643, 304.47985933696]], "kpt2d_body_mask": [true, true, true, true, true, true, true, true, true, true, true, true, true, true, true, true, true, true, true], "kpt3d_body_mask": [true, true, true, true, true, true, true, true, true, true, true, true, true, true, true, true, true, true, true], "kpt_list": ["Thorax", "Nose", "Pelvis", "L_Shoulder", "L_Elbow", "L_Wrist", "L_Hip", "L_Knee", "L_Ankle", "R_Shoulder", "R_Elbow", "R_Wrist", "R_Hip", "R_Knee", "R_Ankle", "L_Eye", "L_Ear", "R_Eye", "R_Ear"]}