{"id": 1, "class": "person", "kpt3d_body": [[269.165449958135, -257.4914394348018, 2769.239918914386], [314.52290622904997, -450.35150391969535, 2849.3876025290724], [273.1301254703983, 285.1002449809806, 3051.5633863005332], [120.43438585078658, -283.3960565028515, 2795.4177402440314], [-157.83006314152874, -337.817990408479, 2855.9605757767495], [-398.8687023762591, -399.4453434211915, 2905.0595394702323], [170.05939966137117, 276.3611463892671, 3063.9752528525523], [166.41038043952932, 686.6566137074085, 3245.4895651429815], [146.5844072069899, 1046.0857281340807, 3382.4684817704037], [417.4768782261831, -236.90330407064195, 2733.8293594727284], [716.0348901093137, -211.92448333805416, 2661.460370953498], [967.5468556948215, -237.8088953065172, 2620.5849760652754], [376.2007817453374, 293.8379812188498, 3039.1521435730187], [360.4541001375709, 708.5736604390856, 3186.7366246478946], [361.57027390145527, 1076.79832374969, 3333.021512557749], [283.83815576380755, -478.6735182789737, 2826.6592692075615], [212.12303805865525, -443.41632193583973, 2758.389238166773], [339.4542948886638, -469.46064171183093, 2812.457863842964], [358.06439607371794, -422.96560326055567, 2721.6370180156673]], "kpt2d_body": [[1095.4447837066407, 411.88538678431587], [1114.9315024368723, 313.3486413550039], [1083.6792379141518, 697.3790303738936], [1012.4453729669779, 398.8112504351567], [861.3498131097319, 373.1212408171711], [736.4517136231995, 344.7546845082857], [1031.5631333175284, 692.6110935711533], [1024.410286507508, 875.9987591631661], [1011.6061939628576, 1019.3116954389045], [1179.9786892857676, 421.97224205265957], [1353.6232774866314, 434.0269897373572], [1497.7016865318367, 419.1177884122774], [1135.9784025738331, 702.0900870963917], [1118.127589508463, 891.2581922885789], [1109.2038349153756, 1038.1818609943566], [1099.6383645872834, 296.23851828014114], [1063.901285283162, 308.9264572918943], [1130.4727385101487, 300.14139017052776], [1147.1064367924105, 317.6129667253018]], "kpt2d_body_mask": [true, true, true, true, true, true, true, true, true, true, true, true, true, true, true, true, true, true, true], "kpt3d_body_mask": [true, true, true, true, true, true, true, true, true, true, true, true, true, true, true, true, true, true, true], "kpt_list": ["Thorax", "Nose", "Pelvis", "L_Shoulder", "L_Elbow", "L_Wrist", "L_Hip", "L_Knee", "L_Ankle", "R_Shoulder", "R_Elbow", "R_Wrist", "R_Hip", "R_Knee", "R_Ankle", "L_Eye", "L_Ear", "R_Eye", "R_Ear"]}