{"id": 1, "class": "person", "kpt3d_body": [[265.83883610632995, -224.54739759160745, 2821.75016615093], [306.89129067438165, -477.2125551727918, 2878.476450405641], [267.69129287030444, 284.3741675670708, 3062.490003197976], [95.25397258307135, -242.9355905377689, 2859.6354392165726], [40.13208898028623, 7.645407222164238, 2981.1385785005095], [60.79431001245791, 219.18133705384435, 3135.393525448728], [168.9028662168425, 273.8334530157951, 3074.8360296592045], [162.52323077155643, 686.5676734736589, 3245.273947648524], [142.87431592922144, 1044.5108173022054, 3383.163767634082], [439.72851731492136, -209.68179444468873, 2786.4748959230064], [477.04028503434677, 64.22854630437044, 2872.990807135177], [482.0209833571811, 285.16755602659873, 3032.3937109700732], [366.4793505509553, 294.915736445446, 3050.144518939911], [351.7067077457446, 709.2679412092331, 3185.9489257475007], [360.62092743640704, 1075.4413710001509, 3330.975966534286], [273.3496700815442, -503.7494015686242, 2851.8186955866213], [201.55236500544223, -455.4825104777756, 2791.2686126902736], [330.46984126834025, -494.8806195498553, 2836.6316010932564], [349.05570023550064, -434.1740627847612, 2752.1483244337655]], "kpt2d_body": [[1090.9565675637823, 432.3271035571873], [1109.1101219630057, 301.66071232173687], [1080.4759755221307, 696.5213688334557], [997.4638674569488, 423.8772737662308], [966.9547917612152, 558.2091037960216], [976.0621008921731, 661.6400365416596], [1030.6884479040086, 690.8703698110924], [1022.5912477010861, 875.9875588881004], [1009.944775500956, 1018.5577933808065], [1187.802770150297, 439.37812411279856], [1200.5642816590225, 588.4216939829383], [1189.3656330082952, 697.7304038167832], [1130.4463413130957, 702.1284164973063], [1114.015547960966, 891.7081998055424], [1108.8818791093552, 1037.8871637776313], [1092.610235264403, 285.2216537745074], [1056.716970352049, 305.2252233645994], [1124.0022844901277, 288.7635533602447], [1139.902225446951, 314.0085028106723]], "kpt2d_body_mask": [true, true, true, true, true, true, true, true, true, true, true, true, true, true, true, true, true, true, true], "kpt3d_body_mask": [true, true, true, true, true, true, true, true, true, true, true, true, true, true, true, true, true, true, true], "kpt_list": ["Thorax", "Nose", "Pelvis", "L_Shoulder", "L_Elbow", "L_Wrist", "L_Hip", "L_Knee", "L_Ankle", "R_Shoulder", "R_Elbow", "R_Wrist", "R_Hip", "R_Knee", "R_Ankle", "L_Eye", "L_Ear", "R_Eye", "R_Ear"]}