{"id": 1, "class": "person", "kpt3d_body": [[274.3643019088814, -228.1191554408359, 2819.1464089500723], [324.3193092181032, -466.6939326640089, 2882.3282182825706], [266.24481242551667, 283.6550496970675, 3042.5766740622043], [107.44080986129795, -253.2042948439407, 2867.609062866921], [45.25036610980756, -1.4575574960198878, 2985.0201761824833], [116.97940320307052, 179.60530239869016, 3160.724714154074], [172.18608701687626, 271.10319045563386, 3068.5172847260997], [166.28144495566835, 685.3849114065408, 3242.686254411335], [144.0517462772439, 1046.443648161476, 3383.134867033795], [443.7513683481885, -207.96218016627975, 2783.5092355753322], [493.0614118157174, 64.74459626035653, 2878.971747370158], [466.0055990556609, 240.20389485563427, 3085.6498237512897], [360.304318836475, 296.2052574169336, 3016.6373527826163], [355.2032675618156, 711.0524573947458, 3183.7876970607836], [360.3735101059937, 1076.2393053055134, 3329.8764023711533], [290.6036275581192, -495.7928094856014, 2857.8720519087233], [217.30207267175524, -457.89406499194956, 2791.548364439712], [346.62194315460795, -485.0993779826017, 2842.5003729960076], [365.4966430438652, -433.8430929990476, 2750.61440573261]], "kpt2d_body": [[1095.7082238606795, 430.2972288879639], [1118.1302467014043, 307.55873665779757], [1080.6217503630576, 697.0873734104837], [1003.8500420034118, 418.77236760905294], [969.5716407815273, 553.5140894755457], [1003.2094704420572, 641.5625423647274], [1032.5080186685336, 689.7867870306081], [1024.4187807464014, 875.6870939747234], [1010.4650789626711, 1019.3825813786066], [1190.2483218733507, 440.2105074452608], [1208.4523366156004, 588.6104599928439], [1177.511943650456, 673.1709046956576], [1129.348607348238, 704.4200230642507], [1115.7768650874223, 892.742778371472], [1108.8168129819192, 1038.3840081693895], [1101.5197338163532, 290.03338923969835], [1065.3092360768817, 303.997294896585], [1132.3078995791072, 294.5462309172062], [1149.0658285474274, 314.144395022449]], "kpt2d_body_mask": [true, true, true, true, true, true, true, true, true, true, true, true, true, true, true, true, true, true, true], "kpt3d_body_mask": [true, true, true, true, true, true, true, true, true, true, true, true, true, true, true, true, true, true, true], "kpt_list": ["Thorax", "Nose", "Pelvis", "L_Shoulder", "L_Elbow", "L_Wrist", "L_Hip", "L_Knee", "L_Ankle", "R_Shoulder", "R_Elbow", "R_Wrist", "R_Hip", "R_Knee", "R_Ankle", "L_Eye", "L_Ear", "R_Eye", "R_Ear"]}