{"id": 3, "class": "person", "kpt3d_body": [[22.24286337177194, -215.25655152042035, 2828.983703362619], [-74.03269071932743, -379.3034283982116, 2934.4411271057115], [6.742555190100617, 263.90145491381304, 2937.5762362242085], [-108.05789038254241, -209.88098319605257, 2739.0252673934633], [-182.3418911281703, 29.932503193654725, 2760.616812572964], [-226.44572100951268, 244.79076869727422, 2862.327265774816], [-79.27651833993268, 274.8222245790878, 2887.2882781867797], [-43.80828468440957, 596.6757133771328, 2914.476306563436], [-22.088833409782627, 946.9697312577899, 2964.0660912466496], [153.21496202389415, -232.0930085955301, 2925.8055371467326], [197.68349379144567, -5.4754174946224055, 3012.9241428840755], [160.095690406157, 200.60897854278252, 3118.1802281099613], [92.76128987160261, 252.98072709363566, 2987.863985861395], [98.86568325804402, 575.986644137772, 3022.9049687700763], [85.89472330144656, 926.065806892903, 3072.4897835105253], [-85.65329118800598, -412.7307869700577, 2900.1922816185606], [-75.85988170700142, -398.5944305657556, 2808.3403285151735], [-37.7567805375261, -410.3785111754082, 2934.907831218045], [46.131501680102794, -404.128565960131, 2896.589777456145]], "kpt2d_body": [[955.1022670597355, 441.2029997321787], [903.2457721420607, 358.49478503985216], [946.3580960163633, 700.9278726631569], [880.8179194808631, 440.4136588862751], [838.9888709141617, 577.3267821449007], [818.7496347516111, 693.9890631873668], [899.6768260845811, 709.2285241830269], [919.3771498474105, 878.1848991201764], [931.3827662610701, 1049.9630467150919], [1024.947175225659, 436.2211797821932], [1045.8450121289334, 557.4989878696321], [1023.3762179083427, 661.059480398751], [991.4889661218197, 692.844878077001], [993.7722526992171, 856.4953848877828], [985.9029135334519, 1023.2835028662785], [896.5468913784437, 338.306508885894], [900.4899278631822, 338.88467736342557], [922.6254736004889, 342.108583636749], [967.6993307925405, 342.5822465321211]], "kpt2d_body_mask": [true, true, true, true, true, true, true, true, true, true, true, true, true, true, true, true, true, true, true], "kpt3d_body_mask": [true, true, true, true, true, true, true, true, true, true, true, true, true, true, true, true, true, true, true], "kpt_list": ["Thorax", "Nose", "Pelvis", "L_Shoulder", "L_Elbow", "L_Wrist", "L_Hip", "L_Knee", "L_Ankle", "R_Shoulder", "R_Elbow", "R_Wrist", "R_Hip", "R_Knee", "R_Ankle", "L_Eye", "L_Ear", "R_Eye", "R_Ear"]}