{"id": 3, "class": "person", "kpt3d_body": [[16.17464557443502, -268.0229489150985, 2827.0886559137743], [-72.70054526127119, -373.4114249367691, 2913.512916840002], [-12.001467738233721, 263.003206142848, 2939.68792923258], [-121.64273282573095, -256.28317167029945, 2718.4662692287793], [-334.6317456116641, -334.63727468954244, 2720.1434222852313], [-253.27223847290955, -471.1104481735283, 2892.128430613771], [-96.39872475436133, 278.7610497283931, 2862.946727787307], [-49.201121190711355, 594.9754777096738, 2918.0928484510446], [-18.752366918949004, 947.1085828940195, 2965.2144847816294], [149.65102970632356, -289.14777024097975, 2913.9676006625973], [207.2301348445837, -400.4663323681233, 3092.0253056592974], [3.745180087763278, -488.79089920600575, 3061.5523465802703], [72.39688189418624, 247.2454552466229, 3016.428524378976], [83.14140246453164, 575.3511402822442, 3032.5458248344876], [83.15487653340561, 927.528700963595, 3070.472549754825], [-84.40537326657252, -406.45082129676905, 2880.800032593959], [-70.89802909813346, -400.62480117941516, 2794.480366049938], [-37.549876947151326, -406.0114054494362, 2914.816074206076], [44.36144907690428, -408.68327179302764, 2884.1425155664874]], "kpt2d_body": [[951.7354229310986, 412.00725534452977], [903.6751513083244, 360.1891887156771], [936.346766273847, 700.34955896887], [872.5643421255409, 412.9098725027057], [750.676466833095, 368.82464579406485], [806.1462629927555, 306.9662771871365], [889.9380782923818, 712.616258141138], [916.5262443639289, 876.9060794472308], [933.1168134439466, 1049.8523163385896], [1023.2997786245801, 405.2038674784692], [1047.6618155944118, 358.25566373468274], [944.6833832549738, 311.4872535694992], [980.4364459518044, 688.6394374909864], [985.531266130007, 855.268592078997], [984.5535289722175, 1024.2841364288447], [896.9095516373663, 340.19479623210003], [903.0623566972713, 336.6687092769214], [922.5969503390198, 342.9352640888717], [966.8433174001586, 339.20799235382776]], "kpt2d_body_mask": [true, true, true, true, true, true, true, true, true, true, true, true, true, true, true, true, true, true, true], "kpt3d_body_mask": [true, true, true, true, true, true, true, true, true, true, true, true, true, true, true, true, true, true, true], "kpt_list": ["Thorax", "Nose", "Pelvis", "L_Shoulder", "L_Elbow", "L_Wrist", "L_Hip", "L_Knee", "L_Ankle", "R_Shoulder", "R_Elbow", "R_Wrist", "R_Hip", "R_Knee", "R_Ankle", "L_Eye", "L_Ear", "R_Eye", "R_Ear"]}