{"id": 3, "class": "person", "kpt3d_body": [[2.239743846460362, -216.52285999941, 2835.782730374538], [-88.70710665179176, -376.1909745026345, 2934.714664326013], [8.055809753687043, 259.1810997213538, 2933.376058257978], [-129.20990160551673, -206.78146146106002, 2746.6685777580087], [-192.64343829905368, 31.514601003857194, 2768.970292172417], [-232.03952835848003, 250.40552689474254, 2868.0815945567265], [-77.01143323439, 270.15364072618513, 2879.767566619179], [-55.20661628236865, 594.3365070500404, 2928.290991153799], [-20.739529047262558, 946.5770485743213, 2966.957270014008], [139.48850838455624, -233.0301319688182, 2932.830359318179], [181.06355631396778, -7.063086127106288, 3026.225496261957], [144.732302723097, 200.5057952941175, 3127.4217895659053], [93.12274918482358, 248.20962370821292, 2986.984297615422], [90.83961233268644, 575.0302941465397, 3030.6285864356637], [83.2707350165314, 925.804212576114, 3072.9206281978118], [-101.70861986582293, -408.947995153148, 2901.715772338473], [-91.34802757375112, -397.9275931823845, 2809.06289655941], [-54.08391514215276, -408.5547016173108, 2935.0747363499277], [29.938001667077792, -406.16616227347447, 2896.2398751754786]], "kpt2d_body": [[943.9937119539466, 440.78980857334545], [895.4174665246309, 360.17100958977244], [947.0660327338893, 698.6197400033898], [868.9090549186226, 442.52714049215444], [833.4709843644457, 578.168102320023], [815.9597478018246, 696.7606536396961], [900.7951453986208, 707.0921270415533], [913.4214179893212, 875.4860074224543], [932.0921694143692, 1049.3124909709052], [1017.4117531306084, 436.005858907762], [1036.777449361151, 556.689301377398], [1015.4321362820419, 660.7222142992154], [991.6960329534495, 690.3922854556766], [989.5178139268668, 855.2812407216211], [984.5821535071829, 1023.0993867946513], [887.9118869223378, 340.45679069342026], [891.8749742497829, 339.3261772124034], [913.9181035234142, 343.0921583431752], [958.9485738222203, 341.46197078099874]], "kpt2d_body_mask": [true, true, true, true, true, true, true, true, true, true, true, true, true, true, true, true, true, true, true], "kpt3d_body_mask": [true, true, true, true, true, true, true, true, true, true, true, true, true, true, true, true, true, true, true], "kpt_list": ["Thorax", "Nose", "Pelvis", "L_Shoulder", "L_Elbow", "L_Wrist", "L_Hip", "L_Knee", "L_Ankle", "R_Shoulder", "R_Elbow", "R_Wrist", "R_Hip", "R_Knee", "R_Ankle", "L_Eye", "L_Ear", "R_Eye", "R_Ear"]}