{"id": 3, "class": "person", "kpt3d_body": [[-72.64467136087765, -219.728569158775, 2883.1103669846657], [-155.88551909179517, -371.775868595641, 2999.509680060977], [-70.37245050951084, 224.90725303321412, 2954.8659966620735], [-208.6520230681653, -207.80422351166663, 2803.316538044044], [-307.80462039809106, 18.877617483679785, 2840.877126372535], [-384.07948728351306, 106.21361085941587, 3060.1984161762784], [-150.26875098768753, 240.35245062256337, 2880.5655543147345], [-130.6720838078502, 587.810779567447, 2988.946646074662], [-57.191710724527894, 936.2085613717752, 3037.0748176845327], [76.33061059635719, -234.2839721203987, 2951.446910888151], [203.27968486486145, -23.20714104847653, 2934.759901297039], [299.30599248710695, 188.2287103418136, 2956.0841590878817], [9.524394949477035, 209.46318118879532, 3029.1657789380024], [-150.5690025609532, 396.79252516946514, 3276.0742607968405], [-38.790180790962225, 766.3350264080748, 3186.142946302573], [-173.64141851591268, -404.2700684038614, 2966.777153159715], [-169.23588208771184, -393.6781553963651, 2875.2866357792873], [-121.66429684063674, -402.108854410548, 2995.627834064974], [-42.986107647455995, -398.01089975417835, 2951.6058623208564]], "kpt2d_body": [[903.1862920105599, 441.0319892924782], [861.3757394590907, 366.83081892519783], [905.3560353731825, 679.5000330037008], [826.0092777556288, 444.4257796644521], [772.8492203479149, 570.7320300115057], [746.1885652362309, 614.5361940263149], [860.9074059249982, 690.8594372750146], [874.6788625905208, 865.7590446344434], [913.8435333199321, 1033.4158111073646], [983.3640663290068, 436.0818389050274], [1051.5739330643319, 547.9601446014154], [1101.4804350881273, 659.8529678592982], [947.6916296836574, 668.6401567190585], [870.7716484349057, 749.478421450161], [923.9068984357242, 932.4328245699244], [851.1923911089441, 347.78915118462146], [850.6806558405793, 346.78259071561206], [879.1845178724594, 350.8452606898866], [919.957680206737, 349.81945121873684]], "kpt2d_body_mask": [true, true, true, true, true, true, true, true, true, true, true, true, true, true, true, true, true, true, true], "kpt3d_body_mask": [true, true, true, true, true, true, true, true, true, true, true, true, true, true, true, true, true, true, true], "kpt_list": ["Thorax", "Nose", "Pelvis", "L_Shoulder", "L_Elbow", "L_Wrist", "L_Hip", "L_Knee", "L_Ankle", "R_Shoulder", "R_Elbow", "R_Wrist", "R_Hip", "R_Knee", "R_Ankle", "L_Eye", "L_Ear", "R_Eye", "R_Ear"]}