{"id": 3, "class": "person", "kpt3d_body": [[33.241577515442856, -256.7962881822921, 2823.057738745947], [-53.88565979888057, -368.94963135691614, 2910.197507442266], [5.733951931839495, 256.0453740932738, 2938.115704246988], [-92.51250261891427, -248.9955479971337, 2719.2369765863277], [-316.4079090304152, -272.31179839821675, 2817.209026500931], [-245.13807400777426, -466.7208411477309, 2916.0705998484923], [-77.98859208683754, 267.2989092913365, 2873.4221436813586], [-43.80763551208976, 594.9206743320893, 2916.3456913897244], [-17.742955903796037, 947.0364303538316, 2964.6687624291985], [149.16584552634365, -276.0489605106734, 2927.6130978760566], [169.47499854981453, -341.5493493524458, 3129.279865995199], [-5.057737988379516, -485.20045413601497, 3079.2178653826013], [89.4570079249074, 244.7928238678844, 3002.80939789551], [90.43549239784289, 574.9600082564261, 3030.0680992084363], [84.70017947502342, 928.5556555018218, 3071.513572446674], [-66.10790979037444, -400.4349837360097, 2877.3550494582564], [-53.02193173711373, -398.33663167492386, 2788.1566945836134], [-20.435190674075727, -399.86261876768776, 2910.9454945724883], [63.352305443199995, -406.45257613111016, 2883.416604166657]], "kpt2d_body": [[961.2386889290813, 417.99674077488453], [913.7530876002567, 362.3250798559941], [945.8185075809779, 696.7334040792539], [889.3702211210069, 417.09629034985755], [767.0528024727848, 409.5773663095782], [811.5730208127858, 311.301538301758], [900.1675164043916, 705.8663846865594], [919.3906486687413, 877.0683864226149], [933.6385085112622, 1049.9035181769964], [1022.6820832735248, 412.8884189413399], [1027.648851877285, 389.78971323196396], [940.2017346396503, 314.69629090344165], [989.5251606025358, 687.9364803425678], [989.3185247403154, 855.29990636826], [985.3131799261266, 1024.6244332920046], [906.799209546663, 343.14856783383823], [913.0025396000838, 337.41848015416485], [931.772577360009, 345.9096063993219], [977.1592365825309, 340.3599437099448]], "kpt2d_body_mask": [true, true, true, true, true, true, true, true, true, true, true, true, true, true, true, true, true, true, true], "kpt3d_body_mask": [true, true, true, true, true, true, true, true, true, true, true, true, true, true, true, true, true, true, true], "kpt_list": ["Thorax", "Nose", "Pelvis", "L_Shoulder", "L_Elbow", "L_Wrist", "L_Hip", "L_Knee", "L_Ankle", "R_Shoulder", "R_Elbow", "R_Wrist", "R_Hip", "R_Knee", "R_Ankle", "L_Eye", "L_Ear", "R_Eye", "R_Ear"]}