{"id": 4, "class": "person", "kpt3d_body": [[234.01863703675306, -259.18632081985334, 2794.1199033131998], [414.9749593074796, -419.04260931869305, 2824.275551752735], [220.59454968709505, 256.1823983272703, 2940.686805782727], [162.3077124239731, -301.230486709921, 2930.1755658487405], [-26.7438455035538, -167.8929824733065, 3109.288786663279], [107.7374897695097, 63.42158849846385, 3096.253843814315], [183.24644940135275, 238.18113664998918, 3029.1361542041136], [107.73715669088608, 628.2649034495752, 3130.2493316804434], [62.14691883482901, 1010.0998245335597, 3244.4171561881562], [301.0270536437728, -216.75744021219217, 2658.3451964046208], [257.33944572856393, 14.294922499031628, 2456.941004835777], [308.4582386520848, 176.04763064260325, 2683.8969026902128], [257.94268739643644, 274.18368740939513, 2852.2373687698678], [224.11202474897613, 678.1051971644064, 2936.6330851343696], [191.72333693892338, 1077.6581691585202, 3040.7524246603843], [385.0387087893782, -456.3243703127516, 2832.5589668472185], [274.783181960325, -452.6890363889346, 2839.208445804248], [410.71045440549653, -443.1955148150537, 2782.868668329197], [342.39586063472757, -415.35150898033055, 2708.606583600458]], "kpt2d_body": [[1073.394515052672, 421.40994202973286], [1167.220440794068, 339.2585877103541], [1060.2670884420015, 692.0937533439856], [1030.6479102244682, 406.2325534284069], [934.0266538407792, 479.48363967731166], [999.70807632318, 591.8908773469583], [1038.4256682587584, 679.4203888087202], [998.6631427338517, 860.9032283060503], [975.4877303363837, 1020.1042929472248], [1117.7162903116302, 438.40677929134944], [1105.228714588392, 569.7286357987703], [1120.3367414819372, 659.5963770855477], [1083.402934536023, 705.5074817567969], [1060.9853984232095, 904.5844084497617], [1039.7863436578273, 1079.9439743792905], [1150.7004335865408, 320.29202764523916], [1092.378917671445, 322.2231111069334], [1168.0152390365165, 323.1941991613104], [1136.6554779061032, 331.6056352373564]], "kpt2d_body_mask": [true, true, true, true, true, true, true, true, true, true, true, true, true, true, true, true, true, true, true], "kpt3d_body_mask": [true, true, true, true, true, true, true, true, true, true, true, true, true, true, true, true, true, true, true], "kpt_list": ["Thorax", "Nose", "Pelvis", "L_Shoulder", "L_Elbow", "L_Wrist", "L_Hip", "L_Knee", "L_Ankle", "R_Shoulder", "R_Elbow", "R_Wrist", "R_Hip", "R_Knee", "R_Ankle", "L_Eye", "L_Ear", "R_Eye", "R_Ear"]}