{"id": 4, "class": "person", "kpt3d_body": [[233.16538715821505, -270.97372807065153, 2797.015388194131], [395.9964316928408, -417.0375666021856, 2810.803070596651], [222.19001096800633, 246.5557377834942, 2937.4673172691105], [162.43687862251937, -323.831873120261, 2919.6581471332156], [57.48793135097009, -253.52538881040388, 3158.9697940748924], [180.7996190512447, -433.81537848380856, 3085.7601303228103], [187.19967446196728, 222.39923014940572, 3023.101975479859], [125.26128827871405, 627.479399619081, 3132.787944734964], [62.8872986200635, 1009.190074747542, 3242.1424013881206], [295.79541651469077, -223.21464543029535, 2658.4553041803965], [371.1246858931371, 8.976984686695602, 2468.753834469291], [424.41066575494165, -244.28161062435365, 2500.2686168067726], [257.18041499996605, 270.7113144002308, 2851.832286705114], [224.68540162032312, 666.8611982994353, 2933.8869719735176], [190.91690267359388, 1074.6444994114775, 3038.4952229433447], [373.31451039807416, -456.07878764356894, 2821.9574774185708], [263.83742321125135, -466.7926605696716, 2829.861639709065], [395.34591604191587, -442.4639029027559, 2770.380371220829], [326.86242082445654, -429.4954212392598, 2695.596539714853]], "kpt2d_body": [[1072.781822199966, 415.24031783319975], [1158.245356048993, 339.1703053939367], [1061.2236744640663, 687.319525982457], [1030.9808484125529, 394.097196894822], [974.5555233431854, 439.9680269309183], [1035.2776412699482, 349.86654763991794], [1040.597199082944, 671.809953196611], [1007.000456094889, 860.2700540766311], [975.8454594284005, 1020.0158686601418], [1114.7448113273965, 434.76005221823556], [1173.443208299641, 566.4226736889736], [1201.7247502192697, 414.7803324013747], [1083.0284799597373, 703.7072672721047], [1061.4259186432243, 899.3347358426818], [1039.4754566003055, 1078.9375643893409], [1145.2792902381452, 319.4718912124518], [1087.014360279078, 314.0406267012014], [1160.7720677599245, 322.44527393143255], [1128.9018543036186, 322.68708059645047]], "kpt2d_body_mask": [true, true, true, true, true, true, true, true, true, true, true, true, true, true, true, true, true, true, true], "kpt3d_body_mask": [true, true, true, true, true, true, true, true, true, true, true, true, true, true, true, true, true, true, true], "kpt_list": ["Thorax", "Nose", "Pelvis", "L_Shoulder", "L_Elbow", "L_Wrist", "L_Hip", "L_Knee", "L_Ankle", "R_Shoulder", "R_Elbow", "R_Wrist", "R_Hip", "R_Knee", "R_Ankle", "L_Eye", "L_Ear", "R_Eye", "R_Ear"]}