{"id": 4, "class": "person", "kpt3d_body": [[225.2165697399475, -309.7577043530408, 2813.1984904329643], [362.04482831988275, -426.3564714444932, 2859.3981398134174], [230.0282064130218, 220.23744027964497, 2935.257676291912], [251.6930433370498, -347.1719232081052, 2942.6226207205586], [490.38732168722674, -317.065564117937, 2722.827862981281], [371.09271910934626, -372.3626544029581, 2537.0273421319553], [233.6696421547248, 201.3867080343529, 3030.2901229195704], [128.33645032931645, 606.7441177694728, 3124.2516430395945], [61.99733832504171, 1010.8438880351106, 3242.381893712111], [207.18104517614586, -264.31915414332923, 2676.4562317521563], [195.5924475683257, -106.30502639650373, 2401.179230213882], [302.74330737881513, -329.67192127336136, 2437.3196841272884], [226.38680809491788, 239.08819992978067, 2840.225141072782], [223.34997884318176, 664.1277594984791, 2931.2988471064796], [190.56909537161656, 1076.4257086628363, 3040.901747602145], [343.34788700927476, -456.04914020219337, 2878.764001950885], [237.86575541889601, -452.1358693462362, 2880.1178746199575], [361.06656592628525, -461.02731039370906, 2827.5046744243136], [294.2195145292174, -463.1578228353111, 2747.683067277769]], "kpt2d_body": [[1067.7329079088036, 395.4328347037185], [1137.019036057706, 337.87755031725095], [1065.3699844954199, 673.9468642573256], [1075.9049822821069, 383.71673932836484], [1216.7728725375662, 387.05338446648705], [1166.2648612247165, 341.6149407294871], [1063.5139651433117, 661.0731380577674], [1008.6711883375891, 851.336697641277], [975.4359425050063, 1020.7034295944503], [1063.8185991479556, 412.3955380633626], [1070.137471698537, 494.24387844538285], [1133.6136968197097, 358.37078674086257], [1067.3439696317719, 687.6665340040652], [1060.8569355038753, 898.2768913962288], [1039.2308126368819, 1079.3634661087772], [1125.9520639511854, 324.01011300624236], [1071.1662302532757, 325.71512203004727], [1138.4327240530672, 317.2893027730406], [1107.647070599462, 308.8752120816778]], "kpt2d_body_mask": [true, true, true, true, true, true, true, true, true, true, true, true, true, true, true, true, true, true, true], "kpt3d_body_mask": [true, true, true, true, true, true, true, true, true, true, true, true, true, true, true, true, true, true, true], "kpt_list": ["Thorax", "Nose", "Pelvis", "L_Shoulder", "L_Elbow", "L_Wrist", "L_Hip", "L_Knee", "L_Ankle", "R_Shoulder", "R_Elbow", "R_Wrist", "R_Hip", "R_Knee", "R_Ankle", "L_Eye", "L_Ear", "R_Eye", "R_Ear"]}