{"id": 4, "class": "person", "kpt3d_body": [[1299.952196263234, -288.6285217662795, 3428.331938538356], [1526.9578508924815, -281.6337323487834, 3554.5625967198057], [997.378024071365, 98.64734157990654, 3406.3593942969364], [1187.4408312636451, -346.18113254884224, 3498.0835680699165], [938.7703110073894, -155.9879092632049, 3501.3927996692064], [880.4577710332064, 50.32798705458475, 3570.3553045757003], [915.0691492477176, 62.448815183848296, 3453.5320019009414], [837.3615424692846, 459.16753599983764, 3577.1490505253814], [672.8780821987624, 857.8974149641053, 3598.875373633944], [1398.9232631049103, -218.4295963154743, 3348.4023945775402], [1554.5404246963767, 60.72040372770374, 3414.1014545655803], [1779.0384154797644, 138.6430841930266, 3606.107879643107], [1079.677712615542, 134.84770387049096, 3359.1831354245523], [1173.1841794604798, 514.4942381105882, 3528.9878834964297], [1229.6990843337148, 915.8169417949478, 3647.4722811204892], [914.8210568600973, 279.71380937815525, 3386.8103273965926], [859.6495430568866, 249.979100686259, 3378.5872823605273], [41.459544279999996, 1121.309872, 3147.604202], [41.459544279999996, 1121.309872, 3147.604202]], "kpt2d_body": [[1501.9353565751026, 438.08640326031474], [1570.7719397764836, 446.2162516243418], [1381.4451529892046, 603.7807047464788], [1446.4765943392688, 415.75762771268535], [1345.9807329748633, 494.84685446071774], [1315.0548861029033, 581.924612574868], [1341.5893662277726, 587.7939164917183], [1295.5223416316499, 751.4797413853628], [1224.0716663182654, 913.0604170746897], [1555.0510525539744, 466.26309429976726], [1606.06363783549, 586.5616692735572], [1656.3711966788155, 615.9932380865732], [1421.9559000335646, 620.0748111728692], [1435.4025132005415, 774.4502340101151], [1437.781835929763, 925.2464150784185], [1348.3888861811718, 683.301496254971], [1325.9311861334731, 670.8060907722892], [966.5501970847572, 1082.8706161338764], [966.5501970847572, 1082.8706161338764]], "kpt2d_body_mask": [true, true, true, true, true, true, true, true, true, true, true, true, true, true, true, false, false, false, false], "kpt3d_body_mask": [true, true, true, true, true, true, true, true, true, true, true, true, true, true, true, false, false, false, false], "kpt_list": ["Thorax", "Nose", "Pelvis", "L_Shoulder", "L_Elbow", "L_Wrist", "L_Hip", "L_Knee", "L_Ankle", "R_Shoulder", "R_Elbow", "R_Wrist", "R_Hip", "R_Knee", "R_Ankle", "L_Eye", "L_Ear", "R_Eye", "R_Ear"]}