{"id": 4, "class": "person", "kpt3d_body": [[208.83283590136185, -250.95143300959947, 2786.9637233482326], [372.77561112125863, -393.3997634927458, 2805.150456708697], [205.32435605585107, 243.0872811793651, 2936.4507970811674], [136.2593853467119, -289.3583463346754, 2925.937370079484], [208.0938645604553, -52.30938863897464, 3085.822900658247], [347.79528849016754, 28.163498897353634, 2889.208454896322], [154.8139645893782, 220.35017067997472, 3023.457833920697], [104.10186757783462, 618.5932104666085, 3121.58408630106], [62.04465398154559, 1011.7976303619071, 3242.9441135381076], [294.4489892968755, -210.32695660991052, 2661.548118210017], [385.47257887346575, 13.387203173990372, 2843.416888191157], [344.65200051593115, -247.36241784059743, 2847.6085381539324], [255.83372321272944, 265.82538029801185, 2849.4438365424876], [222.18029058759953, 666.5914039949892, 2935.4769225221617], [191.0838884589529, 1076.145840632535, 3040.314734780436], [349.2929692237712, -431.899468568878, 2818.7255402683127], [240.08263996883133, -441.207278409296, 2832.727874013618], [369.9455528087809, -422.27083973766173, 2764.99525610221], [297.5730891679841, -413.81710927209224, 2692.0086038482477]], "kpt2d_body": [[1060.1373776887608, 425.43444196003674], [1146.4765513819793, 351.09113838273066], [1052.6192055274146, 685.6168784820105], [1017.360757032777, 412.05462060619595], [1049.0396981090487, 535.3960216789924], [1128.6879172858876, 575.6332298438253], [1024.4270984144014, 670.8111892151467], [997.0731662275983, 857.1845657147235], [975.4518475921194, 1021.0417664288839], [1113.8256509716532, 442.1570718403406], [1151.4194279272222, 568.0412860374128], [1129.342741509417, 430.4848289398464], [1082.4423902775106, 701.2620533526494], [1060.0960123093773, 899.0331650449267], [1039.4971467786402, 1079.3282429613362], [1132.9475571919845, 331.74912078742767], [1074.419110207992, 327.55877111151665], [1147.6508972548336, 332.63368651033943], [1112.9947583529363, 330.8449877579544]], "kpt2d_body_mask": [true, true, true, true, true, true, true, true, true, true, true, true, true, true, true, true, true, true, true], "kpt3d_body_mask": [true, true, true, true, true, true, true, true, true, true, true, true, true, true, true, true, true, true, true], "kpt_list": ["Thorax", "Nose", "Pelvis", "L_Shoulder", "L_Elbow", "L_Wrist", "L_Hip", "L_Knee", "L_Ankle", "R_Shoulder", "R_Elbow", "R_Wrist", "R_Hip", "R_Knee", "R_Ankle", "L_Eye", "L_Ear", "R_Eye", "R_Ear"]}