{"id": 4, "class": "person", "kpt3d_body": [[225.6248170125956, -249.31381153037037, 2748.818856540293], [395.414392972516, -411.1286467273475, 2773.973724463116], [134.02876873831653, 217.8042320925401, 2906.7698182156564], [151.2077479879061, -318.48038049129866, 2875.194751169313], [151.92491568373498, -39.97432253087837, 3015.18964917927], [328.23752883665264, 75.89453927407902, 3117.409653771208], [116.0690568997643, 171.02120281384103, 2996.01109991736], [343.4486711643244, 367.86393485245287, 3245.2631726354007], [124.2788671548812, 725.1537628835015, 3200.894894976255], [303.93671398274614, -186.6798991160546, 2621.5206614825083], [281.99572946812157, 122.96389723807778, 2645.696004749434], [368.98307153729775, 367.93661671637165, 2688.1021014914513], [151.9884424047977, 264.5872334182984, 2817.5286268772525], [159.0182536615337, 653.224926830659, 2937.360208039483], [130.63677954803438, 1061.7962431567498, 3043.8986368139576], [366.6784049773015, -450.0054756197675, 2781.569517576563], [257.2830471089203, -452.7242281096785, 2780.6273839634764], [395.0626647408559, -434.97220550143584, 2731.8666018956656], [332.4336087736737, -408.80611721032824, 2654.113212910392]], "kpt2d_body": [[1070.889713296867, 424.49134125142643], [1160.7133473290753, 339.4320562657351], [1016.7299198554871, 673.9052161405721], [1026.3937768196756, 394.30257431695617], [1023.2897003298796, 540.9586130869826], [1106.0346429118783, 597.6274261180238], [1005.6357438558116, 647.0716915365362], [1106.358999012182, 731.1237803483697], [1005.1224878155509, 898.5805658062161], [1121.8272278862123, 453.9045072629372], [1107.915405226424, 630.9219312292531], [1153.0054970358683, 765.7483758971049], [1028.4926212574192, 702.364351285985], [1028.0106234599673, 892.4225488235847], [1010.2950370404204, 1072.4288899869605], [1144.585918026502, 319.224028276891], [1085.9813848012209, 317.1928479984276], [1163.6097491680348, 323.1999058440724], [1134.9221155144821, 330.5809428925712]], "kpt2d_body_mask": [true, true, true, true, true, true, true, true, true, true, true, true, true, true, true, true, true, true, true], "kpt3d_body_mask": [true, true, true, true, true, true, true, true, true, true, true, true, true, true, true, true, true, true, true], "kpt_list": ["Thorax", "Nose", "Pelvis", "L_Shoulder", "L_Elbow", "L_Wrist", "L_Hip", "L_Knee", "L_Ankle", "R_Shoulder", "R_Elbow", "R_Wrist", "R_Hip", "R_Knee", "R_Ankle", "L_Eye", "L_Ear", "R_Eye", "R_Ear"]}