{"id": 4, "class": "person", "kpt3d_body": [[314.7369642001383, -236.72352992562296, 2763.71049285691], [483.5497624164884, -395.5471178240425, 2849.2460052363012], [275.15003305139146, 288.6408118638816, 2817.200768564234], [248.9199200896872, -248.06968737090827, 2907.3632562697417], [13.711612202532413, -118.53835757856629, 3027.125624806704], [157.7338332886978, 105.50787198333879, 2953.7701635089365], [242.92267763204566, 277.04005619187296, 2909.018291883016], [196.68760241621175, 655.0821191110549, 3045.514170690956], [108.00731774962406, 1032.7204002197775, 3175.0228297260905], [391.63606016549704, -219.47193942363455, 2638.642675746404], [317.94602971355863, -42.56582785391075, 2383.2912123325655], [323.786250215456, 172.79885465647752, 2550.3874048259418], [307.37721599529687, 300.24340216575024, 2725.384078543418], [259.0748751677138, 723.5429773242055, 2831.6890209755543], [195.704771807125, 1105.5506896357274, 2945.2837514670064], [452.34112003153894, -427.86470587459985, 2860.0805902941443], [341.3034633556704, -414.29140372982704, 2855.0008177345117], [480.41552793181125, -426.28224785280327, 2811.0903484670343], [420.7889173006947, -407.2301400671098, 2726.565707070755]], "kpt2d_body": [[1118.6515573178308, 432.24706566305673], [1201.086735719973, 353.73993149911905], [1094.2146152414305, 714.9201626365299], [1076.236646095319, 432.5655018095191], [953.8951502986849, 501.8532838270396], [1027.8222751886663, 614.8580918818382], [1072.9980336428282, 704.2113424727422], [1043.6674115080555, 881.7183840699963], [997.3708232723277, 1039.6168227638582], [1170.2358190339014, 436.23149181809674], [1148.1781313619224, 534.1091148165476], [1138.3222646427403, 662.7629184565033], [1116.7922247730176, 726.3056598470437], [1083.18199369621, 939.8975135878003], [1044.4677814755378, 1108.8013109593176], [1183.8288054192526, 337.6256199469382], [1126.5363381284965, 343.7042405466525], [1202.6176342172193, 334.8305873549392], [1178.1678114585393, 337.9206088668092]], "kpt2d_body_mask": [true, true, true, true, true, true, true, true, true, true, true, true, true, true, true, true, true, true, true], "kpt3d_body_mask": [true, true, true, true, true, true, true, true, true, true, true, true, true, true, true, true, true, true, true], "kpt_list": ["Thorax", "Nose", "Pelvis", "L_Shoulder", "L_Elbow", "L_Wrist", "L_Hip", "L_Knee", "L_Ankle", "R_Shoulder", "R_Elbow", "R_Wrist", "R_Hip", "R_Knee", "R_Ankle", "L_Eye", "L_Ear", "R_Eye", "R_Ear"]}