{"id": 4, "class": "person", "kpt3d_body": [[195.63938496963976, -282.80105872502236, 2763.6985556761565], [337.6309488360794, -410.518640686097, 2781.571438589749], [218.5380453915651, 234.05778694137126, 2932.1226257514077], [148.59419534419212, -332.36612272536763, 2899.4042470572226], [194.6490081230914, -486.05254656290595, 3110.8239714368033], [392.9891377960813, -420.8433477510407, 2978.503665201064], [181.00866166361635, 207.59662624223225, 3014.6504505559865], [104.95527048797848, 615.0840135332119, 3124.5971124003204], [61.6563512063641, 1008.9697914895344, 3241.6242554522273], [258.55109355646493, -235.212281220373, 2641.8486272168116], [512.9508707310861, -181.47707374616303, 2469.757120473044], [495.56033802876686, -299.046329581618, 2701.95008796496], [256.0667194950363, 260.51820576831346, 2849.5937073021223], [220.96832198456713, 667.7389718239974, 2932.6740871395177], [190.8944288096655, 1075.0250470286894, 3039.52565842236], [315.3457965378032, -450.5015735511979, 2793.4817653395285], [210.49537653851343, -460.15851987242047, 2802.5710467494496], [334.8647201705869, -434.74568133633124, 2740.9615418956396], [266.28086867496773, -422.1185125951855, 2668.447575386992]], "kpt2d_body": [[1053.839301129001, 407.01636221669924], [1129.2415476045326, 340.06201264303655], [1059.5748156237673, 681.1592102059516], [1024.358003171051, 388.5202910358641], [1041.156526333187, 326.6496301978914], [1145.0519258728389, 349.5200413261419], [1037.776617927757, 664.7464684152375], [997.4399484962911, 855.2568528803595], [975.288623084486, 1019.991417327368], [1094.619056379574, 427.07905894018586], [1257.9061489950186, 451.2840016502503], [1221.731362430491, 395.6641740513527], [1082.5696350888384, 698.4655547598416], [1059.581213585593, 899.9202218165995], [1039.4333094109493, 1078.9452832255238], [1116.4011628997648, 319.71536969073304], [1059.894820281433, 314.9875617266292], [1130.2707630583268, 323.7654465575381], [1096.8871832205007, 324.10968491843124]], "kpt2d_body_mask": [true, true, true, true, true, true, true, true, true, true, true, true, true, true, true, true, true, true, true], "kpt3d_body_mask": [true, true, true, true, true, true, true, true, true, true, true, true, true, true, true, true, true, true, true], "kpt_list": ["Thorax", "Nose", "Pelvis", "L_Shoulder", "L_Elbow", "L_Wrist", "L_Hip", "L_Knee", "L_Ankle", "R_Shoulder", "R_Elbow", "R_Wrist", "R_Hip", "R_Knee", "R_Ankle", "L_Eye", "L_Ear", "R_Eye", "R_Ear"]}