{"id": 4, "class": "person", "kpt3d_body": [[216.82689335651102, -298.1035220894056, 2800.1869575345663], [364.2374283465746, -424.56982679393843, 2836.927327773318], [225.3980469280379, 234.1435672043005, 2925.5617994104314], [265.890053915284, -333.27084632994047, 2928.6117920059064], [534.1564268527674, -290.78244809044645, 2823.2897021130484], [487.6835512249527, -398.76642787300955, 2620.8498272108136], [229.57824275538968, 206.12935636783874, 3020.741197464856], [130.6011182542183, 608.4118118876386, 3121.519832905623], [64.4247311226275, 1011.7682269399156, 3243.679683855], [177.30939330816295, -256.2330359364255, 2660.8828825422], [63.097765319274174, -83.24058845184709, 2430.5212132466368], [187.9127997737848, -291.9694641129389, 2332.789972545307], [221.2168193063718, 262.15876117905026, 2830.382495375151], [217.48580601727133, 666.8162762225031, 2925.6382562462163], [190.31737376265818, 1077.3250208278757, 3040.386180825308], [338.5571358537509, -454.88704781141723, 2857.3446693214883], [234.03611037480314, -451.8772296091531, 2860.6890165657915], [361.2778609598908, -460.1134137923917, 2804.9874122287556], [294.21323814997396, -455.89765943593807, 2726.1914810639723]], "kpt2d_body": [[1063.81079840605, 400.8730675383615], [1139.655026104328, 337.08585688304834], [1063.3559484936172, 681.4605483123602], [1083.8259124869414, 389.9967649250027], [1230.3654289964272, 407.15743240025904], [1224.953207053642, 334.36806984427625], [1061.8342110552803, 663.7524425657914], [1009.8080601763614, 852.3657057004938], [976.5305308767872, 1020.9268696216724], [1047.615946021683, 416.0263414898377], [986.3327088725736, 509.2686395815535], [1068.3748805297787, 372.97645668460814], [1064.9690911605758, 700.3300770280315], [1058.0758099154814, 900.2689602440237], [1039.1203342875297, 1079.8573099328776], [1124.775660597031, 322.84605238583003], [1069.9922438954623, 324.26360551999346], [1140.0543620169326, 315.8555462431005], [1108.9197637490017, 310.8540547474314]], "kpt2d_body_mask": [true, true, true, true, true, true, true, true, true, true, true, true, true, true, true, true, true, true, true], "kpt3d_body_mask": [true, true, true, true, true, true, true, true, true, true, true, true, true, true, true, true, true, true, true], "kpt_list": ["Thorax", "Nose", "Pelvis", "L_Shoulder", "L_Elbow", "L_Wrist", "L_Hip", "L_Knee", "L_Ankle", "R_Shoulder", "R_Elbow", "R_Wrist", "R_Hip", "R_Knee", "R_Ankle", "L_Eye", "L_Ear", "R_Eye", "R_Ear"]}