{"id": 4, "class": "person", "kpt3d_body": [[232.9970604838557, -267.16402788500534, 2791.2839318259403], [392.60811993182926, -413.6848899560475, 2807.789007980164], [222.717881408719, 248.06040734324782, 2933.146021450437], [150.5154497663628, -321.84729187775883, 2906.756728750167], [49.65456629227241, -249.66802257336255, 3151.4889137415776], [164.9585822989451, -428.57954129035033, 3078.095269366375], [187.20042756168337, 223.59408130119334, 3018.7668278414917], [126.08409661125879, 630.1750164844452, 3131.435505382111], [63.137024726469534, 1009.9217409173352, 3242.00239746755], [296.1683105673165, -221.01533377106009, 2651.8770956668377], [363.4664313703694, 10.773548648705429, 2457.045428703464], [421.1275219355174, -235.98132638647584, 2492.5015139862007], [258.23626210054914, 272.5266538595221, 2847.525581984956], [225.42888139246529, 668.5379405273989, 2931.1922943807476], [190.85963145081834, 1074.6808471099537, 3038.6831959782608], [369.0404275425533, -453.4895419724187, 2818.573475705135], [260.2063540205975, -464.21353755782195, 2823.1969212373674], [393.7448761398852, -438.9944685097389, 2767.725404947235], [326.21480404695234, -426.95216620008364, 2690.7086127183584]], "kpt2d_body": [[1072.9552969545646, 416.9866659965308], [1156.6930086221278, 340.68534278939137], [1061.6593167910326, 688.2729934952549], [1025.1746607907764, 394.3657013747655], [970.8644983085183, 441.51919329807845], [1027.7664218617833, 351.84787211207345], [1040.7299805138896, 672.5630364676881], [1007.4146052020042, 861.655947809551], [975.95981373412, 1020.3527502397083], [1115.3732037130421, 435.69314190444186], [1169.8662060882261, 567.548247448786], [1200.5934655302874, 419.2781734409174], [1083.785238581684, 704.8730455065391], [1061.8990320515263, 900.4644162229858], [1039.4422498803879, 1078.9241227630173], [1143.2725060982461, 320.520675530728], [1085.426225721826, 314.8033407709695], [1160.1346883853573, 324.06145727567474], [1128.8804398108718, 323.6554292098018]], "kpt2d_body_mask": [true, true, true, true, true, true, true, true, true, true, true, true, true, true, true, true, true, true, true], "kpt3d_body_mask": [true, true, true, true, true, true, true, true, true, true, true, true, true, true, true, true, true, true, true], "kpt_list": ["Thorax", "Nose", "Pelvis", "L_Shoulder", "L_Elbow", "L_Wrist", "L_Hip", "L_Knee", "L_Ankle", "R_Shoulder", "R_Elbow", "R_Wrist", "R_Hip", "R_Knee", "R_Ankle", "L_Eye", "L_Ear", "R_Eye", "R_Ear"]}