{"id": 4, "class": "person", "kpt3d_body": [[233.5841942211991, -268.6429763326656, 2793.557427274172], [398.4013952086508, -419.96649288186904, 2813.0216320551417], [225.10586574957674, 245.44369039478795, 2936.9795309857827], [163.7380776140108, -323.1363338684771, 2918.64514548771], [37.364606290569206, -248.3041590106741, 3152.2039027901283], [194.21350198560432, -413.0877498424825, 3138.4732542324514], [188.7720419864216, 220.57909137140797, 3022.297756226759], [125.86711547028086, 629.9067867899261, 3133.3862461196723], [63.5672614023672, 1009.7467723067666, 3242.32078045706], [297.17912696553026, -221.28195561624366, 2655.351715214297], [363.84623812852396, 2.156152133937468, 2450.9506583932025], [507.0185958716223, -203.59664383314723, 2490.8709990162924], [261.43965941041034, 270.3092478403631, 2851.661589506584], [224.6143491392759, 666.4179726210357, 2934.319230626333], [190.7843557034571, 1073.9236156596446, 3039.210685819407], [373.61157289820454, -458.4274949874999, 2822.5213148806806], [262.3289781283697, -464.7491345562388, 2827.9446500628037], [397.9335915710494, -445.5820893672852, 2772.270809619144], [331.1852271895608, -427.67619095949794, 2695.795776656859]], "kpt2d_body": [[1073.1664985942018, 416.3114189476775], [1159.3359826635422, 337.8147761721099], [1062.7387939106272, 686.7677710267254], [1031.6823871300098, 394.39801390455125], [964.9654569776733, 442.194057659077], [1040.276113739014, 363.227448591085], [1041.4085884097265, 670.9327068128728], [1007.2745406749544, 861.3476352731157], [976.1534600029458, 1020.2331156714945], [1115.7246151072143, 435.70768640563006], [1170.6466885885045, 562.2830617237469], [1251.7371498483099, 438.9478639318094], [1085.2806233003282, 703.4951689850338], [1061.375264246567, 899.0672811157949], [1039.3940195072735, 1078.4943005912958], [1145.3842789138657, 318.2931722384356], [1086.3180371589408, 314.93776652118504], [1161.9955959921, 320.9605591222863], [1131.2856927652476, 323.723180095938]], "kpt2d_body_mask": [true, true, true, true, true, true, true, true, true, true, true, true, true, true, true, true, true, true, true], "kpt3d_body_mask": [true, true, true, true, true, true, true, true, true, true, true, true, true, true, true, true, true, true, true], "kpt_list": ["Thorax", "Nose", "Pelvis", "L_Shoulder", "L_Elbow", "L_Wrist", "L_Hip", "L_Knee", "L_Ankle", "R_Shoulder", "R_Elbow", "R_Wrist", "R_Hip", "R_Knee", "R_Ankle", "L_Eye", "L_Ear", "R_Eye", "R_Ear"]}