{"id": 4, "class": "person", "kpt3d_body": [[226.98973202307357, -266.5115157632125, 2795.9490540439533], [393.01863654996794, -416.4790107264581, 2805.2879835527274], [219.73321189510773, 245.0276189125701, 2942.745081270378], [147.29318803628732, -315.57661786557173, 2920.3704343724085], [43.498887053642804, -231.9889103701415, 3153.2884733621277], [159.4103315213665, -417.37675907840344, 3138.4134344064496], [182.60122940808606, 220.65460850940468, 3031.935653729991], [117.72340181053406, 628.4888685242556, 3140.088416071319], [63.2292281093324, 1009.0392741498829, 3241.994120357245], [287.8190986772923, -218.80608327058653, 2658.260177449434], [357.05766698148466, 13.086393447387792, 2466.0332478462965], [461.48809692783857, -216.60106883276413, 2492.18603109542], [256.86515695853035, 269.40060191089174, 2853.5545974022357], [224.33822549754376, 665.5756399328454, 2933.332481733841], [191.14666324978842, 1075.4309885544699, 3039.911296951106], [368.86481316031507, -456.2255391288137, 2815.9549200653155], [259.4703358358548, -466.4940575011242, 2824.619047501079], [391.76850312828435, -440.9321138273764, 2764.756678334491], [321.61110671640404, -425.1450606164177, 2691.552447025884]], "kpt2d_body": [[1069.517602957868, 417.56225331423616], [1157.0789204293626, 339.0217831490901], [1059.7656928901038, 686.3193383540173], [1023.1586568990288, 398.3441376798678], [967.9033666082769, 450.0153590575272], [1023.5885067780862, 361.1298726367001], [1038.040254090091, 670.6289101612617], [1003.2672344845432, 860.0717941538175], [976.0028239910449, 1019.9700116193604], [1110.2713600826962, 437.21542124005623], [1165.1874969388998, 568.9351651242076], [1224.6417008769022, 431.03091859417464], [1082.7840515124524, 702.9350214222691], [1061.2759491886245, 898.7621219755044], [1039.5421319195539, 1079.0671508763448], [1143.3439948663856, 318.86722001136104], [1084.9594533669597, 313.72973115311754], [1159.2869203406128, 322.7672745612042], [1126.2858436897027, 324.69723392891194]], "kpt2d_body_mask": [true, true, true, true, true, true, true, true, true, true, true, true, true, true, true, true, true, true, true], "kpt3d_body_mask": [true, true, true, true, true, true, true, true, true, true, true, true, true, true, true, true, true, true, true], "kpt_list": ["Thorax", "Nose", "Pelvis", "L_Shoulder", "L_Elbow", "L_Wrist", "L_Hip", "L_Knee", "L_Ankle", "R_Shoulder", "R_Elbow", "R_Wrist", "R_Hip", "R_Knee", "R_Ankle", "L_Eye", "L_Ear", "R_Eye", "R_Ear"]}