{"id": 4, "class": "person", "kpt3d_body": [[224.73838056867902, -241.34661021269082, 2789.2308309104947], [395.59606290447175, -417.6746798352714, 2817.2823485957], [217.22301761395, 274.21807045506273, 2941.0170848748317], [142.38772582753919, -289.30942067529384, 2926.9508463891857], [121.96524311067063, -6.722328207683859, 3053.8442384267632], [192.52123926994932, 223.35209647403218, 3143.124988006236], [184.00525244083133, 251.1442314986934, 3029.2550000539272], [108.09984015968087, 628.7206709726764, 3129.4532410346483], [62.422135540889805, 1008.009562987337, 3243.471425294494], [297.37432133930963, -193.20198737517146, 2646.835455427883], [292.30083390752907, 111.08543319037267, 2690.5392226331473], [352.1290013890974, 343.05483755592786, 2798.2998285662575], [250.4406705162714, 297.291827196901, 2852.77943547015], [221.86996687929502, 686.710952654164, 2938.4711120553493], [191.61109145476206, 1077.0734940615112, 3040.3886925856013], [367.71819742279956, -456.05232117841456, 2826.031923086335], [256.81825925935004, -455.4126447325955, 2832.264525386673], [392.35150693940625, -442.87571180637815, 2775.118670176481], [325.02114209259037, -418.77724859178375, 2699.5154561077516]], "kpt2d_body": [[1068.6446776504224, 430.73497047490866], [1157.5548611348668, 339.3336062099262], [1058.4984778681626, 701.2754473479661], [1020.4944598662466, 412.1378912224062], [1007.4931061210754, 557.6452581987326], [1039.5927133553928, 668.0463990157275], [1038.7843350154799, 685.838990175858], [998.8489284661766, 861.1907470700166], [975.6232288408154, 1019.3232935896538], [1116.4408251250634, 451.2090516744348], [1111.0162759180862, 623.1111868786514], [1136.1634655889545, 744.6846442145028], [1079.3743570930947, 717.6127363383098], [1059.745427648277, 908.6293279920327], [1039.7452516253302, 1079.7367200476774], [1142.0561211496058, 319.7970076979564], [1083.234232109291, 320.1581597407701], [1158.8119616660958, 322.6074855184538], [1127.6804252774655, 328.8845609639932]], "kpt2d_body_mask": [true, true, true, true, true, true, true, true, true, true, true, true, true, true, true, true, true, true, true], "kpt3d_body_mask": [true, true, true, true, true, true, true, true, true, true, true, true, true, true, true, true, true, true, true], "kpt_list": ["Thorax", "Nose", "Pelvis", "L_Shoulder", "L_Elbow", "L_Wrist", "L_Hip", "L_Knee", "L_Ankle", "R_Shoulder", "R_Elbow", "R_Wrist", "R_Hip", "R_Knee", "R_Ankle", "L_Eye", "L_Ear", "R_Eye", "R_Ear"]}