{"id": 2, "class": "person", "kpt3d_body": [[230.36090542858847, -188.23104384283752, 2752.0239638748235], [361.59736348327556, -352.5270812521411, 2779.8835686025855], [267.0635140523273, 321.13803981674124, 2928.6411213479287], [158.1691179263888, -231.3647994787958, 2883.3566925786035], [170.79003940226505, -247.48219521066133, 3162.1369775582234], [299.5784229704535, -421.27968687476664, 3095.9131280726074], [223.1433295446418, 296.68349988954515, 3012.544861470408], [190.42939045192784, 640.4464981073158, 3116.2873296857465], [156.1919035558336, 999.5522918105476, 3203.8446086219433], [304.4368142999975, -150.03083728280785, 2625.43161769034], [522.156895931166, -54.90159967913172, 2460.715659573969], [602.4998535123029, -264.21481517566167, 2538.523676401082], [310.9847978802479, 345.59066558829784, 2844.736914853058], [301.3212708775998, 699.4199574218408, 2940.931191276307], [253.36581035207305, 1052.850063743722, 3042.1399279914936], [332.00860320915, -390.7388701961811, 2784.2969053445518], [227.6145716964122, -382.1659013516636, 2780.9524579813865], [358.63846511827956, -370.8486004944207, 2734.3195776092607], [297.6463208670642, -336.16918574778583, 2655.0505292764774]], "kpt2d_body": [[1073.4421507401566, 457.96353584021847], [1142.456435259992, 370.9865617256999], [1084.442975037862, 725.7208124569878], [1029.9213786188952, 440.06401415080165], [1028.652658318407, 443.0313640239237], [1092.594159146273, 356.8637100577269], [1058.7893467890128, 709.1264474006268], [1038.5647603445316, 867.7631871095537], [1019.2210473574665, 1020.835616131234], [1121.9302999313486, 475.0123644526508], [1264.8703370563396, 527.6303184033504], [1300.7440927265095, 406.28460432842553], [1111.5041034045316, 743.2064792373222], [1099.7216183650714, 914.215329965377], [1069.5739396855297, 1068.097162346939], [1126.143298582653, 350.7783369862253], [1070.2242432163787, 354.7315285013184], [1143.9647733646966, 357.9116372142064], [1115.637557637004, 371.0837271778422]], "kpt2d_body_mask": [true, true, true, true, true, true, true, true, true, true, true, true, true, true, true, true, true, true, true], "kpt3d_body_mask": [true, true, true, true, true, true, true, true, true, true, true, true, true, true, true, true, true, true, true], "kpt_list": ["Thorax", "Nose", "Pelvis", "L_Shoulder", "L_Elbow", "L_Wrist", "L_Hip", "L_Knee", "L_Ankle", "R_Shoulder", "R_Elbow", "R_Wrist", "R_Hip", "R_Knee", "R_Ankle", "L_Eye", "L_Ear", "R_Eye", "R_Ear"]}