{"id": 2, "class": "person", "kpt3d_body": [[244.8313622077285, -187.34691742685257, 2768.439944999793], [380.9311988832475, -361.9319524939244, 2793.6127985382464], [254.74800145653882, 301.24984977503186, 2919.7236315004084], [182.076460305923, -237.20085545211006, 2919.2426819525463], [257.7925195853388, -38.05443015321757, 3092.0385943660067], [442.08329508120175, -68.80418854991007, 2968.2686865965075], [207.22549624813308, 276.86115217139263, 2998.3675266209843], [181.57067079490557, 639.4713265670702, 3117.7320557034454], [153.27909097799986, 997.7724691046882, 3205.6247608717013], [320.15050450005003, -146.35658006519392, 2625.401764783503], [430.83773902409206, 99.1301283487185, 2664.5967291696575], [453.1424331113278, -37.89755482341576, 2828.2614645187277], [302.2705440885436, 325.6385747835151, 2841.0796477883614], [295.1511291902191, 697.8052729707282, 2937.522747103566], [252.20023323746017, 1053.3914230749015, 3041.5903917648784], [348.8453570439516, -398.980310123177, 2800.4569547589917], [244.98063162845062, -384.95505196028216, 2802.928436045902], [375.3214845245186, -381.93544624128845, 2749.4663556999403], [312.9641866473984, -340.98234607994425, 2672.579821204763]], "kpt2d_body": [[1080.562590519527, 459.07280498139846], [1151.776437222085, 366.98793730846785], [1078.5739205620312, 716.0709098804555], [1041.252265866658, 438.5687790567553], [1073.077915983363, 542.4115273631531], [1171.3427421846427, 526.1483309707106], [1051.3564486537555, 699.9473534895585], [1034.2790075619075, 867.1908298149383], [1017.8458767645557, 1019.8175567910264], [1130.9029622351911, 477.14200525976105], [1190.2591793115052, 616.7656068196364], [1188.1516371196692, 540.8514807136183], [1107.189245437201, 733.0032711668063], [1096.7879393818453, 913.8521285442177], [1069.0302614723348, 1068.4376963977131], [1134.0546694395236, 347.68115087901475], [1078.553417869644, 354.90017963208925], [1151.8755962811383, 353.1100092583161], [1123.0922614410201, 369.6925107224954]], "kpt2d_body_mask": [true, true, true, true, true, true, true, true, true, true, true, true, true, true, true, true, true, true, true], "kpt3d_body_mask": [true, true, true, true, true, true, true, true, true, true, true, true, true, true, true, true, true, true, true], "kpt_list": ["Thorax", "Nose", "Pelvis", "L_Shoulder", "L_Elbow", "L_Wrist", "L_Hip", "L_Knee", "L_Ankle", "R_Shoulder", "R_Elbow", "R_Wrist", "R_Hip", "R_Knee", "R_Ankle", "L_Eye", "L_Ear", "R_Eye", "R_Ear"]}