{"id": 2, "class": "person", "kpt3d_body": [[216.95339264107972, -188.60419582805847, 2753.165907262104], [350.32718265877946, -349.2617133006935, 2781.96679587937], [255.38192028945528, 320.13725922635047, 2924.6960066253337], [150.50319146546474, -230.90940664084442, 2885.022805680901], [154.90932417290801, -244.65289625778084, 3162.349446943359], [277.0244785753865, -427.6096491213765, 3103.3413668403095], [204.3386128894646, 292.3549099873179, 3003.2291283028962], [183.0327344412794, 643.3534451107711, 3121.3312118206595], [155.10720660420904, 999.5401000217721, 3205.303695148983], [272.8527530287286, -148.89632266706528, 2619.694067064679], [504.83707351109814, -54.21252101797094, 2459.2292185446354], [574.5755774970934, -281.53814605954824, 2517.352675856618], [306.4254074861639, 347.91875966256225, 2846.162246820109], [294.22115652305786, 698.6108187727209, 2940.493382186991], [252.45211236323385, 1053.0213378394874, 3042.2257135923674], [320.26529569059323, -388.8100155263787, 2785.0998396121827], [217.0291006734016, -382.38030428611626, 2782.9148127642957], [345.94503847281743, -369.80844959301396, 2735.2041036458268], [284.7093900123465, -336.3505399158628, 2656.369883181661]], "kpt2d_body": [[1066.0583580951184, 457.7826658344523], [1136.28684423541, 372.82456062426445], [1078.6336101672002, 725.4585357190178], [1025.8649837605212, 440.3624455211293], [1021.0707859751894, 444.3690896977781], [1081.3446202809591, 354.24793068774784], [1049.7165496263842, 707.456764983126], [1034.870457002381, 868.6600488264777], [1018.6898968078541, 1020.6334717680368], [1104.2297574694203, 475.42094672044425], [1254.7255416607306, 528.0067420288343], [1287.3892853285215, 394.6603355625663], [1109.0185367099157, 744.3498131573101], [1096.1678305391274, 913.907996407308], [1069.1295767037968, 1068.1670768617946], [1119.8084709497539, 351.81594461293054], [1064.4307313342692, 354.73073764236216], [1136.993779784813, 358.48259040493986], [1108.2716311968359, 371.02648582243137]], "kpt2d_body_mask": [true, true, true, true, true, true, true, true, true, true, true, true, true, true, true, true, true, true, true], "kpt3d_body_mask": [true, true, true, true, true, true, true, true, true, true, true, true, true, true, true, true, true, true, true], "kpt_list": ["Thorax", "Nose", "Pelvis", "L_Shoulder", "L_Elbow", "L_Wrist", "L_Hip", "L_Knee", "L_Ankle", "R_Shoulder", "R_Elbow", "R_Wrist", "R_Hip", "R_Knee", "R_Ankle", "L_Eye", "L_Ear", "R_Eye", "R_Ear"]}