{"id": 2, "class": "person", "kpt3d_body": [[222.02468697891413, -201.6855735818818, 2748.4793723110074], [352.5406618676704, -355.62197635735674, 2778.1694139005162], [255.70732122642636, 306.32846474611483, 2921.050168313072], [161.32470592360738, -245.51507766570424, 2880.8437791057395], [273.14596332794315, -341.71951564416145, 3113.6466216157814], [442.9085006230657, -449.12156080488774, 3011.6129721435846], [207.01630593798842, 289.96872856434334, 3001.0990810745584], [186.7123960265897, 639.4086726630711, 3117.0900621128258], [154.58834033278077, 998.4456764249859, 3205.0580693498455], [271.6505154606466, -161.49611173005397, 2613.7726470996836], [566.3063717457403, -160.30824002474773, 2551.4363539083315], [607.524071004741, -340.7195544296285, 2706.675572685277], [304.3982917699876, 322.68718769600343, 2841.001148972751], [294.84505161716913, 698.5816530216882, 2936.6899586936574], [252.35242453940765, 1051.7230057456773, 3041.874536839128], [323.4073442943455, -389.074442183532, 2784.9166413461285], [221.6570319134632, -382.65770492377146, 2781.981559522262], [349.12841265783743, -370.51230382049437, 2731.64624766439], [288.0047416710458, -338.330646665495, 2657.8041002869386]], "kpt2d_body": [[1069.0184317225803, 450.4653587881289], [1137.703132729364, 369.17723222379675], [1078.9962807816764, 718.597953961571], [1031.6294760026265, 432.58811548090284], [1079.254476719676, 396.0214467496876], [1167.4094929662886, 338.13992457279625], [1051.136165458549, 706.3649534873047], [1036.7623738025313, 867.209366854317], [1018.4592296035182, 1020.1873661744368], [1103.8711612264228, 467.98439454302724], [1278.8879651935135, 467.2804197978612], [1281.6098608026248, 373.8530436524663], [1108.32407404642, 731.4522573093209], [1096.6702382078315, 914.3329151111313], [1069.1022980449054, 1067.6299606561965], [1121.5026714299029, 351.6745563300781], [1066.9651059735943, 354.5270353528939], [1138.9704188560115, 357.8552424760187], [1110.0330048753328, 370.03118651592524]], "kpt2d_body_mask": [true, true, true, true, true, true, true, true, true, true, true, true, true, true, true, true, true, true, true], "kpt3d_body_mask": [true, true, true, true, true, true, true, true, true, true, true, true, true, true, true, true, true, true, true], "kpt_list": ["Thorax", "Nose", "Pelvis", "L_Shoulder", "L_Elbow", "L_Wrist", "L_Hip", "L_Knee", "L_Ankle", "R_Shoulder", "R_Elbow", "R_Wrist", "R_Hip", "R_Knee", "R_Ankle", "L_Eye", "L_Ear", "R_Eye", "R_Ear"]}