{"id": 2, "class": "person", "kpt3d_body": [[220.68913792563097, -186.97338488107292, 2746.573931319133], [352.60012030842586, -347.45437495656336, 2775.363466464715], [259.18932034172195, 321.29202254910285, 2921.6189917081438], [155.78158795957808, -230.14262013614044, 2882.710960775273], [156.9913709703345, -241.91363355752927, 3156.948100260268], [282.3461771921161, -424.25750799886896, 3094.4163769957786], [207.98369723847202, 294.7531008469399, 3000.139375133203], [188.15061026152534, 641.1254895908297, 3116.2684508841467], [155.28852356764037, 999.0829752755611, 3204.8229276634193], [274.8458439855839, -147.93846556986537, 2614.943480656871], [511.79573237736776, -52.15142659248784, 2457.692976196288], [585.2565003719196, -270.81469112692946, 2523.39268370825], [310.3947189033773, 347.8307798222038, 2843.099139831912], [295.38321099202744, 698.2929031562915, 2937.79984787837], [252.6169888040732, 1053.8797672158776, 3041.48292643242], [323.4821387292442, -387.22282225990784, 2779.304954785165], [219.5551323641851, -380.76502322815645, 2776.846053883001], [348.9248726190911, -367.64589910386474, 2730.6476884757594], [288.4696686811429, -334.41521819552645, 2651.853199534168]], "kpt2d_body": [[1068.3928203179564, 458.4339617226837], [1137.9589081022068, 373.36147017031783], [1080.7244841797278, 726.2110786363504], [1028.6916104732313, 440.67124063377327], [1022.1948241793474, 445.47604099948916], [1084.3136108798972, 355.284837005451], [1051.6467528120459, 708.7974480207381], [1037.4705953563262, 868.0898112994585], [1018.7850551727804, 1020.4977914165402], [1105.6591195540557, 475.82032362288504], [1259.0733505562296, 529.2482335575623], [1292.8296108728869, 401.4026585593566], [1111.2794792101515, 744.4851405952564], [1096.8887007560054, 914.0585623391798], [1069.2323428246737, 1068.6753165791222], [1121.897267864448, 352.24754973924695], [1066.0537669813643, 355.15748233190124], [1138.9413841164371, 359.33917353192226], [1110.6707209899917, 371.8073468890346]], "kpt2d_body_mask": [true, true, true, true, true, true, true, true, true, true, true, true, true, true, true, true, true, true, true], "kpt3d_body_mask": [true, true, true, true, true, true, true, true, true, true, true, true, true, true, true, true, true, true, true], "kpt_list": ["Thorax", "Nose", "Pelvis", "L_Shoulder", "L_Elbow", "L_Wrist", "L_Hip", "L_Knee", "L_Ankle", "R_Shoulder", "R_Elbow", "R_Wrist", "R_Hip", "R_Knee", "R_Ankle", "L_Eye", "L_Ear", "R_Eye", "R_Ear"]}