{"id": 2, "class": "person", "kpt3d_body": [[205.71955402829147, -219.87963706441846, 2794.9858894576882], [344.3362210030736, -359.4594456129631, 2811.3343564006796], [249.15846842512278, 303.76654218721274, 2926.097598554261], [215.43295692099144, -262.8184347648819, 2933.538351530376], [497.0039506538369, -237.7513785546462, 2870.214521608821], [520.1076789891617, -316.6805577849244, 2641.33574951825], [227.12405802971816, 289.6504443352802, 3021.1628851731157], [186.37457916322631, 642.3257390251977, 3120.9984453917946], [154.7069735230431, 996.6407092198478, 3206.5011522457353], [182.98236240951417, -182.15682343931306, 2653.4628674362148], [297.27439619517054, -192.22714081806956, 2373.1293784700324], [449.04406981570474, -313.16226370027107, 2499.698664739255], [271.1937609204453, 317.8815472814823, 2831.0325722821462], [291.86145132942346, 697.7938851939039, 2937.2368994332146], [252.2027105297205, 1053.3714410895643, 3042.1902814074447], [317.0142688014111, -396.91299463994494, 2823.717484739575], [212.7812052459144, -388.45627484669126, 2831.3549998583976], [336.13606757435036, -383.2472733589789, 2769.087434619717], [265.8911452362426, -353.5271827597386, 2698.7152725043775]], "kpt2d_body": [[1058.1881772349204, 442.4937582480866], [1131.1195275085408, 369.3422883281424], [1075.4148280713137, 717.0345892197247], [1057.8904237981696, 426.1075587326095], [1206.939510995222, 436.97951366427003], [1241.4495765137603, 382.20777656785526], [1060.467929590573, 705.2146255964038], [1036.4827468161902, 868.2018063891821], [1018.4882929637898, 1019.1960994699284], [1051.2300163253108, 457.52969464388264], [1135.7185432258607, 439.29573623873324], [1215.9544732290617, 373.95078569016437], [1091.3277811380808, 729.6122952160661], [1095.1410928318678, 913.897860305983], [1069.008792772705, 1068.3339652084435], [1115.7302586509486, 350.3599251126062], [1060.1777500752528, 355.01398406282175], [1129.3666345951083, 353.67404032538366], [1095.2761742337943, 364.4301529715324]], "kpt2d_body_mask": [true, true, true, true, true, true, true, true, true, true, true, true, true, true, true, true, true, true, true], "kpt3d_body_mask": [true, true, true, true, true, true, true, true, true, true, true, true, true, true, true, true, true, true, true], "kpt_list": ["Thorax", "Nose", "Pelvis", "L_Shoulder", "L_Elbow", "L_Wrist", "L_Hip", "L_Knee", "L_Ankle", "R_Shoulder", "R_Elbow", "R_Wrist", "R_Hip", "R_Knee", "R_Ankle", "L_Eye", "L_Ear", "R_Eye", "R_Ear"]}