{"id": 6, "class": "person", "kpt3d_body": [[312.2445527782564, 25.15917468674502, 2895.5394372143746], [341.914816364802, -134.0557176562524, 3076.6515137373385], [260.54743453330246, 567.5623618730742, 2842.3724760630375], [140.93306780226038, 12.085053001153199, 2909.1191035990737], [111.43407143596266, 277.2878413775342, 3010.251835402942], [359.707408594679, 310.9110581465411, 3018.369357730857], [166.1356205876891, 557.9898281388763, 2849.7174476411333], [124.90966387805597, 981.7601645363135, 2806.984213040265], [96.288040532148, 1413.2565139339636, 2767.0769595114625], [481.7941271476232, 40.285889028334054, 2902.804984828518], [429.81886474944247, 263.291005544482, 3054.8398883813406], [341.90232554030706, 35.31451335798096, 3050.9051351675685], [354.95909266182883, 577.1359915740998, 2835.0284712205557], [317.52695523034834, 1000.6625222643403, 2791.0207876948525], [261.0851481568084, 1415.71793388589, 2722.9927148194056], [311.05258599456744, -172.38076088043414, 3063.0610691642105], [250.68212505695647, -181.47981121947112, 2975.2625327593432], [372.4255288542293, -170.49139219269222, 3055.209437215889], [404.49648418499237, -173.10351014593067, 2954.5002038940606]], "kpt2d_body": [[1096.9885238437241, 553.2742312355632], [1101.4774490318696, 480.7295360753116], [1073.1945977239748, 815.6719602245811], [1014.4379552823272, 546.9961427764334], [998.3756078006109, 669.1881381418657], [1112.1713561344238, 683.728607311745], [1027.3342747196486, 810.8188546874426], [1007.037023240822, 1012.3906040299184], [992.5811107647002, 1207.5040960788629], [1176.9586829009693, 560.3877050911597], [1141.9223561194922, 660.3813017168786], [1102.837012578763, 557.2777513472982], [1119.0305235030573, 820.3637218533511], [1100.0013656934298, 1022.1904549573513], [1072.0744597084954, 1217.0272140261209], [1088.1700549829193, 463.0790206761566], [1064.1782335886671, 456.46772055694476], [1116.2925754909168, 463.82972536293573], [1136.9470374888745, 460.05762958444114]], "kpt2d_body_mask": [true, true, true, true, true, true, true, true, true, true, true, true, true, true, true, true, true, true, true], "kpt3d_body_mask": [true, true, true, true, true, true, true, true, true, true, true, true, true, true, true, true, true, true, true], "kpt_list": ["Thorax", "Nose", "Pelvis", "L_Shoulder", "L_Elbow", "L_Wrist", "L_Hip", "L_Knee", "L_Ankle", "R_Shoulder", "R_Elbow", "R_Wrist", "R_Hip", "R_Knee", "R_Ankle", "L_Eye", "L_Ear", "R_Eye", "R_Ear"]}