{"id": 6, "class": "person", "kpt3d_body": [[315.05947611383107, 17.501255224449892, 2911.6294608211865], [346.1866706808383, -159.57637177318475, 3105.711432310713], [253.24835786623328, 585.3084855235362, 2853.0630890289267], [146.62627672669217, -0.50551188297419, 2951.475814247185], [-93.55606369641453, 167.53821438003882, 2874.4214044053897], [43.5482412963856, 394.37333579265584, 2888.1015924044773], [158.3638586869796, 573.9276385315493, 2868.108034414636], [119.29131737781987, 988.3553253247811, 2810.051947509386], [96.82172084773907, 1409.8537044812676, 2766.5125267977546], [478.67347414442776, 31.18029453174529, 2886.2316618769282], [653.2411641024619, 228.47432526393675, 2743.0255132138723], [495.1426057100949, 439.48168947262474, 2816.5629628823817], [348.13343668312234, 596.6903569893557, 2838.01782041949], [314.0169104636566, 1003.7365762916727, 2784.203633041341], [261.0750064092935, 1416.4975583665032, 2723.7087091029425], [316.3080615278125, -196.12560855911482, 3084.896923729577], [259.8409917266558, -183.0897559849518, 2996.2392648486184], [377.3611601409872, -191.1156712118776, 3079.8653420888495], [412.93081242175566, -170.49844882490504, 2980.0359877208807]], "kpt2d_body": [[1097.5037528699843, 549.5545505271028], [1101.910838536509, 469.90562560677586], [1069.1390763365425, 823.060866179233], [1016.1589696952052, 540.9731229097234], [901.3844469748349, 622.3091232901112], [967.7633726889143, 730.4283788627397], [1023.0489573897363, 816.6371564919352], [1004.2537428176594, 1014.8931813855263], [992.8528353118807, 1206.1974915812793], [1176.7889567527209, 556.1360944108707], [1273.8665728609362, 655.2352909846458], [1188.751677422355, 755.301168661141], [1115.44548433436, 829.349663911262], [1098.635841554068, 1024.70478530445], [1072.0329624593892, 1217.2003297500328], [1089.4999125416248, 452.9720154983646], [1067.600895148795, 456.3243825595948], [1117.1233499888567, 455.1846910762066], [1139.2329526202018, 461.96991008073724]], "kpt2d_body_mask": [true, true, true, true, true, true, true, true, true, true, true, true, true, true, true, true, true, true, true], "kpt3d_body_mask": [true, true, true, true, true, true, true, true, true, true, true, true, true, true, true, true, true, true, true], "kpt_list": ["Thorax", "Nose", "Pelvis", "L_Shoulder", "L_Elbow", "L_Wrist", "L_Hip", "L_Knee", "L_Ankle", "R_Shoulder", "R_Elbow", "R_Wrist", "R_Hip", "R_Knee", "R_Ankle", "L_Eye", "L_Ear", "R_Eye", "R_Ear"]}