{"id": 6, "class": "person", "kpt3d_body": [[336.4552915141715, 24.6299003533926, 2943.451475635992], [397.3027536347084, -135.249041924354, 3104.6732297570506], [276.05653714629204, 578.0744354662419, 2872.885285154316], [170.799620459007, 7.462735998568917, 2962.5636489035414], [-61.954681956991024, 69.25392786895117, 3083.3617289157137], [44.01328884748551, -141.40122220935638, 3186.656234308555], [180.5784468722931, 564.6887942163505, 2883.792239166976], [138.40995026804444, 989.6059238694045, 2831.481793330077], [97.48502700371455, 1411.5104590276192, 2768.1818005727605], [490.6559961031444, 34.22530549474686, 2894.1393571629387], [751.6725915770893, 134.15584877291025, 2948.1055959718888], [723.4110352928043, -79.0743668396405, 3078.941170630185], [371.53531384577, 591.4602195962522, 2861.9791487022558], [324.78147821178254, 1001.22328871037, 2793.902027584954], [263.7675149632765, 1419.1005902853406, 2737.283570741226], [364.9885837744888, -174.12403167289511, 3094.5540198384933], [293.39395315490555, -178.4420886631193, 3012.404052061728], [423.4087739427155, -172.04305931552824, 3080.0630125593516], [443.1215055075289, -169.46381378761686, 2974.7066093937524]], "kpt2d_body": [[1105.9380403798457, 552.8226704355842], [1124.718160916596, 480.80645879328716], [1079.2440509045086, 817.678406245214], [1027.2740918222148, 544.7177852441796], [918.7284187599779, 572.496956058111], [966.0802626937865, 479.42206018749766], [1033.2872872061619, 810.7942769233712], [1012.9555692749803, 1012.0224865828274], [993.136061897521, 1206.5330786357945], [1181.8218380468663, 557.5438245681269], [1296.6681471449351, 603.4355594102603], [1270.1787140884203, 505.9363864363124], [1125.2600406268245, 824.4122555261015], [1103.3208717983696, 1021.9121128866987], [1072.7360980879826, 1215.3099478635231], [1110.8358367936432, 463.1671488462902], [1082.404505425859, 458.9612604150634], [1137.7313707651242, 463.8391104951846], [1153.506643003233, 462.3718532851276]], "kpt2d_body_mask": [true, true, true, true, true, true, true, true, true, true, true, true, true, true, true, true, true, true, true], "kpt3d_body_mask": [true, true, true, true, true, true, true, true, true, true, true, true, true, true, true, true, true, true, true], "kpt_list": ["Thorax", "Nose", "Pelvis", "L_Shoulder", "L_Elbow", "L_Wrist", "L_Hip", "L_Knee", "L_Ankle", "R_Shoulder", "R_Elbow", "R_Wrist", "R_Hip", "R_Knee", "R_Ankle", "L_Eye", "L_Ear", "R_Eye", "R_Ear"]}