{"id": 6, "class": "person", "kpt3d_body": [[250.2626333347878, 49.20607753611819, 2974.5014914797966], [324.8751147910795, -128.02163799705113, 3154.791066144848], [200.5261922083932, 573.7613075552293, 2897.3035066858342], [83.12229274770331, 27.829293960108714, 2999.959501243127], [-37.07920803195687, 312.23167194682816, 2952.2212995549608], [-72.85167503992758, 548.3368987112588, 3044.139855848345], [102.65731284388951, 582.0448549655765, 2928.69515616015], [89.15505590418421, 980.2780341891516, 2830.823768029245], [75.53840184748302, 1404.8813687604038, 2741.3276785306452], [410.579841957178, 59.2526292608332, 2922.8924618177916], [494.3664887778499, 336.79772530046773, 2951.1233165983026], [426.8034546161396, 383.7436859548839, 3219.583592006175], [298.394551360573, 565.4785125648048, 2865.909808166034], [295.81871099219626, 1000.8529617027134, 2838.263869090717], [258.3959214665272, 1415.0649728908397, 2740.484566647215], [291.18864965470783, -167.21271610464868, 3146.8305429168954], [217.77396034764948, -176.72113196523185, 3068.6528968868115], [351.7888676595386, -165.77843600011192, 3128.2148907014557], [367.4573898631397, -168.60360858432784, 3022.7873885240588]], "kpt2d_body": [[1064.1159098814833, 564.2118234488994], [1090.2058151221247, 484.8523311454117], [1042.3467260980494, 813.7196616540888], [985.4963164184504, 554.1347116863896], [929.3135932915349, 688.0745314862706], [913.7028218050846, 789.8060395872872], [995.2450731185114, 814.924933832674], [989.498182324703, 1008.1099316106073], [983.0954480125231, 1209.5793951823298], [1141.9907785719845, 569.2911376578592], [1178.239832740505, 698.4062155615879], [1130.4060265503622, 705.8012430501403], [1090.3063955841503, 812.3122315174805], [1087.372534672969, 1015.0056304965124], [1070.0958572026404, 1212.9656040838436], [1075.6915587634765, 467.39745691989924], [1045.730949957682, 461.14833989331134], [1103.270666602115, 467.6750100385785], [1115.8291291692635, 463.8639916867054]], "kpt2d_body_mask": [true, true, true, true, true, true, true, true, true, true, true, true, true, true, true, true, true, true, true], "kpt3d_body_mask": [true, true, true, true, true, true, true, true, true, true, true, true, true, true, true, true, true, true, true], "kpt_list": ["Thorax", "Nose", "Pelvis", "L_Shoulder", "L_Elbow", "L_Wrist", "L_Hip", "L_Knee", "L_Ankle", "R_Shoulder", "R_Elbow", "R_Wrist", "R_Hip", "R_Knee", "R_Ankle", "L_Eye", "L_Ear", "R_Eye", "R_Ear"]}