{"id": 6, "class": "person", "kpt3d_body": [[320.5121405027942, 6.174584943406671, 2903.1245845143235], [372.05439759365703, -131.54676193572953, 3060.1864634599992], [266.3639394382071, 566.3966345662999, 2862.237379171472], [168.17343465883255, -1.5516370069141772, 2912.9939111946874], [82.20955961603637, 102.57542099467628, 3170.551855975108], [294.20844854703336, -76.75113116954577, 3181.6507765830856], [174.9259895842451, 560.9626276448032, 2883.510554632837], [130.5330257255883, 983.6392204845663, 2822.257088743736], [96.55056623292498, 1409.9870225300083, 2766.775160464177], [463.490817740989, 11.870311714557715, 2856.793813246494], [632.21851584293, 133.7114690234145, 3059.3482540203013], [476.5498052300079, -72.01827554471095, 3130.4826257357454], [357.80198408418255, 571.8306462469383, 2840.964172216858], [321.24280985222515, 1000.7489128560123, 2794.7849113768734], [262.14938572305647, 1418.1030862820444, 2726.4389295265382], [340.52495014910244, -168.0567385033723, 3053.650588132632], [269.8210009814874, -181.7718974981156, 2975.21018831967], [402.0443930309995, -167.45594651589556, 3039.284687565569], [416.84854761304024, -174.7437770414399, 2941.245639602025]], "kpt2d_body": [[1100.5429891769525, 544.1596957470824], [1115.9088530615468, 481.5797790958827], [1075.1347057123553, 813.2419058689188], [1027.3852357202366, 540.4696111223813], [983.0028996664709, 586.2668866784541], [1075.6797223347614, 507.67947720888185], [1030.605330639637, 809.0954411004548], [1009.4141746701948, 1010.8216293642905], [992.7202788793807, 1206.1981863766998], [1171.8682085808223, 546.945927109715], [1232.0589646243086, 601.3448165633725], [1158.1332460071958, 509.35237810606986], [1120.0813366919642, 817.2758237629007], [1101.5864493365266, 1021.5915079690028], [1072.4183994651396, 1217.2709778581534], [1101.9587326640444, 464.8445422349282], [1073.103496110419, 456.3556587329473], [1130.6035084207308, 464.86130893766097], [1143.5600556261259, 458.9511989056748]], "kpt2d_body_mask": [true, true, true, true, true, true, true, true, true, true, true, true, true, true, true, true, true, true, true], "kpt3d_body_mask": [true, true, true, true, true, true, true, true, true, true, true, true, true, true, true, true, true, true, true], "kpt_list": ["Thorax", "Nose", "Pelvis", "L_Shoulder", "L_Elbow", "L_Wrist", "L_Hip", "L_Knee", "L_Ankle", "R_Shoulder", "R_Elbow", "R_Wrist", "R_Hip", "R_Knee", "R_Ankle", "L_Eye", "L_Ear", "R_Eye", "R_Ear"]}