{"id": 2, "class": "person", "kpt3d_body": [[-90.26873924214627, 32.84755785683416, 2666.517661072496], [-189.07986762477645, -155.2319502689349, 2567.976842904011], [-122.96683927107452, 551.6848014171932, 2596.214288114577], [21.19876189210504, 21.099223019026567, 2535.061725324654], [63.49068814122214, 283.50268329515086, 2469.8384925518253], [-5.502054802062766, 517.0495287316303, 2401.8153849035643], [-59.23807286497117, 547.3430686829779, 2521.212163393473], [-24.39559236786698, 910.4938794338827, 2501.647661338012], [-2.739691931219692, 1277.4676957291138, 2496.836671600348], [-210.70812277682046, 38.94618951693303, 2790.2007339503352], [-276.695965521513, 320.50441220265355, 2804.157412751503], [-336.039514155415, 553.4128735801363, 2702.3963506904747], [-186.695791785604, 556.0265519918582, 2671.2166474531823], [-182.28263832709177, 920.8899719695526, 2650.4445292552055], [-145.43602296770476, 1291.3616107445616, 2633.096654333845], [-152.40693994199506, -188.65508725425144, 2566.228229319638], [-55.60164613755678, -164.70723303327418, 2598.6266238443213], [-195.9362743097916, -183.99279036706957, 2609.613767676581], [-165.66153629033792, -152.25213274293537, 2707.5015044190686]], "kpt2d_body": [[887.2522413912175, 575.9493937814589], [831.8649440778784, 474.61531602512554], [869.2582559196989, 851.274890557154], [946.2841786368602, 570.3803748235038], [970.4079101054433, 718.3048955007557], [931.4507484544494, 855.1967684909418], [902.1947654689063, 857.587430732907], [921.505026945971, 1048.5469990804136], [933.2960547879026, 1226.7383180759643], [829.1405520378802, 578.2073583858325], [797.496236353858, 717.1969688421417], [763.5173662577301, 839.8645426426085], [838.1968968828785, 845.2294980752721], [841.714058125038, 1027.1546743304486], [862.1426889405934, 1201.5861532286892], [851.7274928271705, 456.42199644368804], [904.6963758596075, 470.4138637333778], [829.8845916604562, 460.658268145871], [849.1710711208374, 480.43532143495065]], "kpt2d_body_mask": [true, true, true, true, true, true, true, true, true, true, true, true, true, true, true, true, true, true, true], "kpt3d_body_mask": [true, true, true, true, true, true, true, true, true, true, true, true, true, true, true, true, true, true, true], "kpt_list": ["Thorax", "Nose", "Pelvis", "L_Shoulder", "L_Elbow", "L_Wrist", "L_Hip", "L_Knee", "L_Ankle", "R_Shoulder", "R_Elbow", "R_Wrist", "R_Hip", "R_Knee", "R_Ankle", "L_Eye", "L_Ear", "R_Eye", "R_Ear"]}