{"id": 5, "class": "person", "kpt3d_body": [[257.16559256957385, 69.40168288039388, 2751.266005643754], [259.5124788673997, -79.4545201020486, 2889.464457840595], [174.37015240275358, 583.5670974965874, 2751.695923860753], [136.38692941229522, 49.23941267980808, 2668.9478009890904], [-102.19214542602167, 42.77729108627341, 2816.0061407890717], [15.634103131381988, -104.6630878331419, 2949.86332499363], [87.69091091112085, 578.5667019764816, 2721.052613680472], [37.7418002963011, 992.5217760614341, 2702.6592762795194], [30.398128926274662, 1372.1678721977141, 2614.381885945387], [371.7268318455707, 90.91033496670093, 2838.2174411136566], [151.9478829130982, 132.96961457310772, 3054.507506432353], [30.627473243805138, -80.30766076232624, 3025.0020516879276], [261.0492376508878, 588.567463488841, 2782.339076827564], [248.85439842470916, 997.9623143053938, 2717.933359902546], [234.8111453403158, 1391.1314940248249, 2602.069150659313], [236.35276268423993, -117.50762830404994, 2868.802370990039], [197.6493176814305, -114.15320567784988, 2771.423111769812], [294.02816927999606, -107.18472997525936, 2871.257374894503], [344.8428458519908, -89.35446410227144, 2785.425401987927]], "kpt2d_body": [[1077.0616763477815, 576.2644216646219], [1071.9870855828876, 502.9855249517459], [1034.167911213053, 832.6406494834432], [1018.134748625617, 566.8959954186447], [896.1172462062904, 562.3665916374721], [954.1955772331837, 491.7937749599646], [991.2803910801747, 833.6040137502284], [965.7407472791083, 1034.5890250165457], [962.2326105088176, 1223.9256453828716], [1128.8868744283106, 585.6091435910354], [1016.2136807680836, 601.7902948626944], [960.9357751565061, 504.2307165423522], [1075.9890836381935, 831.5517796349516], [1070.067259813888, 1033.5660438072432], [1064.3799112061372, 1234.0593897718911], [1061.6475250316307, 484.26693337756154], [1046.259719950429, 483.9233212816419], [1089.420061994465, 489.3603481766371], [1119.0135057552452, 496.7054955500778]], "kpt2d_body_mask": [true, true, true, true, true, true, true, true, true, true, true, true, true, true, true, true, true, true, true], "kpt3d_body_mask": [true, true, true, true, true, true, true, true, true, true, true, true, true, true, true, true, true, true, true], "kpt_list": ["Thorax", "Nose", "Pelvis", "L_Shoulder", "L_Elbow", "L_Wrist", "L_Hip", "L_Knee", "L_Ankle", "R_Shoulder", "R_Elbow", "R_Wrist", "R_Hip", "R_Knee", "R_Ankle", "L_Eye", "L_Ear", "R_Eye", "R_Ear"]}