{"id": 5, "class": "person", "kpt3d_body": [[251.33486298892495, 83.222151937521, 2794.3475229223623], [308.6944356446875, -58.71016993364805, 2961.4135911484555], [217.24217887374007, 596.8683644970044, 2748.985448435305], [92.66888921334804, 73.98686076551002, 2831.609502733192], [-134.20042881100477, 152.0494699364383, 2990.100977902255], [-54.1687262212053, -45.612571314741785, 3105.6992298418163], [120.97488012406907, 603.5815258567641, 2772.7009373894143], [75.508904364104, 975.9301650614742, 2713.0236564331153], [32.366032393532336, 1370.6772590210924, 2617.6059893448723], [400.62834423532513, 89.64032218381334, 2748.077120053586], [687.5207421311784, 146.82122980782083, 2749.6660340621784], [725.4673472081639, -53.559450270887794, 2892.379001015138], [313.50917340718314, 590.1561723944478, 2725.269825343353], [283.9386982638389, 1012.7423670142227, 2680.7302057474676], [241.35387048346195, 1388.9791735958306, 2593.9961473279936], [279.09690505794407, -98.17474373545906, 2953.0233165849013], [208.60568746971825, -104.28682237108944, 2874.952849715967], [335.3825137256389, -90.8597456962815, 2935.1934411116054], [354.7314189587808, -90.31608294875639, 2835.022737913513]], "kpt2d_body": [[1072.15809938169, 582.6019138832271], [1091.9986403962257, 513.6682050290211], [1055.622972100291, 839.2254283023251], [992.4956216268065, 577.5998651586298], [884.1792843008885, 611.960420338671], [922.4279125450446, 520.7531229503749], [1006.96103664465, 840.3187068120753], [984.4672045294478, 1025.0883104303489], [963.1978151854281, 1222.5254037221703], [1149.2538806590742, 586.3713257141137], [1290.0541674374954, 614.2641740030879], [1291.3414372459383, 515.8148868943746], [1104.9199838187312, 837.9104373529843], [1089.0168571842407, 1046.469327109161], [1067.9905600720629, 1234.9424558300582], [1078.494116659223, 495.0111162863384], [1047.9983175876262, 490.7565550618359], [1105.8435694222694, 498.2383115008267], [1120.8377851202654, 497.0171184159468]], "kpt2d_body_mask": [true, true, true, true, true, true, true, true, true, true, true, true, true, true, true, true, true, true, true], "kpt3d_body_mask": [true, true, true, true, true, true, true, true, true, true, true, true, true, true, true, true, true, true, true], "kpt_list": ["Thorax", "Nose", "Pelvis", "L_Shoulder", "L_Elbow", "L_Wrist", "L_Hip", "L_Knee", "L_Ankle", "R_Shoulder", "R_Elbow", "R_Wrist", "R_Hip", "R_Knee", "R_Ankle", "L_Eye", "L_Ear", "R_Eye", "R_Ear"]}