{"id": 5, "class": "person", "kpt3d_body": [[268.3531429596626, 72.57403043933124, 2744.995711997931], [289.0196546000553, -70.10774875466836, 2893.1454754522388], [187.36236463918559, 583.7429805912454, 2743.4562218612887], [155.59783891363423, 49.67941578202101, 2661.788134223725], [-100.1326793214221, 72.22998579754176, 2821.6451423258372], [29.40035167973833, -74.4485562959025, 2936.75021800746], [98.34357073172075, 577.8512695839704, 2713.911154002137], [43.78019422981179, 993.9705093257305, 2702.457526551113], [31.284368954602975, 1372.0282366079878, 2614.824010252751], [380.10010976868296, 94.37613061686307, 2832.9881962032164], [171.06344318314595, 140.9548457976294, 3048.870910926743], [49.90239961691142, -58.25598599739607, 3012.347153097052], [276.3816074369582, 589.6357637167043, 2773.0015327432593], [256.40142117373676, 999.3516847942373, 2712.5801394447208], [235.84504513883263, 1392.1011958420388, 2601.0219545543478], [268.5621238425309, -111.13208875662394, 2877.4293718482004], [221.24852023914488, -116.44207837607865, 2783.792710417428], [323.5494678508874, -94.39709132573768, 2875.806969338235], [367.23546087847865, -80.10802470064561, 2785.579281890591]], "kpt2d_body": [[1083.0065122668748, 577.9411244475818], [1085.9784134635522, 507.54002824571535], [1040.9338398469838, 833.5303411415782], [1028.3850601591225, 567.189010582112], [897.2436554745507, 576.856125279904], [960.7772797523769, 505.89801857893366], [996.8056758882556, 833.980379230085], [968.7507170353877, 1035.2883406120702], [962.672565914627, 1223.7613959973687], [1133.2848006554789, 587.3747384272276], [1025.0721812875047, 605.5302089868813], [969.9342147597476, 514.2716361843367], [1083.9780871431158, 832.933800430477], [1074.0082930882459, 1035.0486166130954], [1064.9274761160232, 1234.7208950785212], [1076.8468599406285, 487.54247323669625], [1057.6029039398893, 483.05405905458815], [1103.4125332841961, 495.64033518399316], [1130.0939154739972, 501.33171353377594]], "kpt2d_body_mask": [true, true, true, true, true, true, true, true, true, true, true, true, true, true, true, true, true, true, true], "kpt3d_body_mask": [true, true, true, true, true, true, true, true, true, true, true, true, true, true, true, true, true, true, true], "kpt_list": ["Thorax", "Nose", "Pelvis", "L_Shoulder", "L_Elbow", "L_Wrist", "L_Hip", "L_Knee", "L_Ankle", "R_Shoulder", "R_Elbow", "R_Wrist", "R_Hip", "R_Knee", "R_Ankle", "L_Eye", "L_Ear", "R_Eye", "R_Ear"]}