{"id": 5, "class": "person", "kpt3d_body": [[270.2490438447294, 71.79348185122876, 2740.4932080841036], [290.6931538389232, -70.6542887134836, 2889.038033355305], [187.82274678484833, 583.1651881894801, 2741.575207794337], [155.48518373087938, 49.47234956867362, 2661.2453426955544], [-89.13534499556334, 69.7130246215039, 2828.773047259599], [43.658922721118714, -85.14058152465367, 2930.6795137356953], [98.90351608144437, 577.4544846830064, 2712.050119991435], [44.190844013620904, 993.7514531006183, 2701.0020971968925], [31.433456703134294, 1372.3728199915183, 2614.9507754810975], [380.7040877665906, 92.1277450726177, 2818.4978497958964], [169.27848781909466, 140.26327631869407, 3043.5611765368176], [48.345158075623296, -63.57803799487925, 3008.510062231167], [276.7416999782389, 588.8778966966777, 2771.100398360511], [257.44807402944775, 999.7592495894046, 2711.5403607483913], [235.45703370104735, 1392.0107771206287, 2600.5961267617513], [270.6542128022978, -111.51563304433296, 2872.8006968409973], [222.46969050302025, -116.94259113691999, 2779.4281299036347], [325.31700656099156, -94.74465768181545, 2870.330698481689], [368.7632288141531, -80.53813210505353, 2780.4757518971974]], "kpt2d_body": [[1084.1884918209732, 577.6041202698763], [1086.9774640618498, 507.23069434866494], [1041.229747510509, 833.4413156056103], [1028.3427587375738, 567.0860593291044], [902.7922530030407, 575.5308328851759], [967.6011251760647, 500.7457588642925], [997.124468562036, 833.9788627858208], [968.9669011628863, 1035.4344897098317], [962.7459345858348, 1223.8835184781701], [1134.5312432475089, 586.5038691522993], [1024.391944666513, 605.3275363156888], [969.2403701332138, 511.77332526370674], [1084.251539718684, 832.7599840452938], [1074.56707080757, 1035.4038446775219], [1064.752087687928, 1234.784659811677], [1078.0647573081355, 487.27306306993887], [1058.3861587016233, 482.71408636020703], [1104.560036735536, 495.38771492481163], [1131.1832550380834, 501.0463793686848]], "kpt2d_body_mask": [true, true, true, true, true, true, true, true, true, true, true, true, true, true, true, true, true, true, true], "kpt3d_body_mask": [true, true, true, true, true, true, true, true, true, true, true, true, true, true, true, true, true, true, true], "kpt_list": ["Thorax", "Nose", "Pelvis", "L_Shoulder", "L_Elbow", "L_Wrist", "L_Hip", "L_Knee", "L_Ankle", "R_Shoulder", "R_Elbow", "R_Wrist", "R_Hip", "R_Knee", "R_Ankle", "L_Eye", "L_Ear", "R_Eye", "R_Ear"]}