{"id": 5, "class": "person", "kpt3d_body": [[214.35124226183484, 72.63819395290454, 2763.237286841955], [268.35162041994687, -70.5581902849309, 2912.9732709876203], [193.09593410119857, 591.9313892367462, 2757.0294922044823], [71.06518789709915, 67.7333897743452, 2821.5337085895208], [-90.52573403207842, 32.95392913119599, 3057.9478895221764], [113.36898894444178, -88.07832468945293, 3115.3532610050706], [96.59056557024135, 599.7868498996344, 2784.6972329015516], [62.941339905825195, 979.4223151138337, 2712.9047388125246], [31.54898695841255, 1372.0964445663021, 2617.222565051568], [354.39479474027576, 78.93573552712866, 2727.053062576926], [613.830237583185, 87.48091596646134, 2857.842224354413], [477.1361337445665, -55.36063380560165, 3034.552713351938], [289.60105986741286, 584.0769225997714, 2729.3618060762906], [273.5328674300929, 1012.6373169583144, 2690.567564574997], [238.38227009046955, 1390.5546380306855, 2596.038295248304], [240.41705616952032, -108.07390405143451, 2906.938702147265], [168.59742756306545, -107.42123947118131, 2832.0442687832456], [292.01105471588517, -101.35416638426989, 2889.8255485877107], [308.3411704145187, -94.42094413393676, 2788.159975199997]], "kpt2d_body": [[1054.9812287324232, 577.7685308879009], [1075.1975115270654, 507.54136221008844], [1043.3091423948272, 836.0864061893674], [981.9709864199779, 574.6484552355257], [905.4466335360461, 556.2222029555447], [997.6095959448996, 501.84114726307166], [994.6558837895014, 837.291784288901], [978.2142596106802, 1026.7523053586872], [962.791280973548, 1223.238169179337], [1127.4961460990446, 581.3371144182418], [1243.1001201853608, 583.2921039252666], [1165.001629235845, 515.9533193861753], [1092.7627196317526, 834.6545712685015], [1083.3717482635327, 1044.8068482920398], [1066.408348614298, 1235.185490009571], [1062.0972163129538, 489.5220443786854], [1029.863183181259, 488.43065332572473], [1087.5480720213302, 492.4900324663995], [1100.7577861867926, 494.19165344296795]], "kpt2d_body_mask": [true, true, true, true, true, true, true, true, true, true, true, true, true, true, true, true, true, true, true], "kpt3d_body_mask": [true, true, true, true, true, true, true, true, true, true, true, true, true, true, true, true, true, true, true], "kpt_list": ["Thorax", "Nose", "Pelvis", "L_Shoulder", "L_Elbow", "L_Wrist", "L_Hip", "L_Knee", "L_Ankle", "R_Shoulder", "R_Elbow", "R_Wrist", "R_Hip", "R_Knee", "R_Ankle", "L_Eye", "L_Ear", "R_Eye", "R_Ear"]}