{"id": 5, "class": "person", "kpt3d_body": [[263.96501206151277, 68.05390363615658, 2753.4419129445323], [267.3228414476134, -82.1115453354929, 2891.0322489092005], [184.25002666182178, 579.3786219492249, 2745.396149212327], [155.00353557849635, 45.31924503635594, 2661.18718386582], [-77.44113741414306, 31.345688727519132, 2837.439091676161], [59.26270777815388, -96.08223806398058, 2961.192125980615], [89.60361560963517, 575.7380439771656, 2721.761563882333], [38.95785923037316, 993.1790293172207, 2704.288216986322], [30.08858722818916, 1372.1627269218561, 2614.822406765862], [375.52635609468354, 90.38685278284873, 2837.267181210387], [150.03993562009418, 128.58124377211595, 3054.5124902530956], [16.145321362930197, -79.10412734198445, 3036.3675175033286], [278.897003851303, 583.0192608700581, 2769.030860136153], [249.83330229546166, 997.7226929638528, 2718.4525783772683], [234.91542545542316, 1390.9239317402853, 2602.2659262818543], [245.12287953140213, -120.3511805582653, 2870.9013657649416], [206.3034264602858, -114.21449146288836, 2772.5238152006345], [302.22385359204964, -108.7838356584075, 2872.2047222605847], [351.2627812504295, -88.27085001221207, 2786.6452086421555]], "kpt2d_body": [[1080.384850591251, 575.5521883018373], [1075.6664451471372, 501.7342370251205], [1039.3270669727005, 831.2106566839384], [1028.0937018370448, 564.9149906739093], [908.6724778767705, 556.5998966191228], [974.7445061958905, 496.0201587653191], [992.2428020770127, 832.1325558721369], [966.3352105303611, 1034.6151553044583], [962.075819280919, 1223.8220053881284], [1130.7920782884598, 585.3637534486605], [1015.3453595100051, 599.7940934955416], [954.2204427107006, 504.9205774841213], [1085.4494763723767, 830.1272782416713], [1070.529658594689, 1033.3605476159735], [1064.4259701879746, 1233.9211432583356], [1065.803548020087, 482.9406288915071], [1050.5610566514492, 483.9221400471954], [1093.322371933815, 488.6129059716517], [1122.1173138736187, 497.270559554515]], "kpt2d_body_mask": [true, true, true, true, true, true, true, true, true, true, true, true, true, true, true, true, true, true, true], "kpt3d_body_mask": [true, true, true, true, true, true, true, true, true, true, true, true, true, true, true, true, true, true, true], "kpt_list": ["Thorax", "Nose", "Pelvis", "L_Shoulder", "L_Elbow", "L_Wrist", "L_Hip", "L_Knee", "L_Ankle", "R_Shoulder", "R_Elbow", "R_Wrist", "R_Hip", "R_Knee", "R_Ankle", "L_Eye", "L_Ear", "R_Eye", "R_Ear"]}