{"id": 5, "class": "person", "kpt3d_body": [[229.73629098655763, 81.89750764197612, 2783.5402450995252], [286.45972735123456, -57.091005392194916, 2946.7254614346903], [205.090832581619, 596.83617967292, 2754.927555080839], [74.42296557463074, 75.18099110587428, 2826.107218724611], [-161.874201302451, 161.60044793956075, 2969.4585174565646], [-74.43147638248523, -39.515279410520634, 3066.423225306922], [105.53493602535526, 607.0532796232231, 2783.0596391666277], [67.81920372061593, 977.8998455675137, 2712.444541273324], [31.958241651911997, 1372.1890930261316, 2617.31004422817], [387.49692420192497, 90.32820204865345, 2753.2693430312224], [663.6905872351902, 160.8586875834331, 2714.372689239803], [711.6818369431907, -38.477183175864695, 2856.626017504284], [304.64636085538393, 586.6200566050337, 2726.795462703817], [278.4368873417251, 1014.3344031491733, 2692.013544124165], [238.91134856097327, 1389.613687685368, 2594.741963396719], [257.8341984919373, -97.46193300773143, 2941.060676811626], [185.98924618688096, -106.79362934401013, 2865.641068316386], [312.896999633655, -89.09235395123972, 2922.820761496013], [331.2397934903357, -90.16435027501728, 2821.512021610024]], "kpt2d_body": [[1061.8701980047224, 582.1165607694838], [1082.2640533506474, 514.28439988845], [1049.3407202542467, 838.6385484281332], [983.5716658712314, 578.262717655109], [870.77312746796, 616.8966564024697], [912.887986762542, 523.2623178263212], [999.0958628133113, 840.9395306838953], [980.6473194465074, 1026.1143286381207], [962.994734967136, 1223.2583341302197], [1142.3245957221357, 586.6507784750806], [1282.6458599545074, 622.3383321459628], [1289.1137475658568, 522.7245884159724], [1100.4198236633404, 836.0751780872488], [1085.7210467424918, 1045.2968230594051], [1066.7343004929278, 1235.0705973184076], [1068.997001783003, 495.1448242546619], [1037.342983084904, 489.3625781166525], [1095.8740613419175, 498.87775467618275], [1110.1731054582658, 496.85840201076803]], "kpt2d_body_mask": [true, true, true, true, true, true, true, true, true, true, true, true, true, true, true, true, true, true, true], "kpt3d_body_mask": [true, true, true, true, true, true, true, true, true, true, true, true, true, true, true, true, true, true, true], "kpt_list": ["Thorax", "Nose", "Pelvis", "L_Shoulder", "L_Elbow", "L_Wrist", "L_Hip", "L_Knee", "L_Ankle", "R_Shoulder", "R_Elbow", "R_Wrist", "R_Hip", "R_Knee", "R_Ankle", "L_Eye", "L_Ear", "R_Eye", "R_Ear"]}