{"id": 5, "class": "person", "kpt3d_body": [[240.9520835106701, 86.27818934172836, 2818.772742785163], [303.6578298675282, -40.014562260464004, 2997.055357537047], [207.15527708904747, 601.8137523590241, 2776.298859579285], [83.66003392294976, 77.03592697362325, 2866.7168169678653], [-146.08792073024057, 244.60978399086258, 2783.6176279616748], [-12.797486841998413, 451.2010489303266, 2793.066182138037], [107.34478752771523, 604.6628128314358, 2795.19153740503], [75.42752152086051, 1002.0120221892444, 2735.453314161073], [33.149210922478694, 1371.4227047128966, 2616.433888993409], [397.21464969267106, 94.24117059330712, 2766.239904753665], [550.0002237228001, 298.01279111823806, 2608.3213060903904], [422.39420576441574, 502.8421815148805, 2707.5578329607542], [306.9657943349249, 598.9636111702118, 2757.405466711143], [278.43974626790504, 1020.7426760635047, 2701.0081345822337], [238.55858066882763, 1388.2910729664932, 2597.344613547871], [273.9183335213535, -80.29334088899958, 2991.0480972703544], [203.37782345181327, -92.6333084700056, 2915.8121127980667], [330.68936309577555, -74.02272206826296, 2972.577217017555], [348.4163366367707, -77.25425185906857, 2871.0858229688897]], "kpt2d_body": [[1065.9613013835112, 583.759041793343], [1087.9614588906877, 522.6570926878763], [1049.5733936125532, 838.8040465674135], [987.5490925724084, 578.63726327889], [873.7068805757397, 663.2609054183913], [940.4639418502175, 764.5946678985378], [999.7714230802444, 838.5245649528815], [984.0796806420877, 1033.3593814223364], [963.5943008909817, 1223.1221679107734], [1146.2395723810077, 588.3851230075896], [1236.8552482889806, 697.8843677986648], [1161.3036278896275, 795.7734157491932], [1099.8382700961538, 838.871554098056], [1085.2349655405842, 1046.6965748916837], [1066.4651743063662, 1233.8808150549805], [1074.438922764181, 503.8966104003475], [1044.0976236080808, 497.0142627231296], [1101.6879331804892, 506.6316031920318], [1115.647657256964, 503.8705182940124]], "kpt2d_body_mask": [true, true, true, true, true, true, true, true, true, true, true, true, true, true, true, true, true, true, true], "kpt3d_body_mask": [true, true, true, true, true, true, true, true, true, true, true, true, true, true, true, true, true, true, true], "kpt_list": ["Thorax", "Nose", "Pelvis", "L_Shoulder", "L_Elbow", "L_Wrist", "L_Hip", "L_Knee", "L_Ankle", "R_Shoulder", "R_Elbow", "R_Wrist", "R_Hip", "R_Knee", "R_Ankle", "L_Eye", "L_Ear", "R_Eye", "R_Ear"]}