{"id": 5, "class": "person", "kpt3d_body": [[228.08186276959594, 82.54776672986708, 2778.902047738266], [285.7059936710777, -59.87361431722093, 2940.0624220115496], [205.47085022302056, 596.2351701577592, 2754.454829901849], [73.40250482350986, 80.80462217420717, 2827.27039266673], [-159.6307376737255, 164.46063768054756, 2972.4424738218663], [-74.63186043990851, -38.80051429697346, 3068.1285704513575], [106.33162702195239, 606.1019122820471, 2783.246417345318], [68.46792098094768, 978.2197081231288, 2714.5813638469685], [32.07329310151609, 1372.0802331869572, 2617.3299811727297], [373.42079849345197, 85.65587386237098, 2725.538302810492], [662.3849545343123, 162.17006449294814, 2710.8632856080158], [710.6754490053613, -36.28263614174983, 2846.3078260141683], [304.60973848211825, 586.369384906319, 2725.6630139671774], [279.09962802645464, 1016.9339859350723, 2698.503643103304], [239.26603008927114, 1390.502384400529, 2594.7816674503606], [257.26403026163086, -100.48765896026737, 2934.2383496094562], [184.96150847908226, -107.94056908919941, 2857.5593435240526], [312.4174004197921, -90.99778669229124, 2914.0795104747876], [329.62573457279717, -90.40043829970841, 2812.67128667796]], "kpt2d_body": [[1061.2339443097553, 582.5108684824627], [1082.2127104519882, 512.9084030730535], [1049.549799366797, 838.3946480839397], [983.0515360935692, 581.0166055621685], [871.902275032761, 618.1586887893507], [912.8155749640438, 523.596793195239], [999.4886290352359, 840.460828596493], [980.9439561232649, 1025.9044564446333], [963.052082907211, 1223.205795157443], [1137.1974284800951, 584.752511217377], [1282.4201358121354, 623.1061681356583], [1289.8456283259698, 523.7150369369042], [1100.4649150223458, 836.0711492605294], [1085.7154099607355, 1045.368021921343], [1066.9010877240983, 1235.449177192349], [1069.0078158089827, 493.60529785548357], [1037.0969528948642, 488.65775078505726], [1096.0889017966558, 497.8436785537715], [1109.8896472107695, 496.6021040235315]], "kpt2d_body_mask": [true, true, true, true, true, true, true, true, true, true, true, true, true, true, true, true, true, true, true], "kpt3d_body_mask": [true, true, true, true, true, true, true, true, true, true, true, true, true, true, true, true, true, true, true], "kpt_list": ["Thorax", "Nose", "Pelvis", "L_Shoulder", "L_Elbow", "L_Wrist", "L_Hip", "L_Knee", "L_Ankle", "R_Shoulder", "R_Elbow", "R_Wrist", "R_Hip", "R_Knee", "R_Ankle", "L_Eye", "L_Ear", "R_Eye", "R_Ear"]}