{"id": 3, "class": "person", "kpt3d_body": [[-72.80941634852526, 29.114739901038433, 2598.462158564544], [15.975441308212126, -60.16733273830283, 2454.9266089337916], [-80.31288315368634, 564.9397275803042, 2547.9579059758207], [63.88977618736803, 35.95902423728319, 2668.4857060813893], [265.08012639784255, 0.8762183873096774, 2764.8789311139467], [428.1451662949416, -178.27504141319992, 2740.0816704528797], [13.271743695388505, 573.1632321235311, 2598.1675728428454], [-11.995428837136313, 899.5537277278278, 2587.966211005701], [-32.12579247817041, 1252.3467547577034, 2598.3805905718273], [-216.9355253153156, 17.491649913529272, 2541.15206941423], [-399.46677219451726, -9.340580323367078, 2422.67484265876], [-472.42477656967935, -189.08808428666305, 2296.136294606649], [-173.89723568870747, 556.7162453780951, 2497.74835849338], [-182.48140584605335, 888.8329748106037, 2500.6091362481848], [-197.79212641197617, 1234.3418174271505, 2506.644476914882], [36.81228680540562, -95.35266086762618, 2479.5656066403235], [37.10677365661036, -103.08276758301531, 2573.534092502243], [-17.47241927421248, -93.10784756354309, 2452.5032881146076], [-95.69197413640984, -104.77607454114121, 2503.997987435625]], "kpt2d_body": [[916.7416883768985, 560.8644887161194], [965.0547906558156, 511.0245104357114], [912.4756984150351, 850.3781771989899], [989.45208194666, 564.0349069787859], [1089.7967566200896, 545.6700014286943], [1172.9110419067117, 455.1374419245403], [963.0253598188714, 848.9670759515627], [949.7318444207973, 1014.7936611887751], [939.7580896081669, 1179.3121294867774], [836.7260009021225, 554.8161121513194], [726.9885034270482, 539.8887926841047], [671.9950657899255, 431.8721775265756], [860.0158244190072, 851.6065824403388], [857.4398609525977, 1024.0761174541085], [852.3605209696784, 1190.7273319654141], [976.7182357048666, 491.57662751528227], [976.1193539705237, 489.3467843289205], [945.9816852570208, 492.25933417772706], [902.5127314187037, 486.8772093400496]], "kpt2d_body_mask": [true, true, true, true, true, true, true, true, true, true, true, true, true, true, true, true, true, true, true], "kpt3d_body_mask": [true, true, true, true, true, true, true, true, true, true, true, true, true, true, true, true, true, true, true], "kpt_list": ["Thorax", "Nose", "Pelvis", "L_Shoulder", "L_Elbow", "L_Wrist", "L_Hip", "L_Knee", "L_Ankle", "R_Shoulder", "R_Elbow", "R_Wrist", "R_Hip", "R_Knee", "R_Ankle", "L_Eye", "L_Ear", "R_Eye", "R_Ear"]}