{"id": 2, "class": "person", "kpt3d_body": [[-54.08978079016444, -75.32073043439283, 2598.3657942238815], [43.84787646488256, -199.44994529856672, 2466.6129975953418], [-81.353592714797, 458.4574844246042, 2565.6009958835743], [95.9092420664804, -67.32412393354196, 2670.8046919598883], [135.8693508094717, 198.6132528308407, 2702.879175978759], [145.6636602861675, 427.4168927678737, 2607.20163903956], [-4.2561656468738995, 462.9522832721061, 2618.046241908853], [-26.44505930656896, 855.1057597352565, 2613.8419099868497], [-83.32996027960385, 1221.611268237017, 2622.774191469702], [-190.3396548976126, -93.94834825593534, 2507.756316599827], [-276.47346927521687, 167.5519457960145, 2460.597238339039], [-216.97767543875977, 405.1091392293361, 2380.4068019574624], [-158.45096066038144, 453.9616886156435, 2513.1558005771167], [-194.77274289028483, 837.0075073909345, 2493.327795611603], [-229.7232633248082, 1208.1233828119998, 2516.0921466704053], [60.635816378606435, -232.6866166042646, 2499.9690062804716], [51.326020521704656, -220.99212407621707, 2603.468558638692], [6.356195426724511, -234.0272024594836, 2470.4459558371245], [-81.28227927158342, -224.6139012714596, 2526.7581891221844]], "kpt2d_body": [[926.8238902413989, 504.78187903709426], [980.7835580011953, 432.58099672773363], [911.9975454213873, 792.3319863620563], [1006.1835464466438, 510.06171303504385], [1026.151610695179, 647.5690205365047], [1033.4998542188168, 772.1265645618496], [953.7088942438744, 789.8751567310051], [942.2506890467606, 988.7198670956449], [914.0126352112893, 1159.9797422638812], [849.9435917064419, 493.04636966580614], [799.4817001182489, 639.8016030825075], [829.7364995119202, 780.2714561089617], [868.6363607090648, 794.7543574501666], [850.1440688518943, 998.9390242760076], [835.8071541950058, 1175.99201754474], [989.8109508327136, 415.65080587677403], [983.4852327130791, 427.0000588618229], [959.5444828825608, 413.3387227912537], [911.044802317575, 421.46652916274735]], "kpt2d_body_mask": [true, true, true, true, true, true, true, true, true, true, true, true, true, true, true, true, true, true, true], "kpt3d_body_mask": [true, true, true, true, true, true, true, true, true, true, true, true, true, true, true, true, true, true, true], "kpt_list": ["Thorax", "Nose", "Pelvis", "L_Shoulder", "L_Elbow", "L_Wrist", "L_Hip", "L_Knee", "L_Ankle", "R_Shoulder", "R_Elbow", "R_Wrist", "R_Hip", "R_Knee", "R_Ankle", "L_Eye", "L_Ear", "R_Eye", "R_Ear"]}