{"id": 4, "class": "person", "kpt3d_body": [[-201.41805982439067, -143.95364641377262, 2575.3073357382264], [-150.57865261961433, -89.86383596019046, 2350.7863602072434], [-168.52414050736422, 174.57997571200258, 3005.013156376867], [-55.46712052699449, -200.38129071201604, 2605.843097311913], [105.64889474109927, -250.62114668482968, 2840.5801464410106], [23.3342193633918, -8.825718451761944, 2934.1123019145284], [-76.42568132292327, 151.56815369180384, 3025.7159352438375], [-54.19208858181689, 342.5791014793965, 3390.530613452022], [-21.647568064607388, 551.1411092860548, 3728.7712238387144], [-348.4413010428019, -93.76320156175716, 2551.1069076379363], [-590.8452974882173, -42.60341160313011, 2733.3119562799893], [-405.6207818868558, 127.20611716341047, 2862.4551945767184], [-260.62307480209677, 197.5919405265573, 2984.310315220389], [-261.72146291600046, 428.9933107931001, 3336.7639804698815], [-244.66239884515232, 654.4856342261347, 3677.480982968875], [-130.42047957823857, -131.35109272855453, 2339.647139263193], [-117.25378720411591, -216.17221903783553, 2405.414088180636], [-186.27943740480245, -114.17071854856765, 2326.4471024110403], [-258.1087059470424, -166.61088734297527, 2375.2517041331603]], "kpt2d_body": [[814.8077910713802, 473.1108900037801], [837.1857752392198, 501.03784879417015], [849.8714097478456, 653.6723565213852], [905.1365181922282, 439.76899330234147], [998.000126046813, 421.88859079789245], [951.5918952373937, 556.8454106108534], [898.7910560468904, 641.0567267070393], [913.5873506944979, 721.584516636438], [929.7787196713442, 795.0324385205099], [722.7133153481947, 503.57136051984], [598.8140320460429, 537.154990059665], [714.7123476290844, 631.7786605420639], [800.4222470379018, 666.3932944517811], [814.8422680150279, 764.585000359226], [834.0101512247916, 841.7583492219733], [850.4031074067217, 472.6607866510803], [861.5977492507936, 419.3531409524865], [811.8443794691465, 483.9064193197852], [766.7783905453675, 450.7469181541361]], "kpt2d_body_mask": [true, true, true, true, true, true, true, true, true, true, true, true, true, true, true, true, true, true, true], "kpt3d_body_mask": [true, true, true, true, true, true, true, true, true, true, true, true, true, true, true, true, true, true, true], "kpt_list": ["Thorax", "Nose", "Pelvis", "L_Shoulder", "L_Elbow", "L_Wrist", "L_Hip", "L_Knee", "L_Ankle", "R_Shoulder", "R_Elbow", "R_Wrist", "R_Hip", "R_Knee", "R_Ankle", "L_Eye", "L_Ear", "R_Eye", "R_Ear"]}