{"id": 4, "class": "person", "kpt3d_body": [[-204.3112253758186, -137.26088290304125, 2570.136506330051], [-147.67889587021838, -76.25535671534955, 2340.439027669459], [-173.74207095628935, 183.05311617073528, 3000.4764226586403], [-59.85703828258649, -193.23372616572834, 2599.9725577156682], [105.59776343015989, -238.15026029095458, 2835.299404766813], [15.379367391009904, 3.3585282604435207, 2930.5366387396216], [-80.18896437850668, 161.2843169286993, 3020.9629321929233], [-56.776111315524425, 354.3884661354143, 3382.6706446316234], [-22.98576872520398, 551.3253182417195, 3728.588157778004], [-351.7266205709692, -89.13178850881032, 2546.0053865188156], [-600.2501878922009, -28.08749051347391, 2720.52732835119], [-410.8684853599672, 136.03667505119995, 2853.5884003058295], [-267.29548022187834, 204.82116413252, 2979.9904996037494], [-264.3032382237007, 433.3491545091779, 3335.6982779878585], [-244.8592003355455, 654.9306777315148, 3677.4737925800855], [-127.35301666756293, -118.23490418568944, 2328.8256456951094], [-115.63679431046468, -200.80576915640114, 2399.0011677978414], [-182.24888972108832, -99.73108994128062, 2316.9518078764204], [-256.60628446633336, -150.44042562875086, 2370.488217399962]], "kpt2d_body": [[812.7693500250081, 477.0549065858838], [838.6913142439314, 509.9783977299392], [846.9871191943371, 658.2735937669825], [902.3751688803263, 443.84192205140585], [998.0903145186265, 428.5721710074865], [947.288947313238, 563.4377703485446], [896.7521423932328, 646.2739888551587], [912.3219208893851, 727.4534238220319], [929.2101969012102, 795.1206827553433], [720.2527752321538, 506.332093524427], [591.915097250977, 545.4231883241824], [711.1554535340829, 636.8659737719806], [796.6955534656618, 670.3650295975247], [813.5917761587343, 766.6894674833235], [833.9267344176385, 841.9462877245134], [852.0690380941156, 481.1587780064269], [862.439446054715, 429.07863702144834], [814.0613597896888, 493.4445520353969], [767.3971034999611, 461.28416699573864]], "kpt2d_body_mask": [true, true, true, true, true, true, true, true, true, true, true, true, true, true, true, true, true, true, true], "kpt3d_body_mask": [true, true, true, true, true, true, true, true, true, true, true, true, true, true, true, true, true, true, true], "kpt_list": ["Thorax", "Nose", "Pelvis", "L_Shoulder", "L_Elbow", "L_Wrist", "L_Hip", "L_Knee", "L_Ankle", "R_Shoulder", "R_Elbow", "R_Wrist", "R_Hip", "R_Knee", "R_Ankle", "L_Eye", "L_Ear", "R_Eye", "R_Ear"]}