{"id": 5, "class": "person", "kpt3d_body": [[120.54456742739546, -214.69994064831425, 2795.6966939868735], [282.75281038699734, -406.4066713606677, 2811.4099815955024], [161.8162993894745, 282.5950199399359, 2907.071268450999], [56.00455546508223, -247.37635561840207, 2951.0558750906303], [22.43039659855821, 34.354812664547296, 3051.217128115307], [104.60340777354604, 268.2644023295733, 3135.0848578649307], [121.14052802890015, 270.4946221815442, 2998.1154357851624], [80.65202549810054, 645.2272794890748, 3065.235490644066], [52.00270974592243, 1028.3537698242849, 3108.0413162823434], [182.00842139613968, -175.2604039541096, 2640.568250558522], [160.50231725867872, 119.94249170310283, 2614.3970336473885], [227.9887426679812, 368.0246554584721, 2652.175363776248], [202.49217569956858, 294.6945140858199, 2816.026640172117], [203.6103694528953, 667.7554789497474, 2933.2966675951393], [123.12040723088076, 1054.6487450619056, 3006.6256834858586], [255.21780082822409, -447.199282390073, 2820.2472398750438], [150.8453413270706, -448.46597285763596, 2827.6202234774723], [276.80036571350064, -428.23848469516133, 2766.9181261124163], [209.27645462565158, -400.73246698374237, 2692.542342854829]], "kpt2d_body": [[1012.2131221804947, 445.2074486736293], [1098.207846975895, 344.3104058295588], [1031.0716316961398, 707.3055769495634], [975.7301951886925, 434.60402371437493], [958.1681988215424, 577.9721861117316], [997.4613625356261, 689.913544366251], [1008.0801047141363, 696.8798675354049], [986.486401123357, 875.2567547324688], [971.8510793008122, 1047.546494799011], [1051.1893358941263, 460.9520124919739], [1039.8714983299164, 630.1523790582835], [1076.36835118233, 769.1214706686019], [1055.4993160698868, 718.3647145246323], [1050.743843956205, 899.9248624928287], [1007.3874578040617, 1075.1483083531934], [1082.9861800955498, 323.4502278612382], [1027.2915471292763, 323.1002007735575], [1097.299704087623, 329.16923753978506], [1063.9470763059203, 337.75692473754316]], "kpt2d_body_mask": [true, true, true, true, true, true, true, true, true, true, true, true, true, true, true, true, true, true, true], "kpt3d_body_mask": [true, true, true, true, true, true, true, true, true, true, true, true, true, true, true, true, true, true, true], "kpt_list": ["Thorax", "Nose", "Pelvis", "L_Shoulder", "L_Elbow", "L_Wrist", "L_Hip", "L_Knee", "L_Ankle", "R_Shoulder", "R_Elbow", "R_Wrist", "R_Hip", "R_Knee", "R_Ankle", "L_Eye", "L_Ear", "R_Eye", "R_Ear"]}