{"id": 6, "class": "person", "kpt3d_body": [[-46.15491010894725, -247.58695381530487, 2847.57793618484], [-196.49365160099168, -454.29980699566187, 2864.0687334908653], [-45.1766839782237, 282.85918291884525, 3067.7444935934614], [-155.25282293154308, -194.41833115055715, 2720.5745698727796], [-173.06063015322152, 76.90364203547645, 2580.805302053587], [-142.84621450933028, 206.2929445919292, 2810.805929932896], [-93.20853467276467, 312.8549339653807, 2989.0325006085513], [-77.61003362531154, 700.8814618945597, 3148.331908732892], [-71.30492645983335, 1087.060962271148, 3327.813442436423], [40.591762991504666, -302.478729581901, 2976.0234731699584], [225.41737165775157, -179.80093830133256, 3177.452851890577], [89.17928694659591, 57.11288103596388, 3178.313687738323], [2.8554817361770457, 252.86327468885844, 3146.4568416218203], [12.543988921651952, 631.7981057692552, 3308.5699931092], [24.219053891383233, 1026.6591047476652, 3454.3302865569703], [-195.06314404444538, -469.6586033206245, 2813.3866635597396], [-142.89414193279714, -416.4905517805576, 2735.966156380213], [-159.86506286154636, -491.9800421332272, 2859.555645592745], [-55.726620493737855, -468.3854603650087, 2852.2961123816303]], "kpt2d_body": [[926.552873934872, 423.2880933082739], [852.5133298652743, 322.81900070631195], [928.6724338305262, 677.7306764051883], [868.3652725390477, 445.30433572988557], [854.0618162367867, 589.1523704066457], [877.2588826160279, 651.0370352877104], [905.2793410009162, 695.2923045709363], [914.9645187699045, 859.3558541801165], [919.9863419193489, 998.7383660786011], [969.0617871982378, 402.51783092867163], [1050.7017688747273, 466.41859313617863], [989.6830467812174, 572.3749928658435], [950.9350832004296, 660.9928587361784], [955.0228021112423, 815.8984405694093], [959.4787654932968, 959.9573190945691], [851.5592676952672, 311.2521199882766], [875.6216357092322, 331.6130850615575], [870.5591503724572, 304.04047952328744], [921.9723667928317, 314.75189332818604]], "kpt2d_body_mask": [true, true, true, true, true, true, true, true, true, true, true, true, true, true, true, true, true, true, true], "kpt3d_body_mask": [true, true, true, true, true, true, true, true, true, true, true, true, true, true, true, true, true, true, true], "kpt_list": ["Thorax", "Nose", "Pelvis", "L_Shoulder", "L_Elbow", "L_Wrist", "L_Hip", "L_Knee", "L_Ankle", "R_Shoulder", "R_Elbow", "R_Wrist", "R_Hip", "R_Knee", "R_Ankle", "L_Eye", "L_Ear", "R_Eye", "R_Ear"]}