{"id": 6, "class": "person", "kpt3d_body": [[-17.68359555123802, -273.92047619947505, 2849.891812276631], [-141.44528252398825, -440.487685867339, 2846.5347030685907], [-47.7795397166707, 258.86710791828943, 3061.7861921212257], [-26.806001898386526, -203.30212746202932, 2709.2245919507286], [-263.0883613314905, -97.82478702624559, 2565.50606388511], [-414.0075525160284, -318.8404883170037, 2608.1840283669517], [-77.12641336195826, 293.3264845990549, 2977.3476302551553], [-81.47287183675704, 694.283034488162, 3147.3090963335267], [-72.41818118682116, 1087.1167165932773, 3328.0297849852823], [23.699230108531786, -335.69301402837397, 2989.195797543182], [-249.37966381721606, -315.2620536587014, 3048.773530307001], [-298.9192501682677, -384.4480647390017, 2800.980921423668], [-18.432078544968256, 224.40807331610856, 3146.2239616521692], [4.048713337857839, 625.7590293346979, 3307.8670865910367], [25.174805468283417, 1026.8884875276067, 3454.352747045663], [-134.92475417580528, -456.9989652280094, 2798.5628397507735], [-70.76557953105974, -414.27912566647905, 2725.4165460974164], [-106.06747510990111, -478.25912545957493, 2847.721720701347], [-1.9237548942213145, -466.99172632823803, 2848.0743776863774]], "kpt2d_body": [[940.807981212993, 410.31436950019827], [879.2288074939397, 328.0841964299072], [927.4117793089295, 666.9032699716684], [935.5380295163955, 440.1398974717824], [803.744145873327, 492.69916968360616], [725.547295162582, 374.6704041737763], [912.7729793992785, 686.6313322542193], [913.2163839984023, 856.5824577724984], [919.524222211466, 998.7307186191872], [960.9263148387793, 387.4742083993291], [833.4383984049456, 400.2968795380764], [798.5687432966433, 353.0160906842417], [941.2895734195982, 648.1879215223671], [951.394158723701, 813.4320973568861], [959.8643734098127, 960.0426119562728], [881.3729981361323, 316.15481585965426], [912.8264339326248, 331.7983059074726], [896.9127122095142, 309.6268523603924], [948.7000272625053, 315.0660364972309]], "kpt2d_body_mask": [true, true, true, true, true, true, true, true, true, true, true, true, true, true, true, true, true, true, true], "kpt3d_body_mask": [true, true, true, true, true, true, true, true, true, true, true, true, true, true, true, true, true, true, true], "kpt_list": ["Thorax", "Nose", "Pelvis", "L_Shoulder", "L_Elbow", "L_Wrist", "L_Hip", "L_Knee", "L_Ankle", "R_Shoulder", "R_Elbow", "R_Wrist", "R_Hip", "R_Knee", "R_Ankle", "L_Eye", "L_Ear", "R_Eye", "R_Ear"]}