{"id": 6, "class": "person", "kpt3d_body": [[-57.994462930361685, -242.41880105030873, 2840.77438115467], [-193.77885984882525, -440.7155319684068, 2850.562808796064], [-47.32312000826117, 283.8598190020382, 3064.9517464156634], [-148.61182788388032, -191.75687456622228, 2709.3308519300394], [-175.53137385097062, 80.98280515958578, 2575.551044484887], [-144.85436268227136, 208.315756746438, 2806.2052511890206], [-94.67545115782649, 313.69686655376586, 2985.788096836939], [-80.00371981590668, 703.3312510821495, 3145.5979475922513], [-71.94130530832274, 1086.9111713275336, 3328.2289614905944], [42.860062228505726, -303.06252528808557, 2970.7288470127705], [221.10696040721172, -180.45535397857407, 3172.54641530411], [87.29645925127934, 58.336866929696924, 3173.1664823409037], [0.029091311779296802, 254.02375072110203, 3144.115654198963], [12.479963634559397, 633.7773193654969, 3306.420309341126], [25.716332660916077, 1027.2219744028662, 3453.6072799681906], [-193.58555888947996, -453.8785443608276, 2800.444009490672], [-140.80490308764428, -405.8037332111917, 2721.8083097363524], [-159.16261000226694, -480.5412499306067, 2845.1965642478376], [-55.05774427425607, -466.81049894404, 2835.6118123625834]], "kpt2d_body": [[920.5594572884551, 425.57320923500254], [853.365815516997, 328.4083553505011], [927.6567226051202, 678.309872103689], [871.5112251683154, 446.2686501176324], [852.5065873543981, 591.4865609799505], [876.125402449127, 652.225481379834], [904.5336948630932, 695.8487849468767], [913.8677501892605, 860.6811311156494], [919.7243516784021, 998.6249846592036], [970.1828912274262, 401.9854803115146], [1048.9263216322734, 465.9982519222917], [988.90128837205, 572.9655266956352], [949.655116808561, 661.600013300104], [954.9987301609098, 816.8967198369392], [960.0849916884658, 960.2557968981937], [851.8085218239075, 318.01485084653996], [876.3041455706938, 335.9875801944485], [870.4857828868535, 308.42006693221293], [922.1447867308686, 314.1795091253907]], "kpt2d_body_mask": [true, true, true, true, true, true, true, true, true, true, true, true, true, true, true, true, true, true, true], "kpt3d_body_mask": [true, true, true, true, true, true, true, true, true, true, true, true, true, true, true, true, true, true, true], "kpt_list": ["Thorax", "Nose", "Pelvis", "L_Shoulder", "L_Elbow", "L_Wrist", "L_Hip", "L_Knee", "L_Ankle", "R_Shoulder", "R_Elbow", "R_Wrist", "R_Hip", "R_Knee", "R_Ankle", "L_Eye", "L_Ear", "R_Eye", "R_Ear"]}