{"id": 6, "class": "person", "kpt3d_body": [[-63.100606907133965, -258.5812714980568, 2876.5365221315787], [-179.449037705206, -456.5240247467838, 2888.83738624857], [-58.222680384282796, 262.34843451942265, 3098.2590623550595], [-141.51509440149505, -199.65039468014083, 2737.9893367191403], [-329.5083159602547, -65.51336389167645, 2608.233019818843], [-389.3163632560977, -299.12999012730126, 2614.2676476075494], [-97.49263262256058, 291.31021856987473, 3007.5996738139065], [-90.57257756903226, 690.4098887725556, 3169.6531041920925], [-74.53315019576382, 1086.2181734518429, 3329.4124921718376], [35.83961780969946, -306.7084211306448, 2994.87660963469], [80.83522447847173, -348.253432285114, 3268.534108080657], [-38.77592657951875, -546.6236354258704, 3182.344304418711], [-18.952077615618236, 233.38696111086435, 3188.917729569775], [9.039351070893362, 625.1547769213122, 3319.1230935228627], [23.79261366951563, 1026.6341373430214, 3456.946621765967], [-179.5351663243251, -473.7153771905727, 2840.0510646317434], [-128.3394497017054, -428.28759841554785, 2756.6068481395473], [-145.2047428349684, -495.1705444604505, 2886.0489210055953], [-40.12482308249887, -478.5614680146256, 2874.281094754024]], "kpt2d_body": [[918.4002805586, 419.12843208912375], [861.6748739092517, 323.5887461940255], [922.8728743783072, 667.0807389660486], [876.0200766581263, 443.22466209260847], [770.1403707051604, 511.20536813377464], [739.1247499996828, 385.47709163022193], [903.5063173316915, 684.270366665801], [909.4179382260613, 852.769322800839], [918.6533297089346, 998.1960361202816], [966.6802291973034, 401.4260042785314], [984.8391694500996, 395.607148167373], [932.4037755295557, 304.22493077482784], [941.1697809936702, 650.8248607008738], [953.513777297327, 812.2936562707933], [959.2996173719047, 959.6492320533316], [860.1945458227636, 311.392619586544], [883.6674970868369, 327.1972567372668], [878.4572606080668, 304.65868457904355], [929.8792303388852, 311.55832837555045]], "kpt2d_body_mask": [true, true, true, true, true, true, true, true, true, true, true, true, true, true, true, true, true, true, true], "kpt3d_body_mask": [true, true, true, true, true, true, true, true, true, true, true, true, true, true, true, true, true, true, true], "kpt_list": ["Thorax", "Nose", "Pelvis", "L_Shoulder", "L_Elbow", "L_Wrist", "L_Hip", "L_Knee", "L_Ankle", "R_Shoulder", "R_Elbow", "R_Wrist", "R_Hip", "R_Knee", "R_Ankle", "L_Eye", "L_Ear", "R_Eye", "R_Ear"]}