{"id": 6, "class": "person", "kpt3d_body": [[-49.11579071057198, -248.3779178310715, 2851.2837072445977], [-178.38464027669087, -438.5991824271352, 2869.1911492321747], [-51.218431165559764, 261.2584916844179, 3071.2803964679097], [-120.20343207644437, -194.23066741910333, 2720.0285618916178], [-334.4562547742926, -36.33215094413728, 2641.412065352335], [-402.0673259004672, -267.1956783701651, 2588.567558711636], [-101.2427232565295, 294.28088481963994, 2998.3644452496155], [-92.48561422042378, 690.491135107839, 3161.898321244348], [-74.98518950339819, 1084.584630656197, 3329.2040260375757], [53.76102085419883, -298.2844039632363, 2960.2696289431337], [65.21764991640354, -294.47121062317194, 3248.2718594657354], [-36.533437717578686, -511.42327569039196, 3202.179864059768], [-1.1943910904777688, 228.23622429595702, 3144.196063651445], [4.118788218790677, 625.5316018173759, 3314.093584180851], [23.70162322726329, 1025.7433121311315, 3455.0247184407363], [-178.4753851105014, -456.34607910921915, 2819.8779395343536], [-126.66439247583966, -417.00845321247357, 2735.0524867083664], [-144.49171232105132, -478.20224812298477, 2865.4500804591703], [-40.359046242761785, -469.6918503996497, 2851.70200487282]], "kpt2d_body": [[925.1040576838026, 423.0567888033648], [861.5588305179554, 330.7920807762822], [925.8863350045499, 667.6337555375013], [886.6770378435488, 445.34436356097774], [769.7163686175691, 527.3039509945834], [730.0441924473927, 401.2505879598972], [901.5888832695709, 686.0864600782185], [908.4702115112447, 853.5324190646862], [918.4604093545047, 997.579117229184], [975.4984069364393, 403.75939713256673], [978.2402806621872, 418.04327500536556], [933.4819128372934, 321.0088596802234], [949.0994914377402, 649.9802256217229], [951.4207516952872, 812.8459852633408], [959.2683294438384, 959.5262599359899], [860.0462480809205, 318.30286710053736], [883.9986232431745, 331.2425727649849], [878.2662560592387, 311.1762426276938], [929.6026447027364, 314.05361422004137]], "kpt2d_body_mask": [true, true, true, true, true, true, true, true, true, true, true, true, true, true, true, true, true, true, true], "kpt3d_body_mask": [true, true, true, true, true, true, true, true, true, true, true, true, true, true, true, true, true, true, true], "kpt_list": ["Thorax", "Nose", "Pelvis", "L_Shoulder", "L_Elbow", "L_Wrist", "L_Hip", "L_Knee", "L_Ankle", "R_Shoulder", "R_Elbow", "R_Wrist", "R_Hip", "R_Knee", "R_Ankle", "L_Eye", "L_Ear", "R_Eye", "R_Ear"]}