{"id": 6, "class": "person", "kpt3d_body": [[-16.397070647237328, -253.8164373074622, 2823.25349883813], [-135.59081004997, -430.02779348264056, 2825.642321770026], [-53.304655876988114, 262.6782154383369, 3055.9910263313595], [-79.56493878758563, -193.69320761097754, 2696.5825507261534], [-377.41273355890024, -143.95311166096207, 2694.679939850861], [-361.8291732572214, -391.78555426833327, 2768.830611879176], [-107.14290258206546, 293.254261410259, 2985.5196946655155], [-88.17679276499874, 694.1275024198537, 3151.2717695426763], [-71.83376155233204, 1085.8016454761166, 3328.1764960200326], [79.28996731137404, -304.77746727216896, 2938.7378213401744], [-92.53343347115259, -351.0107567598979, 3159.5394608177753], [-238.72846616787527, -487.54556633287564, 2999.586716756099], [0.5338003306723405, 232.10270016514102, 3126.461139609937], [3.39081979521179, 628.6359717201464, 3309.9850168538333], [23.089433282209598, 1025.5430034955102, 3454.579327284863], [-132.9205156287896, -445.4537252882267, 2783.839981740217], [-84.72431671662082, -401.0497241404781, 2700.537485219477], [-97.13640356098615, -469.1263103234584, 2826.3723970438004], [2.146659833884774, -454.06224666181856, 2811.8352602517007]], "kpt2d_body": [[941.370017779291, 419.0981626740545], [881.6263833381099, 331.64380484668516], [924.7963921887808, 668.8919581735242], [907.5886915768298, 444.71538064428114], [750.9621968593658, 471.2212862604779], [764.9979051724458, 347.39522051273536], [898.5720157327185, 686.191057033336], [910.2658287479685, 856.1255173420859], [919.7669458690484, 998.1951538631815], [988.0451575446656, 399.6134217619514], [907.9874995208668, 389.2148255762657], [837.0556993640707, 317.4673657902006], [949.8845249075569, 652.3161531579083], [951.112200024116, 814.4659574729365], [959.0225048992535, 959.500268043902], [882.010600583452, 320.725634497387], [905.1464959230233, 336.7060379881879], [900.9771188393986, 312.3438324498769], [950.7389168420854, 318.5282675123906]], "kpt2d_body_mask": [true, true, true, true, true, true, true, true, true, true, true, true, true, true, true, true, true, true, true], "kpt3d_body_mask": [true, true, true, true, true, true, true, true, true, true, true, true, true, true, true, true, true, true, true], "kpt_list": ["Thorax", "Nose", "Pelvis", "L_Shoulder", "L_Elbow", "L_Wrist", "L_Hip", "L_Knee", "L_Ankle", "R_Shoulder", "R_Elbow", "R_Wrist", "R_Hip", "R_Knee", "R_Ankle", "L_Eye", "L_Ear", "R_Eye", "R_Ear"]}