{"id": 6, "class": "person", "kpt3d_body": [[-59.27630773957996, -243.32596706534645, 2842.821356219425], [-198.7095284310314, -445.7029378022648, 2851.9393188098934], [-48.68261637681886, 283.539935751713, 3064.8931282434482], [-158.02154129080773, -193.2837141894376, 2716.670102052369], [-177.6076195529657, 79.56950355934637, 2577.444928201194], [-146.402939823993, 207.96650271673002, 2807.703477960444], [-95.83084606558754, 313.47271128495163, 2985.8869265521776], [-80.1070720037855, 702.2222677445853, 3145.5927205227977], [-71.58847529181293, 1086.45394320269, 3327.7882628732527], [46.66799256856493, -302.774708802107, 2972.3347527376795], [218.72392406683434, -180.4852165658977, 3173.97584561937], [83.55021004624996, 57.9386335598015, 3175.6353272279443], [-1.5353522382967277, 253.6070067600319, 3143.8996962177084], [12.129488218352229, 633.9936394159132, 3306.7749381871454], [25.251168008360104, 1026.5801992285988, 3453.9555744293084], [-196.38811058785635, -461.1445811945009, 2801.5581229798636], [-140.802878966739, -412.3750689849214, 2724.686569081852], [-162.02792057912274, -484.58281845096224, 2849.547614948472], [-57.34221550571974, -466.0968211609014, 2843.8075195446395]], "kpt2d_body": [[919.9386010473222, 425.20927677895963], [850.9840857830709, 326.08844391395047], [927.0246238292059, 678.1643167707945], [866.7989451410921, 445.754022104791], [851.4318072846044, 590.673550237888], [875.3797775370125, 651.9916289003955], [903.9847907779204, 695.7369581110661], [913.8198341085805, 860.1997211412154], [919.8669575330603, 998.5021980747579], [971.9954978124639, 402.2012822354509], [1047.8148666976083, 466.0189300874556], [987.1877495958128, 572.7672220135654], [948.946025046708, 661.4201480367644], [954.8483692735108, 816.9587023928452], [959.8964250084422, 959.9694764406033], [850.4577874200851, 314.5045825410763], [876.3964407694202, 332.83864333946855], [869.1946885460895, 306.81430853542474], [921.084054488399, 315.19176820773646]], "kpt2d_body_mask": [true, true, true, true, true, true, true, true, true, true, true, true, true, true, true, true, true, true, true], "kpt3d_body_mask": [true, true, true, true, true, true, true, true, true, true, true, true, true, true, true, true, true, true, true], "kpt_list": ["Thorax", "Nose", "Pelvis", "L_Shoulder", "L_Elbow", "L_Wrist", "L_Hip", "L_Knee", "L_Ankle", "R_Shoulder", "R_Elbow", "R_Wrist", "R_Hip", "R_Knee", "R_Ankle", "L_Eye", "L_Ear", "R_Eye", "R_Ear"]}