{"id": 1, "class": "person", "kpt3d_body": [[-16.67364591491271, -255.45576205626645, 2505.117925319515], [51.01920881566472, -354.3480078023289, 2283.9899760514813], [-36.75937569761008, 241.06548934185753, 2762.9871045706786], [147.03450255231675, -280.00549266162227, 2562.94211787231], [199.42634644180566, -57.73944566080843, 2733.058319993085], [184.04152199050736, 204.57880350728956, 2727.347513497932], [53.83571084471591, 224.95843963598318, 2799.019247299347], [31.83900758981749, 620.3192595867447, 3012.1618352220266], [21.344399782444956, 953.4454841305518, 3213.489912138118], [-174.0916285590319, -225.5128761249405, 2438.014045489486], [-261.4041687735193, 29.56724216442808, 2556.7990309256047], [-163.94479159473224, 283.39886407297826, 2595.964773703367], [-127.35395848589573, 257.17256541456504, 2726.9527811227113], [-154.71392503085002, 643.9198202536409, 2946.5512444190344], [-185.51112568415448, 989.2492271535617, 3132.677872008803], [71.90957400718207, -399.41631787007464, 2294.1203707673385], [80.58749442039641, -439.978169643761, 2391.415541259126], [16.86065751850097, -388.8770090622306, 2275.985434307835], [-63.87870892159139, -414.95954273870655, 2339.94722629511]], "kpt2d_body": [[922.901778458461, 421.7770271087838], [963.1717961918696, 348.758783226323], [913.6262605132813, 684.7533696657056], [1011.9903406757068, 411.8689721522983], [1033.9629824620383, 534.0617461324305], [1026.1867989279888, 667.6690357616409], [958.9955197403881, 675.2228968402212], [946.7707218342941, 846.9783087519536], [941.2412643388232, 966.9447155181886], [832.7872355586255, 435.0592843310606], [789.7542925236289, 579.5161382283745], [844.3354105542113, 714.8764954898666], [867.1277324690482, 694.4439396111368], [859.850037988791, 863.6543424015798], [851.7483275470273, 991.1965804296481], [975.5897697415033, 322.972050089596], [978.8020231997638, 309.58793112419386], [942.4424362036466, 327.3185309076533], [894.3771580911417, 318.57028248040524]], "kpt2d_body_mask": [true, true, true, true, true, true, true, true, true, true, true, true, true, true, true, true, true, true, true], "kpt3d_body_mask": [true, true, true, true, true, true, true, true, true, true, true, true, true, true, true, true, true, true, true], "kpt_list": ["Thorax", "Nose", "Pelvis", "L_Shoulder", "L_Elbow", "L_Wrist", "L_Hip", "L_Knee", "L_Ankle", "R_Shoulder", "R_Elbow", "R_Wrist", "R_Hip", "R_Knee", "R_Ankle", "L_Eye", "L_Ear", "R_Eye", "R_Ear"]}