{"id": 1, "class": "person", "kpt3d_body": [[-180.733479183131, -66.36228077055904, 2733.529276414528], [-350.2010905516612, -131.37817486423103, 2611.5782819733563], [-114.65052926904463, 456.41677265259915, 2638.075785144857], [-53.84232135586808, -75.94063265860854, 2641.665651280412], [199.745055297252, 63.755890876324486, 2563.5986224861526], [145.73627824743375, 310.35745635536557, 2561.612959290274], [-31.061152250704698, 428.29903536564996, 2606.2081304752014], [103.54404597379241, 344.0603096208696, 2240.7754110379765], [-80.0187785969961, 749.3993454735943, 2284.9932585471624], [-284.3765617154663, -68.97564259088142, 2841.079107113307], [-569.8830647864936, -239.49399776425253, 2821.7189069857022], [-555.818407632143, -300.282764385085, 2585.57305483582], [-198.2389358635591, 484.5345378254717, 2669.943823871767], [-245.61202870225995, 871.5976068350438, 2543.873471977691], [-192.50069139800354, 1295.5038392818888, 2647.800883079194], [-330.1723919385216, -174.17934318920857, 2606.779840587629], [-237.27946293405756, -210.74264692088065, 2644.715043790174], [-370.33972905948804, -155.81256551994613, 2646.823522180417], [-333.9894522269976, -162.63526313891248, 2742.5990404070253]], "kpt2d_body": [[842.2368833431966, 524.9292917859527], [748.1334396582978, 488.96018145193335], [874.3729893353261, 797.9735263260014], [906.0862031811744, 518.6572194794368], [1043.3771869342731, 593.4042819731287], [1013.766362855072, 726.9646849664728], [918.0622218678943, 786.2908615764368], [998.7592697360466, 771.4464199224776], [887.1175414269583, 1002.8065635619282], [795.0119066114503, 524.9806170418659], [655.9401275082596, 441.8905717018461], [638.9475328450405, 399.35558601579885], [831.9008405386262, 809.2021305058249], [804.2220390498181, 1020.4973262030828], [839.2136475948319, 1199.9028302354561], [758.4702024609487, 466.05054950063743], [809.6124192272675, 448.0058808402355], [740.1771293533577, 477.1390156767851], [765.1520230922042, 476.4319442283893]], "kpt2d_body_mask": [true, true, true, true, true, true, true, true, true, true, true, true, true, true, true, true, true, true, true], "kpt3d_body_mask": [true, true, true, true, true, true, true, true, true, true, true, true, true, true, true, true, true, true, true], "kpt_list": ["Thorax", "Nose", "Pelvis", "L_Shoulder", "L_Elbow", "L_Wrist", "L_Hip", "L_Knee", "L_Ankle", "R_Shoulder", "R_Elbow", "R_Wrist", "R_Hip", "R_Knee", "R_Ankle", "L_Eye", "L_Ear", "R_Eye", "R_Ear"]}