{"id": 4, "class": "person", "kpt3d_body": [[57.66787861842658, -238.202369088431, 2554.0606685662096], [101.97500325572264, -288.16700911712996, 2343.854852203409], [20.368756066099955, 241.6254917255401, 2792.7751441176947], [198.55112760548937, -272.8502668277413, 2597.5871997672557], [418.60398505666774, -154.60669481631868, 2719.9742602453357], [404.5060438245239, -254.35821911291526, 2506.3956822445166], [115.06684949218936, 233.59501306811026, 2822.862794075453], [84.57118973826044, 589.7891669231167, 3054.748342363136], [64.5139823963029, 917.5565628357372, 3284.024929921648], [-94.4403243017692, -217.38297484204892, 2511.707035802197], [-355.3655444548863, -53.26895853800039, 2514.504338973884], [-222.1063777528747, -202.30767355494677, 2338.9051063407805], [-74.32906183946054, 249.65642311938325, 2762.6866461515765], [-125.92877768383062, 594.2674352797718, 2970.9607400259797], [-159.86843248813562, 956.4265317880717, 3185.351950638239], [127.15335039244263, -327.85233637494355, 2349.4681916665486], [149.62923053234104, -378.0346362006027, 2446.329515037805], [72.08069654732918, -324.4439859149578, 2333.337970543357], [4.457295665375236, -364.7982750504416, 2400.938139856158]], "kpt2d_body": [[963.6406144184542, 433.83139128854384], [992.674448543164, 392.95450996113993], [942.342481297588, 683.7474316544107], [1038.4686512019719, 417.77995251196984], [1145.5869850029303, 484.8429209966041], [1155.3890832531715, 423.47219121372007], [988.990612665501, 678.4785019906384], [970.4460402003223, 829.5970749638465], [959.0402908774221, 944.3865884562491], [879.7697257770778, 443.156826763755], [735.8538860233908, 534.1014861450734], [800.1106836582635, 443.48702169280176], [894.6777005787039, 689.049844707576], [873.6496474788564, 838.8899608610424], [863.8244087492412, 971.2853169447766], [1007.3185971335852, 370.23010053262055], [1016.9765660091813, 349.7879767188165], [975.0922664999833, 370.80348442258867], [934.752829885249, 353.10677932573446]], "kpt2d_body_mask": [true, true, true, true, true, true, true, true, true, true, true, true, true, true, true, true, true, true, true], "kpt3d_body_mask": [true, true, true, true, true, true, true, true, true, true, true, true, true, true, true, true, true, true, true], "kpt_list": ["Thorax", "Nose", "Pelvis", "L_Shoulder", "L_Elbow", "L_Wrist", "L_Hip", "L_Knee", "L_Ankle", "R_Shoulder", "R_Elbow", "R_Wrist", "R_Hip", "R_Knee", "R_Ankle", "L_Eye", "L_Ear", "R_Eye", "R_Ear"]}