{"id": 4, "class": "person", "kpt3d_body": [[50.83599162811704, -237.75974082127078, 2556.6680353355237], [101.09240881843024, -286.1194777698556, 2348.63525214474], [15.380906829914798, 241.27944230048143, 2790.795300385682], [187.55705028805178, -278.06551894929885, 2613.3792274161056], [405.2845151427679, -191.22600902643185, 2762.381289865795], [438.7924428189149, -287.69299693119945, 2560.4915393350693], [107.0575864151161, 236.14603069655018, 2816.2793945553876], [81.38177596122809, 587.6487896729238, 3058.678992658757], [64.7573619252778, 916.9717147440734, 3283.626200396079], [-100.19299421722079, -220.3241302241608, 2511.5766752981626], [-376.5285910329911, -84.70252219849655, 2538.234090113599], [-308.04149570098957, -207.15149145364492, 2338.408811828619], [-76.2956767493023, 246.41284541582863, 2765.3112328767133], [-127.7155883294254, 593.0549036142737, 2972.54178546396], [-160.337929280533, 956.3031371124666, 3185.9530988778433], [125.98329326644127, -325.6919612908349, 2354.392324385127], [144.23816530872307, -378.84452408798484, 2449.508711433719], [71.10035709350066, -321.4363976756083, 2334.9376494292214], [1.1906089497672667, -365.17401974153404, 2395.838953619761]], "kpt2d_body": [[959.8857659284091, 434.1982304268286], [992.034025743511, 394.4955642662403], [939.8579365473578, 683.6614928064059], [1031.9875948863073, 415.8759450557486], [1135.6589947438288, 467.7012701596799], [1168.8250750119096, 408.7129133541498], [985.1599081389393, 680.0075324218984], [968.9597713638836, 828.3215862252711], [959.14543379318, 944.1978683366244], [876.5808377054825, 441.53618070871465], [726.2634682934071, 517.2543241190393], [749.4257108828026, 440.8888401141776], [893.7200448977667, 687.3071130105506], [872.848183385489, 838.1936118939294], [863.6358064959094, 971.1603844321044], [1006.4797479691894, 371.88324692911283], [1013.8204382934729, 349.5942760614682], [974.4843942657488, 372.6981676885925], [932.8655531720161, 352.4504624150837]], "kpt2d_body_mask": [true, true, true, true, true, true, true, true, true, true, true, true, true, true, true, true, true, true, true], "kpt3d_body_mask": [true, true, true, true, true, true, true, true, true, true, true, true, true, true, true, true, true, true, true], "kpt_list": ["Thorax", "Nose", "Pelvis", "L_Shoulder", "L_Elbow", "L_Wrist", "L_Hip", "L_Knee", "L_Ankle", "R_Shoulder", "R_Elbow", "R_Wrist", "R_Hip", "R_Knee", "R_Ankle", "L_Eye", "L_Ear", "R_Eye", "R_Ear"]}