{"id": 4, "class": "person", "kpt3d_body": [[18.92152130247368, -247.394386055864, 2525.50673111627], [64.55884658201437, -268.3009962109813, 2329.520262565613], [-3.1650078232140277, 252.24037790264475, 2761.923691674763], [167.58741144312796, -274.43983217237275, 2573.533435040271], [416.7661373092057, -345.20185695803275, 2694.347113207208], [694.1298289582409, -419.1425427013546, 2755.2634350498956], [94.29693595253362, 250.16720636057954, 2785.7149265420358], [57.302877543335626, 593.6094711970524, 3044.9012826620947], [17.43846585955854, 926.4183728918056, 3265.9622458203166], [-130.17143842324475, -229.181731267946, 2487.8046981647462], [-439.2516172039427, -212.34777396998865, 2438.726657339899], [-687.4635124142351, -229.44984713569184, 2349.492626718983], [-100.62703510752215, 254.3130797311285, 2738.1333581373256], [-175.92166659145107, 594.1432203391448, 2958.9829054833303], [-247.91490663116068, 943.1051732826531, 3194.496818978182], [90.63655198734568, -307.90282420879055, 2333.779363988977], [111.83829657530161, -364.637797020021, 2425.6281375198982], [35.476211233157315, -303.8844841082157, 2316.1302957850457], [-32.31622574335759, -350.2955551733545, 2378.180167640212]], "kpt2d_body": [[942.6140757513991, 427.3247488224861], [970.7439612224005, 403.5980463751435], [930.5766500917036, 690.4053190768772], [1022.7630048590852, 415.5093764670073], [1145.8768568790006, 386.92580169259895], [1275.9264788368575, 356.44004565443464], [979.346444750786, 688.2562491823402], [958.1886538108757, 832.1631782417678], [939.4785150514855, 949.9822056110372], [859.2973312333615, 435.49353795390965], [683.3360827495587, 443.4771620001967], [533.8805347234705, 430.86070584171216], [880.9722369775775, 692.499317829898], [850.1300993734986, 839.7901118029099], [826.4938193355808, 964.3986985361696], [986.1509629139707, 380.58919079545484], [996.1513698907719, 355.43323374246785], [953.4715083257398, 381.52608027821555], [913.3058503270842, 359.467805110447]], "kpt2d_body_mask": [true, true, true, true, true, true, true, true, true, true, true, true, true, true, true, true, true, true, true], "kpt3d_body_mask": [true, true, true, true, true, true, true, true, true, true, true, true, true, true, true, true, true, true, true], "kpt_list": ["Thorax", "Nose", "Pelvis", "L_Shoulder", "L_Elbow", "L_Wrist", "L_Hip", "L_Knee", "L_Ankle", "R_Shoulder", "R_Elbow", "R_Wrist", "R_Hip", "R_Knee", "R_Ankle", "L_Eye", "L_Ear", "R_Eye", "R_Ear"]}