{"id": 4, "class": "person", "kpt3d_body": [[-10.69424760777232, -212.96802768757004, 2555.439588988176], [-90.42260121717268, -336.47070346889666, 2354.794212415373], [-19.87432231755494, 237.54560744636294, 2786.565410028308], [159.15021787195388, -227.98833764833162, 2596.170786169471], [187.20582519849248, 36.64741546109397, 2746.9159245501587], [182.62778605719856, 268.8681922035091, 2801.7472918465637], [63.103612073468504, 228.3927711526063, 2810.4641155868903], [28.757019509393828, 584.9939376231307, 3034.549337924822], [-7.0721725286423265, 934.2585546852904, 3245.696115100448], [-174.17645637645168, -180.67781353764204, 2504.8212803335396], [-204.47720446851437, 79.23012736195133, 2642.1469440982], [-191.20197386382785, 318.9814444252872, 2701.651958883486], [-102.85234021713883, 246.697974026538, 2762.667605799561], [-135.71431305444025, 586.0650029726556, 2986.194486471736], [-151.84531451678677, 944.4525808873145, 3218.381448288856], [-59.263049037743926, -374.8289508037028, 2345.04539457113], [33.34820992841387, -393.5995528051741, 2400.264387989437], [-108.743970461864, -373.82199927049453, 2375.251316119274], [-96.7563046885737, -387.67221715676226, 2476.1316306519734]], "kpt2d_body": [[926.3379413389803, 447.5523426072048], [878.8531313309977, 365.5739928495308], [922.2293821311266, 681.9870302105523], [1017.5516612782345, 441.4793475448399], [1027.2682682446427, 582.0170068935029], [1022.9025478046299, 696.6569632319793], [963.482439488289, 676.458124014926], [945.2794111935307, 829.2478954413319], [929.2072174788618, 955.4405416948578], [835.291317736692, 463.22686621610194], [824.2540423378942, 605.1538620367099], [833.8243005589532, 727.0795720957999], [880.2954589174119, 687.5454494227487], [869.4019971942894, 833.7940174404425], [867.8478417199736, 962.5000648325878], [897.1253198993833, 342.3642876005367], [951.441334183477, 336.6887590882824], [868.6904457035185, 345.8043013226768], [877.9776108923312, 346.8859241512124]], "kpt2d_body_mask": [true, true, true, true, true, true, true, true, true, true, true, true, true, true, true, true, true, true, true], "kpt3d_body_mask": [true, true, true, true, true, true, true, true, true, true, true, true, true, true, true, true, true, true, true], "kpt_list": ["Thorax", "Nose", "Pelvis", "L_Shoulder", "L_Elbow", "L_Wrist", "L_Hip", "L_Knee", "L_Ankle", "R_Shoulder", "R_Elbow", "R_Wrist", "R_Hip", "R_Knee", "R_Ankle", "L_Eye", "L_Ear", "R_Eye", "R_Ear"]}