{"id": 4, "class": "person", "kpt3d_body": [[5.068872700224691, -288.06928089783327, 2541.5706115787425], [43.02108795498452, -271.7827292006133, 2362.9911567177915], [-13.1114629293839, 192.80667526846813, 2798.4737394494664], [152.29313751302658, -317.9633836500558, 2587.868691079636], [389.7259689060653, -428.33151320553736, 2660.175700157155], [280.64853973965864, -523.9961084802609, 2464.750838046856], [78.38990220251202, 184.0752151180527, 2829.3548672955158], [26.22702919499322, 567.0239222060823, 3040.4458073916453], [-8.516361839341728, 932.0701911913067, 3247.86277340839], [-144.80930890425816, -268.41079989121397, 2500.8960058429407], [-406.0166156492088, -324.9158335615356, 2408.4760895532672], [-223.9722768689883, -452.02896793263176, 2310.873523359088], [-104.61311607923247, 201.53816088463543, 2767.5925316212033], [-130.3034663773586, 584.3266857030266, 2989.9442134365117], [-149.93878633540177, 948.6508412193399, 3216.956100286452], [73.2396611077594, -308.35840346723376, 2357.4601943440107], [103.96080681411189, -381.29267918165067, 2433.027024766911], [16.191166232143512, -305.36981306816415, 2342.741014227799], [-45.206966285830994, -369.05674461374576, 2398.77720837617]], "kpt2d_body": [[934.9510609063348, 406.0879104474643], [957.5159298846582, 403.79618942124483], [925.6361225476624, 659.3236751188768], [1013.972143728856, 393.1378723950759], [1134.1888286045478, 342.0307793257991], [1088.725778386406, 271.9566660871292], [970.8302486593417, 653.9775571885436], [944.1112211007267, 820.75529992463], [928.6014572758726, 954.312745393295], [851.6103761136238, 414.5288421605304], [699.6952651839863, 377.908159300662], [798.550911317774, 294.48971001791404], [879.4611498109225, 664.7256014843181], [871.972173748475, 832.6907964067577], [868.6407681456794, 964.368133907908], [975.3627600146548, 382.1155631745752], [991.4369530583974, 346.69409274954745], [941.7852978909893, 382.6927669938956], [906.0215069840833, 350.5161845395249]], "kpt2d_body_mask": [true, true, true, true, true, true, true, true, true, true, true, true, true, true, true, true, true, true, true], "kpt3d_body_mask": [true, true, true, true, true, true, true, true, true, true, true, true, true, true, true, true, true, true, true], "kpt_list": ["Thorax", "Nose", "Pelvis", "L_Shoulder", "L_Elbow", "L_Wrist", "L_Hip", "L_Knee", "L_Ankle", "R_Shoulder", "R_Elbow", "R_Wrist", "R_Hip", "R_Knee", "R_Ankle", "L_Eye", "L_Ear", "R_Eye", "R_Ear"]}