{"id": 4, "class": "person", "kpt3d_body": [[6.247511028230441, -285.5172068924631, 2541.662775632136], [43.76666402426456, -273.6639368113515, 2362.9825840738245], [-3.672530672838832, 217.04821320880825, 2781.327265263576], [152.7721801007337, -317.7184301467371, 2588.5584076739324], [389.6583380771143, -424.865577123437, 2662.0103775772945], [285.06133230361775, -522.7168537820431, 2468.4830891379447], [91.17560596229208, 224.04145338469988, 2803.3290569203996], [26.3980551984434, 567.0555303653252, 3039.28712935588], [-8.659741558336558, 932.8677789836734, 3247.759464262362], [-144.3170660145949, -267.76067983907797, 2501.085810625232], [-406.51116102487106, -321.63361742868074, 2409.8354173756466], [-227.73235327873198, -449.8974254560891, 2311.7356005384913], [-98.52043907445835, 210.05454666333634, 2759.324140895814], [-131.08878328049738, 584.3751182517145, 2989.0179917297773], [-150.5702230225648, 948.1836040794952, 3217.1869835799907], [73.5595859391526, -310.02008385018075, 2357.373924724904], [104.41370335370311, -381.9193863147557, 2434.0494783130084], [16.819929734386598, -307.49968195389204, 2342.656071730471], [-44.5795339822909, -369.7832688135203, 2399.4221861213005]], "kpt2d_body": [[935.5967457423877, 407.47775286623164], [957.953799657957, 402.6993677359702], [930.3319868320227, 672.0013786981264], [1014.2078359991958, 393.31388061073426], [1134.041565628421, 343.9444308663331], [1090.9462249111343, 273.1090215027694], [977.5211490770206, 674.5767513535844], [944.1935212955534, 820.865486842676], [928.541207128499, 954.6444726363836], [851.8884825472677, 414.89743819204324], [699.5211620121339, 379.86855884215385], [796.3553976474898, 295.85226126124974], [882.38726142143, 669.3110674617811], [871.5914737387471, 832.7924937048488], [868.3764000286777, 964.1503406632783], [975.55064410819, 381.14167898016376], [991.668887441446, 346.43352870244206], [942.1582088401426, 381.4378511646929], [906.3919547629285, 350.15854685968867]], "kpt2d_body_mask": [true, true, true, true, true, true, true, true, true, true, true, true, true, true, true, true, true, true, true], "kpt3d_body_mask": [true, true, true, true, true, true, true, true, true, true, true, true, true, true, true, true, true, true, true], "kpt_list": ["Thorax", "Nose", "Pelvis", "L_Shoulder", "L_Elbow", "L_Wrist", "L_Hip", "L_Knee", "L_Ankle", "R_Shoulder", "R_Elbow", "R_Wrist", "R_Hip", "R_Knee", "R_Ankle", "L_Eye", "L_Ear", "R_Eye", "R_Ear"]}