{"id": 4, "class": "person", "kpt3d_body": [[-146.17082105562557, -75.88252925652014, 2677.704928015991], [-317.9282590768124, -132.65591857734023, 2520.1673024836737], [-183.51941636041897, 275.50619714794726, 3073.6026013984024], [-78.9013496554928, 43.65768548820512, 2578.1864400040126], [-92.0154076830628, 276.4488004868293, 2783.2335774206013], [-165.62897073970305, 440.4943891777257, 2927.908381287118], [-173.945519419796, 356.02380219778934, 3024.565541925973], [-134.02550358898668, 590.1849596764176, 3353.589469249395], [-143.64292715151322, 847.2022916414376, 3660.3218063866143], [-210.9738783477948, -195.34795792086982, 2778.7269458511646], [-231.8819475512289, -18.47617876900628, 3040.696998489151], [-297.27673277954375, 127.67634526184025, 3208.7641695947655], [-193.09299321488712, 194.98851134490224, 3122.6384235253777], [-193.05613615529097, 465.16481467891697, 3453.2466575422773], [-185.52684149773017, 742.1774865614095, 3754.406904351772], [-294.6405559006177, -138.9188015517361, 2477.668046851949], [-185.4061228118907, -129.48889941132464, 2458.9568736251413], [-313.79963846045075, -181.2759175401824, 2513.33168109026], [-238.54966319744398, -240.69320778694063, 2552.361663825906]], "kpt2d_body": [[874.4179895457838, 508.7189341521763], [775.3791085339956, 475.229511499556], [867.4759787466209, 672.5524459588921], [907.8366882468027, 571.7160337027058], [904.5502147223073, 686.0351519915613], [872.1802692424521, 756.1233970594842], [870.6677911646303, 711.2630298079425], [895.3089263686586, 790.9845576498208], [896.6759326167595, 865.566759776078], [844.8773925810258, 450.5365890362509], [844.2608526388547, 539.6932262273021], [821.5900477426262, 603.3861157110015], [864.4136663102796, 634.9053042757544], [872.9938493938404, 734.5972297731126], [882.415539033176, 820.2456682354136], [785.3578009478875, 470.4464276176611], [845.537892242214, 474.9833862508269], [777.2872723909265, 448.2939178413583], [820.7301444314344, 417.4706811632202]], "kpt2d_body_mask": [true, true, true, true, true, true, true, true, true, true, true, true, true, true, true, true, true, true, true], "kpt3d_body_mask": [true, true, true, true, true, true, true, true, true, true, true, true, true, true, true, true, true, true, true], "kpt_list": ["Thorax", "Nose", "Pelvis", "L_Shoulder", "L_Elbow", "L_Wrist", "L_Hip", "L_Knee", "L_Ankle", "R_Shoulder", "R_Elbow", "R_Wrist", "R_Hip", "R_Knee", "R_Ankle", "L_Eye", "L_Ear", "R_Eye", "R_Ear"]}