{"id": 4, "class": "person", "kpt3d_body": [[-162.2256971822572, -108.43281748963577, 2639.3157753658006], [-319.6715148647544, -140.02598531860897, 2530.4423670638034], [-200.85597363419097, 254.3725406066025, 3044.56994817363], [-96.3958407037059, -9.50254294929934, 2544.6222599248044], [86.62291259608516, 184.14678248305492, 2384.3578539365235], [121.05827658777852, 178.27879038882656, 2151.3045408610305], [-170.93933025082876, 333.6174938418332, 2989.4194158832233], [-134.74023882568594, 595.9538555088402, 3314.8036689749315], [-123.45909025783891, 865.1265807349104, 3646.163580040177], [-209.36862835856772, -213.78916643862922, 2733.257513814625], [-248.127867797098, -408.9791823042633, 2964.4759839676776], [-319.67959993787866, -653.6228047013709, 2901.8782975695644], [-230.77231575165376, 175.1267060813987, 3099.718611622995], [-234.04663575596373, 419.5796340906299, 3458.3809213116747], [-209.85022282884444, 662.6592348393972, 3811.4354210505153], [-299.64062722623135, -146.91183488183484, 2488.181690709923], [-191.4955589681012, -140.42390367810057, 2466.3991706657016], [-317.8826566233428, -188.0057299985002, 2523.45404124568], [-243.75357484015979, -250.1684330923088, 2559.916752576586]], "kpt2d_body": [[864.8699450989259, 491.0165821643309], [775.1506315041321, 471.498453864212], [858.7525540041562, 664.11161908237], [897.6803021003631, 542.9431604554584], [1001.2001873379612, 655.4895622478127], [1028.9415503926107, 663.2427764448857], [871.0911407883301, 702.8568562675038], [894.38768813518, 796.1307551157664], [904.1112802823868, 873.3405576993581], [843.9768503112148, 439.5842592080309], [834.5734059239767, 357.4143201295162], [799.475741070287, 239.85389998092847], [846.8746037236162, 626.6188043522109], [856.6056359441981, 716.1636896921672], [874.443053067298, 787.9980789904054], [783.2982641828571, 466.33950120097626], [842.4420000307412, 469.0630337715214], [775.7684433219051, 445.0206963102554], [818.3274437423667, 412.76507226053036]], "kpt2d_body_mask": [true, true, true, true, true, true, true, true, true, true, true, true, true, true, true, true, true, true, true], "kpt3d_body_mask": [true, true, true, true, true, true, true, true, true, true, true, true, true, true, true, true, true, true, true], "kpt_list": ["Thorax", "Nose", "Pelvis", "L_Shoulder", "L_Elbow", "L_Wrist", "L_Hip", "L_Knee", "L_Ankle", "R_Shoulder", "R_Elbow", "R_Wrist", "R_Hip", "R_Knee", "R_Ankle", "L_Eye", "L_Ear", "R_Eye", "R_Ear"]}