{"id": 6, "class": "person", "kpt3d_body": [[-43.53400031194781, -83.78787505304913, 2632.054233120024], [-134.47720796637134, -118.51410964359786, 2385.105405021154], [29.347379058944547, 273.34895974973307, 2984.6638426212494], [116.40144034575715, -50.422542851742946, 2563.8007557432684], [213.2480071700639, 162.07511682815763, 2778.652789360318], [232.64677958239048, 364.18725721026397, 2921.377866795033], [129.71991014073774, 286.2281102853358, 2963.756909304405], [129.88537420542053, 654.7330280781907, 3203.2127923914577], [136.3370364731117, 941.9316048419696, 3538.856173396569], [-199.1737244678023, -120.51656842076213, 2701.688450241288], [-217.0510629240008, 82.61666911829948, 2945.3430112567266], [-219.97489939289167, 334.79266200440384, 2976.369519210417], [-71.02514394997439, 260.47053044517213, 3005.571475767082], [-208.4284388036749, 653.7037022254857, 2900.4996198264257], [-65.44476942656708, 744.0336597609347, 3289.789783464119], [-99.54222279792909, -151.79979782267338, 2366.6624934027436], [-18.1115538779693, -196.7680268594988, 2420.1590914867184], [-157.23136082733623, -165.57436051938467, 2386.8646565081303], [-161.210874058403, -228.4049584444054, 2470.1180007972703]], "kpt2d_body": [[891.8463021881477, 518.8696506366999], [836.4630837596553, 494.14634757763406], [928.5525786051973, 690.1232173014307], [978.0947096417295, 535.7839015915247], [1021.5374801196293, 643.9882166288897], [1025.1762309292492, 735.3664630281828], [975.6774981829012, 696.9471165933709], [970.7292009400035, 843.8714601002494], [967.5555454607269, 925.8989488782927], [812.3997586279988, 501.2308846989362], [812.4023396736086, 602.0296875191136], [812.4538726301744, 718.6756172080668], [882.037733008856, 683.3069455111013], [816.3441375555949, 871.6051953051588], [887.593078979857, 873.0683117022188], [856.3866157858987, 474.0948431360808], [904.4784052117194, 450.29854306119597], [823.3559025312051, 466.9312989663815], [824.2986821680176, 435.0400740251582]], "kpt2d_body_mask": [true, true, true, true, true, true, true, true, true, true, true, true, true, true, true, true, true, true, true], "kpt3d_body_mask": [true, true, true, true, true, true, true, true, true, true, true, true, true, true, true, true, true, true, true], "kpt_list": ["Thorax", "Nose", "Pelvis", "L_Shoulder", "L_Elbow", "L_Wrist", "L_Hip", "L_Knee", "L_Ankle", "R_Shoulder", "R_Elbow", "R_Wrist", "R_Hip", "R_Knee", "R_Ankle", "L_Eye", "L_Ear", "R_Eye", "R_Ear"]}