{"id": 4, "class": "person", "kpt3d_body": [[2.785609110528746, -17.11218145370836, 2602.067818296563], [-74.3016423906283, -35.25943403380097, 2393.322040629895], [42.11574422205949, 389.8693061901435, 2925.242828398739], [143.96749796816505, 24.0185401438859, 2538.880614597456], [28.26492521845431, 294.37641574936407, 2561.498511669565], [-19.84555340654552, 89.02475348659877, 2457.0752196466365], [128.26260240267973, 421.1233799258653, 2885.1840263306776], [205.07219425826304, 690.8976035211532, 3197.316868890547], [266.87797633052134, 979.1604584433766, 3476.835127970786], [-135.9688741823893, -50.15554288612236, 2666.523858634962], [-211.42510845235037, 191.55920146005826, 2820.151778564905], [-61.01455792558433, 306.84130001993435, 2638.160072381638], [-44.030355343152685, 358.6154231689239, 2965.302825511001], [-10.12887667748359, 639.057765036809, 3259.973092996207], [34.45412984859299, 941.3460305150999, 3556.8149068820135], [-44.5695054821179, -67.06213644753774, 2370.3367915534022], [40.65873797328937, -116.68813403006581, 2417.1743384144393], [-98.63680642079143, -77.94526676318085, 2393.5287859033992], [-98.28936877996856, -140.6876222556022, 2475.7390552063343]], "kpt2d_body": [[916.3714938997289, 553.9639110894946], [871.6440975235919, 542.6333732756765], [934.8507384780985, 747.4588598683205], [993.8150385453989, 576.2463422109687], [930.2055914751868, 722.2761946206183], [903.6325427938727, 613.454852413344], [976.4332036115072, 764.7111219657037], [1003.0342385936808, 859.3402726751785], [1019.439904196341, 945.6860123747824], [843.9043870725235, 536.9819303634417], [810.747247631991, 657.2560182281538], [882.7956926902015, 724.1563162676355], [894.2895421532651, 730.5299603507319], [910.6242257403263, 832.7320860847462], [928.1683411794871, 924.0413308031973], [888.6935225402256, 523.789391601777], [938.2994215263168, 496.04652493919065], [857.5158839764102, 517.8736387835041], [859.6498981936625, 484.22084603224107]], "kpt2d_body_mask": [true, true, true, true, true, true, true, true, true, true, true, true, true, true, true, true, true, true, true], "kpt3d_body_mask": [true, true, true, true, true, true, true, true, true, true, true, true, true, true, true, true, true, true, true], "kpt_list": ["Thorax", "Nose", "Pelvis", "L_Shoulder", "L_Elbow", "L_Wrist", "L_Hip", "L_Knee", "L_Ankle", "R_Shoulder", "R_Elbow", "R_Wrist", "R_Hip", "R_Knee", "R_Ankle", "L_Eye", "L_Ear", "R_Eye", "R_Ear"]}