{"id": 4, "class": "person", "kpt3d_body": [[6.356597637347967, -27.048637487394984, 2590.507078833074], [-92.02452063066144, -43.66918743243403, 2398.0761931879024], [37.00414368958192, 388.45661222171645, 2926.0218959434087], [142.14245813090108, 6.708699811185994, 2528.161463735082], [201.4182126591307, 266.0713294913725, 2434.4849992858144], [-36.34553960151557, 158.5476578979538, 2389.986351870846], [119.40605767128761, 416.07914038484586, 2887.880613559885], [201.90837635943493, 694.6446946852233, 3200.432733875081], [265.8708522325462, 979.5831717747717, 3474.5176423893245], [-118.65842890511843, -69.34544121221748, 2659.7500685160435], [-364.36936537817223, 117.29453541180149, 2726.950555353398], [-230.89752530951762, 106.09773186791585, 2482.0548423250807], [-45.3981248344196, 360.83325738189205, 2964.1626483218356], [-11.717672751060064, 637.890039532664, 3262.2342540217483], [34.451791292276965, 940.1652081702057, 3555.8484773653145], [-62.4368544366828, -72.24078076282382, 2374.905550423987], [29.010210500799047, -117.85957565095359, 2412.2893838084105], [-112.776193609661, -86.95581059881093, 2399.0432751273283], [-104.86596588114483, -153.83057089419353, 2477.1816284622487]], "kpt2d_body": [[918.2986331194295, 548.5912184828293], [861.4475126283183, 537.8054488258919], [932.4244905600384, 746.751088814975], [993.1476192173341, 566.7923655347588], [1029.5650042584718, 714.257884979072], [893.723915182208, 655.2066798385648], [972.1427479823537, 762.1544788980524], [1001.5838029801583, 860.6339810416655], [1019.1113171713599, 946.0926243015708], [852.7774505476043, 526.8913385242362], [729.7896358495118, 622.5661692364347], [785.6761402183114, 622.3506228843527], [893.6428048411574, 731.6203794892065], [909.9554858572853, 832.0666890971797], [928.1714264567386, 923.6996753266969], [878.2713757406146, 520.8407378584104], [931.6244810749577, 495.2348946171964], [849.4585143676627, 512.7720676474657], [856.0033876256479, 476.9226505941033]], "kpt2d_body_mask": [true, true, true, true, true, true, true, true, true, true, true, true, true, true, true, true, true, true, true], "kpt3d_body_mask": [true, true, true, true, true, true, true, true, true, true, true, true, true, true, true, true, true, true, true], "kpt_list": ["Thorax", "Nose", "Pelvis", "L_Shoulder", "L_Elbow", "L_Wrist", "L_Hip", "L_Knee", "L_Ankle", "R_Shoulder", "R_Elbow", "R_Wrist", "R_Hip", "R_Knee", "R_Ankle", "L_Eye", "L_Ear", "R_Eye", "R_Ear"]}