{"id": 4, "class": "person", "kpt3d_body": [[-145.6813550837714, 49.5436453856486, 2552.547954353613], [-284.1282445094246, 99.67235982850696, 2347.190755690876], [-20.957206654656666, 408.7445631921483, 2925.34990989519], [-4.034889122133158, 90.09469141689792, 2472.307069458419], [110.9067655842172, 295.5001567384368, 2658.482299202537], [99.93271950244598, 519.3972967884172, 2764.104709427915], [62.67870087004848, 420.43916694284246, 2876.197754164866], [81.68230543067992, 761.3065997666611, 3094.6652299329053], [174.43590197141518, 967.7982096301582, 3455.7883144762177], [-281.21027847159064, 17.896791899261473, 2648.9958040487736], [-233.58779545817328, 166.37216270345064, 2912.4558869450166], [-242.88333538381934, 401.8895979736935, 3014.649219441494], [-104.59296995831568, 397.0492443950219, 2974.5028580325375], [-53.504103082999386, 675.4879849534007, 3228.3993184321425], [26.568235987465236, 945.2220791792342, 3546.2209404860864], [-257.00500525825396, 70.54465977051393, 2319.531182619114], [-165.43496570772717, 14.154007731496563, 2347.0900228744613], [-307.5772406891253, 56.323725153561526, 2344.4792100421405], [-299.6912410595999, -17.834665292359375, 2417.061328479929]], "kpt2d_body": [[835.4541766555665, 590.0596901957248], [747.0430841039047, 621.8613820223688], [904.9673990644919, 756.2867815791628], [912.6080107313021, 613.7470428691391], [972.7850421661849, 717.0266837139393], [964.7669643670447, 821.6974128444101], [945.0721791426256, 765.0883526468913], [951.0831700704929, 899.4040070931671], [983.7300275004613, 943.9598200110901], [767.4767174896222, 572.4690119914562], [803.4608379650848, 642.2967813939451], [803.4176315080626, 747.167198247066], [866.1661312391673, 747.6797606115233], [892.1019492893221, 850.4462561782839], [925.1667063445678, 926.5168622478849], [761.1119604931416, 605.2258913081395], [816.8290828219086, 571.4776956452545], [733.0519089168697, 596.3350199234808], [742.9195056129096, 552.8970856119704]], "kpt2d_body_mask": [true, true, true, true, true, true, true, true, true, true, true, true, true, true, true, true, true, true, true], "kpt3d_body_mask": [true, true, true, true, true, true, true, true, true, true, true, true, true, true, true, true, true, true, true], "kpt_list": ["Thorax", "Nose", "Pelvis", "L_Shoulder", "L_Elbow", "L_Wrist", "L_Hip", "L_Knee", "L_Ankle", "R_Shoulder", "R_Elbow", "R_Wrist", "R_Hip", "R_Knee", "R_Ankle", "L_Eye", "L_Ear", "R_Eye", "R_Ear"]}