{"id": 4, "class": "person", "kpt3d_body": [[-14.83632324539915, -98.23374987220674, 2589.174829876642], [-101.5787098854162, -65.03347540253301, 2411.1836202788986], [27.957704835606343, 350.8382385379049, 2929.701422875574], [120.83869413480073, -72.71847758477577, 2536.963797763142], [374.1782988728618, 42.53509815064774, 2536.7789878809435], [425.58091762006626, 28.620056022272706, 2304.4686531467737], [113.84685064647401, 389.6332181834812, 2894.657853259422], [164.8977844076739, 689.9126740470762, 3185.861348387247], [266.45382612021615, 968.2410644449265, 3485.6383786560878], [-143.74653665296094, -140.36057040078248, 2649.734405605279], [-340.1317252804589, -230.65924375423123, 2836.983292681488], [-363.06336081950946, -293.44504246239154, 2588.7826441684183], [-57.93027021386678, 312.0435348756803, 2964.747552404019], [-5.2381678062723935, 636.6452184503013, 3257.1565783579226], [74.21959133279225, 913.1252105260048, 3573.694473211247], [-70.05255479292185, -90.89790217429425, 2387.682247095336], [14.777670189283398, -139.84511335528055, 2428.8612606059082], [-123.2708816268017, -107.61395720060833, 2406.2349590652707], [-121.8820406481661, -180.9439092543515, 2479.586630164893]], "kpt2d_body": [[906.901214254063, 510.3862227923453], [856.2329951179145, 525.6400959000733], [928.1317763571952, 728.9127371279733], [981.1869560234001, 523.2929112783861], [1119.156724854888, 586.2786428907084], [1169.791611500034, 580.2155252999786], [969.3900341444464, 749.2108140126321], [986.0482307204553, 860.0767801474462], [1019.0684819157188, 940.6804255961836], [839.4315041071902, 489.5930576695924], [748.8675616349966, 450.76530686175914], [721.3164172149135, 406.98833646692106], [887.7530509275169, 708.9517032208222], [912.6899288070213, 831.9638089414816], [943.3441610816865, 911.9795850705594], [874.034454199582, 510.22049009559856], [923.350780820135, 483.14299989973546], [843.6075159536831, 501.02019648481223], [846.5580633042287, 461.891820181685]], "kpt2d_body_mask": [true, true, true, true, true, true, true, true, true, true, true, true, true, true, true, true, true, true, true], "kpt3d_body_mask": [true, true, true, true, true, true, true, true, true, true, true, true, true, true, true, true, true, true, true], "kpt_list": ["Thorax", "Nose", "Pelvis", "L_Shoulder", "L_Elbow", "L_Wrist", "L_Hip", "L_Knee", "L_Ankle", "R_Shoulder", "R_Elbow", "R_Wrist", "R_Hip", "R_Knee", "R_Ankle", "L_Eye", "L_Ear", "R_Eye", "R_Ear"]}