{"id": 4, "class": "person", "kpt3d_body": [[1.0001193287412846, -6.665022285386755, 2567.0326884811952], [-102.54630608069607, -15.321412306298186, 2374.016379123925], [34.30737522433063, 392.04448270175413, 2924.143347164704], [136.93806735789087, 10.32645965350639, 2500.913912370953], [346.5582299674468, 188.7217910136873, 2494.926466845637], [213.80286332883617, 111.84729451104971, 2319.94427630341], [118.03116557325802, 418.47766925200085, 2884.8991506921375], [188.78475417300595, 709.6872631569681, 3189.7218715035065], [265.77378572857003, 979.3282510848013, 3474.809056897585], [-136.85016281144357, -45.13715854045728, 2637.638801895424], [-350.36421965635077, 0.8683430527196379, 2856.4100715191553], [-345.8891380669289, -65.97843377796977, 2602.2018874914183], [-49.41689774219007, 365.61262698332854, 2963.387620883129], [-15.053028744331769, 642.1620627986584, 3259.596624098157], [34.35257145901382, 938.8814399031138, 3554.9266729007654], [-72.82963789663661, -42.333633999301554, 2349.0841950863155], [21.292762920392292, -89.77811875425729, 2387.3374645250396], [-123.14657317028441, -58.80024021057437, 2372.822365592279], [-113.79969976366766, -129.78326333612586, 2447.2417801266442]], "kpt2d_body": [[915.4228000883428, 559.4966094138466], [854.7365702887726, 554.1397974256566], [931.1559747685335, 748.5492663391161], [991.1066151923909, 568.8420155649653], [1107.096809144086, 667.5452311251391], [1042.9050146371799, 629.9313949339258], [971.5383224556373, 763.4949752960197], [996.1817310311982, 867.9391621202867], [1019.0661338139123, 945.9668127067453], [842.6627077660656, 539.3386205964719], [744.7464732102901, 563.5294183363909], [730.6845262946722, 528.0483484911813], [891.759073797939, 733.8755758306253], [908.5424003888771, 834.0435078309533], [928.1371464386223, 923.3154451816854], [871.7039652170879, 538.0637405557692], [927.301865789551, 510.85018106534665], [842.6485490511686, 528.6917800136736], [850.1928382479384, 489.4917020567206]], "kpt2d_body_mask": [true, true, true, true, true, true, true, true, true, true, true, true, true, true, true, true, true, true, true], "kpt3d_body_mask": [true, true, true, true, true, true, true, true, true, true, true, true, true, true, true, true, true, true, true], "kpt_list": ["Thorax", "Nose", "Pelvis", "L_Shoulder", "L_Elbow", "L_Wrist", "L_Hip", "L_Knee", "L_Ankle", "R_Shoulder", "R_Elbow", "R_Wrist", "R_Hip", "R_Knee", "R_Ankle", "L_Eye", "L_Ear", "R_Eye", "R_Ear"]}