{"id": 4, "class": "person", "kpt3d_body": [[-0.656910504024566, -10.564244109738326, 2605.141848368484], [-99.40105228976063, -14.65129053382185, 2381.030961569767], [39.02636321786094, 413.3268719749698, 2948.932323758765], [152.45672735065017, 25.380944172612487, 2544.246867643262], [214.5975845690165, 271.76453738273267, 2723.340547824484], [189.7280778675736, 500.153353804865, 2840.872210190601], [124.58344255959597, 437.0941739755579, 2910.6683935954798], [204.06085686159065, 695.9071961107447, 3200.4104399668995], [268.24352020445997, 980.2557699443474, 3474.0758874260196], [-155.2606478173467, -23.874396478944533, 2669.595411107441], [-149.3460193206406, 166.99641650771852, 2896.949377958591], [-157.18042920903542, 412.03995235908747, 3007.7040663474136], [-46.52988703685921, 389.55834458821363, 2987.196006852301], [-9.310514817255893, 653.8331036214335, 3276.47449664944], [34.79614373434995, 942.0461041536902, 3557.0075598405765], [-66.71707935121226, -43.665021247531115, 2358.556040358298], [22.190965197869765, -89.87989345429625, 2402.0491043248758], [-119.77523147486195, -58.29953305893355, 2379.418988650037], [-117.01495055519054, -125.44610375729931, 2457.284822513209]], "kpt2d_body": [[914.5287029612219, 557.4687276191767], [856.7507856614845, 554.556889327154], [933.229985549057, 756.8810361149722], [998.2845537303309, 576.9609847712896], [1024.1871829609156, 701.2170998975777], [1007.0432581657952, 805.4717333515105], [974.1273070407942, 770.4611840503151], [1002.5025048023635, 861.1563200634178], [1020.0480935770007, 946.381030875727], [833.9394711010987, 550.6872768006594], [843.1846441036446, 643.1048857166203], [842.5275280567569, 752.4021936838101], [893.2958068586265, 743.5221934611334], [910.9925423804925, 837.4725587952713], [928.2987586205934, 924.2808180765885], [875.484824835002, 537.3787518413403], [927.7465662080507, 511.11121047981425], [844.8171641310685, 529.0776747750671], [848.6350347552054, 492.24062382076863]], "kpt2d_body_mask": [true, true, true, true, true, true, true, true, true, true, true, true, true, true, true, true, true, true, true], "kpt3d_body_mask": [true, true, true, true, true, true, true, true, true, true, true, true, true, true, true, true, true, true, true], "kpt_list": ["Thorax", "Nose", "Pelvis", "L_Shoulder", "L_Elbow", "L_Wrist", "L_Hip", "L_Knee", "L_Ankle", "R_Shoulder", "R_Elbow", "R_Wrist", "R_Hip", "R_Knee", "R_Ankle", "L_Eye", "L_Ear", "R_Eye", "R_Ear"]}