{"id": 4, "class": "person", "kpt3d_body": [[8.46442467000493, -58.45607149102847, 2647.1573659518476], [-92.52590956694294, -75.70502864951393, 2430.82355171227], [64.86489557448225, 311.9447309634695, 2990.950883225212], [155.8210327995865, -8.429443363338152, 2570.377882101495], [204.4454181082048, 230.19305050265473, 2753.6275240878763], [166.29007569450528, 437.0213016614926, 2862.4572088714294], [147.72563411410087, 348.60777620013926, 2942.774098315142], [181.22221404776187, 659.3739681678761, 3248.5376997770277], [212.85243792424836, 944.6835676605543, 3522.5891418455653], [-140.78104327229724, -97.32816805431227, 2723.8148687247312], [-140.63761397179428, 100.23358948485566, 2947.098660158786], [-141.75333012208299, 345.65137618275037, 3033.6099108224644], [-17.995467020280458, 275.2811572629024, 3039.126693768116], [22.321943543776115, 612.9554200387021, 3326.5717204559032], [82.01598044968523, 892.9864419510146, 3597.8846197363537], [-63.49326790467028, -105.6648146857944, 2407.5165446555857], [28.77820022532724, -153.8943401699879, 2449.34792836458], [-114.4136293757667, -119.74326945867958, 2431.1357181385597], [-109.6727877495966, -188.0082058407197, 2510.41405597894]], "kpt2d_body": [[919.3345704253634, 532.4121835767419], [861.8899833765759, 519.8433348227838], [945.0072058613249, 707.6386993489959], [999.2582933099303, 558.5521746763128], [1017.9738467813866, 678.9215749059581], [995.2388802670365, 773.787606201852], [984.5097368737981, 727.0363308123136], [991.687980974853, 841.8534288051178], [997.402662886056, 928.3349359746278], [842.959436916032, 513.4917627402658], [848.464874215267, 610.3393076890834], [850.068637576636, 720.8246988422794], [906.6553164933454, 688.735365364236], [924.1645793957266, 816.8522462777483], [946.1456360906519, 902.3166447936159], [878.1675504068099, 502.1406920570347], [931.233113085239, 475.8635450007461], [849.4065089913133, 494.73003151362605], [854.1532948238669, 459.22453028135266]], "kpt2d_body_mask": [true, true, true, true, true, true, true, true, true, true, true, true, true, true, true, true, true, true, true], "kpt3d_body_mask": [true, true, true, true, true, true, true, true, true, true, true, true, true, true, true, true, true, true, true], "kpt_list": ["Thorax", "Nose", "Pelvis", "L_Shoulder", "L_Elbow", "L_Wrist", "L_Hip", "L_Knee", "L_Ankle", "R_Shoulder", "R_Elbow", "R_Wrist", "R_Hip", "R_Knee", "R_Ankle", "L_Eye", "L_Ear", "R_Eye", "R_Ear"]}