{"id": 4, "class": "person", "kpt3d_body": [[-12.053620147784443, 7.071821982361115, 2591.4123026129505], [-111.06467285666945, 3.4990536526294136, 2367.9719687926317], [33.800391411805286, 408.18045875912674, 2944.0800834590063], [138.30576019279533, 44.03872402106629, 2526.7705538264263], [203.71211886477042, 283.2025804558296, 2706.8046584607514], [182.61123702067545, 510.1515038038861, 2822.0250018049], [117.19909805553519, 439.7259602871735, 2902.5325587094812], [168.49936860354939, 742.8463498656029, 3159.416923241374], [265.02027291727194, 980.3652145827873, 3469.0329211318394], [-159.2705996239802, -28.640316389708573, 2658.768482092488], [-162.76648980076388, 176.64336163329367, 2885.6449955410058], [-171.27859068029935, 415.38200303879984, 2998.773773217351], [-49.59759370305559, 376.63365894528147, 2985.628980742712], [-17.65766346083268, 656.4442427474204, 3273.4766941223183], [34.38770331368197, 941.3501406200908, 3557.145947638551], [-80.2310085343714, -26.144873321966173, 2345.1111724750644], [9.473720023162713, -70.99337033505407, 2388.0308481694747], [-131.76414881521083, -40.52119904452866, 2365.384772429251], [-129.28027971917084, -108.26677709176522, 2442.8915816279546]], "kpt2d_body": [[908.3997632575652, 566.8996289606869], [849.5799388819164, 565.1591892548249], [930.8025070048775, 754.808182364528], [991.0744255112364, 587.3142328331509], [1019.2640922338551, 707.8908056937464], [1004.1456940109618, 811.8711809941615], [970.7697165382982, 772.282412230412], [988.0478903208865, 884.7982816502779], [1018.9327084795441, 946.9683565086498], [831.5168897006128, 548.1485037139311], [836.4574882138853, 648.0347089206825], [835.8237024246413, 754.4544764735278], [891.852357829547, 737.6792377480565], [907.4765991360076, 838.7887685940341], [928.1416224361951, 924.0105320034131], [867.2356869964295, 547.6140727164229], [920.4062970286573, 521.7890388504372], [837.352902471629, 539.3162873788449], [841.2576575807178, 501.58341257677745]], "kpt2d_body_mask": [true, true, true, true, true, true, true, true, true, true, true, true, true, true, true, true, true, true, true], "kpt3d_body_mask": [true, true, true, true, true, true, true, true, true, true, true, true, true, true, true, true, true, true, true], "kpt_list": ["Thorax", "Nose", "Pelvis", "L_Shoulder", "L_Elbow", "L_Wrist", "L_Hip", "L_Knee", "L_Ankle", "R_Shoulder", "R_Elbow", "R_Wrist", "R_Hip", "R_Knee", "R_Ankle", "L_Eye", "L_Ear", "R_Eye", "R_Ear"]}