{"id": 4, "class": "person", "kpt3d_body": [[-26.284135100195734, -51.89716050773001, 2595.0057831373615], [-146.97655401502436, -56.84586271422944, 2451.46171840009], [39.26193681852805, 368.1264086204865, 2929.876504840218], [115.56178124442377, -42.058345652894644, 2566.579234249234], [351.1046235621614, 102.27038564346529, 2408.8564893302687], [248.28364782274917, 49.930968461431746, 2204.215742565514], [131.73052769988482, 383.94931068664704, 2897.7076238221334], [205.6601202019043, 678.587831574273, 3191.699087017057], [267.12880943460846, 977.9559540963776, 3475.5696773626105], [-166.12271242899902, -53.68497618368423, 2623.844667728944], [-55.492060960046494, 168.18686933067838, 2419.8427443658447], [90.42601262521737, -51.54343619490987, 2425.8236753961996], [-53.206876828355796, 352.30491647038673, 2962.045335736241], [-12.117975845363773, 644.689010778952, 3259.2725340108136], [33.61820245033918, 940.1866569900476, 3555.8711399065674], [-125.18972119169256, -89.23991078743754, 2419.371179577408], [-30.058726804491194, -140.8113559042792, 2431.3376694849817], [-167.31378806912872, -97.47049510818172, 2461.146335636647], [-138.8407219432571, -161.31539706336795, 2528.0396287795334]], "kpt2d_body": [[900.7711251300282, 535.3088693540399], [831.4569291803942, 530.9108483233101], [933.4778847698876, 736.9990294627864], [977.5734165921076, 540.3398709866387], [1116.6843761416908, 621.7585680274785], [1071.255260655878, 594.4853873913153], [977.8852954720129, 746.306159544512], [1003.4761500275328, 854.6886925019752], [1019.5794587338228, 945.3666983894802], [826.7920599525368, 534.7011942572233], [882.9832262758264, 659.5803078548661], [966.7896766901225, 533.5829709785032], [889.9658545272397, 727.781488694124], [909.7835568583337, 835.1142275517901], [927.8509393812083, 923.7057277865683], [842.8785774561721, 511.8917495187445], [897.6757614444391, 482.67757285976023], [820.3446162710025, 508.1524918845427], [838.5285007499309, 474.58486951831185]], "kpt2d_body_mask": [true, true, true, true, true, true, true, true, true, true, true, true, true, true, true, true, true, true, true], "kpt3d_body_mask": [true, true, true, true, true, true, true, true, true, true, true, true, true, true, true, true, true, true, true], "kpt_list": ["Thorax", "Nose", "Pelvis", "L_Shoulder", "L_Elbow", "L_Wrist", "L_Hip", "L_Knee", "L_Ankle", "R_Shoulder", "R_Elbow", "R_Wrist", "R_Hip", "R_Knee", "R_Ankle", "L_Eye", "L_Ear", "R_Eye", "R_Ear"]}