{"id": 2, "class": "person", "kpt3d_body": [[93.52322134423517, 10.834473939057432, 2812.9148485174983], [-74.65000908646897, -124.49825465086448, 2728.8623780725634], [74.67604827353453, 427.90970345341304, 3144.90279175499], [51.61056644058743, 113.61770731553136, 2679.2815280586037], [76.4796674484267, 355.2880420393085, 2817.799931172718], [51.58255531310093, 549.0301973908397, 2957.3111106548686], [50.04166475098749, 486.8983216091333, 3071.2349611983045], [109.08623164574884, 786.0744520420205, 3287.70347231734], [158.0047794685173, 1065.2954722605377, 3513.2902530057077], [118.64138490152018, -97.39613543628337, 2946.868157403321], [152.88765860301618, 108.81642494116392, 3145.270987607569], [119.38795098429027, 283.7346687027781, 3318.6098980757733], [99.31027848614323, 368.91964585136566, 3218.5692278618444], [137.65076896273908, 643.8912182605679, 3455.908854000296], [171.58349253828405, 945.9106878423266, 3667.8401499406054], [-60.21889761889408, -131.35810834229147, 2683.0433603151905], [26.755756793121144, -82.53843695077038, 2644.244808259764], [-49.36394948294371, -167.86398673695345, 2730.2188553706173], [52.53912081808512, -175.5975305199854, 2765.712586758802]], "kpt2d_body": [[992.5180313530625, 567.8578552742499], [908.0531090279889, 499.09844769144695], [979.1168901672569, 750.7374732371567], [973.0138427660601, 621.4497256747586], [983.8518430656235, 737.0552426435275], [970.282544884161, 818.2123626688115], [968.7469311789445, 781.432960303091], [991.7423495204531, 889.7178144747924], [1007.3736083122146, 973.566215386004], [1002.2702808671992, 516.5648741728542], [1013.8889477476188, 610.576939680025], [996.220004796605, 681.1353664243164], [989.0352404362388, 721.2984227426899], [1001.1783876828923, 819.0256640932444], [1010.2336462174886, 914.4606140102084], [914.8968804778632, 494.46346123872365], [960.2729768533812, 519.0984924683801], [920.9863855920177, 477.0861809577958], [972.6278581140839, 474.30086592959293]], "kpt2d_body_mask": [true, true, true, true, true, true, true, true, true, true, true, true, true, true, true, true, true, true, true], "kpt3d_body_mask": [true, true, true, true, true, true, true, true, true, true, true, true, true, true, true, true, true, true, true], "kpt_list": ["Thorax", "Nose", "Pelvis", "L_Shoulder", "L_Elbow", "L_Wrist", "L_Hip", "L_Knee", "L_Ankle", "R_Shoulder", "R_Elbow", "R_Wrist", "R_Hip", "R_Knee", "R_Ankle", "L_Eye", "L_Ear", "R_Eye", "R_Ear"]}