{"id": 3, "class": "person", "kpt3d_body": [[35.0892068812605, 76.49293318122233, 2886.532331772366], [-121.95039046676666, -32.938373051849226, 2850.646984002582], [55.18944065594212, 506.6361046332122, 3155.014364975396], [20.59749689594735, 148.2483728484459, 2754.8472494355406], [55.594006746089875, 349.1710156957539, 2643.6235040329384], [-44.55903375759043, 452.93637648769646, 2848.5301148337203], [46.10036103253133, 562.7324801879986, 3056.0285051956225], [50.1280663791016, 830.3615604473572, 3297.835566583057], [104.13013701042779, 1103.3839281037062, 3518.1077588691505], [70.4177222937122, -8.6234792653255, 3012.3914130766207], [181.6266958035622, -4.33664437174798, 3227.503985451276], [50.25290904697272, 212.46570496553545, 3244.397358824013], [64.27953396932355, 450.539754152354, 3254.0001161092237], [83.486413274534, 709.6313680830456, 3449.9012637732812], [137.0890407670782, 980.145617907657, 3660.7761438748075], [-111.23410179666234, -47.72099277771261, 2804.715918990207], [-38.070698776116245, -15.32419813962079, 2754.6141209417046], [-101.32320821008233, -74.30414683867951, 2856.97713580073], [-12.867440682944462, -91.19250509017292, 2883.060639242963]], "kpt2d_body": [[963.1146500398597, 599.3526042389243], [886.5478668038179, 546.4403539584406], [970.4028461011993, 784.2160150989205], [956.5862547185667, 637.2893580981532], [975.3589658318517, 745.2864664537826], [924.5317776640777, 782.0681968121484], [967.0303283409386, 816.171958916583], [967.0464776594094, 906.5853510895586], [986.4249147582387, 987.090042618212], [978.7600941732811, 558.5208051227023], [1024.5779913012484, 560.6346746679284], [967.7419337075243, 653.4721930810467], [973.5777935614548, 754.0205693980942], [979.546225329327, 845.1883783688884], [997.4075053076374, 927.4703178088546], [890.8944464741229, 538.8500881755709], [926.894781424607, 554.7648523797851], [896.7410732232828, 526.3489216276911], [939.9449189073136, 518.5200184903262]], "kpt2d_body_mask": [true, true, true, true, true, true, true, true, true, true, true, true, true, true, true, true, true, true, true], "kpt3d_body_mask": [true, true, true, true, true, true, true, true, true, true, true, true, true, true, true, true, true, true, true], "kpt_list": ["Thorax", "Nose", "Pelvis", "L_Shoulder", "L_Elbow", "L_Wrist", "L_Hip", "L_Knee", "L_Ankle", "R_Shoulder", "R_Elbow", "R_Wrist", "R_Hip", "R_Knee", "R_Ankle", "L_Eye", "L_Ear", "R_Eye", "R_Ear"]}