{"id": 6, "class": "person", "kpt3d_body": [[-60.825654910265584, -148.592074340836, 2621.4249803022376], [34.448147694975845, -327.95608422896663, 2503.8785765877064], [-100.51393178833152, 410.0477534012785, 2573.116312478792], [86.0653293300706, -135.24981639721176, 2707.727823669503], [220.42711458519585, 80.84001204199083, 2867.6181271102955], [98.88190660401531, 262.31626141871527, 2681.1166149586957], [-9.036508477505283, 416.64158215278064, 2616.0872236168098], [-28.868804294270678, 823.6577130394041, 2567.287337000962], [-91.85150117625375, 1243.6089271126311, 2616.315671986085], [-209.6439126905611, -171.50803988173521, 2543.3898257605733], [-448.53283641410053, -18.04674483799147, 2473.9613267427712], [-288.74374433309083, 211.65390733945756, 2487.873173668325], [-191.99089546035634, 403.45290483968586, 2530.1445360549537], [-188.47353997503433, 812.5645849116382, 2482.8173923215086], [-249.08777979161465, 1228.6058104182518, 2569.813159308199], [55.91000937187008, -357.8980487009869, 2540.554113287953], [53.636417957138676, -344.47585253973983, 2645.166804166146], [1.3616499373854651, -367.21750145052084, 2511.6475138744804], [-82.6879117898169, -363.58345645621455, 2574.586860768489]], "kpt2d_body": [[923.5094845783785, 466.19357696115003], [975.1179809466865, 363.3029184527871], [901.7069931407366, 765.9641879480091], [1000.3933925162605, 475.5754058577556], [1063.3366212346934, 584.5051835671337], [1007.4128165516607, 681.372145256386], [951.1613372964432, 765.9312542411228], [940.6998672896168, 980.6118835122877], [909.6991972233792, 1171.296246057097], [840.9679898092993, 451.41372230378283], [704.6020673532274, 535.141899706863], [794.4885595064841, 663.2691647046016], [850.7007064975629, 765.8332403475255], [852.9757732417412, 988.2221789389089], [828.369660399955, 1173.4013549843157], [986.5825973497386, 349.7232178869581], [984.197426383097, 364.34624111604666], [956.713220040652, 342.3867985102178], [911.276061006695, 349.286378820364]], "kpt2d_body_mask": [true, true, true, true, true, true, true, true, true, true, true, true, true, true, true, true, true, true, true], "kpt3d_body_mask": [true, true, true, true, true, true, true, true, true, true, true, true, true, true, true, true, true, true, true], "kpt_list": ["Thorax", "Nose", "Pelvis", "L_Shoulder", "L_Elbow", "L_Wrist", "L_Hip", "L_Knee", "L_Ankle", "R_Shoulder", "R_Elbow", "R_Wrist", "R_Hip", "R_Knee", "R_Ankle", "L_Eye", "L_Ear", "R_Eye", "R_Ear"]}