{"id": 6, "class": "person", "kpt3d_body": [[-3.6734313390597784, -65.48080891070015, 2727.816535421318], [-139.0383573129392, -269.80815036949053, 2635.8118831611096], [-31.221692882898964, 487.9473949285614, 2673.135398741543], [117.51687987980203, -76.56249483458225, 2602.290479397747], [164.33456164510702, 227.19453362520497, 2556.1545480772015], [113.50443536857176, 474.89327135627804, 2490.02106876201], [47.68302592326174, 483.27921709900806, 2607.160463078012], [29.014449092320362, 884.9929341230633, 2579.811425598594], [19.72706324819977, 1307.2926066248635, 2567.33428369611], [-132.77385137389177, -52.9124887971912, 2847.6671404851777], [-175.65164880281083, 255.1131133454257, 2867.578124475908], [-220.2380805639601, 501.12262657355217, 2787.779171386929], [-110.12636604831553, 492.615556291844, 2739.1101161259307], [-91.44005939178743, 894.419919766762, 2718.83886009547], [-65.66440782258192, 1314.660369891383, 2710.0815735135875], [-104.13221808179512, -307.6777392200708, 2627.7207439491767], [1.7668216767649003, -303.5867151969586, 2649.56693135548], [-142.70469633215453, -301.7191581675064, 2677.0754721074577], [-94.85539214264072, -289.3016882399604, 2769.88877585944]], "kpt2d_body": [[932.703815335539, 525.2672262403258], [861.0834376132694, 416.4338432939466], [918.4255354663234, 811.0329637111624], [997.7103817741632, 517.7335839663035], [1024.211048155471, 682.3702395895272], [997.66959897056, 821.9785302980562], [959.9340929303412, 814.8580782215602], [949.8820040656256, 1022.1563725447709], [944.7936043834752, 1223.9167504989423], [869.4149408956616, 532.8503637970637], [849.2068876656311, 682.4869904997371], [825.3297245479124, 806.8196101336089], [878.9186609371984, 807.2712467720401], [889.0073334787261, 1004.102995778048], [902.8242018677813, 1195.6933504461817], [879.4009007711711, 396.0471311584189], [935.5236562319175, 399.43268881819256], [860.3571693938214, 402.1537701662088], [886.8533550307903, 413.487130039008]], "kpt2d_body_mask": [true, true, true, true, true, true, true, true, true, true, true, true, true, true, true, true, true, true, true], "kpt3d_body_mask": [true, true, true, true, true, true, true, true, true, true, true, true, true, true, true, true, true, true, true], "kpt_list": ["Thorax", "Nose", "Pelvis", "L_Shoulder", "L_Elbow", "L_Wrist", "L_Hip", "L_Knee", "L_Ankle", "R_Shoulder", "R_Elbow", "R_Wrist", "R_Hip", "R_Knee", "R_Ankle", "L_Eye", "L_Ear", "R_Eye", "R_Ear"]}