{"id": 1, "class": "person", "kpt3d_body": [[287.8746461741509, -39.120578203431364, 2555.4120473363582], [393.0853861116195, -223.3115535187099, 2403.3431290680896], [318.03647066785874, 509.2511459097507, 2673.732023540379], [404.2266980247819, -71.63981538048262, 2683.8846230266877], [457.24419317780803, 192.91437236917744, 2771.8089490924895], [508.1863745864267, 450.83860081311883, 2769.337193006566], [384.1961841442549, 489.7289503927712, 2743.434841380451], [399.29387974361237, 922.9043084327973, 2849.0263222157723], [415.32742581533284, 1295.2433127236004, 2953.0384962370217], [170.4614038840563, -6.954937083227435, 2423.7844446540303], [157.23545799297028, 280.3665565660565, 2453.8722466376116], [223.14635494779012, 541.462224271832, 2476.6757680564774], [251.87722745071113, 528.7732440983646, 2604.0295653993876], [254.54986226078063, 955.3106488539354, 2714.104234252088], [258.1045906705728, 1341.0814226531286, 2797.2392672905967], [396.66032300678114, -265.3883154127584, 2431.3556288328396], [365.9810275863128, -267.3588360666855, 2533.044003508083], [354.4804284331962, -252.2173389104509, 2392.3064190184714], [256.5360533546608, -235.80983748474978, 2429.8999082881805]], "kpt2d_body": [[1098.6449134240695, 532.0638492330388], [1168.420464887756, 424.6197436196358], [1105.7186326312267, 816.3203692666576], [1151.1266012633027, 516.293674498371], [1170.5824338927719, 649.9814527640932], [1194.4152198718014, 777.5377906835552], [1134.8636012907116, 799.7497242263518], [1131.338580783631, 991.9009001564525], [1128.0784376709616, 1134.8183259121888], [1039.658284929588, 549.4077920896533], [1030.5803988249195, 712.601289412887], [1065.5963929622087, 854.7319011132735], [1074.949692098739, 833.6899648650347], [1068.142872058077, 1028.8812332346126], [1063.0669467521261, 1185.211898254866], [1167.6472304675708, 402.24726886660216], [1142.0914121032013, 406.97380140255973], [1147.1687801277376, 407.1831479685213], [1088.4245992320311, 418.33893074010587]], "kpt2d_body_mask": [true, true, true, true, true, true, true, true, true, true, true, true, true, true, true, true, true, true, true], "kpt3d_body_mask": [true, true, true, true, true, true, true, true, true, true, true, true, true, true, true, true, true, true, true], "kpt_list": ["Thorax", "Nose", "Pelvis", "L_Shoulder", "L_Elbow", "L_Wrist", "L_Hip", "L_Knee", "L_Ankle", "R_Shoulder", "R_Elbow", "R_Wrist", "R_Hip", "R_Knee", "R_Ankle", "L_Eye", "L_Ear", "R_Eye", "R_Ear"]}