{"id": 1, "class": "person", "kpt3d_body": [[317.4316289768244, -33.40173599272333, 2528.023712211157], [428.70140611574925, -194.39634467445302, 2365.9659615298], [376.9262539963879, 516.1341310494381, 2639.546182560606], [450.2385532445122, -73.33821342482963, 2640.6224530232776], [476.7383314121896, 160.01610202617542, 2796.0902631167523], [522.6450718762883, 416.6270380645341, 2770.5801997889266], [467.6043479016324, 499.9779354957482, 2696.6565637536396], [450.7146223577803, 898.9016742317242, 2783.9276377558026], [419.3134586900487, 1291.8998665134484, 2901.289459350085], [197.45176970241272, 4.814183724026009, 2400.975379230536], [125.20315416910717, 285.1372076557175, 2448.8658585201783], [258.66337975269977, 523.1327667060128, 2469.7945007013363], [286.24897873252917, 532.2914096784632, 2582.4353577753045], [327.50480793970416, 951.5371071623014, 2666.716816526027], [323.9560544837341, 1331.4504843713892, 2799.4972008664404], [432.71992272894227, -237.31851920271396, 2391.0476778920706], [402.13694639153806, -247.85255891750467, 2493.034178844955], [390.8795112555425, -222.71587911436853, 2352.940356527119], [291.8063088623564, -215.60642322519982, 2389.585658527024]], "kpt2d_body": [[1116.5584111801693, 535.0037335827922], [1192.6463927125294, 439.6579087761235], [1138.2960298820956, 822.7220253782405], [1178.443476732394, 514.8603534335273], [1178.271468614153, 632.8124464604253], [1201.6469888780182, 760.5498955588431], [1180.1896632475593, 808.3678386886784], [1160.5396644426837, 989.8412433059748], [1132.9392516652115, 1142.7311705016066], [1056.297418943613, 556.2214973796864], [1012.5071471427478, 715.6857297831098], [1085.8235826608186, 845.3515514216651], [1094.3186598610764, 837.589369262661], [1107.065795296723, 1034.2633109947433], [1094.0166684627259, 1180.0080431626284], [1192.1314678099804, 416.11176615080865], [1165.255462495431, 415.6283150260577], [1171.9126814743586, 422.25435768366594], [1111.3954950954812, 427.91614983325746]], "kpt2d_body_mask": [true, true, true, true, true, true, true, true, true, true, true, true, true, true, true, true, true, true, true], "kpt3d_body_mask": [true, true, true, true, true, true, true, true, true, true, true, true, true, true, true, true, true, true, true], "kpt_list": ["Thorax", "Nose", "Pelvis", "L_Shoulder", "L_Elbow", "L_Wrist", "L_Hip", "L_Knee", "L_Ankle", "R_Shoulder", "R_Elbow", "R_Wrist", "R_Hip", "R_Knee", "R_Ankle", "L_Eye", "L_Ear", "R_Eye", "R_Ear"]}