{"id": 1, "class": "person", "kpt3d_body": [[310.76723864685346, -40.078369054675136, 2565.6853192182757], [428.6163761165344, -210.4675615453911, 2399.4677454718567], [310.66290106725063, 502.331936788034, 2695.8069034017453], [434.3341945037198, -76.51289288424152, 2685.21524267002], [466.2429497401186, 182.05005907834348, 2797.0796438004486], [509.6601360410689, 446.4463578898095, 2801.820067883868], [396.7105093213502, 492.7062647117785, 2749.4763357868724], [428.1960540700235, 920.474608051833, 2832.3351103828263], [404.14902971640976, 1292.1224442860266, 2936.733853845321], [188.13733436467177, -6.836877015342395, 2438.9810940376656], [140.48568467885858, 274.9212813090504, 2485.5713993291756], [201.9420822501648, 544.8379701448192, 2512.1116695306278], [224.61564119528828, 511.95878926799014, 2642.136667725271], [275.5731744330884, 951.624886599933, 2733.690227612981], [274.79491828298035, 1324.289715579625, 2851.325893411864], [431.86918362677807, -253.0865620577046, 2424.818112003235], [398.1595041526509, -264.33428117993657, 2525.9409794369103], [391.5524379771481, -239.9959912705424, 2385.7201037050777], [290.2354966764535, -231.31127834717063, 2420.145539492644]], "kpt2d_body": [[1110.4006350226525, 531.6408063384788], [1189.0829936960245, 431.97352222617866], [1100.6896251245087, 810.7961736520606], [1166.4353151419352, 513.8276603873978], [1172.9876251116168, 643.7210187933154], [1192.3196560675165, 772.8826759299003], [1140.6576736930076, 800.6045224571808], [1146.1131459445196, 992.8948813685116], [1124.0412486925557, 1136.5887300162549], [1049.1745509482168, 549.5015254107076], [1020.061632793647, 707.5948341598711], [1052.2455044833134, 852.5298891935116], [1058.9233443533094, 821.2921908106046], [1077.696572332462, 1023.8129640062922], [1068.862055668617, 1167.2770180133662], [1188.147099082461, 409.02873405508933], [1160.152325002154, 408.37592358433216], [1169.1010235635727, 414.03910445366444], [1108.3172923222985, 420.49219885008256]], "kpt2d_body_mask": [true, true, true, true, true, true, true, true, true, true, true, true, true, true, true, true, true, true, true], "kpt3d_body_mask": [true, true, true, true, true, true, true, true, true, true, true, true, true, true, true, true, true, true, true], "kpt_list": ["Thorax", "Nose", "Pelvis", "L_Shoulder", "L_Elbow", "L_Wrist", "L_Hip", "L_Knee", "L_Ankle", "R_Shoulder", "R_Elbow", "R_Wrist", "R_Hip", "R_Knee", "R_Ankle", "L_Eye", "L_Ear", "R_Eye", "R_Ear"]}