{"id": 1, "class": "person", "kpt3d_body": [[340.1359695619285, -52.794441827635694, 2592.668507724282], [443.3414307935007, -206.77974547963345, 2413.0724951899], [344.12261254222506, 455.6029043459263, 2709.8967389226864], [481.87784114850785, -81.43816741658952, 2689.482119122226], [529.7021310313608, 175.52194722553594, 2806.335610295723], [559.6279240749298, 433.40559930507584, 2824.668471671239], [425.9639319431745, 451.22668218799674, 2776.733640655156], [444.77019468609626, 872.8125022742099, 2822.676209515451], [411.34956702189845, 1310.780176090229, 2908.9728356274954], [197.9934614506194, -28.14865169137363, 2490.751103762646], [74.50224137625383, 207.71237373601423, 2607.533877803334], [233.55397668585252, 402.44710666632545, 2522.9972805796324], [262.2817198999543, 459.9802906861619, 2643.059093848715], [476.02760890587683, 631.1511865725613, 2339.489794966983], [344.8328550280827, 953.4724740610808, 2607.7455556505247], [449.49354071318305, -249.35851877712025, 2438.5096216780944], [422.10952358022394, -260.13491793623984, 2539.7383431006583], [405.5403258516742, -236.38084677530486, 2401.056930415754], [307.50719787990147, -230.7119233690426, 2440.3011568033867]], "kpt2d_body": [[1124.3354087820267, 525.0512268679119], [1196.0523631118235, 434.8231255393302], [1117.1381727135283, 785.8734354570206], [1190.289154674163, 511.41671954352483], [1203.1397699707436, 640.0139785051757], [1214.404035733846, 764.50235526406], [1153.4464288244862, 777.7578525935857], [1155.2091739323466, 972.4142883189436], [1128.6375665503147, 1149.2473351394801], [1052.458500442927, 537.625607904097], [981.0853419947483, 664.7190315291477], [1069.782774311848, 774.5988641774386], [1078.8161913265117, 794.3231400307686], [1218.0340984606528, 919.5720010454606], [1119.4184074121279, 1045.0794006179526], [1196.6589389833835, 412.0251922226462], [1171.9215991978008, 411.5466355306643], [1175.663643107181, 417.0593852543169], [1116.7433710444689, 421.97963747408454]], "kpt2d_body_mask": [true, true, true, true, true, true, true, true, true, true, true, true, true, true, true, true, true, true, true], "kpt3d_body_mask": [true, true, true, true, true, true, true, true, true, true, true, true, true, true, true, true, true, true, true], "kpt_list": ["Thorax", "Nose", "Pelvis", "L_Shoulder", "L_Elbow", "L_Wrist", "L_Hip", "L_Knee", "L_Ankle", "R_Shoulder", "R_Elbow", "R_Wrist", "R_Hip", "R_Knee", "R_Ankle", "L_Eye", "L_Ear", "R_Eye", "R_Ear"]}