{"id": 5, "class": "person", "kpt3d_body": [[-66.34410457542685, -100.29942313653251, 2761.088633624484], [-237.13268494042862, -181.13501391923563, 2604.9542845601763], [-100.49735834939177, 216.96228206823207, 3145.4454159033585], [-9.392519416009542, 26.293105631382474, 2661.868308523046], [-15.496884693970312, 237.93644294283433, 2857.4137634664467], [-107.45928355411564, 411.25601650953365, 3039.45776568501], [-71.38786323245154, 290.9030337271489, 3093.05588965924], [-88.81969749921966, 544.3345590781869, 3401.4311444531977], [-78.0534938841742, 761.6086854012418, 3713.3595470633554], [-131.2876883437453, -218.4840353720358, 2864.385448187881], [-164.79726337184363, -60.21543446779148, 3104.031499702839], [-260.9807227446607, 136.24997303653004, 3257.8986309221173], [-129.60678662432056, 143.02145028461482, 3197.835016391519], [-165.97391815570856, 432.61406352492884, 3497.1813729751807], [-129.43263367666617, 666.1667323558552, 3786.3577156654774], [-213.51024304186075, -185.9554146607907, 2560.354871837751], [-111.51708255515445, -165.85934575572793, 2541.806144568952], [-224.96225906296843, -229.425842288326, 2599.723105108788], [-142.27558868304618, -277.8911585230952, 2642.6768232466693]], "kpt2d_body": [[917.0215493992246, 497.5774145966194], [823.9413337113897, 451.66878454111725], [906.0223823360709, 644.0423942306327], [945.6277028051925, 561.8986365846762], [943.0074003121745, 663.8824611411562], [901.4893554709216, 735.5290766991282], [918.4261496825553, 678.7718447078112], [914.40199974973, 769.3598149511902], [921.6164834888032, 830.3980047144029], [886.7068690461783, 442.15159486944475], [876.4924624753675, 521.1504596080694], [838.976691398792, 606.2415931350374], [894.0249234758877, 610.360656698239], [884.6414391834395, 719.5528395500978], [903.3005541163221, 790.9522123361268], [834.5375466574229, 447.349488166858], [889.4068692902716, 457.42517217950785], [830.2728640226264, 425.7750891245261], [875.6933784802557, 402.2701099832019]], "kpt2d_body_mask": [true, true, true, true, true, true, true, true, true, true, true, true, true, true, true, true, true, true, true], "kpt3d_body_mask": [true, true, true, true, true, true, true, true, true, true, true, true, true, true, true, true, true, true, true], "kpt_list": ["Thorax", "Nose", "Pelvis", "L_Shoulder", "L_Elbow", "L_Wrist", "L_Hip", "L_Knee", "L_Ankle", "R_Shoulder", "R_Elbow", "R_Wrist", "R_Hip", "R_Knee", "R_Ankle", "L_Eye", "L_Ear", "R_Eye", "R_Ear"]}