{"id": 5, "class": "person", "kpt3d_body": [[-58.36514126754176, -101.03108761415285, 2762.5515071720565], [-195.54061215878113, -178.91812967411738, 2560.739200036828], [-70.67677880801537, 195.9852886349202, 3163.036391784467], [19.518936136401663, 23.799593305372184, 2672.8728309018766], [30.82345591652972, 228.8809446044074, 2894.3804489166564], [-52.27194554251114, 398.50567773253476, 3069.5702725656774], [-40.54808489336605, 277.26353558944817, 3117.356682226783], [-22.697526095207863, 507.1782140432324, 3441.6422635721083], [-9.426913882899486, 699.3500071488936, 3769.9006411721293], [-145.07035941335596, -219.16487234465023, 2853.932213505313], [-166.80491536348615, -80.28938238912431, 3110.5441627221376], [-254.2699345244754, 115.0156476079961, 3263.0982864943685], [-100.80525998336613, 114.70747129633111, 3208.7157404098366], [-155.54560384482443, 380.30041449086445, 3542.3670190215935], [-110.78078847242307, 591.6704461719498, 3851.4663002022876], [-162.14608104891573, -187.25982141795868, 2525.1749568752925], [-58.47985670031911, -169.50950874899718, 2537.306644497144], [-185.67310372226024, -227.52475488082055, 2561.519445762169], [-121.81116171363661, -276.2833830633366, 2628.8809562827482]], "kpt2d_body": [[921.0691594244314, 497.2335864477019], [844.2702598523027, 451.13596701999745], [919.397768494213, 634.3258142694541], [960.7532007214623, 560.5429792863995], [965.4104543061379, 658.0783166546742], [926.9172332486463, 728.0673723966929], [932.4455494677748, 671.7248444888435], [941.4362951967072, 752.117854542749], [947.1512679645305, 804.0158926593342], [879.7571634869063, 441.4498428312989], [875.7549143071125, 512.2313312828135], [841.9911819641817, 597.1207160671845], [906.7172456366626, 597.894732041371], [889.495556337425, 697.0760634083213], [910.7042524221481, 760.6095354917762], [861.151343068677, 445.1492201574644], [918.4223515758581, 455.2290207633397], [849.7363766859639, 424.902210566244], [886.1118458861467, 402.3194944791626]], "kpt2d_body_mask": [true, true, true, true, true, true, true, true, true, true, true, true, true, true, true, true, true, true, true], "kpt3d_body_mask": [true, true, true, true, true, true, true, true, true, true, true, true, true, true, true, true, true, true, true], "kpt_list": ["Thorax", "Nose", "Pelvis", "L_Shoulder", "L_Elbow", "L_Wrist", "L_Hip", "L_Knee", "L_Ankle", "R_Shoulder", "R_Elbow", "R_Wrist", "R_Hip", "R_Knee", "R_Ankle", "L_Eye", "L_Ear", "R_Eye", "R_Ear"]}