{"id": 5, "class": "person", "kpt3d_body": [[-75.53614912922478, -119.619841277826, 2753.8680950782327], [-226.07030946252706, -178.6285836108148, 2569.99314344344], [-132.1199706160526, 226.7493331323093, 3142.8250514172523], [2.426416594317171, -9.771503290204606, 2661.1215893811923], [66.83948283993969, 242.59811118984766, 2775.718135953577], [114.68179149096116, 497.96463972226854, 2871.866867159588], [-73.29839095759891, 289.54755288554514, 3090.2756910969197], [-89.56738990238121, 545.3322549567748, 3404.246903676489], [-76.89349630975134, 759.510320277441, 3713.486083163084], [-149.07008694698783, -230.48552659728756, 2848.65375364383], [-211.0925483084783, -163.887633843012, 3123.0604477838624], [-316.3892715184728, -89.59201265878974, 3368.9299955882784], [-190.9414960494806, 163.95122854444423, 3195.3743148016056], [-172.45631349645578, 426.13363419329636, 3503.3521560805666], [-129.05673362296636, 665.2547492535081, 3787.489950769419], [-193.84541728622844, -186.31412472880854, 2532.372100797083], [-90.05789525199376, -178.0176940447953, 2538.87468701119], [-220.07952565366722, -227.26983042219786, 2567.947331125661], [-157.11655182155022, -283.318636035701, 2628.4566226005863]], "kpt2d_body": [[912.2843476492103, 487.6921038923548], [828.1858892183437, 451.69401605060943], [891.9810221173578, 648.4155775418996], [951.828371895352, 543.0278563201621], [984.1192147750123, 669.5881355259177], [1005.883030358722, 787.5115250235386], [917.5358516645332, 678.2813059600895], [914.1282390941437, 769.5780590997268], [922.0461891894435, 829.6299967661471], [877.6879019918581, 435.7564470457311], [856.3816676155967, 475.21394651516806], [819.7967331600385, 511.208269547298], [867.2740758031251, 619.4653240195146], [882.1799387565779, 716.7030305062158], [903.450412595344, 790.5547925238409], [844.0289113290805, 446.0103962494803], [901.1172882150661, 450.66059619392576], [831.4240428053561, 425.421498193301], [867.4665036489101, 398.66983333201836]], "kpt2d_body_mask": [true, true, true, true, true, true, true, true, true, true, true, true, true, true, true, true, true, true, true], "kpt3d_body_mask": [true, true, true, true, true, true, true, true, true, true, true, true, true, true, true, true, true, true, true], "kpt_list": ["Thorax", "Nose", "Pelvis", "L_Shoulder", "L_Elbow", "L_Wrist", "L_Hip", "L_Knee", "L_Ankle", "R_Shoulder", "R_Elbow", "R_Wrist", "R_Hip", "R_Knee", "R_Ankle", "L_Eye", "L_Ear", "R_Eye", "R_Ear"]}