{"id": 3, "class": "person", "kpt3d_body": [[-8.316555707040507, 129.043180834841, 2727.831240044231], [-129.7781023968312, 4.285235292675225, 2628.7544479666303], [-28.62792764546011, 639.6720870581589, 2663.814588620444], [97.1397192101501, 114.17754375630409, 2617.9099476554275], [221.6316096815237, 166.21578206849662, 2435.2635317866325], [99.6212925605578, -28.634602231751387, 2434.76855764745], [42.7560734539714, 632.8069424986702, 2585.6873453021326], [50.319368349745986, 959.3171783297781, 2591.580526481812], [60.394512856498466, 1313.391833135926, 2585.3356606929183], [-96.04655610243069, 139.68979311020192, 2848.166454392932], [-256.8342680538494, 257.20247009331626, 2965.8306217375857], [-297.90879866943715, 61.058882399356946, 2922.725455453733], [-100.01175800110187, 646.5382004400924, 2741.941382239267], [-77.10197854196585, 969.4078745818223, 2712.8321420491184], [-58.012067336389315, 1321.4386410731026, 2676.130302586748], [-103.67152036154653, -33.95046609415857, 2623.274323992887], [-12.48878689681927, -41.23324258259004, 2645.6948168668005], [-142.58233173857238, -22.393923751835416, 2664.3878647742094], [-110.39213273016256, -18.50724948705448, 2755.9626497189224]], "kpt2d_body": [[930.3264077985161, 624.7403370546072], [865.5802664076206, 561.0368701797719], [919.8320968339771, 888.3756169753682], [986.4447500296133, 619.574281743949], [1061.429485152359, 653.6605337069526], [991.7962425394443, 542.3579744574404], [957.3577076586212, 894.4764359846984], [960.8254732861291, 1056.305835422664], [965.3281873953455, 1222.4791396761825], [887.4681316524184, 627.137905475994], [813.9991737859038, 679.2475485777566], [792.4696037802489, 587.8207555530154], [884.4213644153683, 882.4909380478281], [896.2782284220417, 1040.1326354389646], [906.2411105138395, 1205.893974278938], [879.3340447523277, 540.7108246402977], [927.9843843357838, 537.0150373853152], [859.7963061775503, 547.0432655009175], [878.5838515104299, 549.3964265427356]], "kpt2d_body_mask": [true, true, true, true, true, true, true, true, true, true, true, true, true, true, true, true, true, true, true], "kpt3d_body_mask": [true, true, true, true, true, true, true, true, true, true, true, true, true, true, true, true, true, true, true], "kpt_list": ["Thorax", "Nose", "Pelvis", "L_Shoulder", "L_Elbow", "L_Wrist", "L_Hip", "L_Knee", "L_Ankle", "R_Shoulder", "R_Elbow", "R_Wrist", "R_Hip", "R_Knee", "R_Ankle", "L_Eye", "L_Ear", "R_Eye", "R_Ear"]}