{"id": 4, "class": "person", "kpt3d_body": [[-64.94202022499103, -99.1515377361165, 2649.7054415179227], [-201.55205081797035, -198.30552769104258, 2554.177546742916], [-65.19758862093882, 464.25124338024574, 2593.792509357032], [34.022803788663786, -119.36707156108213, 2527.7653562982764], [272.9982559426873, -265.7782770158863, 2343.48876714904], [425.6608650076839, -362.3252412715948, 2213.002931198059], [-9.0221352262515, 463.952082104782, 2514.9294344366804], [20.30948794153862, 887.0376593713631, 2545.348628148443], [30.338261683749728, 1305.7171742793403, 2540.280670501541], [-157.1884541535293, -78.1774281760778, 2770.0905518321697], [-291.4979213514108, -161.38416540245515, 3061.913717547259], [-401.2366492327085, -273.5988587186813, 3242.0045393006003], [-121.37401243945156, 464.5503767697859, 2672.6552002201297], [-87.38405708421342, 891.0283594522086, 2672.926527225086], [-54.845910100380166, 1320.6916996651737, 2656.935546621433], [-171.97002991841157, -233.48813735530712, 2542.1391350812737], [-64.75080542613244, -241.25863045426513, 2567.361802494188], [-209.81748277161262, -231.71673457081312, 2587.8325143853217], [-163.65882663812692, -232.72540940136395, 2681.311644903521]], "kpt2d_body": [[900.3226991415291, 506.56838889586516], [824.5984098315776, 450.78201735998454], [899.7767621515978, 806.1771781814148], [953.4042937392531, 492.90026542828514], [1096.3581141836023, 401.6314442585893], [1198.9808711720877, 334.2184015254857], [929.637022554236, 813.6752575925428], [945.4488885083808, 1029.0661306789452], [950.3571307830068, 1229.4678179770235], [855.3051883380709, 519.4211758930571], [801.8794655244207, 485.45067207342794], [762.5914590590446, 441.7296620956578], [871.6742087660866, 799.0549243137395], [890.3167983587045, 1009.7022351624607], [907.6219481370808, 1209.739842862782], [840.316992698823, 431.04793604711114], [899.4062641560496, 427.95847084336833], [821.652801729778, 434.3116436684553], [849.4863879347404, 438.01236004034274]], "kpt2d_body_mask": [true, true, true, true, true, true, true, true, true, true, true, true, true, true, true, true, true, true, true], "kpt3d_body_mask": [true, true, true, true, true, true, true, true, true, true, true, true, true, true, true, true, true, true, true], "kpt_list": ["Thorax", "Nose", "Pelvis", "L_Shoulder", "L_Elbow", "L_Wrist", "L_Hip", "L_Knee", "L_Ankle", "R_Shoulder", "R_Elbow", "R_Wrist", "R_Hip", "R_Knee", "R_Ankle", "L_Eye", "L_Ear", "R_Eye", "R_Ear"]}