{"id": 1, "class": "person", "kpt3d_body": [[-171.32576273797434, -108.82461776027469, 2602.437830580832], [-300.260775310794, -283.8248767059824, 2534.844710624904], [-187.65168410798884, 471.84265338900036, 2556.927428564286], [-210.95100789492193, -117.10637875761904, 2453.5314556287417], [-504.80696382840193, -18.39157979429956, 2451.048538210418], [-500.4558772183816, -182.29564587487545, 2617.1925635586645], [-168.36854882245532, 467.04640282506534, 2460.8870708930144], [-126.79970800971884, 909.0545807261543, 2450.4429516678433], [-93.05091559696703, 1295.2821330658642, 2424.603069442128], [-149.20879641937984, -101.02550143515288, 2754.286110439064], [-406.12265137312704, -45.74388763728052, 2875.88581100962], [-438.4576836880916, -191.99021656248732, 2700.338286216732], [-206.9343220736246, 476.6398535607509, 2652.96708558021], [-196.9301742071106, 918.3392791781251, 2605.1217197111964], [-194.87433371294858, 1319.7306742774333, 2544.6624884628236], [-265.39665944220064, -315.6955812178717, 2522.2466028823883], [-165.01795364561704, -302.1173467400348, 2534.8243778650685], [-299.6765013316131, -318.9183204602034, 2568.121388949513], [-246.67039152314243, -306.2502585353229, 2660.4707644115397]], "kpt2d_body": [[842.6632218543269, 500.5038577468278], [770.1596328021999, 403.66418691420495], [833.1177478645917, 813.3502740560505], [814.6598123950814, 492.3329006843808], [650.0139126340598, 548.3934908915417], [670.281478320289, 462.6757486579644], [840.0272045754091, 820.5046766977249], [864.9961096632111, 1057.0021146133163], [884.7821791742008, 1252.4970921797355], [858.9033880458967, 507.6348428478251], [738.2207613324667, 536.6839939278295], [709.517939138449, 460.41133855843754], [826.7072660514667, 806.7034442435099], [832.6191031654984, 1033.4332647652657], [834.7881121726002, 1233.9348233647747], [788.5312921954062, 385.3925051830348], [844.0087242848012, 393.2831812048761], [772.7186174059389, 386.86313379876344], [805.710055073022, 399.09798250527876]], "kpt2d_body_mask": [true, true, true, true, true, true, true, true, true, true, true, true, true, true, true, true, true, true, true], "kpt3d_body_mask": [true, true, true, true, true, true, true, true, true, true, true, true, true, true, true, true, true, true, true], "kpt_list": ["Thorax", "Nose", "Pelvis", "L_Shoulder", "L_Elbow", "L_Wrist", "L_Hip", "L_Knee", "L_Ankle", "R_Shoulder", "R_Elbow", "R_Wrist", "R_Hip", "R_Knee", "R_Ankle", "L_Eye", "L_Ear", "R_Eye", "R_Ear"]}