{"id": 1, "class": "person", "kpt3d_body": [[-200.670068926149, -98.00543941934677, 2590.2851922292034], [-310.8514627362786, -293.7965469660125, 2497.7224711290783], [-193.25882197885963, 479.0602408521936, 2525.6439967679307], [-88.26550393374401, -117.08275575221109, 2459.264338286412], [116.69017901177656, 76.3618291522647, 2390.482773786882], [3.7742033994970203, 300.7643814182555, 2386.001620579198], [-115.95290806693473, 468.8259775206879, 2456.6154117019414], [-98.86195186287534, 902.8452098948585, 2453.4282353304166], [-90.0067326329826, 1295.687023337066, 2428.4077927448698], [-324.27309659881274, -86.42295425719738, 2706.304364367512], [-367.30254984651765, 137.30850468116643, 2901.171269016582], [-336.72285142875705, 358.5656322883352, 2747.9252968403816], [-270.56570734537144, 489.2934791154273, 2594.672272785342], [-213.0943548807375, 922.5045789600409, 2575.083887933642], [-193.41346058855396, 1314.730011894102, 2546.705366171039], [-275.0844220746702, -328.3085237641407, 2495.2178703974364], [-176.6937657558935, -312.97476639215404, 2523.9074780273013], [-315.650160268626, -323.55282305195885, 2537.0861896886613], [-282.0574594920529, -301.7951641576522, 2634.1546866707313]], "kpt2d_body": [[826.457330377015, 506.0699623573305], [761.9652324073011, 395.9546933069198], [828.8631383481196, 820.26894774899], [884.4335640114873, 492.38510670211235], [1002.8067215221973, 603.3020456596109], [936.7981772555218, 733.857185155399], [869.3192941644861, 822.1151627047966], [880.3657162795159, 1053.4059225160581], [886.4837662135507, 1251.7456367155096], [767.7357477331891, 514.3871169698783], [758.4500469956673, 624.4514565557082], [764.7936787135666, 739.1566826812586], [790.6907488044969, 818.408847038253], [823.1057874454923, 1040.510252250917], [835.5615971835555, 1231.2036444879027], [781.6783816352515, 376.6519090075578], [837.2315152744364, 386.6838986628536], [762.1373738020441, 382.36547832081226], [785.8666642951866, 399.9726601884926]], "kpt2d_body_mask": [true, true, true, true, true, true, true, true, true, true, true, true, true, true, true, true, true, true, true], "kpt3d_body_mask": [true, true, true, true, true, true, true, true, true, true, true, true, true, true, true, true, true, true, true], "kpt_list": ["Thorax", "Nose", "Pelvis", "L_Shoulder", "L_Elbow", "L_Wrist", "L_Hip", "L_Knee", "L_Ankle", "R_Shoulder", "R_Elbow", "R_Wrist", "R_Hip", "R_Knee", "R_Ankle", "L_Eye", "L_Ear", "R_Eye", "R_Ear"]}