{"id": 1, "class": "person", "kpt3d_body": [[-232.80846019670236, -98.85279227832285, 2667.6350131556187], [-338.73258106390125, -272.8680947468351, 2606.9197636115377], [-197.79825131519198, 470.81484010737097, 2541.8841560990504], [-79.0838992147885, -100.66060102202243, 2665.711747527127], [45.35713973683353, -65.5655104309588, 2398.0690275438105], [-87.07914551647465, -225.37053707405818, 2288.864833996271], [-100.43824261705237, 460.58790684045346, 2511.397517746986], [-99.54739225846143, 905.4187345736955, 2453.449124347438], [-91.73095198103475, 1297.9800051987468, 2429.4575883541374], [-374.25941456127237, -83.06534994328473, 2689.9945148957436], [-344.9818662459637, -99.88812658712163, 2378.0946261513536], [-157.8304878796364, -230.12648482904723, 2237.7310837739083], [-295.159354509441, 481.0417573819984, 2572.370566805529], [-223.22057244978828, 915.4446020524426, 2568.0510739302945], [-192.97372395435843, 1312.514453763361, 2545.6473259489894], [-310.7808698263058, -313.6507997398576, 2610.399601137015], [-213.25446864355166, -310.2069051874807, 2646.858281084958], [-352.0200530584493, -290.98948568446104, 2648.3279415892416], [-319.76061335540345, -260.9206726871008, 2740.8151271181687]], "kpt2d_body": [[812.8332704495313, 507.1780326764603], [754.2873114368573, 413.8268044578217], [827.0255549999754, 814.2317387224813], [893.115559847155, 506.09683993264986], [961.0382292601731, 520.6166530675245], [881.5421936549519, 421.77120316301574], [879.2332340840826, 812.0902935818942], [880.0010652286006, 1054.712465945167], [885.5893219507402, 1252.553441928505], [741.1255857108492, 515.9103149096265], [733.0142169501254, 500.5163475416587], [836.370268854776, 415.86530139454567], [776.324053200558, 816.1188809390405], [817.4681920815632, 1038.1985963267966], [835.7308446188077, 1230.4495872391676], [769.4198735547241, 392.4211027408389], [822.5434667100875, 396.1278036186277], [750.2436264622684, 406.69898468701274], [772.4616564173098, 426.75179192781616]], "kpt2d_body_mask": [true, true, true, true, true, true, true, true, true, true, true, true, true, true, true, true, true, true, true], "kpt3d_body_mask": [true, true, true, true, true, true, true, true, true, true, true, true, true, true, true, true, true, true, true], "kpt_list": ["Thorax", "Nose", "Pelvis", "L_Shoulder", "L_Elbow", "L_Wrist", "L_Hip", "L_Knee", "L_Ankle", "R_Shoulder", "R_Elbow", "R_Wrist", "R_Hip", "R_Knee", "R_Ankle", "L_Eye", "L_Ear", "R_Eye", "R_Ear"]}