{"id": 5, "class": "person", "kpt3d_body": [[250.0368675033767, -142.9401497924745, 2832.9148001789717], [305.21227099040834, -373.2116703214559, 2913.0565382727755], [258.50839602570807, 313.4281642407103, 3026.728102038476], [88.39271173280105, -162.31805841408246, 2876.820582176522], [-36.910585423621484, 75.44871026400244, 2963.4587639820684], [109.59511492705467, 189.67572379638227, 3156.8342250419896], [168.13473731135127, 298.53634161666673, 3084.7541461497167], [167.82989512423822, 593.023867895321, 3311.7598432358354], [124.55713358487274, 1013.8122192890363, 3289.1691888519026], [410.97899557362484, -116.75170919742087, 2790.124299089929], [485.02393994287354, 152.3652304329002, 2877.816662160872], [519.8631373862107, 351.2096813165771, 3059.9736838865465], [348.8822607548183, 328.31958826751975, 2968.702973720972], [343.9823478410006, 704.8813395996431, 3174.2225350257218], [303.08475941441964, 1066.925856504793, 3282.2249658351657], [270.3089391246436, -402.9162420422988, 2891.5174536045674], [192.37825772488213, -366.95258773112516, 2830.4067312132565], [326.2001672326033, -391.2283228388053, 2872.2583949068617], [336.3695229750658, -340.96886179904584, 2779.766415703164]], "kpt2d_body": [[1081.9732205703774, 476.8571870806308], [1106.7238553197676, 358.52449366241524], [1077.3474687901357, 712.8404166621024], [993.5331010680212, 467.576759265215], [926.9937249306274, 593.4126749827664], [999.6737615140603, 646.565817192883], [1030.0064910356118, 702.6647083347298], [1023.7213010051473, 827.3812702913217], [1003.3748829082426, 1017.8546505458448], [1172.0904199268412, 490.2713079243656], [1204.1983112145692, 635.0931962125751], [1205.615288278382, 729.0388342418445], [1126.3155763420252, 723.3003562853368], [1110.9621174550603, 890.9124507131045], [1085.0171032710205, 1041.3570882295717], [1089.400115517066, 341.412364861942], [1050.4810148203574, 355.90987233436533], [1120.0337665438105, 346.3607074152413], [1131.4942529686496, 366.9602070437958]], "kpt2d_body_mask": [true, true, true, true, true, true, true, true, true, true, true, true, true, true, true, true, true, true, true], "kpt3d_body_mask": [true, true, true, true, true, true, true, true, true, true, true, true, true, true, true, true, true, true, true], "kpt_list": ["Thorax", "Nose", "Pelvis", "L_Shoulder", "L_Elbow", "L_Wrist", "L_Hip", "L_Knee", "L_Ankle", "R_Shoulder", "R_Elbow", "R_Wrist", "R_Hip", "R_Knee", "R_Ankle", "L_Eye", "L_Ear", "R_Eye", "R_Ear"]}