{"id": 4, "class": "person", "kpt3d_body": [[-22.140542547315185, -83.15035186415088, 2607.7132088958924], [-127.01505598698184, -197.25655926217996, 2502.621413090336], [-62.365342671721976, 457.8482549530099, 2591.139114081118], [11.240310366592006, -92.89223668819062, 2474.3949262649876], [-290.03434869984983, -109.67298431557595, 2540.867134620128], [-248.23729420281165, -199.0068848858627, 2762.45342137079], [-34.7644754866408, 462.3503398719234, 2493.455074707984], [43.29021548347322, 877.6659269304845, 2505.064774737494], [94.93810632163532, 1301.377664880315, 2487.754811602498], [-50.874546140920685, -69.3944882269588, 2747.663505827287], [-165.22278188596874, 21.605284979002874, 3033.703773329309], [-216.923023909556, -186.9778138219445, 2900.803481763247], [-89.96711618296352, 453.348130566053, 2688.822541173812], [-103.09408286063515, 891.0093316118619, 2673.830855725746], [-86.6036329198721, 1317.24017243111, 2654.7259799456433], [-95.36919289481742, -223.427098834988, 2486.700844491425], [3.2204590782218023, -214.08558495655427, 2515.721689503757], [-131.23910963551236, -237.69497606220853, 2526.9008787213415], [-88.91249031154778, -249.8727616612149, 2621.2920367683064]], "kpt2d_body": [[922.7142165789846, 514.2753075315023], [863.7741674785414, 449.030744634554], [901.2469193433075, 803.0752274552317], [940.9399199193267, 506.3892875116797], [775.6119814969642, 498.7759950713034], [809.3729792086166, 458.5995437793938], [915.2980929569276, 814.9422200346919], [958.024967226651, 1031.3976099796837], [984.5493138476711, 1239.7975463701182], [908.6940399168725, 523.5258764838627], [858.4739401028042, 568.6933812905493], [830.2801622042435, 469.0527767369773], [888.2009076525517, 792.034101789568], [882.3693156089173, 1009.4986202627351], [891.8910776400239, 1208.6076558537698], [881.0890102875882, 433.70130603933075], [936.3781284495246, 440.23191456598323], [862.1802199780898, 427.9068683702742], [887.281893448781, 426.10511707087653]], "kpt2d_body_mask": [true, true, true, true, true, true, true, true, true, true, true, true, true, true, true, true, true, true, true], "kpt3d_body_mask": [true, true, true, true, true, true, true, true, true, true, true, true, true, true, true, true, true, true, true], "kpt_list": ["Thorax", "Nose", "Pelvis", "L_Shoulder", "L_Elbow", "L_Wrist", "L_Hip", "L_Knee", "L_Ankle", "R_Shoulder", "R_Elbow", "R_Wrist", "R_Hip", "R_Knee", "R_Ankle", "L_Eye", "L_Ear", "R_Eye", "R_Ear"]}