{"id": 4, "class": "person", "kpt3d_body": [[-39.02265488403561, -29.661468284614045, 2640.386350704781], [-176.83094511485194, -196.6416301560983, 2529.842906037256], [-56.29740442225726, 515.3487007569024, 2585.068938718583], [77.07755297262369, -37.46769399172251, 2518.606320381584], [99.87924378232385, 265.4454247180836, 2457.721606361595], [31.867931334922677, 506.8640197728388, 2398.1719370429078], [4.810865945353253, 510.4816035026222, 2510.7655953960457], [64.27171456141103, 903.850375645389, 2509.3749025921325], [95.79895461705595, 1299.836782591607, 2487.604785090115], [-162.64508747961858, -3.427138484853458, 2751.0800168202218], [-164.19387102362438, 292.3784784629869, 2780.8171550564866], [-224.70375123016265, 542.9511445017284, 2700.1900598811444], [-117.40458029375823, 520.2158140034726, 2659.372509686707], [-102.23757706563407, 913.1205279049059, 2668.721813420222], [-88.72004000824582, 1317.1691993249856, 2655.5651543400704], [-143.28259605900558, -230.29483341899862, 2521.6598537851114], [-38.552279730317395, -225.8728959100995, 2546.156086785212], [-183.7044444778682, -229.81881782952087, 2563.295158094329], [-144.48281942189251, -222.33984729204366, 2657.261961750358]], "kpt2d_body": [[913.9153423503378, 543.0879839999066], [837.1228458838168, 450.6168827829748], [904.4981065548382, 833.7465781560046], [977.3845086585178, 538.0082931060554], [991.2205636611716, 708.904619884536], [952.9617863558865, 849.9249484612288], [937.2584382790758, 839.126683070486], [969.2316729156988, 1043.7563696949885], [985.0099507706991, 1239.1174387762499], [851.9754620309805, 557.0260336387314], [852.3569278662152, 704.8605646810054], [819.7861732741306, 835.555374128632], [873.56969837835, 828.5838095293084], [882.788082213588, 1020.8504947717304], [890.8568948709569, 1208.3855244686974], [855.3717751977854, 431.7187910907432], [913.4590659514222, 435.23183465056894], [834.7204385893729, 434.0987434922224], [858.7490886324555, 442.3136089889639]], "kpt2d_body_mask": [true, true, true, true, true, true, true, true, true, true, true, true, true, true, true, true, true, true, true], "kpt3d_body_mask": [true, true, true, true, true, true, true, true, true, true, true, true, true, true, true, true, true, true, true], "kpt_list": ["Thorax", "Nose", "Pelvis", "L_Shoulder", "L_Elbow", "L_Wrist", "L_Hip", "L_Knee", "L_Ankle", "R_Shoulder", "R_Elbow", "R_Wrist", "R_Hip", "R_Knee", "R_Ankle", "L_Eye", "L_Ear", "R_Eye", "R_Ear"]}