{"id": 4, "class": "person", "kpt3d_body": [[-48.011171125909954, -47.113227108013405, 2622.6303932206947], [-201.81593725173187, -184.176501626485, 2509.102006364713], [-38.354428782951345, 482.9672948635708, 2607.0574424141064], [63.306423565097994, -55.320104354235866, 2513.5895241862518], [295.1514118355228, 105.179219529372, 2438.8790949524364], [126.57153950177775, 320.2486485204987, 2462.3386829935125], [22.362293971943608, 482.2330904962139, 2530.032337187744], [62.846440008437476, 902.8231390427335, 2513.256969159113], [94.56870674788425, 1299.9355173256959, 2489.76438115478], [-154.36334447701518, -37.05840152190092, 2737.1087616409986], [-189.5426586233161, 130.3680573957486, 2998.1245403060875], [-161.90017535487615, 333.9345491240067, 2806.5654349461606], [-99.07042925858906, 483.7015509041173, 2684.0832445210576], [-100.82127828933082, 894.2348975696577, 2674.548374806871], [-89.34110165242423, 1317.861991548698, 2655.70647146162], [-170.82719771126722, -219.78054252935408, 2500.4126232691883], [-64.75505152009978, -222.9055307347548, 2525.118458676107], [-209.2994649030122, -217.85343783227006, 2543.901179822595], [-166.45805726097632, -215.47920519849043, 2637.779681712457]], "kpt2d_body": [[908.984000655898, 533.6977323820292], [822.4633077855251, 456.6626848926729], [914.2322220699642, 814.7077795835362], [969.8087778846739, 528.0570371923517], [1103.0906487543998, 618.6610122726391], [1006.0940172816499, 739.2356922534121], [946.8414875956163, 821.9637781591923], [968.4185671822917, 1042.545732210809], [984.3260170176874, 1238.6469663108276], [855.7776958384094, 539.885910871501], [846.3125926654823, 619.3396595163276], [854.3198938274227, 723.9527042108174], [883.4802945423513, 807.7861836445445], [883.5449232441285, 1010.9295749289387], [890.5547180520293, 1208.656988876037], [839.3638200243265, 436.5185660896209], [898.8044282070306, 435.852333960476], [819.9702261743819, 439.720663140201], [846.5870889181839, 445.09658876211273]], "kpt2d_body_mask": [true, true, true, true, true, true, true, true, true, true, true, true, true, true, true, true, true, true, true], "kpt3d_body_mask": [true, true, true, true, true, true, true, true, true, true, true, true, true, true, true, true, true, true, true], "kpt_list": ["Thorax", "Nose", "Pelvis", "L_Shoulder", "L_Elbow", "L_Wrist", "L_Hip", "L_Knee", "L_Ankle", "R_Shoulder", "R_Elbow", "R_Wrist", "R_Hip", "R_Knee", "R_Ankle", "L_Eye", "L_Ear", "R_Eye", "R_Ear"]}