{"id": 5, "class": "person", "kpt3d_body": [[-52.38814956558032, 7.579640382590753, 2687.612881606617], [-172.79266032276018, -188.120983558442, 2594.646088036473], [-68.04048622777421, 499.588294082383, 2663.045202819997], [66.40945115947122, 11.51336841959818, 2563.695165431951], [71.08135900077525, 291.7725507638902, 2519.891236142697], [-36.59484476660506, 524.8924903814757, 2463.3791119530274], [-9.471897978705233, 510.1215852690359, 2586.413831559772], [15.483842610844745, 905.9118932748203, 2589.09128523275], [66.34638127639015, 1289.3205937194798, 2621.098455639084], [-167.94271378699548, 8.840604319424585, 2816.5086610976414], [-213.05708973432917, 290.4091811475877, 2844.354940240558], [-262.8159888678037, 503.670531501936, 2715.665355692097], [-126.60876326537146, 489.05597034399545, 2739.676108042377], [-105.63591495459512, 919.0241290070412, 2698.751192028751], [-29.267723556112593, 1293.015149359414, 2700.337160207244], [-136.59869115846064, -222.97772645305827, 2588.0972270965526], [-35.24635546129694, -203.6750911700065, 2610.2642263595817], [-174.13398340886943, -217.6777296130544, 2635.243417938802], [-133.41536372025774, -194.09555126998157, 2728.0020629829414]], "kpt2d_body": [[907.3235801755371, 562.7002720503863], [841.6940321272926, 457.85170493987584], [899.2369247825887, 817.8511675537845], [970.8164884417474, 565.0311730047741], [973.8892998553846, 719.6804723864732], [914.1032973288858, 852.2293765980785], [929.5431658771882, 830.9198992660376], [942.7435719035552, 1030.842381855394], [967.9924805538227, 1203.6869050694268], [851.2683120713792, 563.1387519354178], [830.3135462018871, 700.5717183218474], [800.9400258867338, 814.3226705275185], [870.5982723463652, 805.4207505163622], [881.6456826853054, 1018.7861930173821], [920.4264968962957, 1188.3920225683464], [860.976656316275, 438.8667923463791], [915.7349031921691, 450.0519993824749], [842.4548438934642, 443.8438949127269], [866.3246044752943, 459.6726012315389]], "kpt2d_body_mask": [true, true, true, true, true, true, true, true, true, true, true, true, true, true, true, true, true, true, true], "kpt3d_body_mask": [true, true, true, true, true, true, true, true, true, true, true, true, true, true, true, true, true, true, true], "kpt_list": ["Thorax", "Nose", "Pelvis", "L_Shoulder", "L_Elbow", "L_Wrist", "L_Hip", "L_Knee", "L_Ankle", "R_Shoulder", "R_Elbow", "R_Wrist", "R_Hip", "R_Knee", "R_Ankle", "L_Eye", "L_Ear", "R_Eye", "R_Ear"]}