{"id": 4, "class": "person", "kpt3d_body": [[-5.943129965545886, -35.431633622831384, 2703.0483028681447], [-154.95283267272842, -209.1203464177724, 2614.6197059125316], [7.141993558643804, 479.77676404695285, 2659.376122714667], [82.70673116598375, -51.7613761855668, 2560.9000245757634], [113.84581870402094, 233.02707003754662, 2489.4164085549], [-3.8903158694156303, 457.8366299832446, 2442.698707226957], [52.92194454015806, 474.3894780399768, 2572.5605883820544], [13.30406847428848, 879.9594673975387, 2543.7292286562747], [66.31336021767774, 1294.967119147629, 2547.596044566763], [-90.52938663402333, -18.478502593460462, 2851.140168022714], [-65.36350769071564, 258.52240441340894, 2942.1477066883035], [-146.3276361986044, 500.20888802348577, 2845.559421740246], [-38.6384080712626, 485.1640811621911, 2746.192064414808], [-69.18024491170031, 890.0417086808653, 2689.149891210684], [-19.894966682686057, 1310.3365408749705, 2692.704002524465], [-122.23499589453223, -244.0293103187085, 2605.0624339367014], [-11.71212936735424, -236.69212198668873, 2624.7993161750487], [-158.24773162223525, -241.8142231667406, 2650.546842419271], [-110.7854782993991, -229.30730523807654, 2744.0106977231567]], "kpt2d_body": [[931.5115840955459, 540.4714268239975], [851.9259009489645, 447.4500811142944], [938.3264046502288, 808.1589326702726], [979.7482455561194, 530.5656311194804], [998.3619265756427, 688.9850301749336], [932.4012541092361, 817.6739633596151], [963.0969949226039, 813.5481695801143], [941.7322864417916, 1025.8269461268892], [968.8216900380766, 1222.8020209995257], [890.1854145881455, 549.7219436964696], [903.5910129740453, 681.0902723365442], [863.3727297045107, 801.6890238990742], [915.1022305872016, 803.0632379570131], [899.7446197650203, 1006.7188809409068], [924.994855288695, 1197.568500282679], [869.1607169728215, 428.42901597865864], [928.3639077041793, 433.1939097892017], [851.3601044463272, 431.8624689335768], [878.2531567691788, 442.4157148357266]], "kpt2d_body_mask": [true, true, true, true, true, true, true, true, true, true, true, true, true, true, true, true, true, true, true], "kpt3d_body_mask": [true, true, true, true, true, true, true, true, true, true, true, true, true, true, true, true, true, true, true], "kpt_list": ["Thorax", "Nose", "Pelvis", "L_Shoulder", "L_Elbow", "L_Wrist", "L_Hip", "L_Knee", "L_Ankle", "R_Shoulder", "R_Elbow", "R_Wrist", "R_Hip", "R_Knee", "R_Ankle", "L_Eye", "L_Ear", "R_Eye", "R_Ear"]}