{"id": 4, "class": "person", "kpt3d_body": [[-35.292529335111524, -27.7692069625337, 2643.8629413102817], [-171.59152323360007, -199.90449077381186, 2536.398595405553], [-57.68717511399716, 514.9434931515075, 2585.688888418801], [80.44256653965299, -35.890704564737064, 2521.7528170113205], [102.83567223904274, 267.8961443376239, 2460.7460793944565], [34.89440498161501, 507.69374736858015, 2402.271586586846], [9.367892336365253, 509.5101880471597, 2515.0720153819375], [64.82339898401779, 903.2627187630048, 2510.4356810121812], [96.50237644635708, 1300.9327506997315, 2487.171570032751], [-153.56288358336036, -8.658582802836463, 2758.0479794875732], [-162.04667943247995, 293.1669425256581, 2783.4629248297147], [-222.13559475609375, 543.0137054622231, 2702.696861119989], [-124.74212055359854, 520.3747919975252, 2656.305755061349], [-100.74972591495737, 912.0982908837154, 2669.8173787655505], [-88.46982654319092, 1317.4538946008786, 2655.464512838785], [-138.46935535191238, -233.25267138325813, 2527.598600052891], [-33.95932731609985, -225.85325853751982, 2551.8129827808216], [-177.86276219116218, -232.95696582785325, 2570.9838098592727], [-138.16007346459347, -222.7444768308439, 2664.101541324203]], "kpt2d_body": [[915.9155774093424, 544.1071778701737], [840.2511939366527, 449.10204463111916], [903.761648113275, 833.4688788761678], [979.1964294885994, 538.9070176463276], [992.8204923812649, 710.0922012735153], [954.6700535361526, 849.9018864662469], [939.7586250486164, 838.137113884123], [969.5159133028865, 1043.269224016959], [985.3820159582896, 1239.726128911859], [856.7764209314554, 554.3857038281316], [853.5080867852012, 705.1178777917828], [821.1961923479269, 835.3489324387953], [869.687006341283, 828.9492703704333], [883.5583249311692, 1020.1916800450751], [890.9801583653941, 1208.533607946501], [858.2115632062736, 430.38725708295726], [916.0174115480727, 435.513145125816], [838.1802301381158, 432.76773999986875], [862.2482074719878, 442.3918380229955]], "kpt2d_body_mask": [true, true, true, true, true, true, true, true, true, true, true, true, true, true, true, true, true, true, true], "kpt3d_body_mask": [true, true, true, true, true, true, true, true, true, true, true, true, true, true, true, true, true, true, true], "kpt_list": ["Thorax", "Nose", "Pelvis", "L_Shoulder", "L_Elbow", "L_Wrist", "L_Hip", "L_Knee", "L_Ankle", "R_Shoulder", "R_Elbow", "R_Wrist", "R_Hip", "R_Knee", "R_Ankle", "L_Eye", "L_Ear", "R_Eye", "R_Ear"]}