{"id": 5, "class": "person", "kpt3d_body": [[13.281419970163038, -12.178590479653337, 2719.0109908901713], [-104.55326674287996, -179.27243481067705, 2631.7611966229465], [-18.515456119590272, 501.3532991229256, 2666.205908728912], [116.78656859363926, -16.00326497386078, 2595.1958638157475], [226.3740192437393, 53.76696085972128, 2341.7131362740924], [119.043266998369, -171.3948174668846, 2329.07482090113], [49.023315811382275, 507.8286308736988, 2594.290266606185], [69.82920572076385, 888.4959520953701, 2577.2279640371717], [100.67959330000924, 1293.0070310315762, 2588.5814115460057], [-81.91740007828588, -6.4538074146329905, 2842.337062149517], [-324.49616142070084, 59.075228784849116, 3003.0432361138446], [-413.9841551515664, -166.2755815192017, 2934.6765978838607], [-86.05422908132437, 494.8769701898041, 2738.1216258603163], [-97.71909805333377, 918.6807586135568, 2708.8267925238756], [-61.415800609701975, 1305.55004571759, 2720.440706423517], [-71.56165278246787, -217.68331921135314, 2625.513260361011], [28.84039682431906, -210.68177219259098, 2649.581271678181], [-109.71170483044745, -208.20239799579383, 2670.773140307349], [-70.12546700789477, -193.87794007642583, 2764.294329015754]], "kpt2d_body": [[941.4199339850704, 552.5138147041155], [879.1157653781463, 463.8596113542736], [924.9917137166827, 818.4943162342404], [997.5031795811351, 550.1622434462311], [1069.4422506235883, 590.7139995168466], [1005.9312149602064, 456.2828962908254], [960.7480410467005, 828.8972135619731], [971.3270814726677, 1024.2497561904077], [985.7547514410062, 1212.4505827706776], [894.2823460035111, 555.5963515777496], [783.9808125846471, 586.1139347243379], [738.5865621931357, 480.20294650398057], [891.0712179432595, 808.5255719542195], [885.7850400180653, 1017.0441621961457], [904.9646728846401, 1189.5909974576844], [896.545625100939, 443.2949174530237], [949.7898069402139, 447.9839506289933], [877.2550860618495, 450.20156047287946], [899.1590943536729, 461.0291914803266]], "kpt2d_body_mask": [true, true, true, true, true, true, true, true, true, true, true, true, true, true, true, true, true, true, true], "kpt3d_body_mask": [true, true, true, true, true, true, true, true, true, true, true, true, true, true, true, true, true, true, true], "kpt_list": ["Thorax", "Nose", "Pelvis", "L_Shoulder", "L_Elbow", "L_Wrist", "L_Hip", "L_Knee", "L_Ankle", "R_Shoulder", "R_Elbow", "R_Wrist", "R_Hip", "R_Knee", "R_Ankle", "L_Eye", "L_Ear", "R_Eye", "R_Ear"]}