{"id": 3, "class": "person", "kpt3d_body": [[251.338273198172, 144.63643767042583, 2684.0030274454975], [336.59186195984483, 49.4618059192635, 2556.2596373964775], [289.11152764287334, 641.5969732179468, 2777.6832623764903], [373.09180971144633, 116.74921281770423, 2775.9185123687307], [496.74785229406154, 324.70059946701923, 2709.7653571030974], [319.83726702872167, 363.1027309373786, 2543.2824615559102], [372.5140332141949, 626.1620722754503, 2854.7030498448153], [334.09635258675246, 945.1706742526305, 2929.3847959895784], [330.23303681053676, 1289.8839521968264, 3012.550535041133], [143.8058383074821, 175.6508057973889, 2578.570341382608], [235.51297733256524, 378.7998895474892, 2476.893233987599], [410.6634769206624, 320.2007034711252, 2618.5378682477894], [205.70850626549907, 657.0319275602558, 2700.663329675331], [210.316103294216, 976.4421124550677, 2804.901311155463], [236.0769298215561, 1320.4894652439064, 2892.2156838174224], [342.46098277385323, 6.530295459858451, 2577.4716958483623], [325.2494143869952, -15.361531690260506, 2666.5983164371023], [299.6766927186818, 24.309140935168898, 2541.2621344399467], [213.0836274729802, 22.868709139254975, 2571.286050287832]], "kpt2d_body": [[1072.0964181573322, 628.6171167510074], [1125.0038009006344, 580.3735393176829], [1084.6052526367919, 871.0503413287711], [1128.7039942294005, 611.9723633108449], [1195.0015602657586, 718.9342569980298], [1115.828526505967, 751.2661021809872], [1120.97885962673, 854.9714956688663], [1096.196062996004, 990.9830913789835], [1087.389916467554, 1123.1545339532277], [1019.1818579989031, 648.5815956566024], [1073.3369948501154, 765.5722554387598], [1158.8105493044663, 722.7195686279109], [1046.0864933485425, 887.8909160024214], [1042.8135561565111, 1024.3561398751174], [1049.547836268854, 1158.1955643229235], [1126.674187281126, 556.9483659531116], [1111.585269683568, 545.3875928512315], [1105.9688628229808, 566.7588498783034], [1057.1775080567575, 565.8472951117909]], "kpt2d_body_mask": [true, true, true, true, true, true, true, true, true, true, true, true, true, true, true, true, true, true, true], "kpt3d_body_mask": [true, true, true, true, true, true, true, true, true, true, true, true, true, true, true, true, true, true, true], "kpt_list": ["Thorax", "Nose", "Pelvis", "L_Shoulder", "L_Elbow", "L_Wrist", "L_Hip", "L_Knee", "L_Ankle", "R_Shoulder", "R_Elbow", "R_Wrist", "R_Hip", "R_Knee", "R_Ankle", "L_Eye", "L_Ear", "R_Eye", "R_Ear"]}