{"id": 3, "class": "person", "kpt3d_body": [[251.67933023544063, 168.27178291410746, 2684.9799670928537], [350.70150416814545, 51.71936605369666, 2541.184633316102], [273.3434481545948, 642.96314659986, 2776.936284190388], [370.8128973750445, 133.20384978217703, 2782.138051545348], [445.90910606799343, 357.44003988210534, 2859.2377070489183], [504.8560543425692, 594.0678054126263, 2855.474133437652], [352.5783022306017, 625.8081863562471, 2839.6925547924616], [346.7476051118572, 949.2816479541791, 2916.016693547106], [330.6947256925823, 1291.1181259578875, 3007.3829895752174], [126.71495843466232, 200.94175258279236, 2575.3356120581666], [105.53373438121528, 447.9420872467607, 2572.137954004736], [160.8990096555163, 674.6524092862813, 2561.614469559338], [194.10865604026066, 660.1181206970524, 2714.1799363301143], [213.97883405068876, 978.835912443508, 2799.025709886448], [238.02768467644287, 1319.3886996942106, 2892.161482333749], [358.14766765474803, 7.989661204167362, 2559.6378694313426], [336.194996024588, -16.603297187588737, 2648.331047043575], [315.6273480351919, 24.668889605224535, 2524.7824997777716], [226.63574617482487, 18.830140382084437, 2552.7425598632626]], "kpt2d_body": [[1072.1875535517406, 640.847278669563], [1133.7569112785627, 581.7568728996731], [1076.8453298738875, 871.8880954266294], [1127.128904692675, 620.071244491746], [1157.5708290941227, 726.4799916100754], [1184.2219932004648, 838.7214460841112], [1112.3034978836881, 856.4881888217365], [1102.6855794494802, 994.5649469912923], [1087.8106323180957, 1124.540034394048], [1009.9676826832589, 662.3958885082709], [998.1432638285621, 795.0287892272488], [1027.477716365635, 914.6908370503063], [1039.6899728661417, 887.8532707363602], [1044.768245615553, 1026.3439719325788], [1050.4514779448639, 1157.7341120931394], [1136.4230865407544, 557.7647177360755], [1118.477701839293, 544.6814936767277], [1115.795250897459, 567.0378301353757], [1065.425508858006, 563.7239359675622]], "kpt2d_body_mask": [true, true, true, true, true, true, true, true, true, true, true, true, true, true, true, true, true, true, true], "kpt3d_body_mask": [true, true, true, true, true, true, true, true, true, true, true, true, true, true, true, true, true, true, true], "kpt_list": ["Thorax", "Nose", "Pelvis", "L_Shoulder", "L_Elbow", "L_Wrist", "L_Hip", "L_Knee", "L_Ankle", "R_Shoulder", "R_Elbow", "R_Wrist", "R_Hip", "R_Knee", "R_Ankle", "L_Eye", "L_Ear", "R_Eye", "R_Ear"]}