{"id": 3, "class": "person", "kpt3d_body": [[267.4010711573625, 152.62868933559474, 2636.1897094658607], [366.31186432110866, 59.57978697890525, 2505.9396882873766], [278.63603779673133, 658.3077440270108, 2745.996853846258], [365.78735777139633, 116.63967120033277, 2755.4287312485326], [562.3376272952157, 125.60288988321958, 2869.9468816171493], [599.8315235406341, -24.245387503776215, 2702.5271058719222], [369.6306790868737, 636.0288149055078, 2814.9414743986063], [348.49192278703185, 951.2644284207388, 2899.6176504050063], [328.8180200240649, 1289.2744188096249, 3005.080635049446], [138.22774569573687, 176.9051898691812, 2543.5150301615026], [24.011290405336503, 276.3206073678641, 2374.693037579718], [88.02798926560818, 112.55925444604955, 2260.2249398116255], [187.6414748831303, 680.5866569271195, 2677.052293243756], [230.849490333647, 982.8259587192582, 2773.039995788228], [238.29677257177087, 1316.639854227985, 2891.2360373558836], [373.4457835672871, 17.06746503304629, 2524.4112776048783], [349.7271510631846, -8.984523507614028, 2613.7744853261593], [333.2566489905838, 34.42178170541467, 2486.791107753695], [242.1673414630227, 28.56885289853267, 2510.0762751950697]], "kpt2d_body": [[1082.920978230897, 634.1661663974306], [1145.0234220996758, 586.4995988536976], [1080.8663032614234, 882.764419986986], [1126.4200161310043, 612.3594232893028], [1213.063396659719, 613.9994113957468], [1248.411997658371, 541.0288312165111], [1121.9548328680871, 863.7853409717836], [1104.3369121114517, 997.766659515238], [1087.1019386742691, 1124.209108876376], [1017.1853654321994, 650.5808876757454], [955.1944472489332, 715.6945075595444], [995.6713037398631, 623.0648612279672], [1037.590335357898, 902.506960724613], [1053.867945882867, 1032.1941602191114], [1050.6275339643387, 1156.7653296174371], [1147.4748211097121, 562.8257802346437], [1127.966494078611, 548.6306237445441], [1128.2458509653022, 572.6989423698001], [1076.1504787092554, 569.3120946773805]], "kpt2d_body_mask": [true, true, true, true, true, true, true, true, true, true, true, true, true, true, true, true, true, true, true], "kpt3d_body_mask": [true, true, true, true, true, true, true, true, true, true, true, true, true, true, true, true, true, true, true], "kpt_list": ["Thorax", "Nose", "Pelvis", "L_Shoulder", "L_Elbow", "L_Wrist", "L_Hip", "L_Knee", "L_Ankle", "R_Shoulder", "R_Elbow", "R_Wrist", "R_Hip", "R_Knee", "R_Ankle", "L_Eye", "L_Ear", "R_Eye", "R_Ear"]}