{"id": 3, "class": "person", "kpt3d_body": [[270.5204410088176, 154.04820890230909, 2638.3959063679386], [371.4179135929878, 62.42423055567883, 2500.560130886968], [309.95927303776136, 654.0342753304059, 2738.1056165749733], [407.4240225501629, 121.3203722201176, 2739.7751418488897], [567.6313865195468, 130.6922384045302, 2869.6791543210784], [590.4982769677079, -28.13350182969856, 2705.6987061628865], [378.6476092703745, 631.8983043737294, 2813.613223433257], [355.9505990811608, 948.8448603408369, 2898.5156622790187], [329.72806146385415, 1289.4387830464648, 3005.0124833569434], [144.05736736491278, 179.90439646446106, 2550.131322778874], [23.064587342668403, 298.7326914652567, 2399.246137277445], [67.69157682888999, 129.09140883187618, 2269.9242517762714], [241.2703594599955, 676.1710847336161, 2662.5989913887247], [238.3976129230912, 982.7182121811182, 2774.949199303435], [240.8936842859357, 1316.0076998999534, 2891.1027362124723], [378.0786505403017, 19.661235287825036, 2518.146482265981], [352.6923339752907, -9.031780957830051, 2609.3305946808196], [336.30025521103727, 38.75380022289335, 2483.390833025377], [245.3228114370094, 31.27000132405925, 2508.0562795448286]], "kpt2d_body": [[1084.444549828288, 634.8424763994387], [1148.2676717732388, 588.1460831902634], [1096.9431312467057, 881.3854435327237], [1148.4277732677733, 614.9935934169071], [1215.5819951926533, 616.4443932385308], [1243.4077407356463, 539.0528644827465], [1126.442519804165, 861.8945741150711], [1107.887346086871, 996.786312938119], [1087.5052354420188, 1124.2787887511786], [1020.181966227468, 651.9611284647372], [954.4909800844611, 726.9638277219541], [982.8714675843948, 632.949395191715], [1065.7462411632712, 901.8324355160065], [1057.4682688200614, 1031.782995493993], [1051.826869091204, 1156.5078514749544], [1150.515902565497, 564.2802612531463], [1129.8527435463, 548.5977182244418], [1130.1910676369748, 575.1523979635047], [1078.0099681337538, 570.8273010767832]], "kpt2d_body_mask": [true, true, true, true, true, true, true, true, true, true, true, true, true, true, true, true, true, true, true], "kpt3d_body_mask": [true, true, true, true, true, true, true, true, true, true, true, true, true, true, true, true, true, true, true], "kpt_list": ["Thorax", "Nose", "Pelvis", "L_Shoulder", "L_Elbow", "L_Wrist", "L_Hip", "L_Knee", "L_Ankle", "R_Shoulder", "R_Elbow", "R_Wrist", "R_Hip", "R_Knee", "R_Ankle", "L_Eye", "L_Ear", "R_Eye", "R_Ear"]}