{"id": 3, "class": "person", "kpt3d_body": [[252.0287265238903, 146.67591545885685, 2681.6034855235985], [333.70726516452885, 52.837558637176585, 2554.412996076607], [286.7740487723365, 648.1141432747315, 2782.5168209280814], [333.02941260117257, 105.28118716114705, 2801.2547699948245], [542.8816737350013, 162.9782485211173, 2894.086572647806], [596.9277881240799, -3.735923507529435, 2749.85294563605], [373.3595541016563, 631.9714044245717, 2853.6396019914428], [341.2958810528332, 946.9741345273059, 2924.5864601030785], [328.33907729461, 1291.488894531802, 3009.0403742538133], [115.6622344893903, 168.78679139468787, 2605.5237788800014], [18.414848084971673, 317.25965751575825, 2452.266518066286], [67.91830005512014, 151.02568601354776, 2311.3944958342145], [200.18873630106597, 664.2558564783802, 2711.394010624224], [218.52444040478687, 978.794798665387, 2800.192754946579], [237.63963543407323, 1320.0508072719842, 2894.958057716508], [339.582600883526, 9.046500504640562, 2572.1791714162423], [316.5570770993286, -18.100955211517373, 2656.6208307880697], [298.8746907843096, 27.904974240004776, 2536.387852878684], [209.6364036350512, 19.95740448057944, 2566.838266795111]], "kpt2d_body": [[1072.5683188086905, 629.7423680142413], [1123.5703505935808, 582.235791642062], [1083.1710794612168, 873.6594847225429], [1107.2399295456896, 605.8071117213996], [1201.6016806680173, 631.4130280726844], [1241.8424725467614, 551.5397941285178], [1121.40486210746, 857.7984071148494], [1099.7446260816662, 992.3868285805106], [1086.6947435841344, 1124.4263455447017], [1003.2688544988416, 643.9579476238787], [951.5469324755763, 733.6798686743251], [982.2469394587224, 644.7663373530976], [1042.8509271384023, 890.1859742358962], [1046.9231645894222, 1026.1114876198662], [1050.173321824476, 1157.4843801139418], [1125.5040883935276, 558.3187120713159], [1107.6824418106191, 543.9180505319965], [1105.8431655650465, 568.7614692136304], [1055.5038210139105, 564.2846581507494]], "kpt2d_body_mask": [true, true, true, true, true, true, true, true, true, true, true, true, true, true, true, true, true, true, true], "kpt3d_body_mask": [true, true, true, true, true, true, true, true, true, true, true, true, true, true, true, true, true, true, true], "kpt_list": ["Thorax", "Nose", "Pelvis", "L_Shoulder", "L_Elbow", "L_Wrist", "L_Hip", "L_Knee", "L_Ankle", "R_Shoulder", "R_Elbow", "R_Wrist", "R_Hip", "R_Knee", "R_Ankle", "L_Eye", "L_Ear", "R_Eye", "R_Ear"]}