{"id": 6, "class": "person", "kpt3d_body": [[210.6214969326842, -271.5088306189624, 2693.8803935362384], [372.3648333152252, -472.9564999186591, 2720.9832947205405], [188.759450456042, 253.95736993294307, 2860.7366655696696], [108.33205134143779, -319.09597465093, 2820.2167371841524], [57.692565290562285, -24.112588221507707, 2940.3774210707], [85.56330054882349, 205.4908845636453, 3032.264037133842], [136.64866928488468, 226.87593766328348, 2937.384727792076], [134.2433000464231, 630.4355791043855, 3056.2804992428796], [114.98295112232736, 1038.887680747252, 3150.293368705465], [298.4280721655529, -224.12928382782056, 2555.8546593672336], [311.5857318896982, 93.5479312121501, 2614.344504155323], [348.2997589418567, 320.9253034147265, 2725.7571744128372], [240.87022987816277, 281.0386492732283, 2784.0891196897337], [230.00284129713032, 676.9156566133372, 2901.2104471242087], [154.40061981552157, 1081.277814892964, 2994.6875549743963], [339.98690461727057, -513.738726248164, 2727.82685235598], [233.33690275395793, -514.2111884264081, 2727.165754118174], [368.8361820997659, -496.9902995221868, 2674.459433082316], [303.8483108332856, -470.6549148644284, 2595.7078010786495]], "kpt2d_body": [[1064.974992146103, 409.3611684100664], [1151.8554968483809, 301.57329582372967], [1046.6581844755085, 694.6193564812519], [1005.0141735671378, 390.69660592433036], [976.7452160319002, 548.5854344414805], [989.7127119402317, 663.1701849449878], [1017.3450288444824, 677.371282425395], [1012.8630248283706, 869.0004904643142], [1000.9990051260648, 1045.9187908803651], [1122.9489074019198, 429.2168018086872], [1126.8436295653905, 614.7985146304759], [1139.117185470839, 737.4379714196197], [1077.485995738455, 712.7366223418708], [1065.3633761193996, 908.0399158019861], [1022.8570930178793, 1089.2949468291658], [1133.4894441161043, 280.0578651625047], [1075.2870173890783, 279.19653948575905], [1153.2210527129441, 283.9564324822397], [1122.3353729014216, 290.2320272074284]], "kpt2d_body_mask": [true, true, true, true, true, true, true, true, true, true, true, true, true, true, true, true, true, true, true], "kpt3d_body_mask": [true, true, true, true, true, true, true, true, true, true, true, true, true, true, true, true, true, true, true], "kpt_list": ["Thorax", "Nose", "Pelvis", "L_Shoulder", "L_Elbow", "L_Wrist", "L_Hip", "L_Knee", "L_Ankle", "R_Shoulder", "R_Elbow", "R_Wrist", "R_Hip", "R_Knee", "R_Ankle", "L_Eye", "L_Ear", "R_Eye", "R_Ear"]}