{"id": 4, "class": "person", "kpt3d_body": [[-32.246767525753306, -24.495450051918652, 2821.4324576152976], [-195.976024482888, -188.3948988559672, 2877.3247530087406], [30.8439221955647, 455.8599999018521, 3009.020290506348], [-114.12566604043076, 12.209739584569235, 2691.861355523236], [-83.9661936906122, 251.5026012468634, 2526.081094074518], [-44.90566630143842, 420.1161233951116, 2720.0677916160657], [-11.618135909391256, 503.120868491078, 2940.7432209223834], [89.48456793396696, 807.4165059086857, 3218.384541661403], [138.83617898003683, 1094.692936405011, 3520.0103550504527], [56.54687318472611, -58.53505020294193, 2937.192842925299], [334.1414964911781, 42.349307726664875, 3054.8037910997205], [163.04324398082463, 255.27114177326922, 3065.766043157697], [73.3051199204883, 408.60054568502477, 3077.29886318609], [120.82472647390534, 689.4412260186295, 3345.502406727835], [185.12203106377, 1000.2816312604648, 3632.70468203083], [-193.18223934248596, -204.5270180319494, 2830.4305630317644], [-124.92989430863193, -173.5960515572114, 2749.6998789090408], [-171.764502093863, -229.19783617282775, 2879.083562253957], [-70.01053019796593, -229.3654245212619, 2881.2445143388995]], "kpt2d_body": [[930.2293010703529, 550.4271167271235], [851.4435951316711, 471.67086801338684], [960.387179434843, 771.8505789970366], [887.0794797603959, 568.8072727863121], [899.9701779778972, 700.5438462005283], [923.3224335274738, 775.8597967739794], [940.7274306166171, 798.5035487780651], [984.3146054352605, 905.3346762662588], [999.7987795084412, 983.6288240402571], [973.0083182920337, 534.788129850479], [1098.2026801170593, 581.7203173072473], [1020.1349922774313, 678.0013884649502], [979.2299418904825, 746.2376767976996], [995.9539443910647, 845.6519154065049], [1015.7806427315599, 937.3218338903264], [851.2735265527892, 462.2865257274808], [882.9266648494837, 474.8469184288539], [863.2204546927113, 452.0953108228527], [912.3555311933073, 451.9992633904913]], "kpt2d_body_mask": [true, true, true, true, true, true, true, true, true, true, true, true, true, true, true, true, true, true, true], "kpt3d_body_mask": [true, true, true, true, true, true, true, true, true, true, true, true, true, true, true, true, true, true, true], "kpt_list": ["Thorax", "Nose", "Pelvis", "L_Shoulder", "L_Elbow", "L_Wrist", "L_Hip", "L_Knee", "L_Ankle", "R_Shoulder", "R_Elbow", "R_Wrist", "R_Hip", "R_Knee", "R_Ankle", "L_Eye", "L_Ear", "R_Eye", "R_Ear"]}