{"id": 4, "class": "person", "kpt3d_body": [[25.371704732812965, -31.790640112474335, 2850.912880050225], [-120.65176295607, -214.1444495057209, 2838.9984822742413], [-20.093789568386526, 427.47445641992925, 3075.6879910137623], [-39.36549992684295, 17.839034526954123, 2711.504970506075], [-27.601554217725806, 273.7569603164326, 2567.924109028618], [-59.59796494850767, 410.1433583597955, 2791.346179071237], [-58.96960383885119, 476.4374448226539, 2995.315285896796], [34.659699316246524, 798.8225147550079, 3250.7096818003774], [137.74983348995607, 1114.7436618657414, 3499.775940790332], [90.60017992561538, -80.25177923482602, 2983.91130779789], [309.2755012620095, 47.954611388843915, 3162.457481462554], [102.58120472627542, 229.86555269290463, 3162.6230331467737], [18.78217045477456, 378.51116415479765, 3156.06106548664], [102.9896106104257, 642.5435624936656, 3421.2213229760023], [221.07354089111624, 935.5492008622592, 3701.255685623596], [-107.02013391580951, -228.86344351193287, 2792.7655803285097], [-27.795950851107598, -182.6180181695551, 2732.2415941971717], [-92.92106679433604, -251.9917693999244, 2845.034120205337], [6.829208585881652, -240.99600997331805, 2871.8235285099527]], "kpt2d_body": [[958.5759423755337, 546.9926449965028], [887.039030278147, 457.8164436377433], [937.1223632438715, 754.755246396006], [925.9227740102962, 571.6519884526189], [931.2362265071392, 710.2949070535647], [916.5976186668407, 765.5935601134182], [918.9340335841479, 782.1315761173018], [960.8384714041579, 898.5963240260241], [999.6256852146017, 993.2941585755232], [988.4900882599167, 525.1099647349837], [1082.1864356185065, 583.5370205693818], [991.322669703291, 663.4170584171795], [954.443347506717, 728.6332413261151], [987.7517408409943, 821.0897349557008], [1027.9784920160575, 907.5825549718277], [892.8625664619875, 448.79056360827997], [932.0019984408807, 469.65893801161974], [900.7459111108741, 439.62399313902614], [949.4815401773291, 446.01518825638027]], "kpt2d_body_mask": [true, true, true, true, true, true, true, true, true, true, true, true, true, true, true, true, true, true, true], "kpt3d_body_mask": [true, true, true, true, true, true, true, true, true, true, true, true, true, true, true, true, true, true, true], "kpt_list": ["Thorax", "Nose", "Pelvis", "L_Shoulder", "L_Elbow", "L_Wrist", "L_Hip", "L_Knee", "L_Ankle", "R_Shoulder", "R_Elbow", "R_Wrist", "R_Hip", "R_Knee", "R_Ankle", "L_Eye", "L_Ear", "R_Eye", "R_Ear"]}