{"id": 4, "class": "person", "kpt3d_body": [[-1194.6298711555444, 16.756892375619827, 3110.7883454858684], [-1440.029898601731, 44.36181509587712, 3180.6235996746227], [-812.8333280078241, 273.70082484741897, 3246.2352803804565], [-1154.9411947482, 67.75646263316361, 2988.1447704183097], [-873.2758604883245, 254.49223629890497, 3000.582637307059], [-829.6973037045998, 436.9244325161294, 3100.6787584708654], [-767.0343869376507, 302.13864034617075, 3154.508479613139], [-638.869564701714, 646.1668922114925, 3347.4279158197205], [-392.00442403469435, 962.9815962946822, 3553.6355768722497], [-1225.172139432187, -30.224884552636127, 3245.864083034563], [-1347.4240649627448, 122.59850335721154, 3519.5843001419867], [-1606.2849934966407, 216.75176261329923, 3556.176415972228], [-858.6294029113209, 245.26344920534015, 3337.9613119828437], [-916.453166184519, 579.352491051186, 3568.937457530214], [-892.232058887638, 897.2334526344762, 3830.6807906621098], [-1437.4950061905085, 34.28312976121305, 3138.0088735993445], [-1360.997355756091, 24.934590341924974, 3064.972521186901], [227.9854327, 1146.959367, 3576.721805], [227.9854327, 1146.959367, 3576.721805]], "kpt2d_body": [[431.64229320573884, 569.7028796521548], [347.9102971456157, 580.8910816596904], [603.8518757444779, 677.4919158242893], [428.62715830196873, 592.7946444473355], [550.6346269948692, 677.4963772073393], [582.4575648552307, 753.5836844262576], [613.609823247536, 693.1844000187505], [685.5159797172385, 825.5162085296045], [796.00999796066, 930.601784178999], [439.8238092764426, 550.0398642642396], [433.27302739232573, 609.0614870754748], [349.66602058294757, 642.8135603145729], [594.6705307489178, 662.6649916342952], [597.2117244768986, 782.5841657281355], [631.0343458341397, 878.6818341718554], [341.5239392466008, 576.890446191316], [358.32259005381536, 573.2479996475328], [1032.6064435789804, 995.7873485188518], [1032.6064435789804, 995.7873485188518]], "kpt2d_body_mask": [true, true, true, true, true, true, true, true, true, true, true, true, true, true, true, true, true, false, false], "kpt3d_body_mask": [true, true, true, true, true, true, true, true, true, true, true, true, true, true, true, true, true, false, false], "kpt_list": ["Thorax", "Nose", "Pelvis", "L_Shoulder", "L_Elbow", "L_Wrist", "L_Hip", "L_Knee", "L_Ankle", "R_Shoulder", "R_Elbow", "R_Wrist", "R_Hip", "R_Knee", "R_Ankle", "L_Eye", "L_Ear", "R_Eye", "R_Ear"]}