{"id": 4, "class": "person", "kpt3d_body": [[42.53875635820073, 8.136141952216178, 2725.1124135009786], [-127.31236882410852, -124.46014037448876, 2674.337874866207], [55.30119849199359, 412.882426988175, 3053.081917220037], [6.278177116396115, 102.67079588143801, 2603.0928547198596], [-133.7202213740743, 290.35326710492075, 2756.6095299426534], [-145.61986130721723, 92.66554501801949, 2950.255104271605], [34.72827207725249, 479.130375049878, 2975.859423457043], [94.04491041646352, 800.3474946628559, 3219.3738611898634], [132.62420749466628, 1139.4490351758784, 3464.725623201212], [83.3473735478498, -83.03509362801108, 2843.4082674285282], [39.65605264197379, 21.896365092711108, 3123.10015876326], [-116.70013817967674, 196.64899212312505, 2963.806891913726], [75.87310538665606, 346.6344660070399, 3130.30450485474], [125.73855213463187, 654.90364086009, 3390.480089227321], [166.47047309906685, 987.174715751695, 3657.2942870558645], [-119.77451623574683, -131.14313401916945, 2627.4430984716682], [-38.13242326027705, -91.36196985948402, 2567.497381547269], [-107.7111862562167, -168.41628511308045, 2670.4178478687254], [-5.824345538524831, -184.2295080587533, 2682.083897121519]], "kpt2d_body": [[967.933078871385, 566.654504490276], [879.8725173690656, 497.85683524101995], [971.3081857158361, 749.6123678030181], [949.52912765792, 617.3376766013678], [878.7947733868953, 708.4370510868778], [877.4103380941888, 606.1440786141824], [962.3428370468953, 784.8025607057186], [986.2541679269618, 902.3257754450249], [998.0770261131601, 1006.539573794236], [987.0251581852174, 521.9021970014433], [963.8722730787869, 572.2533733243396], [891.3587056861325, 654.6275404431942], [979.8547183357987, 715.965801502346], [997.3576917177384, 828.27176326691], [1008.4071979045555, 930.2612224416769], [882.6870490062613, 493.1724594124631], [925.4654085111627, 513.0298021792612], [890.016716043779, 474.9259444774608], [943.1459165750733, 467.09127541384856]], "kpt2d_body_mask": [true, true, true, true, true, true, true, true, true, true, true, true, true, true, true, true, true, true, true], "kpt3d_body_mask": [true, true, true, true, true, true, true, true, true, true, true, true, true, true, true, true, true, true, true], "kpt_list": ["Thorax", "Nose", "Pelvis", "L_Shoulder", "L_Elbow", "L_Wrist", "L_Hip", "L_Knee", "L_Ankle", "R_Shoulder", "R_Elbow", "R_Wrist", "R_Hip", "R_Knee", "R_Ankle", "L_Eye", "L_Ear", "R_Eye", "R_Ear"]}