{"id": 6, "class": "person", "kpt3d_body": [[-19.00543547888283, -95.3502787083734, 2761.6636061171603], [-178.19864838217174, -254.41067109542473, 2691.7006440390496], [7.238545166753347, 348.77627486582924, 3103.175082316261], [-46.05839161211421, 3.6095846811323895, 2631.155673379674], [-158.2527005279344, 213.01373725870206, 2504.166296131853], [-255.9591742319037, -1.6352089131208913, 2420.8814144045], [-19.190993823082607, 415.8574512964455, 3034.1933091119904], [35.1788176848919, 737.399708358997, 3287.291755895249], [62.49517471422415, 1070.283347399923, 3556.8156432220435], [9.23344437729746, -193.86427588187416, 2888.0738121029444], [-33.02832057435694, -299.1467353107393, 3142.3918879663697], [-162.25351860591093, -442.3130563782081, 2971.252236792082], [33.66901039494209, 281.6953058265857, 3172.156525261039], [57.760686049930676, 620.5420967631256, 3440.1104734317914], [99.25567828288747, 963.275537457696, 3684.3729811816665], [-165.95649195241958, -260.23797195272493, 2641.1781685645788], [-84.07212607019292, -217.7666808816241, 2586.9577059093936], [-152.57202318860467, -299.1067501457104, 2687.4457835469525], [-47.76670882667684, -310.72465187521317, 2705.4435982511773]], "kpt2d_body": [[936.5737832846248, 514.4963854780465], [854.2148718677329, 431.5467869110726], [949.4180595704341, 718.2691138532894], [921.7582258904107, 564.4099284116696], [858.3380733823533, 680.4302268194436], [799.2245316144716, 561.5656411088456], [937.4093117054097, 752.1169404562795], [960.9237598052832, 870.1400413758918], [970.1442889036827, 970.7541952617399], [950.6224997689712, 469.25638714733486], [931.5554904032969, 430.43970470103113], [870.5831011594696, 356.9297775632905], [960.9404054638491, 685.7377998118257], [969.3929964706306, 811.0914048826934], [983.0815914948569, 919.2680546723595], [858.9027177151354, 425.9974427072085], [900.9611298188665, 445.69399502261433], [867.3675243518976, 408.39445340325113], [921.6518203182601, 403.3710673932794]], "kpt2d_body_mask": [true, true, true, true, true, true, true, true, true, true, true, true, true, true, true, true, true, true, true], "kpt3d_body_mask": [true, true, true, true, true, true, true, true, true, true, true, true, true, true, true, true, true, true, true], "kpt_list": ["Thorax", "Nose", "Pelvis", "L_Shoulder", "L_Elbow", "L_Wrist", "L_Hip", "L_Knee", "L_Ankle", "R_Shoulder", "R_Elbow", "R_Wrist", "R_Hip", "R_Knee", "R_Ankle", "L_Eye", "L_Ear", "R_Eye", "R_Ear"]}