{"id": 4, "class": "person", "kpt3d_body": [[56.515070898221325, -37.766018912792845, 2737.982312825394], [-125.58826897512748, -173.36567754045348, 2725.318008098265], [77.68027600537714, 378.7296029311658, 3086.0135000636947], [44.49384238755471, 53.38266080654563, 2618.9646797342407], [86.53124971396201, 293.79633453981785, 2523.033934184522], [124.27394541771513, 548.469976372018, 2403.7523616718704], [47.26576992136234, 440.525393645642, 3016.188745020791], [100.45470214907171, 790.2994523438939, 3263.7097787851417], [141.7312229283145, 1110.2942488122776, 3508.3247207007475], [99.52418523038341, -131.66101031989228, 2840.4466199626268], [264.25139111051703, -177.17178771285205, 3074.399965669129], [312.35031055661625, -238.7550013476138, 3333.2265509371387], [108.09396165654755, 316.9342637759996, 3155.839356462189], [158.85841465559335, 617.7548109845466, 3437.13443358374], [229.9927043074442, 938.4548774944716, 3705.354533727851], [-125.3624795948966, -182.95041469530787, 2677.6887427472993], [-53.413360668633594, -147.10228775851448, 2601.5245902481684], [-104.68161342438816, -215.2513399203778, 2720.406540478267], [-3.01984714740712, -232.66333567390205, 2715.915675591827]], "kpt2d_body": [[974.9462431106912, 543.3195606551071], [882.0269288856315, 474.1831826226216], [981.1260745742383, 732.4449324205444], [969.8536164941182, 590.8479531649145], [993.8068619657935, 723.7957745036595], [1017.2198788604807, 875.0754206202316], [967.9043568136749, 764.4126962258299], [988.4342691060192, 893.7762467648588], [1001.0506652569719, 990.664000452007], [994.9845723004147, 498.0897990477655], [1065.6823942618682, 482.58274880381725], [1076.3518963752138, 463.25564206482795], [993.7889949405225, 701.7459686163381], [1010.0276264319915, 810.0869029944286], [1031.1711848633029, 908.2223607540359], [881.0168128358313, 467.66129556605256], [917.5682649764238, 483.9370102568222], [892.6333455674284, 452.69528197834575], [944.6250334620272, 443.5975036090047]], "kpt2d_body_mask": [true, true, true, true, true, true, true, true, true, true, true, true, true, true, true, true, true, true, true], "kpt3d_body_mask": [true, true, true, true, true, true, true, true, true, true, true, true, true, true, true, true, true, true, true], "kpt_list": ["Thorax", "Nose", "Pelvis", "L_Shoulder", "L_Elbow", "L_Wrist", "L_Hip", "L_Knee", "L_Ankle", "R_Shoulder", "R_Elbow", "R_Wrist", "R_Hip", "R_Knee", "R_Ankle", "L_Eye", "L_Ear", "R_Eye", "R_Ear"]}