{"id": 6, "class": "person", "kpt3d_body": [[-3.101536763127868, -90.8226358345172, 2750.3067940784476], [-163.55110014200247, -246.17356922477285, 2668.9609943017276], [24.94665175328766, 360.04526994006994, 3104.0580238684493], [-37.23841507073022, 10.282648523720752, 2616.5134490176847], [30.68416183181867, 302.6400903517339, 2562.5788504080806], [4.489078252009691, 366.25498553043496, 2819.597017168059], [10.918783477524485, 417.804059336417, 3026.618690323367], [45.622940631931925, 746.7913820249817, 3284.3282659824404], [63.85567517980334, 1072.5428169775362, 3557.482943365198], [26.97925482492309, -193.80138239612052, 2876.183143450463], [158.4211637816299, -168.62238275062737, 3145.5708416584143], [75.0974926588996, 89.73207610762046, 3179.1532401661902], [38.974567533480666, 302.28726103936793, 3181.497980767265], [63.09569753955728, 625.7714626637086, 3438.0539621420885], [102.49899454052763, 965.3458278590875, 3683.1840502554087], [-151.8302084260709, -250.2844724615207, 2619.2328054231853], [-70.62838780808121, -203.76144440579566, 2569.1192578537994], [-137.416895238329, -291.4683464629144, 2664.406414811582], [-35.82083154705803, -301.26811664390175, 2684.976460628475]], "kpt2d_body": [[944.59485139917, 516.5848117654264], [861.0280265453674, 434.6681809495065], [957.3419705011999, 723.2172460385391], [926.3211507688889, 567.9677061787388], [962.8091469025686, 726.1123534344431], [948.3901134858489, 742.3107077424976], [951.1860582111182, 753.4704913090703], [965.3031707239653, 874.2163551017982], [970.6580155321859, 971.5008089280497], [959.2335463159915, 468.90355183717094], [1016.2979030109339, 488.05124258380204], [979.0960142368826, 601.7465474441839], [963.2126072609339, 694.3140861982671], [971.546943149267, 813.2918009598716], [984.2946323337795, 920.1136006392907], [865.634531455066, 430.0739483393282], [907.9139836802733, 452.41233390230434], [874.5609689643078, 410.988308348691], [927.6406431306345, 407.00472431897083]], "kpt2d_body_mask": [true, true, true, true, true, true, true, true, true, true, true, true, true, true, true, true, true, true, true], "kpt3d_body_mask": [true, true, true, true, true, true, true, true, true, true, true, true, true, true, true, true, true, true, true], "kpt_list": ["Thorax", "Nose", "Pelvis", "L_Shoulder", "L_Elbow", "L_Wrist", "L_Hip", "L_Knee", "L_Ankle", "R_Shoulder", "R_Elbow", "R_Wrist", "R_Hip", "R_Knee", "R_Ankle", "L_Eye", "L_Ear", "R_Eye", "R_Ear"]}