{"id": 6, "class": "person", "kpt3d_body": [[19.62600475286198, -82.97050708305264, 2757.288044960196], [-148.77174749727612, -213.09876859381603, 2668.9821338675365], [33.67908229334674, 349.72420584086365, 3095.3899382185996], [13.2492978776828, 21.08430432668456, 2615.19953159096], [-171.65251471691857, 194.04870668751897, 2761.000683503942], [-145.2827812435115, -60.605288463968066, 2739.6863891535313], [29.10867328085736, 404.073243433285, 3014.602626367542], [49.24831079623193, 743.5923344542036, 3281.085518988835], [61.59302583717171, 1073.4185863587463, 3558.254017080017], [15.940447718316335, -189.99959564787446, 2892.9587135218217], [-86.61002957066958, 18.045739954584548, 3061.0544798678275], [-150.2803416483609, 164.3525782014892, 2861.8622371662923], [38.250504995806764, 295.3751933223707, 3176.17714142371], [60.12139747333368, 623.3195741640615, 3436.961453605986], [102.74353990391872, 963.4319233903275, 3683.1997349528233], [-137.57323363075056, -220.39461249358368, 2620.3458572406917], [-51.669966854205676, -190.9405565868019, 2563.4928279514697], [-129.23462964352905, -260.9947924837178, 2666.1820197531506], [-29.41376124207231, -289.814503777109, 2681.5853536697136]], "kpt2d_body": [[956.0900522694451, 520.658764521741], [868.6590037016688, 451.75608113287706], [961.2944026606776, 719.0760568473477], [953.2308476179749, 573.7155964018572], [859.701488781634, 660.0048573755247], [872.2947170825053, 531.7644544039792], [959.5778979248346, 747.9847561738978], [966.8421872386696, 873.2143286708454], [969.7873804725944, 971.7364981820965], [953.844059292049, 471.26479289869485], [906.721320924056, 570.6995392571442], [873.0756266614328, 642.2364918118211], [962.9255740864189, 691.5299211098301], [970.3610845074093, 812.4069593649203], [984.3878112893045, 919.4287794793826], [873.17060239959, 445.84965331733997], [918.1120467757869, 459.0797273141038], [878.8161938108738, 426.8156401063119], [930.9318317675571, 412.68573010310735]], "kpt2d_body_mask": [true, true, true, true, true, true, true, true, true, true, true, true, true, true, true, true, true, true, true], "kpt3d_body_mask": [true, true, true, true, true, true, true, true, true, true, true, true, true, true, true, true, true, true, true], "kpt_list": ["Thorax", "Nose", "Pelvis", "L_Shoulder", "L_Elbow", "L_Wrist", "L_Hip", "L_Knee", "L_Ankle", "R_Shoulder", "R_Elbow", "R_Wrist", "R_Hip", "R_Knee", "R_Ankle", "L_Eye", "L_Ear", "R_Eye", "R_Ear"]}