{"id": 6, "class": "person", "kpt3d_body": [[-36.09418022531706, -102.89666870916889, 2770.954824401658], [-190.14817945198263, -261.1966784514189, 2697.3701454126785], [4.4658272048028635, 342.2477901822188, 3110.967079039191], [-50.900641232245576, -1.2094846705376483, 2637.6388156651], [-158.50224167776045, 202.51474340127103, 2500.4385143250165], [-247.92603787057604, -19.0209306374841, 2443.0965224235883], [-4.617612046787016, 397.50446238122066, 3032.533140548671], [32.27376098427552, 736.174260047444, 3290.056574712637], [62.59645447929348, 1070.5407931819896, 3556.7825214998074], [6.708141620795303, -199.39556919944948, 2893.5395905674836], [-52.95807061031887, -308.88992685816845, 3150.2385883556417], [-173.0544287014013, -438.64964303229414, 2975.301002008412], [13.548318624742492, 286.99271467306016, 3189.4022990119424], [55.45923619843691, 618.7830829744426, 3442.213984799198], [87.0231915229785, 964.1594400390024, 3685.963595211927], [-177.63858717279123, -268.4947681714294, 2648.0913296334916], [-92.74215748437842, -223.25636488707545, 2596.6416767146748], [-164.0303209662581, -306.2496546251734, 2693.669097105275], [-61.00997245797856, -317.6888325279907, 2714.611147991601]], "kpt2d_body": [[928.0110802554717, 510.8757101664294], [848.284317304597, 428.3761811970079], [948.1713698002567, 714.9934374542448], [919.2590517724694, 561.8642850690443], [858.0515635956746, 674.8056900209465], [805.0964881983277, 551.7063230431058], [944.0677989707956, 743.9328617908175], [959.6980627198841, 869.3929301381949], [970.1829953781415, 970.8512763546413], [949.3986062545627, 466.78369881902665], [922.7985316219674, 426.50716132930904], [865.6597753766514, 358.9093698486588], [952.0830319848645, 687.3712867093416], [968.4563338380949, 810.2519863135626], [978.526093421848, 919.4495869197974], [853.034176798511, 422.0795163057772], [896.4926942878438, 443.2143193502657], [861.6701951876579, 405.12511267109835], [914.9648133766665, 400.3869811722192]], "kpt2d_body_mask": [true, true, true, true, true, true, true, true, true, true, true, true, true, true, true, true, true, true, true], "kpt3d_body_mask": [true, true, true, true, true, true, true, true, true, true, true, true, true, true, true, true, true, true, true], "kpt_list": ["Thorax", "Nose", "Pelvis", "L_Shoulder", "L_Elbow", "L_Wrist", "L_Hip", "L_Knee", "L_Ankle", "R_Shoulder", "R_Elbow", "R_Wrist", "R_Hip", "R_Knee", "R_Ankle", "L_Eye", "L_Ear", "R_Eye", "R_Ear"]}