{"id": 3, "class": "person", "kpt3d_body": [[135.8786318075781, -69.69337433134925, 2926.2638783283273], [240.55719583322633, -173.70016650498243, 3101.041769867121], [44.90750979996616, 375.7464248944701, 2876.970050075329], [2.85311825491803, -92.37689065523767, 3007.9299980374894], [-106.42742560029042, 128.43232871987894, 3005.6767714062844], [-65.88838883908974, 321.9923532584203, 3153.909614598573], [-61.29262387511481, 359.9946857043898, 2935.567330475597], [-65.03916525920894, 722.9629596667885, 3017.1315831395964], [-138.48711242871005, 1072.4537998051546, 3024.3106236845842], [282.51949355067734, -51.23432062320376, 2850.8435721664737], [302.8593125333611, 181.13733138560875, 2765.250192368912], [340.7544237778757, 417.7012653105277, 2786.3623202512817], [151.10640198223143, 391.4990121996358, 2818.3738090481365], [157.36881728321777, 755.6764948334701, 2888.3986908341512], [146.79256220112748, 1097.6764682934936, 2893.343699172444], [214.72002650154172, -214.68292046358115, 3098.301430243919], [139.19700800584653, -231.25831044448276, 3046.168977640775], [263.0116154758028, -201.16927303342194, 3070.6320484272355], [265.0828048534649, -207.24027878613, 2975.5987403336376]], "kpt2d_body": [[1014.4860661433532, 532.5785857557622], [1057.740586545252, 487.9129777340655], [971.3844148161381, 746.7182494254585], [951.0163544081915, 522.9625034158602], [900.2897280743317, 625.1796204769284], [920.6108344810298, 707.4642735488987], [920.6657929180786, 735.7562292360973], [920.0797002774202, 894.0757750179519], [887.9298965976502, 1042.8342712060262], [1087.6856726232757, 540.7641820294803], [1101.9326741754323, 656.5287760404289], [1118.6826346623154, 772.3068213313902], [1024.094708711482, 757.9638921068556], [1024.2911572312512, 922.9297406835803], [1017.8410734358304, 1073.7993093647083], [1046.2088429445266, 469.481859486488], [1013.3637261521192, 460.225055300979], [1068.9129492790464, 474.7790597555809], [1073.648971100229, 469.0738596419029]], "kpt2d_body_mask": [true, true, true, true, true, true, true, true, true, true, true, true, true, true, true, true, true, true, true], "kpt3d_body_mask": [true, true, true, true, true, true, true, true, true, true, true, true, true, true, true, true, true, true, true], "kpt_list": ["Thorax", "Nose", "Pelvis", "L_Shoulder", "L_Elbow", "L_Wrist", "L_Hip", "L_Knee", "L_Ankle", "R_Shoulder", "R_Elbow", "R_Wrist", "R_Hip", "R_Knee", "R_Ankle", "L_Eye", "L_Ear", "R_Eye", "R_Ear"]}