{"id": 6, "class": "person", "kpt3d_body": [[-31.93744843913498, -316.889138651954, 2765.877290385933], [82.95720067514492, -489.41212890820634, 2892.7109617683795], [-46.141063231818684, 258.2746678455854, 2831.0784899205582], [-167.86859130738924, -333.04803440511694, 2848.570067385612], [-427.7914312340315, -188.03565284846925, 2920.0325046341773], [-651.5830584312664, -93.5055678858815, 3060.466882775745], [-126.67875096080051, 249.11767571436442, 2886.7500556167374], [-124.73534417173852, 663.3500684751068, 2929.1117026069423], [-125.96183744243199, 1084.682625181784, 2953.111520765461], [87.87020113256946, -307.56136474964205, 2671.803341525683], [294.5124233700545, -154.08846035299248, 2497.511621456033], [529.5771423263163, -72.61069236453892, 2379.5530681229725], [34.39658348605647, 267.4296482792309, 2775.406886928885], [39.484409292670044, 679.477035994791, 2845.799352735748], [-8.949802907403033, 1098.681526301736, 2836.1004304621865], [46.81090110813365, -527.1347219863919, 2891.168919735739], [-49.71375430395156, -522.8311015180349, 2842.169437373428], [96.0573668888707, -520.844657784434, 2853.417470522627], [73.51508283345119, -507.12352951727337, 2750.923147650244]], "kpt2d_body": [[933.6292946715853, 406.75576966992696], [989.4128101218969, 332.0339911405565], [926.9897361548819, 692.462508689051], [867.798928023414, 403.67846261812053], [746.5923425370352, 476.6853991109569], [656.2287151358255, 523.7154211155716], [888.5778737143223, 685.5840950451375], [891.1099165783631, 876.4572998090898], [892.2915979041782, 1058.8097287107173], [995.4346915744811, 406.04965192224677], [1113.546046009616, 480.22376221909656], [1256.1411441696685, 523.8123739931301], [966.9531197923204, 699.5555198183825], [968.7669605634813, 892.9675433436284], [945.4767516994696, 1084.0665424950885], [972.094342418685, 314.17130813932937], [925.5034628337041, 311.97012744979685], [996.2540065323084, 313.9498079848595], [986.6531145783783, 311.4666193889343]], "kpt2d_body_mask": [true, true, true, true, true, true, true, true, true, true, true, true, true, true, true, true, true, true, true], "kpt3d_body_mask": [true, true, true, true, true, true, true, true, true, true, true, true, true, true, true, true, true, true, true], "kpt_list": ["Thorax", "Nose", "Pelvis", "L_Shoulder", "L_Elbow", "L_Wrist", "L_Hip", "L_Knee", "L_Ankle", "R_Shoulder", "R_Elbow", "R_Wrist", "R_Hip", "R_Knee", "R_Ankle", "L_Eye", "L_Ear", "R_Eye", "R_Ear"]}