{"id": 3, "class": "person", "kpt3d_body": [[-6.189132775302397, -84.20188063385297, 2870.344608927844], [95.74949141434101, -231.78721771796134, 2989.9979088959253], [-31.5249990494657, 400.1509218389404, 2902.440537991078], [-137.4756376217793, -103.5506365596757, 2959.357243949982], [-211.8119269997245, 129.6330749182458, 3014.8922762936763], [-196.36886083008224, 354.89548555123076, 3093.6395220656714], [-109.59168480715906, 404.8119973276779, 2995.7747856605556], [-102.99722087209727, 727.8830034411906, 3003.2162758917175], [-98.57420315767195, 1086.5502938946215, 3007.8060681200814], [131.30825554637988, -66.96435639850847, 2789.4585444888007], [168.2749148659029, 190.26763878204306, 2753.6894885765532], [203.6341593999125, 400.4749860360705, 2830.990178427162], [46.54110637133204, 395.4889305392335, 2809.1053823021316], [34.02325062905838, 740.665980088728, 2910.2955531639805], [-10.104497710842288, 1091.0662528447485, 2961.480520705736], [66.5332127672388, -271.37609876078795, 2988.7845163829197], [-18.45477437591665, -273.2943189518322, 2949.6106776112315], [113.90600352417326, -258.45622054678995, 2956.1570832389225], [104.70056656622532, -248.8437360775835, 2864.5324354711993]], "kpt2d_body": [[946.6817449034471, 524.8774937513376], [994.323166821714, 457.9726273538976], [934.6093239793154, 756.6828091693277], [884.8833914418149, 517.0375864535054], [851.7764281260927, 625.4879280975364], [861.4891862556777, 724.7045197993332], [898.8943906871134, 752.8626928500801], [902.6022106525525, 897.6580908572448], [905.5351762593011, 1051.3040348451598], [1015.3762458591098, 532.315211349158], [1034.8217787556841, 661.7179926073632], [1049.4272113533332, 761.3298883330641], [972.6987034994578, 760.6764236007801], [965.7330551018797, 913.8051791129302], [945.1148056531725, 1060.435039230754], [980.7027919405458, 439.5788802755675], [940.9772182011783, 436.9964718625703], [1003.3624191036096, 444.2715224215584], [1000.6065146237423, 445.0399152772907]], "kpt2d_body_mask": [true, true, true, true, true, true, true, true, true, true, true, true, true, true, true, true, true, true, true], "kpt3d_body_mask": [true, true, true, true, true, true, true, true, true, true, true, true, true, true, true, true, true, true, true], "kpt_list": ["Thorax", "Nose", "Pelvis", "L_Shoulder", "L_Elbow", "L_Wrist", "L_Hip", "L_Knee", "L_Ankle", "R_Shoulder", "R_Elbow", "R_Wrist", "R_Hip", "R_Knee", "R_Ankle", "L_Eye", "L_Ear", "R_Eye", "R_Ear"]}