{"id": 5, "class": "person", "kpt3d_body": [[90.13646900378146, -160.02633548145042, 2796.2254580823237], [-36.20033067868243, -323.608462335163, 2831.7977173991985], [75.77023256293559, 322.1967891339847, 3028.158606256562], [10.097709483701252, -111.09558754362752, 2672.1055862577127], [-137.87589131414262, -27.151431052155885, 2443.827342976305], [-291.98333412040546, 30.985237774069248, 2252.747989319729], [33.83824390722642, 356.64172085339953, 2946.478497360409], [44.0088011318109, 746.0542307956167, 3121.9425004264626], [103.79644564036504, 1091.067340504425, 3263.022433373408], [178.99022520009822, -203.9888985148434, 2905.9101035082385], [313.50089063219815, -332.3494669039218, 3115.0896056915876], [448.6611179749389, -464.05682338975026, 3342.6663361990777], [117.7022044884981, 287.75100980537684, 3109.8381575876892], [140.63086747262093, 685.428414186588, 3256.588711396874], [177.68448219284096, 1045.7345616980433, 3359.1354262115246], [-38.10528869173084, -341.95533193694615, 2787.8590819203046], [11.309269118635967, -305.68310085879034, 2704.2427732881806], [-3.2270859099795324, -358.5221769415884, 2833.4246025016137], [96.61245848151668, -347.55243012265026, 2822.0071925647453]], "kpt2d_body": [[995.6073506628396, 465.4220691619485], [931.4627585852808, 384.70044056783], [985.2480726759596, 697.7584231792445], [955.0307025813212, 487.64178141310015], [869.1749088831972, 530.9997648263799], [765.5078589710084, 566.2803506175695], [965.9753336175372, 718.390357098105], [969.4925736056744, 881.6915243891233], [993.8018442630998, 1008.7879773387085], [1037.3745477968082, 447.09721141431766], [1092.502508665213, 395.7834001239312], [1139.3829329568637, 351.1132641523459], [1003.5267328115771, 678.1526000711453], [1010.5463492630204, 842.6412242374947], [1023.252552247652, 978.3421496210265], [930.2163398802564, 372.90525306636425], [955.5963269301935, 386.4355661584632], [948.0302000575014, 367.44782054206087], [998.309356765986, 372.2412931054048]], "kpt2d_body_mask": [true, true, true, true, true, true, true, true, true, true, true, true, true, true, true, true, true, true, true], "kpt3d_body_mask": [true, true, true, true, true, true, true, true, true, true, true, true, true, true, true, true, true, true, true], "kpt_list": ["Thorax", "Nose", "Pelvis", "L_Shoulder", "L_Elbow", "L_Wrist", "L_Hip", "L_Knee", "L_Ankle", "R_Shoulder", "R_Elbow", "R_Wrist", "R_Hip", "R_Knee", "R_Ankle", "L_Eye", "L_Ear", "R_Eye", "R_Ear"]}