{"id": 5, "class": "person", "kpt3d_body": [[91.3678494525887, -115.38388747714379, 2811.072640235898], [-72.35413799835437, -305.74021224706854, 2828.946687545738], [59.15426547732338, 315.7070500290989, 2975.587378623315], [19.77552976767295, -57.81230297223004, 2671.6097173148137], [61.91827233007621, 239.12668989852037, 2705.8794522720873], [-19.218741265855044, 461.83556943704684, 2794.119134122825], [1.1779140646690145, 323.5633499676111, 2889.43195829577], [-319.898146843979, 491.4371933531237, 2972.9320928548477], [-107.47012063573126, 799.5092726839553, 3130.0176153681564], [160.81859482037993, -166.97623888918002, 2956.0172160111315], [244.75567485439473, 76.78860128596682, 3101.3514050634203], [191.5780842477777, 291.63453228564833, 3243.943029371615], [117.13043405648094, 307.851760798068, 3061.7429861467454], [73.38754635263399, 683.3890350921447, 3198.384356057155], [86.92684895545136, 1081.0643724121833, 3285.327610267481], [-71.32872955820483, -326.96543385867443, 2783.58286612505], [-13.142039690775427, -293.5539091634138, 2702.3835813536543], [-40.36374710477056, -344.2504118561641, 2832.102429372863], [62.757712264607235, -340.5552005672186, 2829.3704212149714]], "kpt2d_body": [[996.00783396165, 488.40971179331547], [913.2563424847793, 393.4619276095785], [977.9337417731956, 697.3426878425704], [960.2033952612139, 516.0002602228656], [982.2346298131476, 672.3089740114501], [939.9128245383273, 780.3007925963182], [950.2264010174086, 705.6465044974238], [797.7073511156694, 779.568594631013], [901.5478244748022, 903.8857443835566], [1027.183626999228, 466.5161207105672], [1062.1015581783445, 581.9816618608588], [1033.687050993054, 674.368819216203], [1004.084519944077, 689.4724056819646], [982.0161401817777, 847.1206897048455], [986.4188735523039, 1001.875108738358], [913.2100499772532, 380.2398713447865], [942.7255574019056, 392.6536917231099], [929.3846039783343, 374.4612627405171], [981.1860286334594, 376.1400986434222]], "kpt2d_body_mask": [true, true, true, true, true, true, true, true, true, true, true, true, true, true, true, true, true, true, true], "kpt3d_body_mask": [true, true, true, true, true, true, true, true, true, true, true, true, true, true, true, true, true, true, true], "kpt_list": ["Thorax", "Nose", "Pelvis", "L_Shoulder", "L_Elbow", "L_Wrist", "L_Hip", "L_Knee", "L_Ankle", "R_Shoulder", "R_Elbow", "R_Wrist", "R_Hip", "R_Knee", "R_Ankle", "L_Eye", "L_Ear", "R_Eye", "R_Ear"]}