{"id": 5, "class": "person", "kpt3d_body": [[-120.80296651288299, -53.02638334092023, 2718.2590464457817], [-27.441747504769047, -246.4433442837182, 2580.2631497178068], [-138.14467618534044, 446.9180116120455, 2646.8767819767418], [22.490679736640313, -36.48419285042394, 2806.984904644953], [25.776818323444477, 246.03629363767524, 2857.2177790014803], [68.8426486821772, 468.6309986645, 2720.5464077731062], [-63.50231313679223, 461.22860427926156, 2680.475321080608], [-95.50344731052422, 854.4589495957339, 2670.981421154419], [-166.62916312705747, 1225.682316650395, 2679.587855597146], [-268.1485306750226, -62.241208120986755, 2636.5258601177266], [-337.2574452049038, 216.86025383507967, 2624.878927313668], [-283.5452839782997, 437.94688821777913, 2482.964447424938], [-212.78759559796316, 432.6083809561219, 2613.2780847802132], [-237.70895719663207, 839.770913797139, 2584.1717668153246], [-279.7747611781651, 1211.8428188024682, 2618.663457833635], [-7.226652220582892, -277.3194399473334, 2612.8459049225976], [-9.410604487376464, -260.24513754344014, 2719.3456564617454], [-59.5535506691253, -281.9251060977001, 2587.4513271486694], [-146.69497992102504, -276.55813407299576, 2648.4280869828226]], "kpt2d_body": [[893.7920412459515, 518.0187764183952], [941.1068386394785, 412.2634768121329], [883.5631980125972, 778.8232442922489], [967.1618300504304, 527.0873363522317], [968.5517182512067, 665.1678676909855], [991.077787279324, 783.6142857455545], [923.089038789677, 783.3571214130925], [907.354838957805, 979.2879781851148], [873.6718147798539, 1149.6014306894194], [814.0589296449393, 512.38183576918], [777.3382075554283, 659.7741307482476], [798.1297957193269, 788.3614530590478], [843.1014647085475, 774.0672963626528], [831.1976127428892, 984.9588804086122], [814.9198231903293, 1154.9427679009516], [952.0951923022399, 397.5554583971901], [951.1218916896045, 411.9951769269692], [923.8548422391282, 393.68050631946085], [878.7429774176342, 400.05664152723665]], "kpt2d_body_mask": [true, true, true, true, true, true, true, true, true, true, true, true, true, true, true, true, true, true, true], "kpt3d_body_mask": [true, true, true, true, true, true, true, true, true, true, true, true, true, true, true, true, true, true, true], "kpt_list": ["Thorax", "Nose", "Pelvis", "L_Shoulder", "L_Elbow", "L_Wrist", "L_Hip", "L_Knee", "L_Ankle", "R_Shoulder", "R_Elbow", "R_Wrist", "R_Hip", "R_Knee", "R_Ankle", "L_Eye", "L_Ear", "R_Eye", "R_Ear"]}