{"id": 5, "class": "person", "kpt3d_body": [[-109.54909815576171, -56.81083825862004, 2683.98556199197], [-1.3357702764989732, -241.72589147616065, 2545.3583989779404], [-154.80203177768374, 440.1769759074128, 2651.259159662486], [39.52933953569971, -35.39641368901755, 2764.3401529189514], [52.21613841859931, 254.81281161313845, 2752.8520977110848], [57.54715391247675, 502.7507578330281, 2662.8341222307245], [-69.52959624468406, 453.2485811793914, 2689.4181867910174], [-101.1147855393163, 850.71215036133, 2669.9826007751876], [-164.64679233646396, 1225.8471358165625, 2678.0936560117284], [-259.24004449077046, -71.14454937902195, 2602.1603405154865], [-316.3564259165896, 209.5721800424647, 2569.8373119180496], [-275.51771495936833, 463.55773499033035, 2476.9197190395616], [-240.074225312309, 427.10438856798714, 2613.1002628424985], [-248.4803930232494, 842.0446395225481, 2582.5480972058504], [-279.6716364705352, 1211.8602265698871, 2619.003724012845], [17.727531848320073, -270.51161405243306, 2581.137563437511], [7.0341260294560115, -253.36887740408088, 2684.508793857324], [-33.13287328933313, -280.3912117158842, 2551.1173069538636], [-123.02545300201304, -281.14346025983735, 2608.5850613867838]], "kpt2d_body": [[898.8585013115678, 515.7024164773273], [955.2200492212396, 413.0110999339296], [874.9616236792222, 774.935180907836], [975.9606257560208, 527.3573202760022], [982.4331270904801, 674.1037116379898], [985.9070044873628, 806.0903492724376], [920.076925480022, 778.5303065811347], [904.4682278445979, 977.619718849205], [874.6103435697689, 1149.9924399980923], [816.9518875520525, 507.1848408185283], [784.7441109654236, 658.3447026475953], [802.3628004871445, 802.9779810384532], [828.6610521453167, 771.0989710505642], [825.5111760381956, 986.2565001661854], [814.9882222858221, 1154.8806330708258], [965.5362240311186, 399.3999842073472], [959.6106501154221, 413.8220301336861], [937.8403214048441, 392.35058631365405], [890.2093371215126, 395.38903944456547]], "kpt2d_body_mask": [true, true, true, true, true, true, true, true, true, true, true, true, true, true, true, true, true, true, true], "kpt3d_body_mask": [true, true, true, true, true, true, true, true, true, true, true, true, true, true, true, true, true, true, true], "kpt_list": ["Thorax", "Nose", "Pelvis", "L_Shoulder", "L_Elbow", "L_Wrist", "L_Hip", "L_Knee", "L_Ankle", "R_Shoulder", "R_Elbow", "R_Wrist", "R_Hip", "R_Knee", "R_Ankle", "L_Eye", "L_Ear", "R_Eye", "R_Ear"]}