{"id": 3, "class": "person", "kpt3d_body": [[-54.73255989993956, 66.29567049592268, 2573.6037094289895], [32.72656374202866, -67.57271959225989, 2437.906283890079], [-56.53887060843854, 570.5062228796471, 2546.518717428155], [81.57403059968618, 66.93750907662363, 2655.843869519899], [127.21829645486551, 308.46353366651243, 2680.9537212475175], [164.85825768804938, 528.4735389168321, 2624.231843323876], [53.003812746392356, 582.6734116007838, 2587.0519666856617], [-7.4292310698643504, 898.7238106449632, 2596.535818072486], [-32.28750687355671, 1253.5282491771775, 2599.0522413077915], [-193.0678392995279, 54.91239244002372, 2496.709487197855], [-259.3228645554647, 304.6693889718621, 2460.7120342411404], [-245.94086104885707, 515.4411822922141, 2393.403276640669], [-166.08257018791022, 558.3380605532973, 2505.987231514169], [-175.31545763348413, 886.4761910271085, 2501.963855929046], [-195.82508846773862, 1235.0755271777016, 2507.148914114109], [50.04598379535178, -105.06455025709926, 2464.6838227583694], [51.511093605083786, -106.17407971690824, 2558.676962027361], [-2.2400730495978394, -98.55042996331122, 2437.5854171871906], [-79.0469650221256, -100.50426378280633, 2486.9380249083824]], "kpt2d_body": [[926.1928608599837, 581.1737103328622], [974.732252607396, 506.54963380858817], [925.3391205906935, 853.5164784109551], [998.9197174026727, 580.3945266718819], [1022.0804204819154, 705.1260845722272], [1042.805348337854, 822.8342813462497], [984.2413974346058, 855.1286873601928], [952.1331412651447, 1012.9347982237716], [939.6815521309165, 1179.7013189530617], [847.9266794972797, 575.8702634191317], [809.5787107224123, 716.744208851301], [814.4414058570585, 841.0570708970224], [864.6166861020598, 851.5308111900401], [861.3324364992056, 1022.6945944532956], [853.4140535256915, 1190.9723309461106], [984.351183737623, 485.7638815626699], [984.1095377224544, 487.3417329471241], [954.6632290537742, 488.82195741026266], [911.4971768260469, 488.86284035734457]], "kpt2d_body_mask": [true, true, true, true, true, true, true, true, true, true, true, true, true, true, true, true, true, true, true], "kpt3d_body_mask": [true, true, true, true, true, true, true, true, true, true, true, true, true, true, true, true, true, true, true], "kpt_list": ["Thorax", "Nose", "Pelvis", "L_Shoulder", "L_Elbow", "L_Wrist", "L_Hip", "L_Knee", "L_Ankle", "R_Shoulder", "R_Elbow", "R_Wrist", "R_Hip", "R_Knee", "R_Ankle", "L_Eye", "L_Ear", "R_Eye", "R_Ear"]}