{"id": 5, "class": "person", "kpt3d_body": [[148.19905416985114, -220.252331715878, 2730.127605858611], [295.39797535601633, -387.46459290137113, 2745.601753829403], [166.30800356737984, 273.75266885699307, 2880.2985161761653], [83.58395539576264, -258.492705191111, 2873.858585990318], [47.41601546062721, -249.28849473770143, 3157.370137576347], [161.68474670943002, -460.53796478534207, 3095.7196034884428], [123.75420129319053, 260.0780607701573, 2973.144282849628], [85.37704864976402, 624.979632446367, 3064.731647222888], [30.03206451851021, 1020.1574061217968, 3148.416414083856], [200.78721358649247, -180.75628900073966, 2589.4431950933413], [384.5840466788522, -58.096765041935186, 2388.3347173050834], [507.8981138959465, -283.5565007458898, 2384.1680340615558], [208.86213533268352, 287.4265377603831, 2787.4517570091575], [208.16748000050882, 698.1460181043392, 2905.4959265884695], [147.74707432854538, 1074.7814905547673, 2983.8035459549906], [268.80662022780166, -429.03015678800546, 2751.9341693282536], [163.67940940590032, -428.33155870840085, 2757.875332421677], [290.6512581024436, -407.6183393277289, 2701.3495311302836], [225.39923982675202, -378.8864641720993, 2627.4089730348023]], "kpt2d_body": [[1029.0554265993399, 439.4115233193303], [1108.7341268596613, 349.4801954452473], [1034.2106405777736, 704.0515953215323], [990.9908053554332, 425.4294164556483], [969.7485710320726, 441.921121013436], [1025.6666489485783, 337.67843815402443], [1009.9264692233517, 692.7571218226885], [988.8247493712977, 865.6426989546885], [961.2527561692367, 1037.9695413863847], [1064.1546853376208, 455.8233850358158], [1189.3270252248444, 524.4609875358547], [1265.0742854569226, 383.9045337197193], [1060.05452337862, 716.0524812859721], [1053.9260804926182, 918.2089408147351], [1019.8727459011355, 1088.1278942434947], [1093.7593407414008, 327.4705291106892], [1036.3261551514288, 328.0113122833144], [1108.6321701898612, 334.9937326389532], [1076.074266347815, 344.6888186621727]], "kpt2d_body_mask": [true, true, true, true, true, true, true, true, true, true, true, true, true, true, true, true, true, true, true], "kpt3d_body_mask": [true, true, true, true, true, true, true, true, true, true, true, true, true, true, true, true, true, true, true], "kpt_list": ["Thorax", "Nose", "Pelvis", "L_Shoulder", "L_Elbow", "L_Wrist", "L_Hip", "L_Knee", "L_Ankle", "R_Shoulder", "R_Elbow", "R_Wrist", "R_Hip", "R_Knee", "R_Ankle", "L_Eye", "L_Ear", "R_Eye", "R_Ear"]}