{"id": 5, "class": "person", "kpt3d_body": [[216.50703728188589, -217.27033162147066, 2783.2292391924548], [386.58492848155004, -399.42425792321546, 2785.203096686464], [207.92692667723992, 261.75143247683604, 2877.6980162579366], [166.8046313673534, -254.96323950487252, 2941.8114214747875], [99.55383726666419, 3.469064325796154, 3059.263248238083], [200.0813189244277, 239.25997935587986, 3110.333777678309], [172.47021029841397, 255.0243832970139, 2974.6738110034776], [134.11341178688153, 618.1148037195757, 3068.091796379428], [50.40935505135408, 1023.6925377893363, 3128.5069499639885], [264.4156746726316, -173.9075535152783, 2626.1690164302877], [277.7663838621799, 111.62178477019296, 2571.8073328147466], [431.35510728990283, 270.0215882464468, 2730.2905871320177], [243.38257383815235, 268.4794373901026, 2780.72240412301], [419.8058723361852, 610.6103680389923, 2969.9193915423666], [244.725787908135, 986.2024949978735, 3003.809974867245], [358.1185711956627, -440.01216533527963, 2794.5540667945324], [253.723267694443, -438.4053807295793, 2807.1261652116355], [377.69910004458166, -419.93519792031736, 2741.5420226358833], [308.96751493084867, -388.4490527342855, 2671.6735543281684]], "kpt2d_body": [[1064.495343626881, 443.42033182135947], [1155.22131266407, 346.4800273110043], [1056.093560128282, 697.8662937842714], [1032.6834926095346, 430.4212895820251], [996.3026109006108, 562.6807667932076], [1044.2114878328596, 676.8450295706798], [1034.6076898783588, 690.0892154444656], [1012.5756676724553, 861.9642554158607], [970.9483247431805, 1042.4319553023163], [1098.9772656186997, 461.3092032300963], [1110.0545868038441, 626.2933775711651], [1184.2686657079319, 709.0392053217988], [1079.028660796163, 706.1558425597624], [1157.9015998178616, 866.7226130108982], [1067.214260443267, 1043.3483373575918], [1139.1845489362329, 325.5585722257656], [1082.846679897812, 326.9881060626151], [1153.5475601311703, 332.02039254079614], [1120.7152921613706, 343.23491098469515]], "kpt2d_body_mask": [true, true, true, true, true, true, true, true, true, true, true, true, true, true, true, true, true, true, true], "kpt3d_body_mask": [true, true, true, true, true, true, true, true, true, true, true, true, true, true, true, true, true, true, true], "kpt_list": ["Thorax", "Nose", "Pelvis", "L_Shoulder", "L_Elbow", "L_Wrist", "L_Hip", "L_Knee", "L_Ankle", "R_Shoulder", "R_Elbow", "R_Wrist", "R_Hip", "R_Knee", "R_Ankle", "L_Eye", "L_Ear", "R_Eye", "R_Ear"]}