{"id": 6, "class": "person", "kpt3d_body": [[241.95941166856096, -352.4948121306781, 2636.5106960341295], [403.27762027700453, -496.84653708554265, 2548.754148282869], [255.38517021734432, 173.99196405546348, 2890.1644803262166], [225.67353641034356, -426.7185677182573, 2786.2726089192174], [116.48375849800489, -516.1642831345748, 3025.2396911614715], [91.36149098657302, -678.1677515719921, 3261.715882668587], [240.08287647507575, 129.14332593608393, 2978.0165645524607], [291.7513922887945, 505.8786895485957, 3155.854554302542], [300.39864201441446, 891.4325755317489, 3325.7797941195277], [236.63790254900536, -278.1886791794245, 2497.053225047058], [181.37059571534996, -115.39105376782061, 2232.1184825819764], [167.68973025807708, -23.903662792810962, 1958.565328704077], [270.68764989721944, 218.84121978682984, 2802.3133728203215], [312.74652183548744, 587.1213107267492, 2991.9000703223787], [268.5724550033827, 964.6811333500402, 3179.4779868195433], [382.3097119893972, -542.3409231620146, 2562.4436765775686], [290.6454185427805, -556.1631871206146, 2617.056847364786], [377.1989401549388, -513.8580650403856, 2507.442948921719], [278.1765370201495, -485.05925267442393, 2482.0610234630467]], "kpt2d_body": [[1092.7024482427414, 378.6105741710545], [1182.6244240246633, 296.6591401782294], [1088.4747412906152, 646.9403673324475], [1077.6532009515033, 351.94737568309273], [1018.826396622947, 327.87896685670194], [1004.1711760583772, 277.4636651183646], [1077.7929644663645, 623.628593796592], [1093.3465436019392, 784.4129470869415], [1088.897584710876, 928.3562556678123], [1097.028778801044, 409.2058739890718], [1078.6549830962147, 491.6023384033804], [1084.7896682032278, 546.4358292201061], [1099.778076410951, 671.6463899208971], [1109.4574730961222, 832.8257801407643], [1080.3394902094628, 974.4256682980988], [1170.0196336766833, 274.1072204754688], [1118.1360810600052, 272.1873674506826], [1171.8441146634225, 283.10432832609774], [1119.81051462593, 295.11107151122434]], "kpt2d_body_mask": [true, true, true, true, true, true, true, true, true, true, true, true, true, true, true, true, true, true, true], "kpt3d_body_mask": [true, true, true, true, true, true, true, true, true, true, true, true, true, true, true, true, true, true, true], "kpt_list": ["Thorax", "Nose", "Pelvis", "L_Shoulder", "L_Elbow", "L_Wrist", "L_Hip", "L_Knee", "L_Ankle", "R_Shoulder", "R_Elbow", "R_Wrist", "R_Hip", "R_Knee", "R_Ankle", "L_Eye", "L_Ear", "R_Eye", "R_Ear"]}