{"id": 3, "class": "person", "kpt3d_body": [[209.58449408796494, -123.64000084867627, 2689.199554264749], [301.19922481970366, -265.9093797008518, 2673.765873544804], [297.1598471575074, 304.83089204238894, 2955.6234178365994], [138.83817709382328, -197.66120079066582, 2796.5481534000573], [381.6405530934811, -227.13929383739426, 2882.8660140335205], [434.3037729251395, -322.57571816003093, 2685.828983319837], [246.24785729231166, 250.73198710803453, 3036.2670491262684], [258.51849017601216, 572.4373165451366, 3191.4061023511567], [254.89504190932757, 888.8052953936149, 3345.1305327587734], [305.41945690724083, -74.06562861959983, 2596.4888922768014], [466.6274652253031, -91.67920582245671, 2772.714016865303], [437.56324465332375, -283.8626493362699, 2924.3619170422858], [348.0721359583725, 358.92979540469463, 2874.9797613478368], [295.23803123771125, 652.4665292043537, 3032.6051776372624], [285.8210475645705, 957.4503803444654, 3208.9872498776635], [275.98741564754795, -297.89889107755914, 2666.7926074762145], [183.4015766597288, -294.87690805652346, 2676.435793850346], [302.8244904235424, -265.6554049832499, 2631.313972273251], [259.5984263792348, -217.70658307062803, 2572.8479678160074]], "kpt2d_body": [[1074.0656850290022, 499.5254488850006], [1121.7942336718643, 425.7954679586262], [1105.0557641807397, 706.1438178083724], [1034.6773654001354, 465.19071460699854], [1149.1105437005297, 454.4151173301156], [1188.7398360679508, 398.0434216192996], [1078.3074977833771, 677.9294630983997], [1077.3885578836682, 810.3912879322208], [1069.70792578396, 925.5174992314198], [1129.0575407770266, 523.8374605022352], [1198.546577067396, 517.7275944743349], [1172.5657939080947, 429.4326805800625], [1133.1065648946662, 735.7319055982153], [1099.349178495508, 858.2764660209557], [1086.6550623462927, 967.8325317216354], [1109.0636043292086, 408.8670887080503], [1060.7313055463308, 410.71906369005274], [1125.1346991125906, 423.74228808533746], [1105.6952989397976, 446.14862308395857]], "kpt2d_body_mask": [true, true, true, true, true, true, true, true, true, true, true, true, true, true, true, true, true, true, true], "kpt3d_body_mask": [true, true, true, true, true, true, true, true, true, true, true, true, true, true, true, true, true, true, true], "kpt_list": ["Thorax", "Nose", "Pelvis", "L_Shoulder", "L_Elbow", "L_Wrist", "L_Hip", "L_Knee", "L_Ankle", "R_Shoulder", "R_Elbow", "R_Wrist", "R_Hip", "R_Knee", "R_Ankle", "L_Eye", "L_Ear", "R_Eye", "R_Ear"]}