{"id": 3, "class": "person", "kpt3d_body": [[219.93045718474943, -138.48334550788834, 2733.6480537910643], [374.7260934611706, -239.8920447846814, 2666.130803909674], [278.2475382331779, 321.7816200024105, 2976.921363254532], [230.9931916460484, -216.17461755077144, 2879.1830707077097], [262.59039164672066, -271.48660308757, 3076.121639393173], [356.4389305572961, -416.70913209098416, 2940.322412759697], [284.49985984484704, 270.5817420448574, 3078.2468621384446], [262.24747350059164, 571.7068119713415, 3193.7845417370327], [258.7678846773708, 893.3964764873558, 3342.3678652311473], [199.97777857336206, -63.542643529728906, 2595.12172670745], [234.3246472704328, 105.015046385099, 2442.211987018638], [317.2675834500836, -52.77169884898939, 2327.961469019652], [271.99508140034135, 372.98056226397966, 2875.5955091407477], [275.10376589874556, 651.5524537864694, 3036.633373676164], [283.7102660870451, 958.7986121142366, 3210.4735192640555], [360.34281122094546, -284.74016055654215, 2672.973404216596], [280.18278585272344, -310.5412924401129, 2713.148255308085], [358.6292672976219, -252.48980176545558, 2624.4899708979474], [275.91138193378134, -231.755671793684, 2585.571050426691]], "kpt2d_body": [[1077.5458061870534, 493.03775604240775], [1160.217759110085, 439.08232093239894], [1095.2515372604632, 713.0160992033975], [1077.139889441631, 459.2079268361401], [1084.186549891046, 441.0302152844348], [1133.1278148959516, 367.9756632198497], [1093.9489954087874, 685.2124019243122], [1078.915933098564, 809.8892478322879], [1071.3491391965993, 927.588298469319], [1072.8934342861783, 529.364019878572], [1099.043754082062, 623.075513996095], [1154.7652102701927, 531.9964233402234], [1096.6102477964052, 742.6605054978966], [1090.1094159970467, 857.593050211928], [1085.7039668303191, 968.209474263202], [1152.1795212806157, 416.28981920149874], [1108.733156421119, 405.08707464345974], [1154.8066005508272, 430.4818909201897], [1113.6857547198697, 439.2686839608549]], "kpt2d_body_mask": [true, true, true, true, true, true, true, true, true, true, true, true, true, true, true, true, true, true, true], "kpt3d_body_mask": [true, true, true, true, true, true, true, true, true, true, true, true, true, true, true, true, true, true, true], "kpt_list": ["Thorax", "Nose", "Pelvis", "L_Shoulder", "L_Elbow", "L_Wrist", "L_Hip", "L_Knee", "L_Ankle", "R_Shoulder", "R_Elbow", "R_Wrist", "R_Hip", "R_Knee", "R_Ankle", "L_Eye", "L_Ear", "R_Eye", "R_Ear"]}