{"id": 6, "class": "person", "kpt3d_body": [[249.82509832113098, -254.58578824752962, 2553.8603613728956], [412.4077572310506, -454.46588074855185, 2515.7251474973564], [290.8496682067546, 161.29724050140538, 2831.361179571565], [144.00474898410033, -323.940720122952, 2674.5933735045473], [68.02683816258778, -43.21693349441972, 2824.1035535989413], [123.38153662068225, 136.29682615955886, 2972.961668664513], [235.22506141268548, 91.70882392901973, 2900.13854920087], [375.0188289515363, 8.029665878166838, 3244.074787301216], [311.85750773991055, 405.9001734069795, 3390.548565991927], [337.35319147896973, -184.91317420409246, 2415.378803303072], [362.55965708913806, 117.49011037734917, 2516.0300048553213], [407.10992044368584, 306.95325694386895, 2698.8745831064525], [346.47458907698774, 230.88440119774504, 2762.5840426040754], [348.91889994103406, 559.2792243338945, 2965.9818029917365], [270.3236658288589, 947.6174420302657, 3178.4364546633064], [384.7656253179896, -496.7505174875805, 2524.124430222387], [282.8239310167283, -499.75834866510525, 2554.3723381951263], [396.40387616014493, -472.18836134677616, 2468.0301647396673], [311.07836970856124, -436.61230355108927, 2416.668606291363]], "kpt2d_body": [[1101.3396791467053, 425.35290717941507], [1190.665654180372, 315.9705500409799], [1108.3649930831075, 642.4006420951881], [1040.3158945510131, 395.5931827335129], [999.131115781351, 542.0934671799803], [1023.385644313402, 627.1547035259252], [1078.5009575706213, 607.3273912983952], [1126.295394487421, 566.8251374379082], [1093.0996125124293, 728.9924897166768], [1159.128542792128, 457.5509326568192], [1165.3974836849618, 627.988398087377], [1174.0123380820812, 720.1580800711888], [1139.489188856094, 679.0091163538577], [1127.5089023561031, 822.2991736381189], [1081.2156902689123, 967.6127741471441], [1174.7397040378328, 294.03262283849745], [1117.9564312510304, 294.79070266897963], [1185.9409187917713, 301.56008175683803], [1142.7992118002578, 315.26276662120284]], "kpt2d_body_mask": [true, true, true, true, true, true, true, true, true, true, true, true, true, true, true, true, true, true, true], "kpt3d_body_mask": [true, true, true, true, true, true, true, true, true, true, true, true, true, true, true, true, true, true, true], "kpt_list": ["Thorax", "Nose", "Pelvis", "L_Shoulder", "L_Elbow", "L_Wrist", "L_Hip", "L_Knee", "L_Ankle", "R_Shoulder", "R_Elbow", "R_Wrist", "R_Hip", "R_Knee", "R_Ankle", "L_Eye", "L_Ear", "R_Eye", "R_Ear"]}