{"id": 3, "class": "person", "kpt3d_body": [[265.9940294711725, -111.69659737375852, 2741.619560573086], [420.3169270006465, -240.37166268737707, 2680.3765676151597], [299.55361094578046, 320.75486294842267, 2964.9550284564984], [270.5500613656785, -193.70557045630733, 2879.0972298683564], [312.3920444091028, -4.89267853474999, 3042.592724426242], [386.80580214654594, 193.758744925143, 3151.62985442675], [285.54365769896845, 269.6259606175231, 3054.2615123583982], [284.7140654569359, 571.8159221323381, 3190.5988785311956], [261.2634662024066, 892.8202352968672, 3341.4922072293903], [271.82406160972397, -32.92891464415078, 2594.598709217422], [298.4369739343955, 208.01463315835178, 2650.5758735805903], [377.90663360737733, 404.95392883209234, 2748.6951890072896], [313.56279536154636, 371.88475113202315, 2875.6488865973943], [281.2226447852078, 654.6612974540683, 3029.334059377942], [286.86018193604014, 958.4457626282622, 3209.461455020068], [403.5551274732529, -286.6510602126374, 2686.5932083812686], [325.02744870714866, -311.92126101823675, 2726.09866928468], [405.33402954839437, -252.74687544363175, 2636.269105110664], [326.81572936006893, -236.29418129790793, 2593.1371929339084]], "kpt2d_body": [[1100.5404593525777, 506.84298553443807], [1182.4602287304106, 439.6582863343092], [1105.6916258305307, 713.0784431368239], [1096.2128393065238, 470.0665333285616], [1108.42652969335, 561.1601141649102], [1135.9494596101856, 648.5350434213192], [1095.4229566652473, 685.7262359149004], [1088.708899390794, 810.0953931193808], [1072.3954801017996, 927.4428364713767], [1111.3155184836805, 545.7768479858692], [1121.8686404640978, 672.0773656554047], [1155.289767221249, 766.176834939219], [1116.5232953129766, 741.9900048700088], [1093.1501402931342, 859.622452339454], [1087.0706555390188, 968.1706135658042], [1173.2520444241406, 416.23206898766915], [1130.7051340350858, 405.29298785118397], [1178.2156524899171, 431.11914250091695], [1140.280378843724, 437.37312027260924]], "kpt2d_body_mask": [true, true, true, true, true, true, true, true, true, true, true, true, true, true, true, true, true, true, true], "kpt3d_body_mask": [true, true, true, true, true, true, true, true, true, true, true, true, true, true, true, true, true, true, true], "kpt_list": ["Thorax", "Nose", "Pelvis", "L_Shoulder", "L_Elbow", "L_Wrist", "L_Hip", "L_Knee", "L_Ankle", "R_Shoulder", "R_Elbow", "R_Wrist", "R_Hip", "R_Knee", "R_Ankle", "L_Eye", "L_Ear", "R_Eye", "R_Ear"]}