{"id": 3, "class": "person", "kpt3d_body": [[291.6815475723848, -128.17251487657757, 2720.4142877325885], [438.73969138126824, -232.9682833868759, 2661.359332505903], [329.7154354553652, 321.31621498183506, 2958.5723671262504], [263.973981108367, -208.0440074018054, 2851.2996326599996], [317.85434276943374, -260.8610364857951, 3067.9178642733887], [427.1525338435521, -410.84901088628527, 2929.738933820455], [317.9504636728185, 273.280275265852, 3050.2123774427973], [295.7231671698636, 572.3534308637463, 3185.684741273006], [261.86626165494215, 891.9664995168786, 3338.711518882804], [274.1691244674228, -54.61189106340001, 2582.495481061412], [316.80291047583637, 113.43515927122155, 2434.3822602125474], [411.4890042466492, -37.625709570585855, 2316.8512776462776], [341.47952540880306, 369.35375973455484, 2866.933700771942], [311.7736477390848, 650.6144820331772, 3030.721264372488], [288.1244142740755, 955.7217751369153, 3209.135506032959], [423.58353438614864, -278.0685420972095, 2666.251725654069], [339.6076959537721, -305.0354537671302, 2703.734020698612], [422.99286652978674, -241.94899473655454, 2621.537680242239], [346.81251190013404, -222.27354032961216, 2575.331410730445]], "kpt2d_body": [[1114.6253114912447, 498.04359129313093], [1193.4492668026705, 442.6850790856521], [1120.0403230006339, 713.567404779436], [1094.2601389890046, 462.19664360504214], [1109.4308505867525, 445.5984662583227], [1166.7674338003417, 370.3507526018128], [1110.263849978378, 687.4666547038385], [1093.6408340319012, 810.653215496746], [1072.7305512765101, 927.3957322651854], [1113.2390971290831, 534.0451320072332], [1146.2208602253875, 627.9206799556224], [1211.2812254029789, 540.9758391581499], [1130.3689914787108, 741.2070213521263], [1106.8972072672616, 857.5518212875776], [1087.6313757541604, 967.1054218247053], [1185.0951171797724, 419.63402098400746], [1139.4855753242077, 407.55524275401166], [1188.6242010225287, 436.1181951816635], [1152.1839865269847, 444.0763999671279]], "kpt2d_body_mask": [true, true, true, true, true, true, true, true, true, true, true, true, true, true, true, true, true, true, true], "kpt3d_body_mask": [true, true, true, true, true, true, true, true, true, true, true, true, true, true, true, true, true, true, true], "kpt_list": ["Thorax", "Nose", "Pelvis", "L_Shoulder", "L_Elbow", "L_Wrist", "L_Hip", "L_Knee", "L_Ankle", "R_Shoulder", "R_Elbow", "R_Wrist", "R_Hip", "R_Knee", "R_Ankle", "L_Eye", "L_Ear", "R_Eye", "R_Ear"]}