{"id": 1, "class": "person", "kpt3d_body": [[236.50093932235737, -78.20153466873265, 2702.9921362424807], [367.13780050599655, -245.56660291593062, 2645.110473854454], [226.79286340704863, 382.0956999930745, 3090.2945253438693], [166.63382457539555, -174.0650660074607, 2814.1045646066877], [113.99270535756318, -367.4743153244077, 3024.3958370058613], [256.465330300066, -486.754086064536, 2874.327181868323], [186.54901895409992, 323.5106729592579, 3159.158690473717], [162.4412079721289, 669.6995233449485, 3424.201465837262], [142.05741824011253, 977.917605321, 3663.1589079347586], [311.5392459017624, 16.15219819011486, 2590.230928759604], [522.1625961740881, 161.9491146482875, 2428.020915840576], [546.2612335485425, -80.49257716065085, 2423.824127192584], [267.03591376585734, 440.68031342059186, 3021.429225161456], [227.33325243648602, 769.7363545821086, 3304.286961449134], [206.41452506502262, 1075.7600798167364, 3563.3720534152408], [336.38621262357077, -282.5801722977647, 2634.569297902225], [233.01270609863624, -274.4250099627689, 2644.139887468316], [361.2646404058753, -246.92828483911995, 2595.4777348220973], [298.9311657516982, -184.29394054183348, 2541.262613596069]], "kpt2d_body": [[1070.590141460866, 509.0665789078011], [1140.9782026146631, 420.9997697251307], [1050.5974114971514, 720.3933272467764], [1031.2382592191193, 463.30985142894065], [1001.131916619764, 380.85436997378133], [1072.031726622693, 315.87704104318846], [1030.855452573073, 691.2620560334065], [1014.2328331414515, 818.469502340604], [1001.8250080120246, 913.5292230420405], [1115.946593579293, 557.897382750381], [1244.721281426096, 640.8129081830763], [1258.8198734529776, 503.67281790382293], [1071.1132527980171, 750.6583851823701], [1043.2344295479113, 868.3014340209795], [1027.568633085584, 958.8508397056942], [1125.5868938114959, 401.07557790764406], [1071.120219901167, 405.50273248338806], [1141.4913200552742, 417.84222709333545], [1112.0629242080531, 448.82189724724486]], "kpt2d_body_mask": [true, true, true, true, true, true, true, true, true, true, true, true, true, true, true, true, true, true, true], "kpt3d_body_mask": [true, true, true, true, true, true, true, true, true, true, true, true, true, true, true, true, true, true, true], "kpt_list": ["Thorax", "Nose", "Pelvis", "L_Shoulder", "L_Elbow", "L_Wrist", "L_Hip", "L_Knee", "L_Ankle", "R_Shoulder", "R_Elbow", "R_Wrist", "R_Hip", "R_Knee", "R_Ankle", "L_Eye", "L_Ear", "R_Eye", "R_Ear"]}