{"id": 2, "class": "person", "kpt3d_body": [[114.01620961366692, 102.3921923425479, 2781.028101848513], [279.66238479685217, -32.67645455846349, 2729.4895779284434], [93.62051371943434, 388.7803611989706, 3198.08558123254], [58.091150603419514, -25.998851620078938, 2867.465046903171], [-104.16499480231067, -89.61908005770368, 3090.717942180535], [-46.552920500707, 119.79285704253058, 3205.418791297829], [46.046464726037335, 320.73632139325895, 3261.8905266962047], [51.23150309957253, 594.2161710554593, 3518.630973540455], [-39.16953724846625, 949.6504513756777, 3628.9751574211027], [179.02864469032602, 231.85143007278995, 2691.9151452629158], [179.3268901914346, 508.72678376937387, 2727.688091615526], [122.69808967018541, 493.2313875854304, 2982.350299307214], [141.19556884604424, 456.82432954040576, 3134.2807860646344], [223.78604227344428, 759.779636482719, 3312.131602661654], [98.88650312082493, 1091.5262746663118, 3461.924306474072], [252.17238982925025, -73.01599299272183, 2714.1958731212712], [147.14777037642273, -72.45451912448772, 2719.934978008821], [274.601403034113, -24.995239218543475, 2681.013388564324], [204.64878249084123, 43.9934774389414, 2636.3220647329713]], "kpt2d_body": [[1005.9352491899505, 600.4691019447476], [1091.3384404982353, 532.6330493613849], [989.4427323516702, 717.7551372979385], [977.0349844416112, 536.6299787181043], [901.7533311511402, 508.90377811784987], [928.504085477097, 601.2601186996015], [968.4125830788701, 685.7671918847043], [968.9263862360667, 782.4719891171794], [933.9970474315685, 906.7248724792105], [1041.2758895145603, 668.764666337017], [1039.525513318146, 806.0797320469474], [1005.7206620472604, 777.629122950855], [1011.2291230547377, 750.8439554331785], [1041.5853862432716, 863.5825580425932], [987.5756451150797, 976.3934594253031], [1078.0951482892679, 511.895133687078], [1024.193602277463, 512.2012566053711], [1091.292092684321, 536.3093666702753], [1056.9145256548247, 572.4439102399829]], "kpt2d_body_mask": [true, true, true, true, true, true, true, true, true, true, true, true, true, true, true, true, true, true, true], "kpt3d_body_mask": [true, true, true, true, true, true, true, true, true, true, true, true, true, true, true, true, true, true, true], "kpt_list": ["Thorax", "Nose", "Pelvis", "L_Shoulder", "L_Elbow", "L_Wrist", "L_Hip", "L_Knee", "L_Ankle", "R_Shoulder", "R_Elbow", "R_Wrist", "R_Hip", "R_Knee", "R_Ankle", "L_Eye", "L_Ear", "R_Eye", "R_Ear"]}