{"id": 1, "class": "person", "kpt3d_body": [[251.32558267854648, -79.34477679651678, 2706.8306542669206], [378.5648446546474, -244.68539018783218, 2646.538369019023], [229.65790312124457, 381.6079820268192, 3090.6119925578105], [171.68357955445302, -174.76031704550167, 2812.2445532800198], [117.40002971980843, -366.07121660965845, 3024.557180391621], [259.24168033050563, -483.0903218823181, 2873.329484255125], [190.73123289234508, 323.1265104040307, 3160.4360502339773], [163.08468790867082, 669.9510480065122, 3425.012057519869], [142.18581940346468, 977.6507164864064, 3662.996417038954], [320.18826364346745, 16.769963269517945, 2591.8549541336274], [538.5148361743428, 164.03186808173743, 2435.081066485673], [554.9626497881129, -71.42111343864784, 2433.598865520455], [268.58367448271053, 440.08886194168923, 3020.787017320159], [226.73349775012662, 770.1490041934335, 3304.8187317138336], [206.68493999095986, 1076.3087548773988, 3562.976415025224], [348.28342278507205, -281.6027251347964, 2636.065243444618], [245.3458226588291, -274.8895866655809, 2643.8260740403757], [374.0186221748787, -245.44125558503282, 2598.618640590431], [312.08296798126815, -183.182473917243, 2543.4048239191634]], "kpt2d_body": [[1078.0070736174068, 508.54819307302273], [1146.7921495052208, 421.56867961710225], [1051.8705521909744, 720.1528671827596], [1033.7876582821107, 462.9157378126105], [1002.6946935876759, 381.50492547547265], [1073.417275663274, 317.5383704595374], [1032.659035338324, 691.0312589844068], [1014.476103074479, 818.5048566327372], [1001.8757251482683, 913.4488475333424], [1120.441854155654, 558.2203801521807], [1252.8784247058973, 641.6525370715151], [1262.411147490548, 508.98199877770486], [1071.8469766208552, 750.4282779964349], [1042.9697019988714, 868.4198607163273], [1027.6781138997203, 959.0921707736342], [1131.6830123126317, 401.7152381156021], [1077.5798154431227, 405.27782851659015], [1147.9872830214665, 418.83514795437156], [1119.0492931651584, 449.5435379320596]], "kpt2d_body_mask": [true, true, true, true, true, true, true, true, true, true, true, true, true, true, true, true, true, true, true], "kpt3d_body_mask": [true, true, true, true, true, true, true, true, true, true, true, true, true, true, true, true, true, true, true], "kpt_list": ["Thorax", "Nose", "Pelvis", "L_Shoulder", "L_Elbow", "L_Wrist", "L_Hip", "L_Knee", "L_Ankle", "R_Shoulder", "R_Elbow", "R_Wrist", "R_Hip", "R_Knee", "R_Ankle", "L_Eye", "L_Ear", "R_Eye", "R_Ear"]}