{"id": 1, "class": "person", "kpt3d_body": [[278.91784987235263, -24.83082909790454, 2670.829660907382], [405.47309024888784, -186.94805248948285, 2604.9514168590963], [250.19265491051925, 382.53846324535505, 3082.8996017648437], [137.5949769828556, -75.84005920636287, 2719.6613677367077], [135.468002238254, -157.5039646896181, 2998.147389971864], [276.2486756716728, -310.6438547767016, 2942.3657579350424], [179.23372466089845, 331.30176337187197, 3130.390514669568], [166.5778983853636, 670.4744152622238, 3417.7443007522024], [142.98876377636805, 977.8112069319326, 3663.5509259126184], [403.82292512662684, 42.751375045139355, 2612.5763115063974], [474.26737751796423, -93.23945581851675, 2873.9218796004507], [360.52117249778604, -304.9259003646546, 2946.06560609888], [321.1523842392519, 433.77389417751147, 3035.4087243633976], [246.63238585128667, 769.3214013325598, 3309.284085548472], [204.96559656487983, 1073.9560489023957, 3559.882209914271], [378.21788067030326, -224.2402604665142, 2585.6981185380455], [274.39357468189905, -220.88667768049703, 2575.3859441431596], [409.0914623432641, -181.38605062971664, 2557.3780191723063], [354.21086415366767, -115.66147099801896, 2498.77990593383]], "kpt2d_body": [[1094.0675337097316, 536.3469447968299], [1164.2316831364767, 450.14965070803646], [1061.3324827580473, 720.9398615843093], [1019.3097789708227, 510.4628677789643], [1011.741990801901, 476.2082154379455], [1079.06918087334, 403.0814513355208], [1028.34991791181, 695.9974831877404], [1016.0201287452263, 819.2636671586756], [1002.1672366583634, 913.451736434464], [1163.036713743092, 571.8786637407875], [1177.2702609889502, 504.4362226733277], [1118.3357545218275, 406.18008936587535], [1095.1275730037516, 746.4508854313275], [1051.08239255592, 867.5969753690554], [1027.0956624023893, 958.5826352663016], [1151.2709717198031, 429.48095624778597], [1096.688747973002, 430.4633006681174], [1170.1224711126645, 451.3429276858635], [1145.3778956328192, 485.206610581189]], "kpt2d_body_mask": [true, true, true, true, true, true, true, true, true, true, true, true, true, true, true, true, true, true, true], "kpt3d_body_mask": [true, true, true, true, true, true, true, true, true, true, true, true, true, true, true, true, true, true, true], "kpt_list": ["Thorax", "Nose", "Pelvis", "L_Shoulder", "L_Elbow", "L_Wrist", "L_Hip", "L_Knee", "L_Ankle", "R_Shoulder", "R_Elbow", "R_Wrist", "R_Hip", "R_Knee", "R_Ankle", "L_Eye", "L_Ear", "R_Eye", "R_Ear"]}