{"id": 1, "class": "person", "kpt3d_body": [[244.73298077083774, -50.46520902797198, 2690.0248117902624], [374.63204793700817, -221.34990348125967, 2625.1918655896156], [251.75622211387292, 377.1002941941518, 3093.7287050151344], [149.8968602356683, -146.3813213663181, 2780.9641383158587], [192.41979530924988, -273.64302187178964, 3045.603923865906], [334.65356286275085, -354.7871013873933, 2880.658348142789], [194.61291480341032, 322.02357400961176, 3154.942684015859], [163.8583926492567, 670.3882773161708, 3422.190262921704], [142.21650262291863, 977.396024130365, 3664.6382943009844], [330.285202549876, 43.069092675456915, 2592.2154611284122], [602.7763261911439, 75.27937817972031, 2723.541289644966], [588.8675227121337, -170.96487315653235, 2771.2207580364257], [308.8987004057643, 432.1765414051856, 3032.513663458872], [238.3929839185616, 770.1763576407152, 3309.8565220119126], [205.06953633105812, 1074.4942628386457, 3561.3385771494304], [344.45469857431397, -258.6602110862694, 2610.3495261544163], [239.92679939238866, -252.66159769135413, 2612.2113059289886], [372.5764780631786, -218.7174065243687, 2576.6033129348525], [311.0486848487536, -153.86196195843297, 2520.786725813299]], "kpt2d_body": [[1075.4333530818406, 523.1951854247459], [1146.4123046514019, 432.7568199807082], [1061.6553293211477, 717.9305776836204], [1023.8735251259211, 476.0827948545129], [1036.6450124457415, 424.58105510261953], [1109.6103198596866, 379.14659866126135], [1034.512382937486, 690.7882736505076], [1014.8397636373152, 818.8924735974862], [1001.8648042263405, 913.2006851899915], [1125.770849641752, 572.2757419398916], [1253.422012620677, 587.2021402147368], [1241.3368782538846, 464.51486451095957], [1089.713677999573, 745.9628929429381], [1047.6544159989076, 867.9182228235143], [1027.102983299565, 958.6184440856892], [1131.5371464403888, 412.3379110881298], [1076.3172400884869, 415.25698134517927], [1148.9990234978802, 431.9923942652111], [1120.0694454706954, 464.7208869634782]], "kpt2d_body_mask": [true, true, true, true, true, true, true, true, true, true, true, true, true, true, true, true, true, true, true], "kpt3d_body_mask": [true, true, true, true, true, true, true, true, true, true, true, true, true, true, true, true, true, true, true], "kpt_list": ["Thorax", "Nose", "Pelvis", "L_Shoulder", "L_Elbow", "L_Wrist", "L_Hip", "L_Knee", "L_Ankle", "R_Shoulder", "R_Elbow", "R_Wrist", "R_Hip", "R_Knee", "R_Ankle", "L_Eye", "L_Ear", "R_Eye", "R_Ear"]}