{"id": 1, "class": "person", "kpt3d_body": [[288.2799320124284, -13.720965023506437, 2657.4005169196244], [418.4970019141291, -167.64645914081953, 2584.036550659868], [258.62461172231724, 379.46700172686036, 3086.5878523962356], [143.05483517709786, -51.81759470301543, 2690.784860121079], [102.71788034267362, -190.38579530514681, 2950.893289606915], [271.2097460210884, -350.5482363865008, 2920.049071769339], [176.10890266343475, 333.539388184705, 3126.6935203536505], [166.38298246408448, 669.4704002583351, 3422.751362711399], [143.52056661266093, 979.3297731589305, 3665.589298404932], [415.6567033949252, 39.02056215557238, 2618.088262167519], [481.71890137293923, -144.2369171547888, 2862.0847104952054], [352.8302469054888, -365.1480422753366, 2942.369985367085], [341.1402509323375, 425.3944965346034, 3046.4823294328753], [249.45936251411254, 764.6616181140262, 3310.8481805924116], [203.511742439877, 1073.6383497782317, 3559.1161655683577], [393.10911939981025, -205.90126261791255, 2564.385563341737], [289.2225347951198, -205.34405573125554, 2558.5315294126203], [419.82165439862945, -158.16132556118376, 2537.8880185318203], [359.1489919384868, -92.10879689243868, 2488.3162736052773]], "kpt2d_body": [[1099.6695605290788, 542.086056036708], [1172.8867258668001, 459.68820894520195], [1064.9822433560912, 719.3507148936467], [1022.8990687853657, 522.4638364340744], [997.2737502513984, 459.55993083455076], [1077.5597547386853, 383.187220875576], [1027.0532737113022, 697.1601984742724], [1015.8475572005754, 818.482701264865], [1002.3338716549711, 913.7998024746344], [1168.773939797688, 569.8530406785969], [1181.6542503636865, 479.6882952833396], [1114.7386927375496, 377.90372769829], [1103.6537720128324, 741.9163656529703], [1052.2222984926898, 865.5689436941011], [1026.5581070741716, 958.5559799844846], [1160.9328245339786, 438.39350602283616], [1105.6875961866078, 438.11008600838954], [1177.6331712403178, 463.2382085313788], [1148.9589784282152, 498.0331476736618]], "kpt2d_body_mask": [true, true, true, true, true, true, true, true, true, true, true, true, true, true, true, true, true, true, true], "kpt3d_body_mask": [true, true, true, true, true, true, true, true, true, true, true, true, true, true, true, true, true, true, true], "kpt_list": ["Thorax", "Nose", "Pelvis", "L_Shoulder", "L_Elbow", "L_Wrist", "L_Hip", "L_Knee", "L_Ankle", "R_Shoulder", "R_Elbow", "R_Wrist", "R_Hip", "R_Knee", "R_Ankle", "L_Eye", "L_Ear", "R_Eye", "R_Ear"]}