{"id": 1, "class": "person", "kpt3d_body": [[255.86656225390863, -80.05430500338647, 2705.3758142139372], [380.1797974243924, -248.97342663119133, 2647.1864309479174], [230.2444071617984, 383.30145238024886, 3087.926364137489], [176.29496320592597, -173.3092970914376, 2813.542992063245], [123.16056515347903, -371.20969879657736, 3022.569872581248], [271.85193702117, -504.7192801302279, 2872.7247038436453], [192.64972361729895, 323.6500787792039, 3159.008060491524], [163.79189694532602, 671.5565056888671, 3424.8772990360667], [140.9484080079966, 976.1356567564314, 3663.1264809591476], [323.26763131679286, 15.10233951755609, 2590.776882357555], [536.7866618612418, 154.0200879310946, 2419.113143836107], [575.0427851544906, -88.39919095087723, 2417.39470143769], [267.8389859330043, 442.9526478796751, 3016.844885274536], [227.77559743348877, 770.3334354322606, 3304.6303640729775], [205.56539711122264, 1076.25250131324, 3562.385507826885], [348.005370328395, -285.21490085356135, 2636.360902402582], [246.16899086078467, -275.28287886377143, 2646.3303149648455], [375.062320216094, -250.27073986060003, 2598.643159826179], [313.92903704855064, -185.35156068690497, 2544.007611265639]], "kpt2d_body": [[1080.4004037674017, 508.16604460607215], [1147.5628034640963, 419.3795468637869], [1052.217983330423, 721.0509124958961], [1036.0278324615879, 463.6752513773205], [1005.3687704847066, 379.0664633021952], [1079.3858687421061, 307.340291742205], [1033.538333586265, 691.3203645632176], [1014.7599164030439, 819.1453748077455], [1001.4152361870765, 912.8958995627459], [1122.150501885968, 557.3310804614293], [1253.9162857762026, 636.5889690618887], [1275.49227455656, 499.1441599615964], [1071.6555458920725, 751.9844477952216], [1043.4061048320777, 868.5079560770567], [1027.2640660058646, 959.1402397979957], [1131.5033321668288, 399.8503183288876], [1077.8878281585314, 405.2103668117759], [1148.5153950976487, 416.28754938095005], [1120.0020295272407, 448.395025829475]], "kpt2d_body_mask": [true, true, true, true, true, true, true, true, true, true, true, true, true, true, true, true, true, true, true], "kpt3d_body_mask": [true, true, true, true, true, true, true, true, true, true, true, true, true, true, true, true, true, true, true], "kpt_list": ["Thorax", "Nose", "Pelvis", "L_Shoulder", "L_Elbow", "L_Wrist", "L_Hip", "L_Knee", "L_Ankle", "R_Shoulder", "R_Elbow", "R_Wrist", "R_Hip", "R_Knee", "R_Ankle", "L_Eye", "L_Ear", "R_Eye", "R_Ear"]}