{"id": 1, "class": "person", "kpt3d_body": [[266.69440884063226, -54.968179804347415, 2740.5053864334322], [417.933568721549, -253.5781077878852, 2666.2826889100143], [232.76986199805964, 377.7499201351881, 3090.9287095148784], [197.17449763268098, -163.35936290323517, 2862.2858964010175], [175.89875262519718, 21.671738408980445, 3072.1570711912036], [252.2181820857548, 204.40711830623783, 3231.753982889746], [192.08588776104313, 313.54345552411047, 3165.288819649806], [163.93188051662963, 664.2709101641088, 3422.7140847462724], [144.32562492176766, 976.0517228709107, 3666.0354893384692], [344.88160896164266, 48.40880943263443, 2617.2864927147893], [361.1283921322114, 294.8518384132157, 2769.040905420034], [411.8819706380922, 453.6932602215302, 2984.25540342447], [273.4539060839384, 441.9565034806783, 3016.568454385896], [227.08408253166704, 773.8449358716025, 3309.924611592926], [200.97156621014292, 1075.1451038506825, 3560.504326901485], [388.2051645110176, -291.6724074317776, 2657.016381391927], [284.52263675441543, -289.12626177395595, 2666.4972425858205], [412.59652593007195, -256.3317401875574, 2616.518873897602], [347.4656590603533, -195.92426285017382, 2559.6948153215412]], "kpt2d_body": [[1084.2101236257479, 521.4026755518211], [1165.4911410976279, 418.0750353113908], [1053.2616374398729, 718.4153988367534], [1044.6932244535822, 469.9681750845202], [1028.6006413455582, 559.064077301706], [1057.378898836756, 637.061315904374], [1033.139574136228, 686.63893329156], [1014.8720105317602, 816.4431480504409], [1002.6344813454981, 912.5815703593487], [1131.7616140155303, 574.8738025135231], [1129.3423991815428, 696.3243639468553], [1139.1415753207345, 758.4331035117798], [1074.2348523662176, 751.5335121023022], [1042.9609017315033, 869.4262592867381], [1025.5553799871893, 958.9597558341021], [1150.7893302020777, 397.83401900456954], [1096.7254507828977, 399.2644240062158], [1166.74190776932, 414.16026918468106], [1136.937000685204, 443.40592983683376]], "kpt2d_body_mask": [true, true, true, true, true, true, true, true, true, true, true, true, true, true, true, true, true, true, true], "kpt3d_body_mask": [true, true, true, true, true, true, true, true, true, true, true, true, true, true, true, true, true, true, true], "kpt_list": ["Thorax", "Nose", "Pelvis", "L_Shoulder", "L_Elbow", "L_Wrist", "L_Hip", "L_Knee", "L_Ankle", "R_Shoulder", "R_Elbow", "R_Wrist", "R_Hip", "R_Knee", "R_Ankle", "L_Eye", "L_Ear", "R_Eye", "R_Ear"]}