{"id": 1, "class": "person", "kpt3d_body": [[250.79085820973475, -87.55321313540662, 2711.1024586700337], [380.9204939170707, -253.01861997175223, 2660.8953596620263], [224.3166980636087, 376.67668193633205, 3094.8415996838967], [172.74762441744045, -179.68212123335576, 2819.2161136014274], [132.91140754048462, -384.805869619924, 3023.5433738418483], [289.4852985868534, -510.8155683562265, 2858.689859679032], [190.0623006989899, 316.30499580003413, 3171.7329777415516], [158.07854896156027, 668.6178847688501, 3426.365316709669], [141.00431276394642, 976.6251682196603, 3663.2374285397987], [320.76307973574524, 3.7935733711374553, 2600.513283110824], [544.8148818576175, 134.2110553656572, 2434.571351447064], [567.3137250047741, -109.08440773536569, 2436.2043477871403], [258.57116278460387, 437.04932808085516, 3017.9506264068323], [223.72692204882202, 768.2390463288425, 3304.800912935741], [208.1643529022033, 1075.2171246254734, 3562.2558422522907], [350.137938091395, -290.5370020893727, 2650.2152696057583], [247.10428627971524, -284.0322859828268, 2654.2146769442015], [378.33407154323714, -255.56020379968686, 2612.5571559998334], [315.32861967371224, -194.3326227917106, 2552.0824121888204]], "kpt2d_body": [[1077.5245643955266, 504.409629117235], [1146.9204427458542, 417.95176145009077], [1049.3546420214002, 717.7469611835123], [1034.0975840194983, 460.70946109867964], [1009.8068775417462, 372.9584358205551], [1088.4509768034745, 303.37520102768553], [1032.0801160065846, 687.5657283210235], [1012.4395933441107, 817.8865613537134], [1001.433579063453, 913.0606505864141], [1120.181711609291, 551.2730530620624], [1256.5284429022036, 624.8761271490629], [1268.7579841696675, 487.869676685574], [1067.3968742013258, 749.2719837273063], [1041.7308997996852, 867.6637209961933], [1028.2609312426894, 958.7698543640466], [1131.6445852154047, 397.872555357696], [1077.9701888520399, 401.1004727320686], [1149.1607578139406, 414.21667739910197], [1120.1959788145455, 443.8582835286618]], "kpt2d_body_mask": [true, true, true, true, true, true, true, true, true, true, true, true, true, true, true, true, true, true, true], "kpt3d_body_mask": [true, true, true, true, true, true, true, true, true, true, true, true, true, true, true, true, true, true, true], "kpt_list": ["Thorax", "Nose", "Pelvis", "L_Shoulder", "L_Elbow", "L_Wrist", "L_Hip", "L_Knee", "L_Ankle", "R_Shoulder", "R_Elbow", "R_Wrist", "R_Hip", "R_Knee", "R_Ankle", "L_Eye", "L_Ear", "R_Eye", "R_Ear"]}