{"id": 1, "class": "person", "kpt3d_body": [[253.92456742429567, -81.11467948889185, 2707.057475785728], [378.9860996274134, -248.74374936906065, 2647.725985222027], [229.77717169694924, 382.35196875829797, 3089.446479949486], [173.61991132653955, -174.2217741325723, 2813.709124698444], [123.7999471807256, -371.13057640285064, 3023.682019275717], [276.7351827705635, -504.7092260742059, 2870.996929012556], [189.93334658547965, 324.4807930465575, 3158.446923861552], [162.34005244658508, 671.6252605266825, 3424.9430526203087], [141.95526254124528, 977.9975497375226, 3663.056811982552], [321.79171518016466, 14.771269946391925, 2591.023786178473], [534.5416565716466, 155.32253271717295, 2421.4555429967963], [575.4653790680238, -87.56612207804949, 2419.3784493140884], [269.62135103770237, 440.2220555944741, 3020.444211517861], [226.0721172610642, 771.0641585938704, 3304.4743289377902], [207.29194775371394, 1075.9742408524905, 3563.1052511735834], [347.26404855131, -284.87653380738976, 2637.0803479702217], [244.99114702540467, -276.03798678374915, 2646.6458565449284], [373.93401022761515, -250.1003747404144, 2598.987981092524], [312.4742729535208, -186.07487445073275, 2544.1379900486063]], "kpt2d_body": [[1079.3247054168412, 507.6462595093884], [1146.9068668314678, 419.520139882403], [1051.9606835197503, 720.5467603172733], [1034.7005597843859, 463.22786392564956], [1005.6417132675657, 379.1652418276169], [1081.7986274024506, 307.22412771869404], [1032.3589302670434, 691.7121013599473], [1014.1743448306781, 819.1703220155773], [1001.7881499400851, 913.567839306529], [1121.3495159730528, 557.1535279392201], [1252.3825698357525, 637.2529759660347], [1275.467524207057, 499.65653230274427], [1072.333764175382, 750.50749988032], [1042.7018513562155, 868.8225616967156], [1027.9078544482634, 958.9546635177871], [1131.0702532492296, 400.06340973661827], [1077.255693235803, 404.831370063558], [1147.8960809912724, 416.39033881678483], [1119.2045937297005, 448.0037796985513]], "kpt2d_body_mask": [true, true, true, true, true, true, true, true, true, true, true, true, true, true, true, true, true, true, true], "kpt3d_body_mask": [true, true, true, true, true, true, true, true, true, true, true, true, true, true, true, true, true, true, true], "kpt_list": ["Thorax", "Nose", "Pelvis", "L_Shoulder", "L_Elbow", "L_Wrist", "L_Hip", "L_Knee", "L_Ankle", "R_Shoulder", "R_Elbow", "R_Wrist", "R_Hip", "R_Knee", "R_Ankle", "L_Eye", "L_Ear", "R_Eye", "R_Ear"]}