{"id": 6, "class": "person", "kpt3d_body": [[-223.4221049674913, -224.54639852124387, 2812.8416867758438], [-382.57046601655475, -399.38120098154883, 2783.902320984981], [-209.49756173911095, 331.27701970326683, 2954.022541319834], [-239.538342671469, -187.0951963479365, 2647.0954193419793], [-152.1723043763308, 57.961218311632905, 2486.853101253145], [-200.7189268780728, 220.78852997792367, 2690.543713702602], [-213.21931494917524, 352.74029855368826, 2858.9303773551364], [-187.5687212714682, 757.9294517352414, 2963.1699984007632], [-181.49393861329574, 1167.3152738025435, 3081.8736446355715], [-210.93975822864692, -267.2005672138181, 2972.0107035029932], [-106.72159915952291, -135.02329421503703, 3221.203540493678], [-179.7269723026671, 114.86865814708892, 3137.4700132824373], [-205.77676835481674, 309.8146814565004, 3049.115145737997], [-191.78731675335007, 710.9361833501534, 3154.536237784222], [-161.2518672737292, 1119.867907730656, 3244.126716138071], [-366.1337684547059, -423.3176623644434, 2741.6188279670564], [-278.29034550767057, -401.45768841580605, 2686.343544139143], [-358.31850481009076, -442.43656300954626, 2800.831892014246], [-259.9475711002517, -443.59931109487604, 2834.866457430361]], "kpt2d_body": [[789.1404511348914, 404.43835263763737], [682.5832240405279, 287.73167675233736], [805.0525672633917, 759.914677723583], [768.6126258498373, 421.40071094293], [822.8394744098846, 595.5628206811592], [798.0926225270357, 704.3594558650411], [798.3350660057695, 780.5968462083209], [820.1737899802336, 1022.068664644228], [829.3763001445125, 1241.4815486109937], [804.8505052277815, 385.7821653250684], [875.0115455655726, 474.5359027859342], [830.1114088851253, 620.2430386962852], [811.3620367535212, 740.4960639509732], [824.5236587437735, 967.1103926644536], [845.8607618620949, 1182.0891090006498], [689.8363046940628, 267.6454230976943], [744.9270518782315, 276.4081954074275], [700.1981730536738, 261.0605690832821], [766.943265365778, 263.4065692830932]], "kpt2d_body_mask": [true, true, true, true, true, true, true, true, true, true, true, true, true, true, true, true, true, true, true], "kpt3d_body_mask": [true, true, true, true, true, true, true, true, true, true, true, true, true, true, true, true, true, true, true], "kpt_list": ["Thorax", "Nose", "Pelvis", "L_Shoulder", "L_Elbow", "L_Wrist", "L_Hip", "L_Knee", "L_Ankle", "R_Shoulder", "R_Elbow", "R_Wrist", "R_Hip", "R_Knee", "R_Ankle", "L_Eye", "L_Ear", "R_Eye", "R_Ear"]}