{"id": 6, "class": "person", "kpt3d_body": [[-222.33870527382436, -248.7562874660449, 2823.525641704464], [-350.9158654827928, -406.29883796458984, 2796.29558471583], [-221.2874030481001, 307.7895614380529, 2955.158179064126], [-208.08078146533325, -198.1546075429182, 2675.6212489204922], [-344.03695892073574, -142.6282847241677, 2428.6564424616886], [-446.2466310718955, -344.94077461951207, 2549.6349211033153], [-229.8854754845824, 330.8459158591077, 2861.562496545661], [-200.92795575118788, 749.1846069222152, 2967.1928875625554], [-184.8536743463455, 1166.3532997434809, 3082.961785418859], [-214.1952371374378, -290.87630477419935, 2975.5702003798183], [-352.9533137330245, -426.86307910984823, 3168.7599148516642], [-446.74147468868176, -474.52342638432583, 2923.563077111383], [-212.69023474147212, 284.73407114325244, 3048.7545867274207], [-199.22689184553963, 704.7992316016604, 3157.727819787765], [-162.5645676881063, 1117.7721925969356, 3244.504448729018], [-331.90363257438594, -430.19074304007574, 2758.00378550557], [-244.71029967995594, -405.1901308863401, 2705.4664323189495], [-325.7718073753265, -447.0207233753757, 2816.141198096489], [-230.27299541122284, -444.6099387178677, 2851.117941533329]], "kpt2d_body": [[790.444023410088, 389.1490004394525], [704.5410399562857, 284.22855361145633], [797.6724154070341, 745.1579752117073], [792.1943736629048, 415.09992813914073], [674.0665330588097, 443.733414455621], [613.5487969228975, 303.1757888861491], [787.6361002667663, 766.2633423460923], [812.0226805179027, 1016.088798675798], [827.4240870857861, 1240.683973359349], [803.0144464450818, 371.29195513930995], [730.4223498832504, 303.5133147906635], [654.5950000834157, 253.4442033547187], [807.1083543970146, 725.3196865750093], [820.2776360870173, 963.1552408318889], [845.1264767425052, 1180.8679307255102], [714.1390464225883, 264.6093544085063], [769.1865428944539, 275.69886276882016], [722.751002342337, 259.513296513214], [787.124040048755, 264.30099007660243]], "kpt2d_body_mask": [true, true, true, true, true, true, true, true, true, true, true, true, true, true, true, true, true, true, true], "kpt3d_body_mask": [true, true, true, true, true, true, true, true, true, true, true, true, true, true, true, true, true, true, true], "kpt_list": ["Thorax", "Nose", "Pelvis", "L_Shoulder", "L_Elbow", "L_Wrist", "L_Hip", "L_Knee", "L_Ankle", "R_Shoulder", "R_Elbow", "R_Wrist", "R_Hip", "R_Knee", "R_Ankle", "L_Eye", "L_Ear", "R_Eye", "R_Ear"]}