{"id": 6, "class": "person", "kpt3d_body": [[-213.44256751703998, -214.9122903000253, 2820.530898179777], [-378.05258965541157, -388.4161720014768, 2766.544364298583], [-202.83979095515733, 313.8494535136712, 2952.932147869653], [-199.73845772835702, -173.8052966329127, 2653.9007397597597], [-319.4137201674773, 82.67307661096481, 2694.6112918619483], [-365.8844161108069, 31.871062224867188, 2936.811199943717], [-195.95949330624603, 335.3371574581057, 2859.922263573098], [-185.67104112741117, 750.1582613970322, 2964.7525772566696], [-183.28544130566064, 1167.8520777821004, 3083.466888458913], [-244.18536676091807, -258.1268278014113, 2982.307400178447], [-408.03797091330046, -37.42450202506845, 2980.4993402751734], [-370.8070200372924, -224.114965457415, 2828.4877275735103], [-209.72011510123576, 292.3597908545621, 3045.941616552537], [-197.66636900265016, 704.983206205327, 3153.52029892615], [-161.81675965223948, 1119.0727187724938, 3244.744396323518], [-356.27920950588623, -413.72786813174656, 2727.3913638553404], [-260.5111197696733, -396.0800213099435, 2684.272282648319], [-356.7556657481857, -432.2979463682944, 2786.6683829257913], [-263.0022817629032, -437.6805344646647, 2833.4469818342623]], "kpt2d_body": [[796.0849229545186, 411.14113395759136], [683.9644357734048, 293.337396782023], [809.1526870509351, 749.1185009070241], [796.8118761808425, 430.94392193592665], [716.5986157638873, 609.1385877934209], [705.3991620294345, 572.4181898071646], [809.5249502949642, 769.3438153748301], [821.3885916368922, 1017.1021903531403], [828.3726706839626, 1241.4385012469472], [784.6332766038589, 392.0239437271331], [682.6806694666365, 529.0891251273971], [693.6387719031301, 405.8103324032037], [808.807483461874, 730.106373133013], [821.037353176144, 963.8043891640566], [845.5574311754807, 1181.536107020262], [695.1648487320463, 272.57243540738665], [756.9823237745826, 279.8105748160194], [700.0001592645095, 266.2499636225374], [764.8509285188474, 267.0999581793065]], "kpt2d_body_mask": [true, true, true, true, true, true, true, true, true, true, true, true, true, true, true, true, true, true, true], "kpt3d_body_mask": [true, true, true, true, true, true, true, true, true, true, true, true, true, true, true, true, true, true, true], "kpt_list": ["Thorax", "Nose", "Pelvis", "L_Shoulder", "L_Elbow", "L_Wrist", "L_Hip", "L_Knee", "L_Ankle", "R_Shoulder", "R_Elbow", "R_Wrist", "R_Hip", "R_Knee", "R_Ankle", "L_Eye", "L_Ear", "R_Eye", "R_Ear"]}