{"id": 6, "class": "person", "kpt3d_body": [[-229.95530381357293, -226.15061720229903, 2815.7323470641504], [-413.3630436527685, -401.58248577205256, 2784.261103450938], [-212.85132163806196, 331.2486850079558, 2952.627675557096], [-260.47684891507765, -185.14158867611172, 2648.9891758245194], [-163.97771744715067, 56.907234160444204, 2487.146075799739], [-203.5517910106396, 219.67276738588623, 2689.8476909694186], [-215.55992686906376, 352.0052895932494, 2857.983109241614], [-188.71156714780085, 758.4176364894546, 2962.711104776062], [-180.93246359448244, 1165.3215858382848, 3082.3796876023584], [-232.5835041409806, -264.8004235081575, 2973.725279573191], [-118.96258282958908, -134.9275484490471, 3223.8411167569866], [-189.6977831497071, 115.19629079271681, 3136.4042624162803], [-210.142720372991, 310.49108831909166, 3047.272081514303], [-191.414440284496, 710.1251398249229, 3153.970382202767], [-162.533449662174, 1118.6747852312558, 3244.682869285207], [-393.2996796876693, -427.4494641181076, 2742.5039297896146], [-303.1726328769491, -398.45987468990756, 2692.2705830266664], [-387.5634030228108, -444.48413697492043, 2802.078218025332], [-287.663527739968, -438.29318545108805, 2840.5686475561442]], "kpt2d_body": [[784.9946077790519, 403.54610364810026], [662.3167455059763, 286.45071899924613], [802.8867358883647, 759.9886701742497], [754.0985863210426, 422.8913334874304], [814.0379238648246, 594.7671770388582], [796.103138123076, 703.6276565447089], [796.7720546310065, 780.1937529671925], [819.448309052957, 1022.4335700032439], [829.7197229201648, 1240.2294711216045], [791.4343359662691, 387.40025780137233], [868.0014196863076, 474.6584629209824], [824.1707853070362, 620.4552545122906], [808.6321417714005, 741.0125693430839], [824.7197056648406, 966.7183793595779], [845.1510777239195, 1181.3282580869943], [671.7424082965076, 265.10416914853585], [728.295750618833, 279.1401065428769], [681.1335061787756, 259.98072151639076], [749.2605662953366, 267.4913992232355]], "kpt2d_body_mask": [true, true, true, true, true, true, true, true, true, true, true, true, true, true, true, true, true, true, true], "kpt3d_body_mask": [true, true, true, true, true, true, true, true, true, true, true, true, true, true, true, true, true, true, true], "kpt_list": ["Thorax", "Nose", "Pelvis", "L_Shoulder", "L_Elbow", "L_Wrist", "L_Hip", "L_Knee", "L_Ankle", "R_Shoulder", "R_Elbow", "R_Wrist", "R_Hip", "R_Knee", "R_Ankle", "L_Eye", "L_Ear", "R_Eye", "R_Ear"]}