{"id": 6, "class": "person", "kpt3d_body": [[-219.2672689845723, -237.98854777964038, 2819.304692729218], [-368.6123480220392, -392.6035051304913, 2801.2735904999163], [-222.80608028698208, 309.2744273246267, 2955.2323393834154], [-209.75770962752833, -195.19521536973855, 2673.1029943356566], [-462.5878397018563, -79.90917055526637, 2587.8150982692973], [-483.3570113767544, -319.83968396475177, 2726.489751644776], [-232.1929039650185, 334.2024586496616, 2865.015969803212], [-203.40961789104034, 749.705788139895, 2967.94168804477], [-184.11770814500647, 1166.3637602409412, 3082.0290197846125], [-192.3497400710346, -277.7937658030186, 2961.5923039359195], [-424.0383508310532, -227.52018940619365, 3128.4653036915283], [-456.6083186828474, -373.08721415742383, 2906.885439895903], [-213.41933483609762, 284.3455058658883, 3045.448169016859], [-201.2708610214214, 703.9911108384235, 3155.8167599142366], [-164.37599704954198, 1119.2477693105197, 3245.589263824153], [-355.10424944187434, -415.8348683298854, 2760.417801763767], [-267.50700631980396, -401.82981523727364, 2701.021940816977], [-348.1693508097075, -435.0855405841162, 2819.737455575609], [-252.68241651730622, -442.217739984047, 2845.956781688528]], "kpt2d_body": [[792.2279347230252, 395.95752692110125], [693.2727464039885, 293.7313378247889], [796.7265010976985, 746.0775066443077], [790.8919242060841, 417.021081796594], [605.8144216571351, 495.3173417588353], [609.1887520643993, 336.1678521700951], [786.3308784406213, 768.1606828486894], [810.5177359994225, 1016.2828795523662], [827.8272694327577, 1240.894403038125], [816.0410995028193, 378.5664351839861], [685.4082033687507, 417.8513028876903], [646.3212497276197, 315.67583515490844], [806.5240512221314, 725.2699838720234], [819.0126665059865, 962.9303543519798], [844.1396667245544, 1181.4663906380017], [698.8091824338837, 274.47498037671846], [753.3240495441486, 277.6025976618097], [708.3533207189352, 267.71817607330223], [772.30603353983, 265.38812586450524]], "kpt2d_body_mask": [true, true, true, true, true, true, true, true, true, true, true, true, true, true, true, true, true, true, true], "kpt3d_body_mask": [true, true, true, true, true, true, true, true, true, true, true, true, true, true, true, true, true, true, true], "kpt_list": ["Thorax", "Nose", "Pelvis", "L_Shoulder", "L_Elbow", "L_Wrist", "L_Hip", "L_Knee", "L_Ankle", "R_Shoulder", "R_Elbow", "R_Wrist", "R_Hip", "R_Knee", "R_Ankle", "L_Eye", "L_Ear", "R_Eye", "R_Ear"]}