{"id": 6, "class": "person", "kpt3d_body": [[-63.887418508012374, -486.9948819964485, 2936.8603664078223], [-163.41924027811305, -679.2668214041508, 3018.3014121865904], [-55.555484061338404, 70.328469686538, 3018.569226329124], [-185.8647811064404, -466.15489593316295, 2822.610889474474], [-340.7772296726433, -349.6981118025907, 2637.428384040587], [-413.67536698123564, -576.1448740328977, 2647.935761300974], [-124.23085153345973, 75.72231276024993, 2951.898158168215], [-116.8774487124734, 502.0512786305835, 3015.9793090608628], [-97.37483836264396, 923.927134127755, 3071.792897726796], [70.57422035049598, -503.5955130495905, 3029.003331280842], [211.05514141533448, -495.6794603933729, 3269.3134856797246], [43.66077981279011, -703.0742383091671, 3234.953059631167], [13.119727745969021, 64.935631955791, 3085.240365581447], [32.9687935316, 477.92142672623044, 3133.3957991495067], [28.81995608388774, 900.5358068865401, 3182.404222890004], [-174.32430263703847, -706.072513454459, 2976.931007017817], [-146.62582624461115, -679.2507702896102, 2876.7836298307657], [-129.19345616439014, -716.2811676975041, 3016.970772639575], [-32.220981312085414, -703.580896558775, 2977.5695870155223]], "kpt2d_body": [[908.7817562353891, 302.027402832684], [858.682657670122, 211.77781240854995], [913.8099364211482, 596.8685616591563], [839.9752776924419, 303.2993005658689], [741.2019041207277, 354.11673815942333], [701.0972365919231, 224.70853565187878], [876.6029487917175, 600.5413577807192], [882.2470770630027, 819.5375101705397], [893.9906109007693, 1022.3028301497461], [979.179986711511, 301.34723437753723], [1043.6734286289948, 324.09093084121963], [963.7881850598659, 223.23913979259504], [949.4356438439974, 593.3436436763016], [959.2256682050665, 798.1691318617831], [956.8060960975321, 996.0173513792805], [851.9504094965802, 193.47929461330034], [863.7005440670472, 195.01959262550628], [876.340256468139, 192.9887094408661], [925.9946266794732, 194.53399865000728]], "kpt2d_body_mask": [true, true, true, true, true, true, true, true, true, true, true, true, true, true, true, true, true, true, true], "kpt3d_body_mask": [true, true, true, true, true, true, true, true, true, true, true, true, true, true, true, true, true, true, true], "kpt_list": ["Thorax", "Nose", "Pelvis", "L_Shoulder", "L_Elbow", "L_Wrist", "L_Hip", "L_Knee", "L_Ankle", "R_Shoulder", "R_Elbow", "R_Wrist", "R_Hip", "R_Knee", "R_Ankle", "L_Eye", "L_Ear", "R_Eye", "R_Ear"]}