{"id": 6, "class": "person", "kpt3d_body": [[-65.42336119008623, -484.1490151083316, 2925.7337838073136], [-144.01409191979957, -682.6860268324112, 3013.2751080063695], [-56.91282480079265, 72.82003631526507, 3013.1321537629697], [-182.99411955157234, -464.83856461631194, 2810.429341980377], [-432.03791571159917, -391.19278756335166, 2727.643253991883], [-433.05818425427213, -628.4321638387162, 2777.4877821612254], [-126.5525626858644, 78.78450955344903, 2946.4926286213504], [-117.12091073885867, 501.9241090820247, 3012.5481005992388], [-98.99873281814136, 925.2047594170804, 3073.6351057926313], [67.9555310010445, -498.82312870904923, 3019.236739562615], [197.6596133979329, -477.9757679029227, 3262.675622595206], [93.62319410555605, -706.0230856060435, 3239.890263573186], [12.727274881372907, 66.8557253241444, 3079.770739341524], [30.48297703287514, 477.3753611165907, 3131.2665554611976], [30.34633435193254, 902.560676599972, 3181.3424191102577], [-156.8786889857517, -709.6305431981164, 2971.069657454751], [-140.30267443468702, -679.530270737091, 2868.1017664394126], [-106.49758096987149, -717.8391208441296, 3004.7705148126493], [-14.442880798907218, -697.6611474243451, 2957.362457026984]], "kpt2d_body": [[907.8314404978987, 302.5554062038199], [868.5470176475851, 209.43892348529516], [913.0499013396993, 598.2300919261711], [841.1238811980402, 302.9130712760471], [696.322725892054, 337.85169572949866], [701.7708521173618, 211.60334522917714], [875.2454293663217, 602.2421655424373], [882.0527961870837, 819.7634382509402], [893.2078827852877, 1022.6472652773326], [977.9451885114453, 302.9496510653046], [1037.5031962978715, 331.9611312194446], [987.7405686372089, 222.4030415682252], [949.247108222645, 594.3794236198726], [957.9952743958698, 798.0607932230733], [957.5508301331654, 997.1035615216558], [860.8833407923349, 190.91287415676624], [866.8855004474323, 193.77641215215908], [887.7942065960854, 190.70204234382203], [935.2137612723812, 195.1087905868817]], "kpt2d_body_mask": [true, true, true, true, true, true, true, true, true, true, true, true, true, true, true, true, true, true, true], "kpt3d_body_mask": [true, true, true, true, true, true, true, true, true, true, true, true, true, true, true, true, true, true, true], "kpt_list": ["Thorax", "Nose", "Pelvis", "L_Shoulder", "L_Elbow", "L_Wrist", "L_Hip", "L_Knee", "L_Ankle", "R_Shoulder", "R_Elbow", "R_Wrist", "R_Hip", "R_Knee", "R_Ankle", "L_Eye", "L_Ear", "R_Eye", "R_Ear"]}