{"id": 6, "class": "person", "kpt3d_body": [[-41.763935291308165, -492.67861912915134, 2896.360862818262], [-128.45153623074853, -668.0471465215827, 2984.494796985411], [-51.98366616147136, 62.55273460757067, 3000.4819073636727], [-147.60140420559384, -468.2991025233763, 2787.8933980403717], [-400.594463112763, -398.468303571549, 2912.9318472906307], [-271.0706247495755, -620.2470761625365, 3017.2231049218203], [-127.21327681054842, 73.7415058655661, 2944.4076839677073], [-111.96041134002782, 499.0399984900006, 3000.894210407063], [-97.95270994689457, 926.4117674096954, 3073.994529816018], [84.34326377555058, -511.1666959409798, 2976.7690490728614], [32.504867069985075, -470.4621574693284, 3258.8870041091764], [-115.71858254744137, -646.5448500546047, 3120.36845446597], [23.245101936618404, 51.365832710989565, 3056.5571083054097], [32.39272813478226, 478.9101523239601, 3128.755556122478], [40.34821892290345, 902.297798294839, 3171.103831812707], [-143.34756388871415, -694.0976200671021, 2946.498547800573], [-126.19230049568706, -673.4488591426224, 2843.5665442702602], [-91.77185372876801, -704.4725272879889, 2984.5130304190952], [-7.10657092777611, -693.9345352521032, 2934.2609608807143]], "kpt2d_body": [[920.2487082425655, 295.426780725543], [875.9056307885606, 213.523797288443], [915.5061221568252, 593.0276690815834], [860.1089407242405, 298.8621105953328], [728.3979873951373, 347.74308536763886], [803.1271297229359, 241.7360340153353], [874.843801114996, 599.5888175868729], [884.4995356550542, 819.2882859029623], [893.7400655985434, 1023.1777246054], [987.027325344943, 292.96679979898676], [958.3776982440047, 335.08618863929587], [885.0548123410534, 238.7564121899233], [954.7081163600228, 586.6940820285239], [958.9616306480436, 799.0055236456303], [962.4674987108364, 998.3369460536785], [867.289995239902, 195.82713210467494], [873.9233298688879, 193.88303102659137], [895.0591217545535, 194.987717540235], [939.0371368336027, 194.2193483228799]], "kpt2d_body_mask": [true, true, true, true, true, true, true, true, true, true, true, true, true, true, true, true, true, true, true], "kpt3d_body_mask": [true, true, true, true, true, true, true, true, true, true, true, true, true, true, true, true, true, true, true], "kpt_list": ["Thorax", "Nose", "Pelvis", "L_Shoulder", "L_Elbow", "L_Wrist", "L_Hip", "L_Knee", "L_Ankle", "R_Shoulder", "R_Elbow", "R_Wrist", "R_Hip", "R_Knee", "R_Ankle", "L_Eye", "L_Ear", "R_Eye", "R_Ear"]}