{"id": 5, "class": "person", "kpt3d_body": [[45.419658378796164, -120.86554739711062, 2770.738186621924], [-75.32166223584949, -306.7112463518765, 2791.2880531865426], [25.512138527749983, 338.2951404122424, 3004.029565486405], [-53.874733928283256, -64.01958586116194, 2656.051800589298], [-273.73743807175, 80.0799728817087, 2544.278675551186], [-319.8540442829577, -157.65092863572988, 2541.18266919241], [-36.093091972342435, 385.0137589149409, 2935.7844385625513], [-7.348377313750785, 739.687172615394, 3072.734959528871], [44.864951312791035, 1116.6373039008956, 3214.8355596786446], [145.53189348939594, -171.80550323604677, 2879.10982336648], [259.07641092660793, -232.91538354070667, 3147.5593904535863], [161.50155817021016, -456.4704432368879, 3124.6674332843736], [87.11782470550718, 291.57635806625353, 3072.2750605314914], [84.34462619162987, 679.0978885642943, 3257.0160674449176], [139.24643748810385, 1043.106295379067, 3386.174729455147], [-76.46905832925269, -327.14276752129507, 2744.8650181765706], [-31.8014647055261, -284.5624869291234, 2661.844999904589], [-38.97451669268796, -340.17486295652844, 2790.1172121429763], [60.88251495630118, -323.42377916011543, 2776.455771689964]], "kpt2d_body": [[973.0278001998273, 484.7366494860047], [911.2580642216119, 390.9195591849434], [961.7273305021155, 706.5350231272819], [920.6886378254355, 512.4985535104778], [796.6048887271331, 591.4410327382259], [770.9519127666871, 458.9641600714799], [932.1843804212099, 732.5782918880954], [946.3202902594015, 884.0869846462798], [969.0283532121981, 1025.7452540226077], [1021.6877706369122, 461.98699739871375], [1066.7707396743594, 441.7971283087019], [1022.9671388015917, 340.1677414719139], [990.0147339147417, 681.5315173990375], [986.1945413825384, 840.0234911296824], [1006.9253789403265, 974.1512207538799], [910.0393048498845, 377.8233270343071], [932.643557376849, 395.09027276652876], [929.7881022340324, 373.942704264285], [980.8339499860529, 381.59472248792906]], "kpt2d_body_mask": [true, true, true, true, true, true, true, true, true, true, true, true, true, true, true, true, true, true, true], "kpt3d_body_mask": [true, true, true, true, true, true, true, true, true, true, true, true, true, true, true, true, true, true, true], "kpt_list": ["Thorax", "Nose", "Pelvis", "L_Shoulder", "L_Elbow", "L_Wrist", "L_Hip", "L_Knee", "L_Ankle", "R_Shoulder", "R_Elbow", "R_Wrist", "R_Hip", "R_Knee", "R_Ankle", "L_Eye", "L_Ear", "R_Eye", "R_Ear"]}