{"id": 5, "class": "person", "kpt3d_body": [[51.73466832756368, -123.82461189560104, 2774.3678282484525], [-75.71952927031016, -304.60867053986846, 2801.871338562137], [39.118816912039975, 339.8039861682706, 3004.110095539776], [-46.07024698324275, -66.6948382391098, 2659.758181370812], [-266.4913083330209, 76.24723568816052, 2550.369148063609], [-320.9960669655137, -166.46635758911515, 2546.0936745430963], [-16.832910180481527, 383.3928755061831, 2934.2337387368293], [0.2906574039494192, 738.7209530068706, 3069.9696039619857], [46.56884915888354, 1116.1118239372215, 3214.0515474243566], [151.71081684777482, -175.7732364600318, 2882.2526906179883], [261.11080921074455, -240.18336878669174, 3151.3017975781117], [147.2568632885934, -468.56054015804347, 3128.858465752388], [95.07021662786369, 296.21342121898806, 3073.985296855364], [95.84393841866768, 680.4739687997954, 3253.532790433176], [139.37424255733006, 1043.9115402199811, 3387.1768885695446], [-79.6268177492298, -325.06065807499937, 2756.5871893402254], [-32.1449660614788, -285.38764937376953, 2670.361022035162], [-42.20873179237924, -339.9390249582356, 2800.1462996495998], [58.591382576377235, -328.88168767174875, 2784.6656381528946]], "kpt2d_body": [[976.2438665762876, 483.30306003671274], [911.1982215537928, 392.5623878198387], [968.1691388533947, 707.2345327706553], [924.9162283577899, 511.11415980438437], [800.9798135486562, 589.2120840870098], [770.683161564212, 454.2435517983462], [941.4994378903745, 731.9077753204737], [949.8137940203407, 883.955414287843], [969.7664002147668, 1025.6415574888947], [1024.6575202043118, 460.1314752120794], [1067.537080523827, 438.66147794271814], [1016.4002607596384, 335.01565598014224], [993.6705270504053, 683.5818934383416], [991.2139165713115, 840.8965305631677], [1006.9596884024982, 974.3446230431726], [908.57623461179, 379.60208394225697], [932.5146931197182, 395.13539452592187], [928.2164793705946, 374.67703370161416], [979.5693168680089, 379.3176867966922]], "kpt2d_body_mask": [true, true, true, true, true, true, true, true, true, true, true, true, true, true, true, true, true, true, true], "kpt3d_body_mask": [true, true, true, true, true, true, true, true, true, true, true, true, true, true, true, true, true, true, true], "kpt_list": ["Thorax", "Nose", "Pelvis", "L_Shoulder", "L_Elbow", "L_Wrist", "L_Hip", "L_Knee", "L_Ankle", "R_Shoulder", "R_Elbow", "R_Wrist", "R_Hip", "R_Knee", "R_Ankle", "L_Eye", "L_Ear", "R_Eye", "R_Ear"]}