{"id": 5, "class": "person", "kpt3d_body": [[-33.25399829818731, -140.09569586456138, 2870.3792398334954], [-230.41975694170804, -244.37288069017455, 2806.958218395883], [38.816325607158426, 333.06813203124034, 3021.9141868060196], [-61.10534729996988, -78.96839651658354, 2718.2515995915664], [-26.477738906559843, 205.22165282363972, 2773.1337232279698], [-117.0535879866421, 339.1561397404423, 2958.6118003081], [19.18528687617, 357.64786552092164, 2929.1718599337682], [-63.693699699199506, 746.9007215588425, 3045.4841992108386], [-6.817450166744079, 1110.7529662845031, 3179.398241592401], [-3.720054987478427, -192.6790920975563, 3027.129298998197], [40.435944416143826, 64.08990638874471, 3163.1656652454076], [-74.24800740785922, 292.0333839049624, 3162.7802614942443], [58.44728261739915, 308.48897765771983, 3114.6576875377978], [93.01716134750924, 677.5936109022649, 3260.3340603298784], [140.59775819191802, 1038.7664733214378, 3390.1986283235833], [-215.57039242717576, -274.0630216642515, 2767.1708526522843], [-116.20469709908917, -293.2294183514776, 2736.288272457813], [-226.93926838108956, -289.61464448833766, 2825.967498595562], [-151.35006866006518, -330.5780299896219, 2880.291651477766]], "kpt2d_body": [[933.1109998939403, 477.36757773406845], [832.9242970182654, 423.35422095927595], [967.9204401351286, 703.1562443856576], [917.5580921381668, 505.4608095929868], [936.0323014303866, 651.9799267671359], [893.4022946512276, 709.3034299031326], [958.959526196036, 719.882067400634], [920.315134069216, 890.1789606379605], [946.7647369229093, 1028.3795732504457], [947.8875750994761, 456.2875462882547], [967.8842119871027, 575.6405670643163], [916.2169737368805, 677.9010737426136], [976.3576196313065, 687.3913498267631], [989.910556124521, 839.0878226433572], [1007.4256226739499, 971.9737325455764], [838.9236596974681, 406.42388555877835], [889.2406152955052, 394.79869049584426], [835.5438310817073, 401.5871479866199], [874.9612974855416, 384.12400799485874]], "kpt2d_body_mask": [true, true, true, true, true, true, true, true, true, true, true, true, true, true, true, true, true, true, true], "kpt3d_body_mask": [true, true, true, true, true, true, true, true, true, true, true, true, true, true, true, true, true, true, true], "kpt_list": ["Thorax", "Nose", "Pelvis", "L_Shoulder", "L_Elbow", "L_Wrist", "L_Hip", "L_Knee", "L_Ankle", "R_Shoulder", "R_Elbow", "R_Wrist", "R_Hip", "R_Knee", "R_Ankle", "L_Eye", "L_Ear", "R_Eye", "R_Ear"]}