{"id": 5, "class": "person", "kpt3d_body": [[6.472377260938762, -124.85455707480781, 2835.0428817143447], [-125.2433374739995, -334.4040883290205, 2845.9229512840184], [17.879973377447076, 318.959018758349, 3049.6510670479056], [-88.82418936625228, -54.87070386656043, 2710.6263194480325], [-107.23781936654478, 213.41235381573668, 2819.340664712312], [-160.01825562374935, 391.1975419091441, 3004.0012331453117], [-44.08206334134118, 364.4107410253166, 2989.047162432669], [-2.544967183984026, 730.5741865340889, 3131.845758155377], [70.08908943535177, 1094.1476696196746, 3249.1217780272764], [106.43555303149894, -189.69085913459196, 2960.4937830145755], [147.55632186045062, 42.276542023063115, 3123.182541447669], [28.15267842770598, 236.5488705200609, 3234.2011061382264], [79.84259144423118, 273.5067221725551, 3110.2537791060604], [78.91359952922635, 679.4148514549793, 3262.2483920637337], [125.6273851334128, 1047.4318107558036, 3349.583916012071], [-126.56876459600817, -350.6283884665356, 2797.989787951343], [-81.6375540495672, -296.47173013757026, 2719.2669069611293], [-88.32938399519063, -367.95382543926877, 2841.342548738942], [12.50348476032177, -345.1628040189564, 2830.0022894706417]], "kpt2d_body": [[952.8960222333798, 484.1395710179486], [887.0938997395683, 380.24366094788127], [957.989397769329, 695.2255922613205], [902.8773051294392, 517.9968281209797], [895.4540089982711, 654.3332086178084], [874.0301444958471, 731.1432400918573], [928.683752998116, 719.6121637995241], [948.5351720049837, 873.9506523564378], [979.6072644095777, 1011.9483764090867], [1000.8934837262436, 455.71539819600775], [1017.0444378741887, 566.0587467639134], [962.0488084579517, 650.7585873063923], [986.2049177176702, 671.6882581368025], [983.7893835483183, 839.7037703086845], [1001.8608616070071, 980.3245617004513], [885.3855177819045, 369.26747469363056], [906.9370793434252, 392.13282673040635], [905.4847917397308, 363.33406087928574], [955.9302766354571, 373.86891498148674]], "kpt2d_body_mask": [true, true, true, true, true, true, true, true, true, true, true, true, true, true, true, true, true, true, true], "kpt3d_body_mask": [true, true, true, true, true, true, true, true, true, true, true, true, true, true, true, true, true, true, true], "kpt_list": ["Thorax", "Nose", "Pelvis", "L_Shoulder", "L_Elbow", "L_Wrist", "L_Hip", "L_Knee", "L_Ankle", "R_Shoulder", "R_Elbow", "R_Wrist", "R_Hip", "R_Knee", "R_Ankle", "L_Eye", "L_Ear", "R_Eye", "R_Ear"]}