{"id": 5, "class": "person", "kpt3d_body": [[27.46906264960092, -114.05979975808549, 2761.628583391367], [-82.3419742479561, -303.2067984626019, 2767.6059627069717], [12.722973187727415, 346.93032702886, 2990.6438784432967], [-75.66532859317488, -63.20897698495898, 2648.4355056441373], [-260.3941772280342, 42.96321518818985, 2825.3258771777755], [-94.30517998622292, 6.164896393772921, 2980.1292704309253], [-45.370705371337465, 388.1626104402967, 2922.338703418891], [-8.557236326838193, 747.5042781012485, 3063.8371308450883], [46.31507150274706, 1116.8791467209462, 3214.65669996486], [105.13054594557826, -167.5970852727943, 2891.135733177286], [-27.95794072867497, -31.04273676235806, 3100.5301056982407], [-154.9951882422619, 75.5801253281517, 2928.890282890284], [70.81689758426106, 305.6970014732518, 3058.948937280506], [78.21577771922642, 683.5961132514045, 3242.7382528596927], [136.45629362583048, 1042.191014866318, 3385.6172871969175], [-82.32506482158293, -320.4186129975662, 2721.113655160311], [-34.744822094917815, -272.1557086034926, 2642.252485938544], [-46.44872319170873, -337.1993310248945, 2766.3289344960867], [54.60396024676125, -317.39948160085504, 2757.311746598485]], "kpt2d_body": [[963.8317342482138, 488.0328472921446], [907.3221654006724, 391.38611273074116], [955.6975821797716, 711.3116254382587], [908.8678586406563, 512.839345928805], [818.4012075990138, 568.3909545512676], [904.475753807836, 549.7455221606791], [927.5975773208788, 734.9309664977402], [945.7589219547027, 888.4989855213], [969.6529624685867, 1025.8666489254606], [1001.4891113367256, 464.3778546521023], [936.7648601621236, 532.5498007780027], [874.169597623425, 583.4976897041972], [982.5976437579245, 688.6424833189304], [983.6822766514601, 843.1950061185671], [1005.7908039741999, 973.867909504407], [906.6314762154952, 379.8433505498812], [930.9275977931347, 400.59784131732533], [925.77658802093, 373.98554622382426], [977.8147902535527, 383.5286504867055]], "kpt2d_body_mask": [true, true, true, true, true, true, true, true, true, true, true, true, true, true, true, true, true, true, true], "kpt3d_body_mask": [true, true, true, true, true, true, true, true, true, true, true, true, true, true, true, true, true, true, true], "kpt_list": ["Thorax", "Nose", "Pelvis", "L_Shoulder", "L_Elbow", "L_Wrist", "L_Hip", "L_Knee", "L_Ankle", "R_Shoulder", "R_Elbow", "R_Wrist", "R_Hip", "R_Knee", "R_Ankle", "L_Eye", "L_Ear", "R_Eye", "R_Ear"]}