{"id": 6, "class": "person", "kpt3d_body": [[-237.53013930318338, -224.10520446410118, 2826.088844064477], [-392.73648475118193, -402.4458353838392, 2808.5496456325436], [-227.60598467179918, 320.18168605606945, 2958.8525189772035], [-253.06440356293646, -185.09408067378843, 2663.7080289431633], [-333.54759921455013, -45.635925801360315, 2452.122236797443], [-439.0619310992409, -265.80173485283126, 2445.196169987703], [-246.6235447069062, 352.91417063908443, 2866.023555129263], [-199.47008395424592, 750.9638499784112, 2971.687665223281], [-183.09740151259834, 1163.998830128733, 3083.804413935243], [-229.3292851178116, -262.697494351645, 2985.4937428333287], [-302.0568861572391, -258.08915933606556, 3250.93054078125], [-415.11785975605187, -453.6068257333159, 3148.0020638185692], [-208.58744624561692, 287.44823537693264, 3051.6811372687994], [-195.46185831683914, 706.2257129447801, 3159.7348936544404], [-163.6273941258168, 1118.6171290360787, 3245.384045606566], [-374.21450441218013, -429.07118152895123, 2766.431171142712], [-284.86609553731387, -409.48462132514663, 2708.97610098103], [-365.96372351129753, -445.06078400410445, 2826.174578137759], [-266.8101239905304, -445.3636427971355, 2859.1952062563305]], "kpt2d_body": [[780.5794448866554, 405.4380994073812], [678.1464812706738, 288.06752346104014], [793.9113160397333, 752.6322995221111], [760.251953321517, 423.62395747615653], [684.3083487822739, 517.8851401827585], [604.919742448586, 351.9885644637359], [777.1093684800131, 780.0751137960084], [813.1151146614459, 1016.4854333925189], [828.4842705773758, 1239.1561141835064], [794.0204805193396, 389.34362516281715], [764.1659771656609, 405.31080922394824], [692.8025146994362, 286.50852241208173], [809.7280482962528, 726.8028373833195], [822.5499491160277, 963.7267693541447], [844.5540421779175, 1181.1619153306606], [686.6784865135127, 266.3948900015984], [742.0631935256644, 273.2805711922397], [697.3280144484188, 261.9719300173832], [763.947126401614, 264.7296136584537]], "kpt2d_body_mask": [true, true, true, true, true, true, true, true, true, true, true, true, true, true, true, true, true, true, true], "kpt3d_body_mask": [true, true, true, true, true, true, true, true, true, true, true, true, true, true, true, true, true, true, true], "kpt_list": ["Thorax", "Nose", "Pelvis", "L_Shoulder", "L_Elbow", "L_Wrist", "L_Hip", "L_Knee", "L_Ankle", "R_Shoulder", "R_Elbow", "R_Wrist", "R_Hip", "R_Knee", "R_Ankle", "L_Eye", "L_Ear", "R_Eye", "R_Ear"]}