{"id": 4, "class": "person", "kpt3d_body": [[113.41270850692197, -187.3979122792275, 2884.200221412806], [-30.063683234948087, -380.4011383319701, 2918.566436708328], [58.86739185424206, 305.683245385284, 3107.4181301171275], [29.608068286175133, -133.4214410982628, 2748.3103293011795], [4.681457818461094, 150.25343993579227, 2825.555168720198], [-47.42110151035889, 376.88856357294014, 2947.6351056903004], [-9.616971775191239, 334.5588445920333, 3040.2169210543943], [-0.7071032481672113, 698.6582172398867, 3154.474093304685], [-1.8807682400866987, 1113.2555201172165, 3270.196022264994], [206.66365475095415, -238.6002963433043, 3014.6418129943086], [239.90771153368425, 38.345914522623445, 3142.7002895074083], [179.49590566559536, 236.84548764087623, 3268.180049081001], [127.35106243998389, 276.8079919821278, 3174.618558084272], [144.66382009353964, 630.3591224851655, 3300.7553015632307], [162.76411885313138, 1029.1771300865375, 3447.060317145656], [-33.41237905568835, -401.7424672807681, 2874.085689062359], [14.78106003276869, -365.23900828529634, 2780.6389549979176], [1.539866035726991, -417.87478529857367, 2918.4552311012003], [101.86671449833523, -410.6020522897296, 2900.4537823435758]], "kpt2d_body": [[1005.6926055549935, 454.4450711325302], [935.0126010965902, 362.11001802648474], [976.61316820262, 686.442201320632], [965.0088343143724, 477.7359605139642], [952.0025057378738, 622.4393941262267], [926.7897597361253, 727.9632347846652], [945.1457269773528, 702.9162883509657], [949.358334410069, 857.8579451384686], [948.928238613564, 1016.7757804413827], [1047.22759404484, 434.45388106294786], [1058.4496517980774, 564.1416160759433], [1027.8721375359792, 649.7295292549936], [1006.7662507704363, 670.6065538286357], [1011.5772204212489, 815.7938569620403], [1015.4904504771246, 961.5468448710509], [933.143954435671, 348.86782940748105], [957.2033284997907, 360.68174631344067], [950.4015618613738, 344.0922767561003], [999.5051552522707, 346.4186713594139]], "kpt2d_body_mask": [true, true, true, true, true, true, true, true, true, true, true, true, true, true, true, true, true, true, true], "kpt3d_body_mask": [true, true, true, true, true, true, true, true, true, true, true, true, true, true, true, true, true, true, true], "kpt_list": ["Thorax", "Nose", "Pelvis", "L_Shoulder", "L_Elbow", "L_Wrist", "L_Hip", "L_Knee", "L_Ankle", "R_Shoulder", "R_Elbow", "R_Wrist", "R_Hip", "R_Knee", "R_Ankle", "L_Eye", "L_Ear", "R_Eye", "R_Ear"]}