{"id": 4, "class": "person", "kpt3d_body": [[-66.01577773627645, -160.97497937047194, 2804.13134325834], [-215.6952450917403, -337.8824917983607, 2851.9107530349042], [-57.070846342741646, 328.4903821540148, 3021.5855423237913], [-153.25682870720232, -105.8665215426953, 2682.8180676615166], [-177.3224890600665, 143.33223494171435, 2537.782527371487], [-170.41080849685443, 270.4745291606945, 2778.485033632224], [-117.04915171845866, 368.34630360213043, 2956.158616580944], [-71.82151510581977, 761.3615163528871, 3073.609548194429], [-52.95378721146679, 1136.920747539924, 3204.1546611872773], [27.160009106544006, -212.62248543509116, 2919.951980349174], [278.2784193945215, -102.40076613897656, 3059.428554363255], [105.55513040745956, 115.82909778708427, 3106.806951336911], [2.906025785838864, 288.63298589808096, 3087.013368480179], [47.485782680759634, 662.6315302016044, 3247.994717136211], [71.78750554479957, 1053.0031845458154, 3404.8091543235914], [-220.45093085223883, -353.4638589667344, 2807.2807854711095], [-172.65457228617856, -311.6265850960792, 2719.6672126379103], [-186.14765312334168, -377.23957880778727, 2850.097197398954], [-86.11120595374902, -367.6659157789638, 2832.678495054756]], "kpt2d_body": [[916.0662682587081, 465.16493980110414], [842.26685690577, 379.05258477222424], [922.7750552464989, 701.0248337279095], [868.2001543836902, 490.7017354663028], [850.1258476275483, 627.0119944153189], [862.4197123733295, 684.8507939738254], [893.3967460593076, 723.3187191797999], [916.8830706062985, 893.5027739245569], [926.9071810208274, 1035.417292974616], [962.9008748882146, 443.2888416885416], [1079.1733941005195, 499.268623936431], [998.1088781160652, 599.8380291858876], [950.9841841222774, 679.570543490303], [970.3012315773178, 833.8828200846008], [979.0481272810795, 975.8888118484198], [838.2247075310656, 368.63626945983685], [859.4482964692256, 384.4488896201395], [856.969319880611, 359.49379049841207], [906.4625994079349, 362.9184481041819]], "kpt2d_body_mask": [true, true, true, true, true, true, true, true, true, true, true, true, true, true, true, true, true, true, true], "kpt3d_body_mask": [true, true, true, true, true, true, true, true, true, true, true, true, true, true, true, true, true, true, true], "kpt_list": ["Thorax", "Nose", "Pelvis", "L_Shoulder", "L_Elbow", "L_Wrist", "L_Hip", "L_Knee", "L_Ankle", "R_Shoulder", "R_Elbow", "R_Wrist", "R_Hip", "R_Knee", "R_Ankle", "L_Eye", "L_Ear", "R_Eye", "R_Ear"]}