{"id": 4, "class": "person", "kpt3d_body": [[-594.1493636333194, -228.9074598735968, 3078.094774197432], [-743.6284559536073, -413.9030058036806, 3144.3904469404606], [-516.0437610904607, 239.75806812345454, 3211.2422788624513], [-644.0358030987943, -200.1004466374451, 2925.1535067379195], [-661.7484909211819, 95.42261736568037, 2922.6120814122014], [-799.6988089026131, 291.45905338527115, 3021.6472094551564], [-542.874488721349, 276.2307597849963, 3121.0705421595576], [-490.699161503997, 639.3029170260161, 3286.78172677981], [-387.4704353006525, 1024.4815869428712, 3439.957666375708], [-535.098555838655, -263.9072207427367, 3230.107548334068], [-489.3073273186079, -5.756824935645568, 3385.5930923467304], [-648.0493590948522, 134.95384207009707, 3528.4985058133307], [-489.2113543749673, 203.28580912555935, 3301.412998964609], [-639.6160803816504, 497.0701267590647, 3549.7803719215], [-551.55381246971, 861.8031600346109, 3765.471955449673], [-742.8046740930945, -434.3066038111624, 3103.5199122306476], [-697.6891131805614, -405.3909862350369, 3006.3564771381434], [-708.5363716020433, -447.969374165973, 3148.267091224582], [-607.3077331251228, -435.4391881009042, 3127.833272147764]], "kpt2d_body": [[677.3437277125101, 442.1611196604701], [618.6959789972952, 363.0578227547514], [722.2615560405127, 652.1408135427407], [639.9143081004506, 450.80798608438204], [631.0710304646418, 592.5912662879396], [579.9270646333235, 681.153189462847], [703.9796749098989, 671.4441166990927], [740.0397182817226, 819.1343784118579], [793.2069642022459, 959.3951500528417], [715.3940978099015, 431.5739017372646], [744.5420551420445, 544.3864384614434], [690.0370668386968, 600.6998367258083], [739.6439400035237, 633.8119288848679], [696.1218359370303, 743.2688831034043], [744.7415460361019, 866.1006759021661], [615.0214011713408, 351.64220906949504], [624.7805553875043, 358.5147080277634], [634.504632904726, 348.0586662702816], [676.7718508087286, 351.65491500921473]], "kpt2d_body_mask": [true, true, true, true, true, true, true, true, true, true, true, true, true, true, true, true, true, true, true], "kpt3d_body_mask": [true, true, true, true, true, true, true, true, true, true, true, true, true, true, true, true, true, true, true], "kpt_list": ["Thorax", "Nose", "Pelvis", "L_Shoulder", "L_Elbow", "L_Wrist", "L_Hip", "L_Knee", "L_Ankle", "R_Shoulder", "R_Elbow", "R_Wrist", "R_Hip", "R_Knee", "R_Ankle", "L_Eye", "L_Ear", "R_Eye", "R_Ear"]}