{"id": 4, "class": "person", "kpt3d_body": [[-57.1545453123247, -146.20398530967464, 2793.660030859004], [-179.20829855114914, -351.17019229916053, 2859.085228729801], [-19.7439823473158, 354.6945002254577, 2925.5563102727883], [-177.2516056306501, -107.74135494436763, 2684.3830549241375], [-224.43997032707554, 172.83553998698707, 2773.0378853138786], [-261.5945700328606, 383.72895803484585, 2912.2740612210364], [-102.34999290645209, 381.4746235112247, 2868.5482905463277], [-117.87007240321753, 746.8755504500607, 3050.533375169968], [-113.62998325576496, 1153.4148635555935, 3161.3269700960755], [69.0036010574171, -183.745538764274, 2898.4107173078146], [134.4011816729102, 94.54769345993711, 3001.550358877144], [50.78947176433267, 300.9787543739459, 3137.506664782532], [62.86203668326258, 327.9135167558219, 2982.563800837698], [41.01395313786432, 692.8353727835995, 3169.2440711733843], [88.76819230601745, 1083.6134040110167, 3321.113246928053], [-186.1021625364216, -369.0065175604613, 2814.5293408561447], [-152.45160210522067, -325.18826961559256, 2719.400036293223], [-145.92926448887727, -385.2918223808433, 2853.846539692825], [-47.55677156456145, -365.1273404169484, 2825.6959962000456]], "kpt2d_body": [[920.4577367185008, 472.36383786037914], [860.6359107636277, 372.855664280473], [940.0535041913406, 718.6723997997778], [855.5360112598894, 489.75975602188953], [834.4473248213309, 635.257105825556], [822.3379599053771, 733.0235492534684], [898.9860817774252, 735.0966720607489], [895.4393994586837, 889.5159838706097], [900.1958336479281, 1048.2097686926081], [983.5870086832588, 456.66157884141455], [1013.512195775045, 591.6064469693362], [972.6925087449293, 682.996022863169], [979.6298764890173, 702.7592933112217], [967.9067543779497, 853.9220299144326], [986.8077326266871, 998.236135307273], [855.8152520430365, 361.2553051475714], [870.0008217544581, 377.378269501608], [877.0691925521247, 355.69530537449896], [925.733971101501, 363.69497061697643]], "kpt2d_body_mask": [true, true, true, true, true, true, true, true, true, true, true, true, true, true, true, true, true, true, true], "kpt3d_body_mask": [true, true, true, true, true, true, true, true, true, true, true, true, true, true, true, true, true, true, true], "kpt_list": ["Thorax", "Nose", "Pelvis", "L_Shoulder", "L_Elbow", "L_Wrist", "L_Hip", "L_Knee", "L_Ankle", "R_Shoulder", "R_Elbow", "R_Wrist", "R_Hip", "R_Knee", "R_Ankle", "L_Eye", "L_Ear", "R_Eye", "R_Ear"]}