{"id": 4, "class": "person", "kpt3d_body": [[-31.762681115722245, -149.25148096833226, 2782.580767476577], [-154.4931066838049, -330.6711651722665, 2818.262989967145], [-62.87267674668363, 332.6507879265075, 3016.8013496646963], [-122.2607275073878, -98.58427194445369, 2666.3898295285776], [-322.6384347702825, 38.140803031473496, 2794.15271754497], [-369.22592089842533, -162.76753993345466, 2724.8654697824277], [-132.88306486115368, 372.57431220119656, 2952.9961024636737], [-68.52269610904023, 763.7144274893378, 3070.269943399228], [-51.218130691583504, 1137.7267517359478, 3205.616240747726], [65.99452335743798, -192.6812587772855, 2895.630415121671], [-50.03975181710138, -71.19170714022886, 3141.3545606893676], [-91.19101625082436, -317.11742483258035, 3092.081753121116], [7.137142864541319, 292.72599260114714, 3080.607017382367], [49.378293017583026, 662.6948461194843, 3242.483487081245], [73.39746015251394, 1052.1677940992681, 3404.32617898972], [-160.02725866386186, -350.39899152844555, 2775.66842836707], [-117.34972056160807, -311.3464068075814, 2681.6421841992774], [-124.13599275077061, -367.2515253946406, 2815.4510213285407], [-23.646519388335633, -359.6615499348806, 2792.622938492245]], "kpt2d_body": [[933.3566401007903, 470.50580049798623], [871.7508871428761, 380.5347994165717], [920.0001958502518, 703.207225962713], [884.2449332379772, 494.2190398981195], [785.4396115228151, 566.1529693251338], [757.3950978653572, 462.2779286189092], [885.7346012353727, 725.493008540901], [918.3597404398419, 894.910229131827], [927.6656502147941, 1035.5355803266525], [982.1348992790442, 452.19655088749244], [926.9015999011818, 514.5466514846855], [907.6741368774354, 401.25392091486094], [952.9428426386776, 681.7224414001694], [971.1591705848449, 834.3854610583417], [979.7110739993149, 975.6207415246961], [867.7796413434135, 368.03233311862687], [887.4396615766016, 382.21252646030996], [887.0329983755105, 362.06395191743866], [937.6159755192114, 364.28239390338683]], "kpt2d_body_mask": [true, true, true, true, true, true, true, true, true, true, true, true, true, true, true, true, true, true, true], "kpt3d_body_mask": [true, true, true, true, true, true, true, true, true, true, true, true, true, true, true, true, true, true, true], "kpt_list": ["Thorax", "Nose", "Pelvis", "L_Shoulder", "L_Elbow", "L_Wrist", "L_Hip", "L_Knee", "L_Ankle", "R_Shoulder", "R_Elbow", "R_Wrist", "R_Hip", "R_Knee", "R_Ankle", "L_Eye", "L_Ear", "R_Eye", "R_Ear"]}