{"id": 4, "class": "person", "kpt3d_body": [[-51.76892361821483, -146.7011921194907, 2811.9058175297437], [-198.3529210160212, -338.5184961366005, 2848.3019669603864], [-50.60320346595357, 339.7275268616438, 3030.643890666807], [-142.05879415195324, -95.66507683512356, 2681.7742377084396], [-186.48341239452893, 197.7641490013002, 2770.241876105897], [-250.0742749578488, 401.6591640002871, 2909.0849020218484], [-115.56779950088699, 371.82663616420587, 2964.010459292049], [-112.5388800286278, 748.3528499561737, 3112.082392987568], [-54.685354635073466, 1133.5768531592232, 3204.6584678838663], [53.15737468380297, -199.5589588749047, 2935.6632510470026], [90.70675063444708, 67.35121315754597, 3084.0114688881213], [26.75775237401595, 275.4037736091192, 3228.9842155673077], [14.361323386588865, 307.6275325983614, 3097.276850810921], [48.08215245622547, 677.2476520211312, 3258.4442667946996], [71.92050791172305, 1053.5323005584412, 3404.519809156793], [-202.0574118412463, -355.5687786297912, 2803.7709831648676], [-154.8735684267633, -312.4431046322866, 2712.117396669268], [-167.70305118024154, -376.10482782889846, 2845.4901504411505], [-66.81131708350725, -365.6186779813311, 2826.193777793758]], "kpt2d_body": [[923.3781752856104, 472.5932372682689], [850.7533445648455, 378.4872096969657], [925.8963565501083, 705.7944613327946], [874.1051276732554, 496.0774808903119], [853.8097505867615, 648.1419057444575], [827.8460382835264, 741.8846208198654], [894.2584056358914, 724.506562346386], [898.8845053605462, 883.6076066209125], [926.1595902466489, 1033.9936445167732], [975.4571520867993, 450.1562768779679], [991.6118338311891, 577.8794432290285], [961.4481593637655, 667.9639778462301], [956.2454524978099, 687.7942135850569], [970.4857294722908, 839.1499383145772], [979.1042237686935, 976.128552245598], [847.371983451299, 367.313621601946], [868.4975815750117, 383.54149177349575], [865.9974457846382, 359.7111034096544], [916.0603284849597, 363.4978311562544]], "kpt2d_body_mask": [true, true, true, true, true, true, true, true, true, true, true, true, true, true, true, true, true, true, true], "kpt3d_body_mask": [true, true, true, true, true, true, true, true, true, true, true, true, true, true, true, true, true, true, true], "kpt_list": ["Thorax", "Nose", "Pelvis", "L_Shoulder", "L_Elbow", "L_Wrist", "L_Hip", "L_Knee", "L_Ankle", "R_Shoulder", "R_Elbow", "R_Wrist", "R_Hip", "R_Knee", "R_Ankle", "L_Eye", "L_Ear", "R_Eye", "R_Ear"]}