{"id": 4, "class": "person", "kpt3d_body": [[-20.939297863099895, -159.11852741960217, 2818.723873203099], [-169.47296239187833, -336.84422191694665, 2876.2546237907577], [-11.176164897657284, 320.1057476232296, 3014.837038975095], [-112.02477579363577, -104.26692770256608, 2692.211324084317], [-150.0462463992243, 188.21129898588794, 2711.896958263561], [-227.14773066223182, 422.36731920771706, 2751.383534380009], [-65.92162169579252, 354.0149527096297, 2944.450926878442], [-32.288792463313094, 741.3757874444718, 3113.9537129920345], [-16.128710297537985, 1109.0828622627023, 3276.153073301237], [79.98322210867832, -217.0375007187289, 2935.7420802053093], [169.4335200183281, 27.457822551339888, 3103.8299540750654], [221.71358788809061, 200.68570659363417, 3264.229469172506], [43.56839553262235, 286.1972740391073, 3085.223988585381], [78.69124353437108, 682.4862057737761, 3235.07795023766], [82.14468119609016, 1070.0722749469933, 3377.3442411965293], [-180.71748157006735, -359.8578476423674, 2835.3250859790205], [-142.8858244145492, -335.31563722267634, 2734.0708758109677], [-142.78462556834225, -377.7430768466394, 2874.542356466988], [-45.142593595376226, -385.08900785579897, 2843.1060969399296]], "kpt2d_body": [[939.0435188916481, 466.509547590467], [865.9308281124241, 380.8651878980694], [944.370198570359, 697.4645200748392], [890.2901928573875, 491.71765186942514], [870.835471033185, 645.3713770779381], [832.7997210492745, 763.4683147412468], [917.8214567930041, 717.2295498628475], [935.1049689126484, 880.4820120686126], [942.9049575454214, 1014.3062371048679], [988.4722709987005, 441.7292007757881], [1027.5082150481599, 559.3841113235114], [1046.387375466811, 634.1190585130292], [969.7537814530646, 678.5260915419319], [983.9694233070459, 843.4085071373282], [983.5162577919133, 985.8513227458741], [859.1633574590826, 367.1148798641581], [875.4056198783882, 373.0540425457474], [879.1225478041603, 360.73270219226004], [927.0981518693728, 354.95064542396153]], "kpt2d_body_mask": [true, true, true, true, true, true, true, true, true, true, true, true, true, true, true, true, true, true, true], "kpt3d_body_mask": [true, true, true, true, true, true, true, true, true, true, true, true, true, true, true, true, true, true, true], "kpt_list": ["Thorax", "Nose", "Pelvis", "L_Shoulder", "L_Elbow", "L_Wrist", "L_Hip", "L_Knee", "L_Ankle", "R_Shoulder", "R_Elbow", "R_Wrist", "R_Hip", "R_Knee", "R_Ankle", "L_Eye", "L_Ear", "R_Eye", "R_Ear"]}