{"id": 6, "class": "person", "kpt3d_body": [[371.58738841987747, -328.3655655460413, 2609.0697732715835], [519.5548587646099, -486.8627435921215, 2517.3172666995292], [391.299211951214, 166.6105146411597, 2870.771283498949], [359.56391190266925, -408.14919245706477, 2753.4828193589883], [425.6222968109056, -450.1383835320391, 3013.0999656588147], [526.4174957569672, -629.7526767121587, 2875.3070163192274], [396.0843119014464, 127.99473245786302, 2961.6730856516415], [380.3863794576086, 498.06723299058854, 3144.7692030307776], [393.44692829777017, 885.2994564369799, 3334.5147633828487], [378.5384240554387, -252.13632683294705, 2465.50414504986], [488.34926189291457, -70.43798774569453, 2284.3086403809884], [585.0141792402268, -301.42879149088657, 2230.978171548959], [386.5130799728063, 205.2253658446186, 2779.8692017136636], [403.63663635559675, 591.269765633684, 2975.434225371665], [393.6441498421216, 959.1034945610015, 3181.6256486299], [496.16777421046993, -532.3669867141848, 2530.238410956252], [400.97364509001693, -547.9827891521436, 2577.5547214426097], [496.2622786345411, -504.35169091272655, 2474.383595929241], [400.7154381345463, -474.04196890144334, 2440.636068470172]], "kpt2d_body": [[1162.3627483084124, 389.91435673816557], [1247.4459095130965, 299.93778550674966], [1154.6353748527881, 643.6979887365143], [1145.8612278936314, 359.2401052414498], [1160.4273446984757, 357.8193149931867], [1215.5095069596643, 265.17027960666], [1151.1866406119686, 623.2289800941526], [1132.5171250923913, 781.4409133250788], [1126.4923029987299, 924.4848290718028], [1177.8429434768393, 422.34645413689816], [1260.1467242408867, 521.0032974869758], [1323.0519899848987, 379.67206943576826], [1158.2780082260701, 665.4627906544521], [1151.8884930830218, 835.6086704898546], [1133.3691047111106, 971.0521177904782], [1233.1907915827646, 276.9951066288277], [1178.6128152393183, 272.99186678084715], [1239.35283706453, 285.8704603741277], [1190.7024665917236, 297.7441407699838]], "kpt2d_body_mask": [true, true, true, true, true, true, true, true, true, true, true, true, true, true, true, true, true, true, true], "kpt3d_body_mask": [true, true, true, true, true, true, true, true, true, true, true, true, true, true, true, true, true, true, true], "kpt_list": ["Thorax", "Nose", "Pelvis", "L_Shoulder", "L_Elbow", "L_Wrist", "L_Hip", "L_Knee", "L_Ankle", "R_Shoulder", "R_Elbow", "R_Wrist", "R_Hip", "R_Knee", "R_Ankle", "L_Eye", "L_Ear", "R_Eye", "R_Ear"]}