{"id": 6, "class": "person", "kpt3d_body": [[353.86278010921814, -251.4521058174664, 2528.8911187484246], [519.2161777157337, -436.6883570332851, 2448.619538538667], [403.3158806497254, 198.99577545071068, 2799.0345617662424], [325.6075545029562, -352.8874552062689, 2651.2711805642634], [130.97040490104357, -281.8351795060612, 2862.3448812216457], [137.4767807828297, -411.0682276132482, 3086.651705447237], [387.8994777492567, 138.07852116226314, 2874.5671290795926], [728.0828024999562, 211.8287823782842, 3161.3747109477254], [507.24494599481534, 581.4605893367032, 3156.9542478951776], [370.5930895863868, -150.9701807125269, 2405.677309162043], [384.8223529023709, 132.965526546878, 2419.4624714805836], [607.3622450728595, 155.5222089714688, 2561.5172446687825], [418.73127920267393, 259.9142438427465, 2723.501909373312], [440.29979906900763, 612.5874100346423, 2911.7817239187384], [341.6815450529834, 976.1627948550421, 3126.1278533397717], [488.3833872549078, -474.9572135360964, 2463.074013427232], [390.0555509326573, -464.5776874998586, 2505.2138366466934], [496.56811448246026, -453.1921294857028, 2404.436630217351], [411.4153304675642, -406.7173613879686, 2362.765880698969]], "kpt2d_body": [[1159.2694129622862, 426.08286413652615], [1255.412317198047, 320.24829985985], [1165.2240900301622, 661.6584444772345], [1135.4145058155852, 379.76151103673783], [1029.1837093122076, 426.7579344948275], [1027.3580077102677, 379.00106790393727], [1152.819810622141, 629.8847519515838], [1281.973620190835, 655.1976727550401], [1186.150978073316, 815.581250033053], [1178.927714322844, 476.68479112914144], [1185.811262324593, 639.299881097349], [1291.1171527988995, 646.5245016759613], [1178.1988029905865, 695.0435859581247], [1172.7477923919778, 850.8703616869477], [1113.6834641051144, 985.303219398718], [1236.6170582373347, 300.4782246274229], [1179.4070127707848, 309.3463485326921], [1247.7576874417516, 306.52035726396116], [1204.6353584617725, 327.65673219951316]], "kpt2d_body_mask": [true, true, true, true, true, true, true, true, true, true, true, true, true, true, true, true, true, true, true], "kpt3d_body_mask": [true, true, true, true, true, true, true, true, true, true, true, true, true, true, true, true, true, true, true], "kpt_list": ["Thorax", "Nose", "Pelvis", "L_Shoulder", "L_Elbow", "L_Wrist", "L_Hip", "L_Knee", "L_Ankle", "R_Shoulder", "R_Elbow", "R_Wrist", "R_Hip", "R_Knee", "R_Ankle", "L_Eye", "L_Ear", "R_Eye", "R_Ear"]}