{"id": 6, "class": "person", "kpt3d_body": [[386.3654115969376, -325.3520684385572, 2596.852701920086], [525.1967820501484, -485.94300814711744, 2506.329817366446], [396.13441049383016, 173.00420467958858, 2858.062973628857], [363.87192806410843, -401.37758151219344, 2746.152174194635], [423.9792093425757, -454.05744113743765, 2999.5313620066618], [518.4667244532491, -625.2455864498143, 2860.2447872991], [382.984258097288, 124.76270967492397, 2940.0932431109118], [393.6869413823662, 505.9758557748216, 3140.851587426541], [395.03504713910104, 886.5598580669433, 3336.4776894454217], [378.7729173806339, -248.75179827305573, 2453.80046083007], [498.8485291281894, -77.70500375322527, 2266.368692223848], [586.2486429992828, -307.2226124691299, 2227.769064710667], [409.28461295672776, 221.2465450231113, 2776.0332453450787], [404.48490629812795, 592.2221169827512, 2970.746794730695], [392.3212557480656, 960.8324269469723, 3182.003511542189], [502.5301107154114, -529.9534693402995, 2518.429857060867], [406.60370696466157, -540.2353109160699, 2568.000683109077], [501.9923312649952, -503.2568520977952, 2463.5735233657942], [406.6092526302981, -469.02540039474644, 2430.1787511702246]], "kpt2d_body": [[1171.0581755005937, 390.778225506685], [1251.6443253323314, 299.38650048438166], [1157.7740603300397, 647.1285767147084], [1148.5142741461818, 362.0849788286375], [1160.5202844058756, 355.1271801247262], [1213.0852831565594, 265.6793642714892], [1146.412798778824, 622.1625132445816], [1138.479897835789, 785.0602766465846], [1127.03785860692, 924.7658358374078], [1178.983521470911, 423.57876362952027], [1268.6199544222488, 516.2982367901908], [1324.2056844683566, 375.9326453070662], [1169.729889485446, 673.4808616778433], [1152.5553190012095, 836.448499700152], [1132.7768786416505, 971.7170813376102], [1237.7963437728124, 277.05951700032386], [1182.4125272884762, 276.0260050161256], [1243.6223666591054, 285.36547921409675], [1194.9632117743479, 299.4633591913702]], "kpt2d_body_mask": [true, true, true, true, true, true, true, true, true, true, true, true, true, true, true, true, true, true, true], "kpt3d_body_mask": [true, true, true, true, true, true, true, true, true, true, true, true, true, true, true, true, true, true, true], "kpt_list": ["Thorax", "Nose", "Pelvis", "L_Shoulder", "L_Elbow", "L_Wrist", "L_Hip", "L_Knee", "L_Ankle", "R_Shoulder", "R_Elbow", "R_Wrist", "R_Hip", "R_Knee", "R_Ankle", "L_Eye", "L_Ear", "R_Eye", "R_Ear"]}