{"id": 6, "class": "person", "kpt3d_body": [[330.98198985656444, -333.63804246515684, 2571.2623246283965], [462.2403324705788, -487.8131012098777, 2508.123988485476], [371.4943888488865, 153.86317799807472, 2865.77393631642], [273.36553848608025, -391.75750930568313, 2702.356495626748], [384.7845471976668, -487.4035255630841, 2962.88873762151], [600.9241848293674, -658.6561709447144, 2958.938783739136], [353.16719449667994, 110.23175469691594, 2947.7823891607122], [373.7334649071902, 496.70939840264936, 3150.517073371696], [390.90880221803593, 885.7893199064167, 3335.5899406725807], [376.5809326012043, -266.93124726202143, 2439.229164141257], [635.5666699147539, -300.1119541588587, 2515.1698510197375], [541.9818945076498, -522.3701811286967, 2585.6594239643055], [389.8215476251488, 197.49366507923384, 2783.7651198425583], [403.4298312801678, 585.7363044769139, 2979.576337065938], [392.4438777370707, 959.8467093887626, 3182.7696376305503], [428.7685637823958, -531.2531485110327, 2521.56035692971], [329.6491236777768, -531.1269821270491, 2557.7706085302516], [438.3043481071442, -503.01600512496293, 2466.78441292897], [351.73353084573085, -462.0891310363996, 2425.03115417376]], "kpt2d_body": [[1143.562891376499, 384.4050226243793], [1217.8099227170453, 297.883419539527], [1145.4893847151402, 637.7305994046733], [1105.5194180363642, 363.3072096609809], [1144.6326142033486, 337.1346942375576], [1242.1539704439488, 261.0331327037268], [1132.0333943624983, 615.2265723663245], [1129.3322192422295, 780.4967750936255], [1125.4090455881662, 924.5827048751282], [1178.916420758246, 412.53606844530134], [1310.863216374617, 400.76101003199335], [1251.4871214086384, 288.53915370938853], [1159.6637642344963, 661.4838966700585], [1151.579725177302, 832.7535172650578], [1132.7985753069825, 971.2241783933489], [1198.2026980957485, 275.90125856217827], [1142.5199088153336, 279.0165471427088], [1208.668071636691, 285.1238245022413], [1164.8396998484386, 302.2645263326928]], "kpt2d_body_mask": [true, true, true, true, true, true, true, true, true, true, true, true, true, true, true, true, true, true, true], "kpt3d_body_mask": [true, true, true, true, true, true, true, true, true, true, true, true, true, true, true, true, true, true, true], "kpt_list": ["Thorax", "Nose", "Pelvis", "L_Shoulder", "L_Elbow", "L_Wrist", "L_Hip", "L_Knee", "L_Ankle", "R_Shoulder", "R_Elbow", "R_Wrist", "R_Hip", "R_Knee", "R_Ankle", "L_Eye", "L_Ear", "R_Eye", "R_Ear"]}