{"id": 5, "class": "person", "kpt3d_body": [[107.55670782595698, -43.45064600190156, 2692.5638328369764], [7.184604506508343, -65.06202566558059, 2461.630657122937], [80.79625245390349, 304.5549746845778, 2984.990769695338], [243.13139476151133, 26.936915188903185, 2619.197864348617], [317.9546573199485, 258.2424800919712, 2796.4528933438733], [311.010308688286, 495.75368355234104, 2895.3419209039403], [170.1112520320517, 350.0944512282601, 2971.6935598904224], [169.95557357754294, 647.7432628858776, 3219.6650030563455], [180.14665214921362, 900.624314262915, 3542.4604835068435], [-23.309525050991056, -113.01227257974375, 2779.4635070126624], [-8.961292963816945, 26.521697062380127, 3041.379976977532], [-33.18360146877179, 230.1805446047068, 3207.346324150032], [-8.518928431829842, 259.0147241870268, 2998.2873645832115], [-162.8566374722775, 606.7124026171462, 2853.8687685874047], [-175.72539490146525, 967.4867677292527, 3050.864004436956], [39.98212975164478, -94.56167627710315, 2436.9842408683617], [126.74232656666445, -135.3229190531377, 2477.9312434956246], [-11.82737167220509, -111.64341573423769, 2463.188591711886], [-6.55773918738646, -178.52689977722108, 2543.3753412336096]], "kpt2d_body": [[970.5069053209211, 540.683950187541], [918.9459369351241, 526.3710839760054], [952.481862289474, 704.5054372697908], [1043.9064878730323, 577.3706155850103], [1072.3700714135896, 690.7307589815565], [1062.8911964171587, 798.4822006566301], [994.2667509031555, 726.1070766078723], [987.5802315493719, 839.4701726119131], [984.4861711122862, 910.109055046097], [903.2032187100777, 506.61149559492026], [910.7751292247532, 575.2283036607931], [900.4907399910454, 662.7261542634697], [910.9350635113891, 682.9481408381567], [836.4734646142788, 854.7005179105959], [836.9258803724954, 991.7761571468948], [937.7274288200078, 509.1911300619905], [986.0340624550827, 487.306227942255], [908.1958074303493, 500.13591816930216], [911.2963646226676, 465.6660048935755]], "kpt2d_body_mask": [true, true, true, true, true, true, true, true, true, true, true, true, true, true, true, true, true, true, true], "kpt3d_body_mask": [true, true, true, true, true, true, true, true, true, true, true, true, true, true, true, true, true, true, true], "kpt_list": ["Thorax", "Nose", "Pelvis", "L_Shoulder", "L_Elbow", "L_Wrist", "L_Hip", "L_Knee", "L_Ankle", "R_Shoulder", "R_Elbow", "R_Wrist", "R_Hip", "R_Knee", "R_Ankle", "L_Eye", "L_Ear", "R_Eye", "R_Ear"]}