{"id": 4, "class": "person", "kpt3d_body": [[126.0514322709476, -27.22158122694978, 2770.479954654057], [305.47367332018274, -189.50907074993552, 2729.7535102571937], [113.93522488793224, 401.2242008705947, 3102.2660069691988], [59.240890965706996, -123.77058195556913, 2883.69812020844], [-91.61701723686608, 3.2285036639085263, 3100.5229321569327], [34.341872522050735, 142.19405718458972, 3264.502611261209], [77.32683170416645, 341.3403724443444, 3173.6942752762716], [-5.658984469033408, 661.9979936970096, 3410.569294465174], [-52.460981163913125, 970.2433968589365, 3661.4145499859246], [190.5683373940316, 68.72738631046957, 2654.5673857439006], [142.89031098407574, 365.1553258079797, 2651.1558065155814], [307.358957414369, 442.2636909756757, 2830.373943467779], [150.54354822283574, 461.1079105624326, 3030.837883656181], [104.03976258313281, 787.1166442497827, 3254.117514452316], [71.40018431073243, 1113.402559590732, 3497.590456816793], [276.7027498679516, -227.2370804693412, 2724.0538466500457], [166.0275652876178, -228.64981509188624, 2734.1515300516094], [300.5528874832763, -196.05754440740156, 2682.002942129975], [229.72161363571277, -144.17743566233653, 2624.2858880339777]], "kpt2d_body": [[1012.2266980579951, 535.5800375398413], [1104.1904419454786, 453.063765964856], [999.7633807992581, 728.3965349220138], [977.4181793958454, 489.53166068593225], [907.5340468993923, 550.7013102228477], [963.4381886066988, 609.8617375311645], [982.6543233793259, 698.4775053607541], [946.4801461228949, 816.6415275622185], [929.1669011065245, 911.0634562543], [1048.7946521499366, 585.2389481589925], [1023.526960868378, 739.8312884842207], [1098.798370431662, 764.6010066636236], [1017.5927620369476, 759.5415143642541], [992.6648194853434, 880.4842768132626], [976.4968407645199, 980.3400867471597], [1089.8489779484376, 433.67131560938174], [1033.2617050194629, 433.1681230718344], [1104.3850522916287, 447.98419348159547], [1070.5721768432293, 472.98909940500903]], "kpt2d_body_mask": [true, true, true, true, true, true, true, true, true, true, true, true, true, true, true, true, true, true, true], "kpt3d_body_mask": [true, true, true, true, true, true, true, true, true, true, true, true, true, true, true, true, true, true, true], "kpt_list": ["Thorax", "Nose", "Pelvis", "L_Shoulder", "L_Elbow", "L_Wrist", "L_Hip", "L_Knee", "L_Ankle", "R_Shoulder", "R_Elbow", "R_Wrist", "R_Hip", "R_Knee", "R_Ankle", "L_Eye", "L_Ear", "R_Eye", "R_Ear"]}