{"id": 4, "class": "person", "kpt3d_body": [[126.36068034487718, -44.2045018152956, 2766.0616736888005], [289.47518344553316, -182.06650187314494, 2719.359323524284], [109.31108887492417, 380.59693468720354, 3089.4590199631957], [60.71128848453061, -142.27197476633336, 2863.1466125952534], [-42.65413478166981, -167.85322694616255, 3109.477181319412], [80.48668787346841, -305.9502290652111, 2975.623278618173], [75.84298082096099, 325.065526782422, 3159.5009378815735], [12.8753180547566, 662.9889784373694, 3417.7327877657635], [-51.51247662879957, 970.8504446140514, 3660.8167973448635], [184.0876364490764, 53.01837802874488, 2653.82894543001], [249.31719940819377, 341.9070327407171, 2564.377245791425], [309.72082528814565, 95.84716255088622, 2499.768737591076], [142.7790946480798, 436.1273232165536, 3019.4167697612556], [106.68374534426313, 772.0898336713731, 3243.6003912238994], [70.34148652839409, 1110.5271369538418, 3493.791953108145], [267.45126312404864, -223.38564080863563, 2715.6368987576316], [157.12893739151522, -237.90751434398942, 2720.709968425763], [288.6585765193195, -190.65850088793496, 2672.5591629569335], [217.44932253261476, -151.55174201146068, 2609.4962505275585]], "kpt2d_body": [[1012.4808990191608, 527.0161493891111], [1096.676558046391, 456.4484403329218], [997.9189839721791, 719.9703074180824], [978.3347940058713, 480.1246676589102], [929.6363514351301, 474.160722321946], [986.3969849043215, 406.554528732233], [982.1626169014359, 692.0414614710439], [953.9738310018322, 816.4834344724982], [929.5188800945756, 911.3389600281171], [1045.4365736260008, 577.0259310053784], [1083.4236226007163, 733.462361732082], [1120.8729244362207, 602.3815202173699], [1014.3355844745313, 749.0419006425749], [993.9475667282136, 875.3718213445031], [976.117765745916, 979.7292067202828], [1085.5855369531805, 435.2522690869552], [1029.1212240386858, 427.8817331198088], [1098.8026445698865, 450.393214935149], [1064.7302727195092, 468.6259366271284]], "kpt2d_body_mask": [true, true, true, true, true, true, true, true, true, true, true, true, true, true, true, true, true, true, true], "kpt3d_body_mask": [true, true, true, true, true, true, true, true, true, true, true, true, true, true, true, true, true, true, true], "kpt_list": ["Thorax", "Nose", "Pelvis", "L_Shoulder", "L_Elbow", "L_Wrist", "L_Hip", "L_Knee", "L_Ankle", "R_Shoulder", "R_Elbow", "R_Wrist", "R_Hip", "R_Knee", "R_Ankle", "L_Eye", "L_Ear", "R_Eye", "R_Ear"]}