{"id": 4, "class": "person", "kpt3d_body": [[108.10096475802631, -26.54173351064685, 2716.607618598313], [261.88059419895154, -116.68612391813525, 2653.7547719368486], [98.62652893873874, 375.331104418786, 3076.3371052153034], [24.111003380668656, -103.13556599147375, 2809.2144026144324], [-42.41606984516042, -250.02835042100287, 3055.999219949991], [86.47983781959422, -313.3909665519971, 2880.7486510910976], [45.50830135221925, 322.4332491076176, 3140.3070143260607], [-12.356390702059281, 646.7911181301048, 3399.8935074593674], [-53.871490595091046, 971.8475529011064, 3662.216969413006], [200.68767113741305, 46.66619067822069, 2634.991416474482], [334.0595132732411, -59.513515867915885, 2892.134694387979], [159.89504689224802, -247.08130511770577, 2834.1757586891845], [151.74471661585522, 428.23058291037455, 3012.368368150861], [109.1805597563729, 774.8430965578148, 3250.3765773390887], [71.05063914963144, 1112.1975010158549, 3495.792470996127], [248.43429112178632, -163.4490077281066, 2644.0501498493086], [156.32613724973805, -205.20947098499192, 2656.643329530138], [255.8570433117076, -115.5033806232349, 2608.6455715501634], [172.45455484354264, -85.97332870419109, 2566.4125599534214]], "kpt2d_body": [[1004.2761327439335, 535.6553025953187], [1086.0439064983739, 488.2328119877302], [993.3101587439066, 718.3508434866944], [960.7383739343302, 498.1567373905907], [929.4317945773647, 435.5633743815482], [990.514057147571, 398.33111273692896], [968.929845113993, 691.7670497711487], [943.7503136339704, 811.4262958400072], [928.6452204518888, 911.5616513639568], [1054.8804253937042, 573.8666664553294], [1109.3521809061674, 520.7116313285572], [1027.2665115542295, 428.24131681336905], [1018.6227377326906, 745.9030685608154], [994.9057812224994, 875.8336539614957], [976.3761768577643, 980.1082004949606], [1079.437488725716, 463.48916042752893], [1030.6742455454378, 441.9911605611894], [1085.2090930445274, 487.8052803022003], [1042.4015650828883, 502.6845660220593]], "kpt2d_body_mask": [true, true, true, true, true, true, true, true, true, true, true, true, true, true, true, true, true, true, true], "kpt3d_body_mask": [true, true, true, true, true, true, true, true, true, true, true, true, true, true, true, true, true, true, true], "kpt_list": ["Thorax", "Nose", "Pelvis", "L_Shoulder", "L_Elbow", "L_Wrist", "L_Hip", "L_Knee", "L_Ankle", "R_Shoulder", "R_Elbow", "R_Wrist", "R_Hip", "R_Knee", "R_Ankle", "L_Eye", "L_Ear", "R_Eye", "R_Ear"]}