{"id": 4, "class": "person", "kpt3d_body": [[126.0669034233451, -42.96859155328448, 2763.044729942813], [293.8775059653156, -186.64370095107898, 2721.582891784499], [115.39260552041159, 380.590528513153, 3088.987458458128], [62.149258442122004, -141.51332034068787, 2862.601203699458], [-60.2033834037346, -170.5625593315807, 3108.0337701353033], [99.30413617467842, -313.14548093324504, 3036.3364809696386], [82.43212527732692, 325.5125919019064, 3159.5812601972484], [13.611727678856331, 662.8461014086304, 3416.2370916369105], [-52.20560498173916, 971.7814300010214, 3660.5500676207994], [187.0918306667392, 54.44568965676609, 2652.4089600007583], [247.5155626557988, 338.00693427691726, 2541.7217086771184], [389.10406907321004, 141.5891523641848, 2487.739123938033], [148.35214947914562, 435.6686553230884, 3018.3933614291946], [107.87165982801693, 771.6495303930276, 3243.3058641413045], [70.462138336905, 1109.3897702663644, 3494.2718543473993], [268.3831326053764, -226.54836156870545, 2716.5172537000076], [157.9417796958587, -236.10751883774157, 2721.100450084955], [291.3642117428276, -194.80367025887858, 2674.3789016649507], [222.18845395270523, -150.33257173172018, 2611.0936981336154]], "kpt2d_body": [[1012.4025059195037, 527.6141215731589], [1098.7802778549399, 454.2076881998607], [1000.6593572960821, 719.9864725102863], [979.0409770574538, 480.4801038916102], [921.7561372209782, 472.9195292235634], [994.261496104256, 406.1350752993758], [985.0618121220954, 692.2288910535971], [954.2737664411815, 816.5414760691535], [929.2591312757476, 911.6979985223984], [1047.0616482528837, 577.7873970549404], [1083.6444442622792, 732.9874771192896], [1165.3726087827467, 627.8768039258928], [1016.9151497234855, 748.8911749602937], [994.4550706990608, 875.2181137833206], [976.1624914801536, 979.2551736474411], [1086.008175780122, 433.68381988159035], [1029.527217785159, 428.8144400529256], [1100.0881534125635, 448.32450926315835], [1067.1772051637713, 469.3288200790026]], "kpt2d_body_mask": [true, true, true, true, true, true, true, true, true, true, true, true, true, true, true, true, true, true, true], "kpt3d_body_mask": [true, true, true, true, true, true, true, true, true, true, true, true, true, true, true, true, true, true, true], "kpt_list": ["Thorax", "Nose", "Pelvis", "L_Shoulder", "L_Elbow", "L_Wrist", "L_Hip", "L_Knee", "L_Ankle", "R_Shoulder", "R_Elbow", "R_Wrist", "R_Hip", "R_Knee", "R_Ankle", "L_Eye", "L_Ear", "R_Eye", "R_Ear"]}