{"id": 6, "class": "person", "kpt3d_body": [[-4.4364473670418025, -263.4623634420825, 2482.2003675395877], [60.267485737301094, -348.915393011642, 2270.0580764649426], [-29.219353306990993, 244.09974024069697, 2748.652513365897], [154.81048598130178, -289.98699520472996, 2537.5478557150254], [300.9627760092819, -187.57634067293338, 2786.3488095065713], [175.58178599240748, 46.77896688665953, 2775.3652441257436], [59.57729219596975, 225.53463544311455, 2785.2962556398925], [34.53924120280171, 590.8965177197234, 2990.668206499606], [6.475438515608527, 973.5722556439543, 3178.5485328610266], [-157.08698945342888, -241.0833934198817, 2423.1000262439147], [-397.0838755797692, -78.54210165701303, 2504.177402060392], [-243.4863412504885, 124.41765890067302, 2605.384597732789], [-118.01589030654382, 262.66435834753025, 2712.009725743212], [-139.8961345402231, 628.1395237317905, 2906.9706093964387], [-153.44897951741598, 987.7154940447566, 3121.174922485332], [84.58748972905731, -392.71746201656117, 2282.291291646603], [96.99302343033295, -433.1645112830894, 2380.459105965312], [26.36737759620231, -387.44655313503085, 2261.649391706488], [-48.654273178210794, -416.9636414834729, 2329.3380338417073]], "kpt2d_body": [[929.6849558976553, 416.02184378260364], [969.0176114946938, 350.7385357663592], [917.3547518205759, 686.9132901496674], [1017.0153875025121, 404.96369060011637], [1082.4074174125096, 470.07311313123773], [1020.4627140574014, 586.9101924188947], [962.000751584691, 676.0553211711346], [948.1364888515225, 835.7239837438276], [934.958029620672, 979.363611476138], [841.954300873494, 425.3667571598008], [712.2558307453613, 520.067746257008], [802.0071208116113, 629.7826062504113], [871.5685288234531, 697.9707359378765], [865.8592717402307, 860.407695451725], [865.393471838578, 992.1818035061893], [983.5127946938001, 325.75896272644707], [988.5552836456054, 312.3539611209045], [948.3315654139493, 326.7111766136039], [903.2572342138782, 316.28614788008355]], "kpt2d_body_mask": [true, true, true, true, true, true, true, true, true, true, true, true, true, true, true, true, true, true, true], "kpt3d_body_mask": [true, true, true, true, true, true, true, true, true, true, true, true, true, true, true, true, true, true, true], "kpt_list": ["Thorax", "Nose", "Pelvis", "L_Shoulder", "L_Elbow", "L_Wrist", "L_Hip", "L_Knee", "L_Ankle", "R_Shoulder", "R_Elbow", "R_Wrist", "R_Hip", "R_Knee", "R_Ankle", "L_Eye", "L_Ear", "R_Eye", "R_Ear"]}