{"id": 6, "class": "person", "kpt3d_body": [[-44.6143611169026, -279.80202544524377, 2461.2755737914413], [33.700932452165794, -361.4342285998616, 2285.160093227291], [-29.04817141791474, 226.652645171975, 2729.076325307399], [69.49718962763517, -316.6098841832961, 2561.266117406494], [342.31493444804687, -291.62344191477104, 2614.456821373849], [291.48231099046916, -362.0827520848734, 2381.340102123721], [47.33075506276358, 199.6636634152476, 2782.600641319187], [35.96330196792395, 588.7942197692461, 2981.6217993833307], [6.595231671707973, 971.8601890083393, 3176.1309748130034], [-155.21569375844902, -239.64326476378815, 2370.2946258835477], [62.11679039988234, -109.00141454121027, 2235.789918477756], [228.17702689954467, -301.456186928271, 2290.221835644859], [-105.42677365909742, 253.64119207053804, 2675.55070324541], [-134.24865732234733, 625.5807438732892, 2894.911227209903], [-152.98384837567573, 989.0649058662638, 3117.649109420452], [51.30243098999528, -406.4146162057857, 2299.1803734408973], [45.191550911736684, -445.7386778376365, 2397.5908330980433], [-3.0539632778306647, -395.38395211451973, 2274.1849604108743], [-86.77429790831158, -417.5776425885267, 2333.6341824863803]], "kpt2d_body": [[906.9420823461046, 405.6361255590407], [952.6361157044706, 344.6184234374218], [917.331560964391, 678.9441172089838], [969.9166086162463, 391.97946745120885], [1113.6036500898003, 409.3097878989255], [1101.3866406356974, 353.82745176043454], [955.9031199000431, 663.2806329212856], [948.84502881744, 835.5807033159058], [935.01161449974, 978.9685792488659], [841.0536375896502, 423.1498922192635], [970.9591551727182, 495.57793252897716], [1070.321324833088, 381.436751892704], [877.2841422610094, 695.1475723767003], [868.2686035231861, 860.4430090294404], [865.5291643420611, 993.1983064963983], [963.0768657409183, 319.3277936295338], [958.2563345302478, 306.9223949476437], [930.3161152454928, 323.24313752819785], [880.707521812081, 316.4418423032025]], "kpt2d_body_mask": [true, true, true, true, true, true, true, true, true, true, true, true, true, true, true, true, true, true, true], "kpt3d_body_mask": [true, true, true, true, true, true, true, true, true, true, true, true, true, true, true, true, true, true, true], "kpt_list": ["Thorax", "Nose", "Pelvis", "L_Shoulder", "L_Elbow", "L_Wrist", "L_Hip", "L_Knee", "L_Ankle", "R_Shoulder", "R_Elbow", "R_Wrist", "R_Hip", "R_Knee", "R_Ankle", "L_Eye", "L_Ear", "R_Eye", "R_Ear"]}