{"id": 6, "class": "person", "kpt3d_body": [[6.12433509432595, -259.76510651966635, 2477.9711582980217], [76.28626458151528, -347.78254389059316, 2263.410010478481], [-23.15642268701143, 244.6623213874193, 2747.696346874402], [164.5541992068408, -282.5580718283612, 2527.878065600531], [308.37828202277996, -185.79927631048704, 2780.855780974447], [182.39726668319895, 47.11186890648776, 2772.8033846063636], [63.95398832654002, 225.18456337087102, 2785.171704106493], [38.331891411803454, 591.5076823320011, 2989.448465535989], [5.404630459756117, 972.82474540054, 3178.4029509133907], [-157.60976912103047, -240.52150820618436, 2419.3139189517506], [-389.2655404786037, -73.48766112434916, 2494.5376870670916], [-234.61524862670967, 127.73311041782776, 2597.1089644096746], [-110.26630638362437, 264.14091606704187, 2710.2216076485784], [-137.02418671532345, 627.0385731238831, 2906.139061171876], [-153.23329681284628, 987.6789431358878, 3120.975487052144], [98.71698573805102, -392.71686959692306, 2277.8765172713884], [104.97186644028893, -429.1813026632634, 2377.562529132104], [40.77493738061428, -386.41411784331456, 2254.1294181306835], [-38.429733808892095, -410.10719438246565, 2321.1343809458776]], "kpt2d_body": [[935.6168987547444, 417.83132573259815], [978.9415687303593, 350.83093091674334], [920.4255994119866, 687.2409379165076], [1022.7014552554423, 408.430899147588], [1086.3886610928878, 470.7896795246626], [1023.9659460211855, 587.0966781167318], [964.1929015124302, 675.8839849642732], [949.8954274942669, 836.1059815564334], [934.4994803231003, 979.0781476220491], [841.5130704625208, 425.47401932288847], [715.6975206278762, 522.6923559066877], [806.3342759374722, 631.77573106641], [875.5089152308951, 698.8208755415774], [867.198036813164, 859.9907913949116], [865.483070112104, 992.193459502535], [992.1938783743686, 325.339397645149], [993.2714260632442, 314.34334959702835], [957.240759708951, 326.5692718029579], [909.2474297077231, 319.42419837345926]], "kpt2d_body_mask": [true, true, true, true, true, true, true, true, true, true, true, true, true, true, true, true, true, true, true], "kpt3d_body_mask": [true, true, true, true, true, true, true, true, true, true, true, true, true, true, true, true, true, true, true], "kpt_list": ["Thorax", "Nose", "Pelvis", "L_Shoulder", "L_Elbow", "L_Wrist", "L_Hip", "L_Knee", "L_Ankle", "R_Shoulder", "R_Elbow", "R_Wrist", "R_Hip", "R_Knee", "R_Ankle", "L_Eye", "L_Ear", "R_Eye", "R_Ear"]}