{"id": 6, "class": "person", "kpt3d_body": [[-9.623051453901734, -248.36394869040944, 2459.071569886482], [43.052481178756736, -339.63399699225806, 2246.3554077492386], [-30.71259925737397, 248.82610416810493, 2717.7299138845406], [143.8086340118341, -275.2099519262478, 2521.0820622591114], [399.0099208914314, -228.45643109979264, 2582.9213286911627], [389.92612762087776, -386.39347985344773, 2393.640618518346], [54.344498636335025, 226.43336458267981, 2756.983026919588], [34.67186945801678, 602.3812789550412, 2961.6002282156455], [6.644310477876516, 972.6694812586218, 3175.549516263779], [-160.630342465506, -225.43196105589473, 2402.502006255226], [-350.1631739643761, -84.18272272461877, 2256.541755964035], [-247.1776036457248, -255.03813242017216, 2107.4891845205793], [-115.77044020410916, 271.2179552578708, 2678.478443544736], [-141.04053875225307, 629.9851486066539, 2891.72108370375], [-153.7729996440205, 989.8233154807281, 3119.265758900875], [66.34621394735846, -384.0872692342616, 2258.7589252517505], [78.80928169710349, -423.56792517499616, 2358.59697459088], [8.597799204567895, -378.054393676607, 2238.2843967448975], [-66.9322030247892, -404.8726949278007, 2308.5706287558564]], "kpt2d_body": [[926.7221254046907, 423.12182926817786], [958.7797739580038, 354.14777579417193], [916.4225599503529, 690.7170200360491], [1011.5366689692825, 411.9888807712166], [1146.1083039824093, 441.2940872897139], [1156.4800179841448, 341.7828757018917], [959.6594572544457, 677.6610410997127], [948.3448205150992, 843.5586959310886], [935.0330585155746, 979.3700184772927], [839.1064871428792, 433.1941006881533], [716.9196548825098, 511.8402620471031], [769.6108900975265, 396.1713872029139], [871.9920563395185, 704.0559960263756], [864.9796362914228, 862.7822176876955], [865.2213148072402, 993.2968693028347], [972.875127309763, 328.48206105350846], [978.4282165178818, 315.5448509688256], [937.5005420215512, 329.977867769809], [892.0252728213313, 321.23554355713804]], "kpt2d_body_mask": [true, true, true, true, true, true, true, true, true, true, true, true, true, true, true, true, true, true, true], "kpt3d_body_mask": [true, true, true, true, true, true, true, true, true, true, true, true, true, true, true, true, true, true, true], "kpt_list": ["Thorax", "Nose", "Pelvis", "L_Shoulder", "L_Elbow", "L_Wrist", "L_Hip", "L_Knee", "L_Ankle", "R_Shoulder", "R_Elbow", "R_Wrist", "R_Hip", "R_Knee", "R_Ankle", "L_Eye", "L_Ear", "R_Eye", "R_Ear"]}