{"id": 6, "class": "person", "kpt3d_body": [[-250.56442059210792, -135.96599886918733, 2498.262783153627], [-197.53685554755384, -122.09676150830724, 2262.1581208481366], [-209.74463673940707, 198.2369955817024, 2962.0536080350103], [-93.4230518362121, -192.18371325703464, 2520.312181288737], [67.7616647206814, -232.4072065606125, 2777.7840284560316], [-29.142517383093907, -9.105145261854588, 2882.68850657339], [-124.48460240484671, 155.0610902279746, 2980.2622064882044], [-99.0677980686375, 394.02395168082484, 3324.363701751113], [-78.86475226059429, 653.7858910298563, 3661.757024955673], [-415.78166712919773, -80.17506672188865, 2470.6665527707382], [-619.1278527264682, 60.2731605993182, 2626.841808217222], [-438.20960710266024, 180.69943188736602, 2793.2835071915088], [-295.0045161824421, 241.41246222900656, 2943.842822450067], [-271.61775119575555, 479.4521632117045, 3280.206585649808], [-236.4783046780403, 709.0759870470977, 3629.797942542702], [-180.11452975974848, -170.68740213565496, 2253.5411716308786], [-175.3072066228104, -249.4971089935209, 2324.9570514936436], [-237.65797893679303, -149.37849918291823, 2240.5385963504655], [-316.31315936489693, -194.32939015921482, 2294.888876705571]], "kpt2d_body": [[779.9009330484802, 475.5214132801636], [800.3905170099846, 476.18412082536355], [826.5581996935391, 667.5883089645093], [880.0801723037391, 440.8138108245096], [977.6918171809169, 429.0694179599975], [922.8578543842317, 556.6066265861397], [872.5673827645134, 644.1000973479763], [891.7134444200757, 749.075131886547], [904.9683835949627, 842.9127370158737], [673.0992701035404, 510.47830144198167], [568.8238352632034, 597.5765339725285], [691.081319444181, 663.5950913150086], [780.1712713426693, 691.2475628430402], [808.0966767534358, 792.0848535697819], [836.3375444839011, 868.6921537614753], [812.1749994228572, 441.7687807033977], [819.4926103266289, 392.0068064360562], [770.8474248345537, 456.21252720819206], [721.0450004986959, 428.06256745665974]], "kpt2d_body_mask": [true, true, true, true, true, true, true, true, true, true, true, true, true, true, true, true, true, true, true], "kpt3d_body_mask": [true, true, true, true, true, true, true, true, true, true, true, true, true, true, true, true, true, true, true], "kpt_list": ["Thorax", "Nose", "Pelvis", "L_Shoulder", "L_Elbow", "L_Wrist", "L_Hip", "L_Knee", "L_Ankle", "R_Shoulder", "R_Elbow", "R_Wrist", "R_Hip", "R_Knee", "R_Ankle", "L_Eye", "L_Ear", "R_Eye", "R_Ear"]}