{"id": 6, "class": "person", "kpt3d_body": [[-306.75313486504587, -138.491558929855, 2474.016335150216], [-248.38034641859105, -143.83302140767762, 2274.315875404414], [-219.6255870629705, 187.49006468115297, 2937.4955411220117], [-227.30908228432332, -235.23640647430688, 2545.252005610145], [72.50982483532803, -265.6891531280559, 2557.700831985988], [-1.6312887281685207, -231.61283770292977, 2332.134937845481], [-144.9868035840291, 132.1680382937456, 2967.464034506868], [-104.79220344628385, 392.21561465013554, 3319.3332170478266], [-77.23939643657067, 655.0395808056919, 3660.7030199027795], [-412.1802949079096, -44.01757180544578, 2417.8011031787614], [-174.99877411090222, 93.51733408380689, 2338.221517171535], [-51.204134028329435, -123.69060551519873, 2284.8421352227074], [-294.2638743077025, 242.81132472199573, 2907.526322158385], [-270.0327875993684, 482.74107710003227, 3270.5517625111816], [-228.32303668101503, 721.5888413978187, 3621.861023476303], [-236.27977988893554, -194.20008611903933, 2267.0861463438255], [-246.83514783769212, -268.8036298694701, 2340.9043408238576], [-289.2426040242561, -164.6572618236633, 2253.1244271135947], [-375.0885238386497, -198.8072781816532, 2305.1693147238375]], "kpt2d_body": [[742.5824412597191, 473.1762127438868], [765.8821996184511, 461.63873037819064], [820.2851294509989, 662.676779157524], [797.4416911181222, 415.52332456805243], [983.9382743781076, 397.1979834402724], [937.8428226295435, 404.3683489290432], [861.3010942395555, 632.2263444561216], [888.9081121702912, 748.49611813501], [905.6608412946106, 843.5259498804971], [669.6407452285989, 532.9296475580302], [820.0943855733469, 624.979416967405], [903.3221140312371, 475.77893197592243], [778.6085913793947, 693.6136740663869], [808.4877532091223, 794.3312781573345], [839.6890198378151, 874.7116933076092], [773.8758169429028, 426.26556220136865], [772.1762065344362, 380.4249002229637], [735.7959271675852, 446.2439208769654], [682.1635203252489, 425.83316654643954]], "kpt2d_body_mask": [true, true, true, true, true, true, true, true, true, true, true, true, true, true, true, true, true, true, true], "kpt3d_body_mask": [true, true, true, true, true, true, true, true, true, true, true, true, true, true, true, true, true, true, true], "kpt_list": ["Thorax", "Nose", "Pelvis", "L_Shoulder", "L_Elbow", "L_Wrist", "L_Hip", "L_Knee", "L_Ankle", "R_Shoulder", "R_Elbow", "R_Wrist", "R_Hip", "R_Knee", "R_Ankle", "L_Eye", "L_Ear", "R_Eye", "R_Ear"]}