{"id": 6, "class": "person", "kpt3d_body": [[-266.5332856553333, -137.6865459440449, 2502.8781307156437], [-219.30179737963573, -129.3111100080552, 2263.6211218729027], [-218.46294029645867, 198.36890094668723, 2965.0258756797066], [-113.25736634625251, -206.1684930522424, 2530.2663349458553], [49.484247991703526, -239.46187669666637, 2785.978373472083], [-43.858430176171, -12.590624159971782, 2886.276187930838], [-127.86972453871805, 159.2136629435533, 2982.2556451304035], [-105.60787280686651, 394.1483041868686, 3328.7523004754967], [-78.02212651134157, 654.8846142329494, 3661.5788457767053], [-417.362657565902, -79.09461646578215, 2470.83394895626], [-636.0677474694689, 47.97570598216595, 2637.948192735175], [-457.93498795349166, 172.2348938695896, 2801.4476943191266], [-309.056268697889, 237.52333055182746, 2947.7967176242028], [-275.2766761577735, 483.6337535747597, 3281.386566224569], [-236.7443877270283, 707.9025697195958, 3631.9870981394433], [-200.93985336271888, -176.78703702129832, 2253.8138039807413], [-190.37808097096956, -253.69564630111762, 2326.621137149375], [-257.6095777198436, -157.05160784374067, 2242.037778323324], [-334.52956022882466, -202.29251254605464, 2301.4663985362913]], "kpt2d_body": [[770.1309132988981, 474.6201948430963], [785.3016698697679, 471.239421247975], [822.0157838304832, 667.5421550458275], [867.8890410641245, 432.5775598983081], [967.1578831268623, 425.45250434211096], [914.7681243173406, 554.6967805874087], [870.8120422920531, 646.2476377494356], [888.6621291055818, 748.8826678384987], [905.3310347846818, 843.3930784186321], [672.1176831005316, 511.1730631364125], [560.4948352940293, 590.1066708145758], [680.7799533261032, 658.4977659081463], [772.8599019991719, 688.9667518740847], [806.3980500836593, 793.9832264588865], [836.2800442274793, 868.0102802125507], [797.6014218232481, 437.5584865964482], [809.3583065800444, 389.33151012036654], [756.9608025296488, 450.93419140578004], [709.296399327593, 423.07152186294036]], "kpt2d_body_mask": [true, true, true, true, true, true, true, true, true, true, true, true, true, true, true, true, true, true, true], "kpt3d_body_mask": [true, true, true, true, true, true, true, true, true, true, true, true, true, true, true, true, true, true, true], "kpt_list": ["Thorax", "Nose", "Pelvis", "L_Shoulder", "L_Elbow", "L_Wrist", "L_Hip", "L_Knee", "L_Ankle", "R_Shoulder", "R_Elbow", "R_Wrist", "R_Hip", "R_Knee", "R_Ankle", "L_Eye", "L_Ear", "R_Eye", "R_Ear"]}