{"id": 4, "class": "person", "kpt3d_body": [[117.91953538888237, -192.4787333796182, 2523.5001856029317], [74.46882573835312, -247.6437353988898, 2348.5943770914646], [131.63140548766557, 341.4999810131344, 2594.3336042884516], [255.25945430042862, -210.38180616689957, 2531.990091496612], [552.0314158778749, -198.7394437875072, 2619.244789351317], [800.5418746990031, -239.97673192665516, 2678.735592719115], [217.2209940212041, 341.93098186695835, 2588.9580371685843], [233.6291068386841, 770.8647162151004, 2685.1082146327535], [244.95171785899768, 1191.8822718569597, 2748.9035182459147], [-7.238856882390401, -200.36755216330263, 2568.32460331595], [-302.539573904404, -181.82286682133352, 2725.8895741291935], [-524.9527411351955, -263.78474813286107, 2848.42657459878], [46.0422471423961, 341.0699667737349, 2599.709210523931], [65.9312348303444, 775.7447816503701, 2697.566522346064], [100.80131489725392, 1199.6989420478608, 2775.3004661674145], [102.96420847360409, -285.9184551536838, 2347.178349573287], [167.063568298762, -325.802156605214, 2424.8711771836497], [46.39467707113905, -285.01048380395775, 2356.8218434361097], [19.94086686198859, -319.70436673295364, 2449.9325983001213]], "kpt2d_body": [[1018.4597024235882, 433.3170123495204], [993.9246469845282, 386.0450578993378], [1024.8023827011125, 770.8497310833006], [1106.350565397602, 422.4910059903293], [1283.0128563393048, 435.03302190866316], [1421.1069245213685, 414.2440918652194], [1078.62185690068, 771.3647897986937], [1081.902306151032, 1016.4934626640667], [1082.871282922702, 1238.5357450569145], [937.66601162644, 430.4432378983773], [761.6893365747151, 449.11437117459195], [644.1006761729765, 407.9152500044812], [971.0955594581169, 770.237774932083], [981.5992591742738, 1017.8097629079058], [999.7631646199465, 1237.211211418838], [1013.6681748783192, 359.6461038830868], [1054.267457679385, 339.5611395506759], [974.3219725182424, 361.0129527553546], [955.521412694147, 345.58299109352174]], "kpt2d_body_mask": [true, true, true, true, true, true, true, true, true, true, true, true, true, true, true, true, true, true, true], "kpt3d_body_mask": [true, true, true, true, true, true, true, true, true, true, true, true, true, true, true, true, true, true, true], "kpt_list": ["Thorax", "Nose", "Pelvis", "L_Shoulder", "L_Elbow", "L_Wrist", "L_Hip", "L_Knee", "L_Ankle", "R_Shoulder", "R_Elbow", "R_Wrist", "R_Hip", "R_Knee", "R_Ankle", "L_Eye", "L_Ear", "R_Eye", "R_Ear"]}