{"id": 6, "class": "person", "kpt3d_body": [[-76.79100547436285, -118.94196670213915, 2659.612563287382], [-181.08811392337947, -281.54270259600537, 2579.8872644076073], [-100.83741948408613, 446.5332775764905, 2611.006799089242], [9.518636712642401, -124.8457345364875, 2531.1185155381527], [-235.8832559202759, -89.10362251194044, 2371.7829796114443], [-388.4147098516422, -210.8925470061476, 2556.388433427628], [-53.44757211928113, 441.5120977890193, 2527.3473540394793], [-42.4429401468869, 875.2375364584339, 2508.7854303171616], [-39.46203180289325, 1302.076891335, 2496.64207403045], [-134.78851417815267, -106.15590940819885, 2805.1990420591756], [-422.9358344514816, -48.502476040760314, 2840.581281189495], [-434.19865064158626, -222.58271145523508, 2668.449897065293], [-148.22817626733598, 451.5534263488735, 2694.665856884594], [-183.28269490036493, 889.1510875950862, 2640.745836846231], [-152.52478083462074, 1309.766725313882, 2623.0691283586393], [-144.8522089380608, -311.181120108555, 2568.1878684317735], [-41.03416341582049, -296.2913009114169, 2589.8503827328186], [-180.48099824585537, -318.0720667190323, 2616.4722146740587], [-132.67795338451373, -308.49543169578936, 2709.7804197904493]], "kpt2d_body": [[894.2318313240802, 496.3979094881432], [836.8787661240951, 407.17881823612066], [881.0632837537097, 795.293671174872], [939.8454811162925, 489.9696539013339], [795.9315382938296, 506.4993834393418], [723.8845111225274, 444.5972721093595], [905.2877611917784, 800.3628463407717], [911.7708652570525, 1029.5050852583404], [914.0962911119497, 1238.1218616723295], [867.4477746119026, 506.005263880382], [727.6848318118059, 535.0763016309277], [709.1670608771, 443.44285637418227], [858.3529208193954, 790.5000863309973], [840.6825059050456, 1013.5185242425987], [858.4722239508135, 1211.9260852760608], [856.0979507164552, 390.50407454877745], [912.5138362494283, 399.6875525672769], [838.6424465095018, 390.0330458442073], [866.4023330728394, 400.5601754599754]], "kpt2d_body_mask": [true, true, true, true, true, true, true, true, true, true, true, true, true, true, true, true, true, true, true], "kpt3d_body_mask": [true, true, true, true, true, true, true, true, true, true, true, true, true, true, true, true, true, true, true], "kpt_list": ["Thorax", "Nose", "Pelvis", "L_Shoulder", "L_Elbow", "L_Wrist", "L_Hip", "L_Knee", "L_Ankle", "R_Shoulder", "R_Elbow", "R_Wrist", "R_Hip", "R_Knee", "R_Ankle", "L_Eye", "L_Ear", "R_Eye", "R_Ear"]}