{"id": 6, "class": "person", "kpt3d_body": [[-157.3171451572136, -100.65146406370644, 2643.693913201986], [-275.4286763914844, -284.26446364442313, 2561.3382809364493], [-138.22543699720353, 459.08292735769464, 2606.230699760101], [-27.95823124446784, -113.30218577660133, 2537.2830470675995], [99.05261083025826, -60.515596729646575, 2306.8933353371776], [-18.86151692082807, -275.51604708936424, 2305.7441968641183], [-64.74447339050685, 447.83517162005325, 2545.1001430425954], [-47.02768333936948, 874.9994689008722, 2520.4891091701625], [-40.5754585667777, 1302.000074008545, 2496.5334391383117], [-260.5460367529581, -88.2054299265306, 2767.8736969039505], [-518.1809515676123, -8.530923645610073, 2859.255807399304], [-541.4010350749097, -231.7089797261434, 2757.092259807078], [-211.70605157225668, 470.3297732670771, 2667.362497601875], [-191.5445564450205, 887.9061790961671, 2648.279408153462], [-155.96824564380614, 1309.546979505772, 2621.6189490257234], [-239.21388960633033, -320.06370361808365, 2556.2583168351825], [-135.35491033951868, -310.85584713936584, 2584.907879731538], [-280.44356433896377, -317.87177801176654, 2600.429894463774], [-240.36355399525706, -301.45426576771115, 2697.519547546539]], "kpt2d_body": [[851.4699985091561, 505.70389895660463], [785.2031580773141, 404.9140047344366], [861.1442207081914, 802.1691298475605], [919.1831791993694, 496.4773915440545], [994.6114630428601, 522.176838132569], [923.1981270055503, 392.66094381678], [899.3459428451413, 802.0680424212272], [909.4087590813125, 1027.327175664614], [913.5129946225849, 1238.1102515960536], [803.296774366904, 514.4118665398199], [683.4976044942559, 554.6198668809536], [663.4820427907777, 442.96404811562365], [824.784325272969, 802.167461545389], [836.7121202299021, 1011.6527028124549], [856.7137592563513, 1212.127037187947], [804.6064080312715, 385.21898828512224], [861.7049755793994, 391.7356813083219], [784.8839922733091, 389.43845977105684], [810.679640691326, 403.69494823592214]], "kpt2d_body_mask": [true, true, true, true, true, true, true, true, true, true, true, true, true, true, true, true, true, true, true], "kpt3d_body_mask": [true, true, true, true, true, true, true, true, true, true, true, true, true, true, true, true, true, true, true], "kpt_list": ["Thorax", "Nose", "Pelvis", "L_Shoulder", "L_Elbow", "L_Wrist", "L_Hip", "L_Knee", "L_Ankle", "R_Shoulder", "R_Elbow", "R_Wrist", "R_Hip", "R_Knee", "R_Ankle", "L_Eye", "L_Ear", "R_Eye", "R_Ear"]}