{"id": 6, "class": "person", "kpt3d_body": [[-130.51744194829894, -123.24325160023875, 2658.6187513381633], [-233.7258577648971, -279.75231508100364, 2557.6376498501118], [-128.04807738285004, 448.34314671086577, 2598.9244881998816], [-3.676195612430462, -119.84477410971095, 2566.7579758554216], [32.55799242118499, -192.91432140114722, 2282.3066956373605], [-170.90682145878947, -331.5398288566894, 2369.834799787355], [-52.42679709007875, 442.7781035626292, 2541.2989505689907], [-42.28478514938617, 871.2189679546454, 2516.3301234233377], [-40.13179726370899, 1301.9604389232204, 2495.7686462982897], [-257.1907238271459, -113.63197990581341, 2750.9230138713433], [-502.23029517011855, -185.13944268343266, 2821.2007903383656], [-403.1813485689163, -323.1861020792144, 2607.1509364603844], [-203.66948174790537, 453.90820175273547, 2656.55018224244], [-188.0233373341552, 884.92174833229, 2641.7682661655463], [-155.1834926873571, 1309.5643586142025, 2621.3501672296416], [-195.37205256907697, -313.68250205259926, 2556.370464409401], [-98.19148357766672, -307.2017510303107, 2587.0690533125485], [-237.22187543593532, -315.3504092543699, 2600.1474694284607], [-202.35861899172858, -303.82002137035613, 2693.2544982206136]], "kpt2d_body": [[866.0070717669827, 494.1506287000755], [807.5078292964173, 406.98355544788114], [866.3287195560208, 797.2560944924144], [932.5859061460061, 493.63785547998157], [954.5056328197476, 441.0324090473953], [834.4267544084537, 364.8691595743704], [906.0039414805441, 799.7380957170053], [911.9127549830514, 1026.1596717685618], [913.7393645375241, 1238.2768819062903], [804.2095690597339, 501.28472882596265], [688.1489485416082, 468.0978577385216], [720.6940408356736, 387.66173006308856], [828.452360082505, 794.7807458587863], [838.2662087706346, 1011.2863484991396], [857.0987105807503, 1212.1995603500218], [828.325796362971, 388.51552069070163], [881.7358711147654, 393.75778423012605], [807.8139028120042, 390.5947073907228], [830.0440415000525, 402.13818177976464]], "kpt2d_body_mask": [true, true, true, true, true, true, true, true, true, true, true, true, true, true, true, true, true, true, true], "kpt3d_body_mask": [true, true, true, true, true, true, true, true, true, true, true, true, true, true, true, true, true, true, true], "kpt_list": ["Thorax", "Nose", "Pelvis", "L_Shoulder", "L_Elbow", "L_Wrist", "L_Hip", "L_Knee", "L_Ankle", "R_Shoulder", "R_Elbow", "R_Wrist", "R_Hip", "R_Knee", "R_Ankle", "L_Eye", "L_Ear", "R_Eye", "R_Ear"]}