{"id": 6, "class": "person", "kpt3d_body": [[-118.96367647278507, -101.87717325312434, 2645.124117233822], [-234.84795268777987, -287.0097051943148, 2545.797713797728], [-110.92865554092768, 469.34532466083, 2607.225490216774], [-7.961969207834123, -116.67062681207426, 2520.640458115957], [217.7571983352408, 71.75472642818221, 2433.411867372501], [68.22412786802283, 285.69257779688553, 2480.885257165328], [-38.17790495580462, 459.75321680400396, 2543.631620681579], [-27.5449758114042, 879.7340060542037, 2521.386057441437], [-37.70615999778563, 1302.1901283550292, 2499.127491080258], [-237.3001143201057, -94.28989202000935, 2772.761702147929], [-330.6234376200075, 114.80895493031966, 2961.1863737597796], [-268.5556577440598, 320.29557609388473, 2791.894071862437], [-183.6795932652383, 478.93645317575704, 2670.8196693781465], [-178.59595972027608, 891.5203831137956, 2648.817577432861], [-152.49903541468558, 1309.6172272322947, 2622.329876400946], [-196.3059257407516, -322.14166150876054, 2541.8883118293934], [-95.86861109614264, -308.8402582556549, 2574.1172695316986], [-239.95713560436133, -320.720322438313, 2586.04773997367], [-204.5742266466288, -302.72037629677925, 2684.5123481170754]], "kpt2d_body": [[871.7397469627965, 505.06400948325165], [806.3370316648043, 402.3615563639062], [875.6800432844465, 807.4904893009705], [930.1721943852475, 494.2023370203014], [1059.4549116698518, 599.8095100033711], [972.904703091365, 718.8131558881288], [913.809733561626, 808.5975211490533], [919.8769024378395, 1029.5778446181805], [915.0319058554181, 1237.5803215517712], [815.1719388252509, 511.41778095865243], [779.0570716075902, 612.6427755555295], [800.9301842363691, 717.8071787529791], [839.4322366806828, 806.3378018670089], [843.3557040339035, 1013.3835853376409], [858.4650536593913, 1212.0235823830383], [827.2441958551708, 382.9838151565185], [882.7303024369303, 392.05419805778064], [805.6881991342742, 386.84476869900243], [828.5598823510545, 402.20371291810187]], "kpt2d_body_mask": [true, true, true, true, true, true, true, true, true, true, true, true, true, true, true, true, true, true, true], "kpt3d_body_mask": [true, true, true, true, true, true, true, true, true, true, true, true, true, true, true, true, true, true, true], "kpt_list": ["Thorax", "Nose", "Pelvis", "L_Shoulder", "L_Elbow", "L_Wrist", "L_Hip", "L_Knee", "L_Ankle", "R_Shoulder", "R_Elbow", "R_Wrist", "R_Hip", "R_Knee", "R_Ankle", "L_Eye", "L_Ear", "R_Eye", "R_Ear"]}