{"id": 6, "class": "person", "kpt3d_body": [[-118.85411904200399, -102.20437776348916, 2645.575136598987], [-234.86799327008515, -286.2242658503837, 2546.773675462971], [-110.62599692111299, 468.98517988337585, 2608.334454647734], [-2.0797765764807252, -118.379484622794, 2527.599923600563], [218.23183153757503, 71.90489667212773, 2433.9482899867535], [68.10998729647149, 285.795697633681, 2481.3213617734], [-39.10174445220994, 459.6473881623451, 2544.2917748252685], [-27.641529344805704, 878.8214411933866, 2521.55812960633], [-37.95282559092971, 1304.1088296999715, 2498.676088096414], [-236.9138142148688, -93.77350010442427, 2773.499417959204], [-329.4385900713212, 115.2625518704744, 2962.833385326924], [-267.46681768494915, 320.7630196110975, 2793.05725408544], [-182.15037449306163, 478.32198631569145, 2672.3773658905448], [-178.29938758518605, 891.2236239954675, 2648.4360581091532], [-152.95254142548254, 1309.5907606448272, 2623.231645810438], [-196.1323034725367, -321.4702154517565, 2543.0846150269545], [-96.00113071895908, -308.42294063043283, 2575.397190446924], [-240.0606065975379, -320.0582780756102, 2587.5152008608325], [-204.50741247363962, -302.7668952728561, 2685.4946473846917]], "kpt2d_body": [[871.8084091590798, 504.9007876615592], [806.3721604747349, 402.84566785614106], [875.8642740721626, 807.2002503391277], [933.4378845618681, 493.43769607808275], [1059.698270074953, 599.8859256422376], [972.8338634630835, 718.8426789134571], [913.3119107375899, 808.4766362389918], [919.8249482777939, 1029.0897073876524], [914.9037212538203, 1238.5724461946575], [815.3966291818671, 511.68905086760344], [779.6964107069451, 612.8271110524228], [801.5254334597455, 717.9755348080421], [840.2740641156961, 805.8904163019563], [843.4928165900391, 1013.3043840233684], [858.2617440005874, 1211.8091214756637], [827.3865809275821, 383.42789149270254], [882.6836508567459, 392.35984187093266], [805.7027029194614, 387.29297074541057], [828.6328721197484, 402.2363327507778]], "kpt2d_body_mask": [true, true, true, true, true, true, true, true, true, true, true, true, true, true, true, true, true, true, true], "kpt3d_body_mask": [true, true, true, true, true, true, true, true, true, true, true, true, true, true, true, true, true, true, true], "kpt_list": ["Thorax", "Nose", "Pelvis", "L_Shoulder", "L_Elbow", "L_Wrist", "L_Hip", "L_Knee", "L_Ankle", "R_Shoulder", "R_Elbow", "R_Wrist", "R_Hip", "R_Knee", "R_Ankle", "L_Eye", "L_Ear", "R_Eye", "R_Ear"]}