{"id": 6, "class": "person", "kpt3d_body": [[-137.24888773525439, -129.1896856578765, 2654.6643075462957], [-234.65314605608955, -284.4506363476691, 2561.4233606088187], [-124.89640312971574, 444.5054541759497, 2607.235118405223], [-8.793063239144576, -127.80800453750288, 2557.0782011058673], [74.10420361813689, -252.8751835563756, 2303.116433586642], [-168.22878877757233, -325.8955546221938, 2368.783335417247], [-55.72687572538912, 440.5358153821126, 2540.267446058197], [-41.03914137524319, 871.2672499090388, 2517.9090057656554], [-40.04416522690016, 1303.8471421516151, 2495.0364307877708], [-260.909675228866, -131.26324165079893, 2762.982734171931], [-473.4870051423732, -257.45238234283335, 2874.53382708766], [-406.2722784056834, -329.54198251236676, 2621.133881703052], [-194.06634160182787, 448.47600874486216, 2674.2016278338133], [-188.48710115124345, 884.9781612877326, 2643.431753376313], [-155.29022650758992, 1309.9993984715848, 2622.9727001920473], [-199.03182667233781, -317.2484973664845, 2558.6406026481], [-102.83137871240893, -307.80861562081526, 2591.3360625905907], [-240.95226479401072, -319.82879708799317, 2600.8191992006955], [-203.73783032968782, -306.97628996436947, 2699.1365248821257]], "kpt2d_body": [[862.3728512441379, 490.94143094976533], [807.2071302893587, 404.68027739116974], [868.2054015390779, 794.5167633805686], [929.7814173027969, 489.05391708166667], [979.4390604190353, 406.07838278706697], [835.9299274155296, 368.0426797558964], [904.1892628583354, 798.6304243186801], [912.5955436637045, 1025.911113613191], [913.7838207000583, 1239.3237113611644], [802.9288715450032, 492.6698742894687], [706.5032509470425, 434.99925937623397], [720.2369345394172, 385.2538903543566], [834.0762696073087, 790.5283769892509], [838.0865337906677, 1011.0429981151826], [857.0908792262599, 1212.0326446058425], [826.4476225588896, 386.75845680893553], [879.3316362730006, 393.71096997483625], [805.8783085902437, 388.2827693203823], [829.5687638592563, 400.86754250495596]], "kpt2d_body_mask": [true, true, true, true, true, true, true, true, true, true, true, true, true, true, true, true, true, true, true], "kpt3d_body_mask": [true, true, true, true, true, true, true, true, true, true, true, true, true, true, true, true, true, true, true], "kpt_list": ["Thorax", "Nose", "Pelvis", "L_Shoulder", "L_Elbow", "L_Wrist", "L_Hip", "L_Knee", "L_Ankle", "R_Shoulder", "R_Elbow", "R_Wrist", "R_Hip", "R_Knee", "R_Ankle", "L_Eye", "L_Ear", "R_Eye", "R_Ear"]}