{"id": 1, "class": "person", "kpt3d_body": [[-111.59159824529326, -16.506365138458108, 2491.9895249092024], [-187.13619248338654, -56.81354900000443, 2288.279735614761], [-52.56967295804529, 443.8484059792804, 2872.080342248392], [35.46940291647726, 12.082296601404607, 2431.220514213912], [258.06955935213614, 104.6983470681532, 2269.185994991539], [109.44247176418705, 6.910287349482047, 2112.241841750736], [34.798096810779455, 465.947107322499, 2832.25410057207], [79.4526527896516, 784.6228975693674, 3129.972486931338], [116.9434621225345, 1071.0253589670026, 3391.0537350653726], [-263.9918251577678, -47.600855118423624, 2550.4750691929394], [-565.5250877800606, -39.921286382543, 2595.2610059117833], [-498.97731390144344, -107.61630881894817, 2371.0912689382726], [-139.9367788016916, 421.74914775810896, 2911.9071215958998], [-69.99422312507356, 743.5545539627919, 3198.029042022376], [-22.07644900834378, 1047.7297930331447, 3455.830225207541], [-156.60118853550875, -91.52108320918146, 2270.27736017656], [-75.58564071144846, -128.91467091419614, 2322.7495219323196], [-208.99177854479703, -100.98986657539172, 2293.8555534463585], [-212.6579901580871, -155.81693620838692, 2380.952919276639]], "kpt2d_body": [[852.5325583539275, 553.9040524202416], [801.1937482706765, 528.6667493701459], [889.56860395056, 776.4911028918826], [935.2048462579988, 570.0142836563364], [1072.6848416327662, 626.9853286876103], [987.0174492796491, 567.6512027238192], [931.8872422221699, 790.0842078863816], [949.6798548012368, 905.5863230528443], [961.7075357501557, 990.4063409035336], [771.1472149155941, 537.2465583505218], [615.3910002798086, 542.0168937057672], [625.542720282933, 500.8411574682204], [848.3810549097668, 763.1387640752598], [884.8815829883182, 881.4996988652563], [906.2636261299041, 974.2104245115181], [818.9638653897258, 507.1717817389692], [869.6011948865648, 486.04582648318205], [788.3330690396424, 502.08766582423686], [790.8960839969051, 472.45628668138954]], "kpt2d_body_mask": [true, true, true, true, true, true, true, true, true, true, true, true, true, true, true, true, true, true, true], "kpt3d_body_mask": [true, true, true, true, true, true, true, true, true, true, true, true, true, true, true, true, true, true, true], "kpt_list": ["Thorax", "Nose", "Pelvis", "L_Shoulder", "L_Elbow", "L_Wrist", "L_Hip", "L_Knee", "L_Ankle", "R_Shoulder", "R_Elbow", "R_Wrist", "R_Hip", "R_Knee", "R_Ankle", "L_Eye", "L_Ear", "R_Eye", "R_Ear"]}