{"id": 1, "class": "person", "kpt3d_body": [[101.9907859878299, 15.966783311673254, 2508.8432045203954], [-89.90971753178698, 30.692083683749445, 2386.6029865667174], [226.4607729994948, 352.7196986779028, 2874.5548536004744], [174.62060253977467, 138.55989148058853, 2429.851497353391], [311.2010795419495, 379.3919509430834, 2546.502060780955], [293.7257249616073, 588.3090603064235, 2699.3587924398644], [265.1938156425718, 434.06692651453386, 2821.25449952318], [183.6111130373779, 775.4823904928053, 3046.9946142151175], [287.61865974146593, 1036.1085224026365, 3381.5513521623484], [30.976923287825464, -107.35808022224973, 2580.4175700308224], [-228.00127585904073, -271.69621795307546, 2674.444333507219], [-258.4987331261915, -33.60682803642504, 2737.7325712369907], [187.72741798744102, 271.37332222972077, 2927.8558056437623], [-233.58584463066796, 274.81172217271546, 2803.5545789530433], [-166.99277268738214, 596.2390611456517, 3089.6107887332005], [-74.77637375769407, 9.259919433616659, 2342.5785821168115], [22.016182592121112, -29.789148085278754, 2331.196123504347], [-102.2111891689637, -13.13278749781503, 2390.5246142554497], [-51.38159515981453, -90.00193142204125, 2446.0238897625195]], "kpt2d_body": [[971.4938456094667, 571.9496776753369], [862.4206191358331, 580.9752828658993], [1024.0107272909818, 732.688871345525], [1014.7788426533486, 642.1981009772982], [1083.4369320722128, 768.1221200117492], [1064.0807037738823, 861.2155129519795], [1044.6935250424226, 775.086778420751], [997.3279701390726, 910.372357011039], [1030.2712915480229, 977.6397032642699], [931.5973846423794, 505.29954921500206], [796.7196081847501, 422.59755559574745], [783.6886703850821, 546.0882246688651], [1003.9060549580198, 691.5071046157238], [799.3601732615649, 698.7331643986608], [840.4448464631733, 828.3987741178929], [870.4231740259931, 568.5995237197986], [928.0370093062824, 545.3430738357426], [855.3461986417575, 555.4735993857784], [885.6310723996978, 511.9827533705657]], "kpt2d_body_mask": [true, true, true, true, true, true, true, true, true, true, true, true, true, true, true, true, true, true, true], "kpt3d_body_mask": [true, true, true, true, true, true, true, true, true, true, true, true, true, true, true, true, true, true, true], "kpt_list": ["Thorax", "Nose", "Pelvis", "L_Shoulder", "L_Elbow", "L_Wrist", "L_Hip", "L_Knee", "L_Ankle", "R_Shoulder", "R_Elbow", "R_Wrist", "R_Hip", "R_Knee", "R_Ankle", "L_Eye", "L_Ear", "R_Eye", "R_Ear"]}