{"id": 1, "class": "person", "kpt3d_body": [[-114.51461820336966, 30.20269765417737, 2498.1769381500176], [-194.51464568048863, -25.151247646568464, 2248.6495263380384], [-51.749655035903324, 445.01863268256386, 2865.77113842956], [42.64539535581399, 67.90610949007117, 2423.7468917942315], [107.6986030957272, 292.1577902243114, 2579.4594474191877], [71.20199943665821, 516.9872288684321, 2691.829560001759], [40.799399486908534, 469.37577174787833, 2822.4856612936996], [81.28135585289087, 782.3558012624723, 3125.6624587550145], [118.05059508147727, 1072.5154475917518, 3389.9150912969008], [-276.3411482395802, -4.744776924878948, 2563.8319903291413], [-291.8165164106309, 206.59258343868657, 2761.6514124911273], [-269.79365842806493, 456.3948110464843, 2859.2419560117396], [-144.2975178565301, 420.66181613881804, 2909.057598329756], [-67.18437160970069, 748.2165060710469, 3200.3438530294443], [-18.043635031592267, 1042.337247647271, 3458.9524375804513], [-165.71933075274893, -62.06586936795702, 2232.099497592734], [-89.12423046206388, -100.94503502185219, 2289.6512412298334], [-220.845129007252, -66.3762297109507, 2252.6848685391797], [-230.96473845936453, -117.43873252631104, 2347.002962726901]], "kpt2d_body": [[851.0613621302815, 579.9018331549029], [794.6390688158481, 547.5932231682764], [889.9104945402438, 777.5115564072964], [939.387033727427, 602.0431528998294], [972.8252936810219, 719.9269717194052], [951.3763524867762, 827.3358932406134], [934.8828828212033, 792.5052525169483], [950.5302329489543, 905.0822764025261], [962.1618607168299, 991.1042961049601], [765.230965490362, 560.5440621615406], [768.3823301148278, 666.6038457012178], [784.7084692852793, 782.8748384038312], [846.2428787357325, 762.8135253214323], [886.1129570571244, 883.2161501975963], [907.8529642758094, 971.8444681590729], [811.6400047437207, 524.5242440880052], [860.7079697907205, 501.8811622604848], [778.7210259671758, 522.2718840524432], [778.2720508693714, 493.7947502279615]], "kpt2d_body_mask": [true, true, true, true, true, true, true, true, true, true, true, true, true, true, true, true, true, true, true], "kpt3d_body_mask": [true, true, true, true, true, true, true, true, true, true, true, true, true, true, true, true, true, true, true], "kpt_list": ["Thorax", "Nose", "Pelvis", "L_Shoulder", "L_Elbow", "L_Wrist", "L_Hip", "L_Knee", "L_Ankle", "R_Shoulder", "R_Elbow", "R_Wrist", "R_Hip", "R_Knee", "R_Ankle", "L_Eye", "L_Ear", "R_Eye", "R_Ear"]}