{"id": 3, "class": "person", "kpt3d_body": [[31.357009521005992, -69.64934346870407, 2920.8812072451706], [129.2131100745333, -210.61323902786668, 3049.255961524372], [-39.214069916711516, 391.5704061966949, 2873.595762047883], [-99.04513123198242, -92.11926730276119, 2996.5672234902645], [-222.672100249513, 114.44053321697112, 3065.865914142864], [-170.8252835351857, 352.93028878412, 3123.0803758333404], [-125.10548217494946, 387.4760711506867, 2966.486493340827], [-91.05478516530609, 726.5358107500901, 3034.7190561256184], [-100.67637843230554, 1080.8335083435938, 3010.2966147075576], [163.92655959111508, -54.20092030380218, 2840.2157159828475], [233.59861791175837, 188.57691006324004, 2792.9955101835594], [222.1234133675697, 412.9703922586999, 2890.8782926385147], [46.677165339203626, 395.66470524248234, 2780.7052903202707], [56.573598375888, 743.4822896022306, 2944.8928224076544], [-10.197393044212824, 1086.8612744758086, 2964.483954000415], [99.66685414459953, -249.23849334382922, 3045.5426204834316], [16.10993401765885, -249.02491337581736, 3003.280932766322], [147.70085512747087, -236.0369038419121, 3014.513480186688], [140.3169984501668, -224.87131105955612, 2923.2274993038914]], "kpt2d_body": [[964.6808875683317, 532.5195862149463], [1008.7584557958769, 469.70553681331035], [930.7396425475092, 754.4834495113302], [903.5621888585597, 522.9335775272974], [848.4639966573744, 617.6081276967205], [873.6552408504034, 722.3973282415824], [891.1179957605373, 746.6556297944601], [908.476073475332, 893.7559058155882], [904.6128760333405, 1048.5360185075715], [1030.2067628287746, 539.1726159147371], [1066.105474669452, 659.4448816940533], [1056.195533902089, 763.1922566605201], [972.9988043517602, 762.7310390436201], [976.0519904818229, 911.0986443972602], [945.0755797246651, 1058.1911716881052], [995.2924500157145, 451.99680257405754], [957.1689839804748, 450.46759746700303], [1017.9499127593897, 456.935254771068], [1016.5684005440758, 458.835541587443]], "kpt2d_body_mask": [true, true, true, true, true, true, true, true, true, true, true, true, true, true, true, true, true, true, true], "kpt3d_body_mask": [true, true, true, true, true, true, true, true, true, true, true, true, true, true, true, true, true, true, true], "kpt_list": ["Thorax", "Nose", "Pelvis", "L_Shoulder", "L_Elbow", "L_Wrist", "L_Hip", "L_Knee", "L_Ankle", "R_Shoulder", "R_Elbow", "R_Wrist", "R_Hip", "R_Knee", "R_Ankle", "L_Eye", "L_Ear", "R_Eye", "R_Ear"]}