{"id": 2, "class": "person", "kpt3d_body": [[10.879558676547454, -205.366189862698, 2799.001438276515], [92.14274733803978, -357.84279822577855, 2928.0247994083056], [-5.523328324963899, 312.084249625123, 2865.184393621329], [-120.7113751213008, -222.7639732424744, 2893.041442699915], [-343.7413449659721, -67.84916418063958, 2967.4370269383735], [-208.51278538292422, 136.77545628669677, 2941.7434209250355], [-88.42775067739203, 303.77560628756584, 2908.431970524146], [-121.41523244045064, 693.5126640530812, 2940.001976559601], [-134.64041697735593, 1060.2169660803972, 2950.257858254856], [146.98246676339897, -191.967482435782, 2716.178079333089], [285.80756930318796, 0.23662459743405861, 2559.074995656135], [173.0330876940704, 177.14455610078744, 2710.763007912781], [77.38141118887164, 320.3929307285158, 2821.936575923197], [70.77666953452464, 707.5503421659023, 2856.0624642822168], [31.55311376124832, 1075.700513709712, 2872.2492440214173], [58.028251481968915, -393.7047711963676, 2922.433166933963], [-28.463181792212193, -379.84723195325967, 2862.5448953544465], [110.2615060032457, -385.6966489624058, 2890.761146732286], [103.8583437295167, -360.2079590893594, 2788.3296090397916]], "kpt2d_body": [[955.1123366817654, 463.6935849770465], [993.4420561179647, 396.27837217552957], [947.0106223364842, 716.9035088085782], [891.5531785978667, 458.71738604016264], [788.5748037734259, 534.0041394898612], [850.9161292994318, 630.3413552222626], [907.3797674006911, 710.6912006189485], [892.9467495611277, 889.0091665162115], [888.1909806534541, 1048.8187451480362], [1025.0914815306141, 467.51162784228495], [1105.1051015048088, 565.8496204341861], [1038.619300381906, 656.5166389503971], [987.8373194533849, 723.2283276433064], [983.7123866824185, 904.8241442996587], [964.4840253138418, 1068.0411648657941], [977.2776591824927, 379.07803466536404], [935.8781796942287, 381.8379015549819], [1002.6702405400085, 380.9075938216285], [1001.4439066704407, 386.7211411583355]], "kpt2d_body_mask": [true, true, true, true, true, true, true, true, true, true, true, true, true, true, true, true, true, true, true], "kpt3d_body_mask": [true, true, true, true, true, true, true, true, true, true, true, true, true, true, true, true, true, true, true], "kpt_list": ["Thorax", "Nose", "Pelvis", "L_Shoulder", "L_Elbow", "L_Wrist", "L_Hip", "L_Knee", "L_Ankle", "R_Shoulder", "R_Elbow", "R_Wrist", "R_Hip", "R_Knee", "R_Ankle", "L_Eye", "L_Ear", "R_Eye", "R_Ear"]}