{"id": 3, "class": "person", "kpt3d_body": [[470.9648469089353, -78.89728501348131, 3404.3749357879983], [556.0950912736442, -212.39036353883208, 3550.86761401942], [362.81527096502555, 359.3668991000078, 3379.193803803248], [329.1558207737108, -111.80110611088892, 3470.029574631213], [243.70883880088206, 128.59886323252312, 3522.3479542917357], [256.8901554802816, 335.4465185266952, 3643.8718286946814], [276.61977954366677, 336.5170397686272, 3457.181752469738], [377.95061623439005, 672.8001170519225, 3632.0934710581855], [407.63952619183095, 996.8357517977273, 3746.5540580432053], [619.2167577670895, -60.043789549562945, 3334.1448428672666], [654.5238094075457, 193.2750066309407, 3311.4667861503867], [689.5268104943718, 415.6831929046467, 3358.3673337841583], [449.0115296544158, 382.21670055586867, 3301.20652442757], [389.2610594292145, 721.5422684801968, 3342.487935691457], [292.7275575742818, 1042.2162704070167, 3301.54287117384], [528.8966810142848, -251.9413181346654, 3546.2701785016475], [455.81842518867285, -262.3734942760451, 3489.4199761740015], [581.8014730088576, -238.98554213492346, 3521.1741917886466], [583.3776848110592, -235.3055367342158, 3417.161088101362]], "kpt2d_body": [[1141.8108694813, 533.6228913361474], [1166.6690596089277, 483.07262911078374], [1098.6606217092672, 712.8735763874892], [1081.781058723539, 520.9771503144747], [1046.1443908489377, 616.4805271384178], [1047.7659786666068, 693.4398338058814], [1060.9246636173236, 700.6732341062905], [1093.1797707384178, 820.4473526225764], [1098.2191671905005, 927.9173012897361], [1206.5220091981942, 540.8814362607181], [1222.4451673321569, 646.0408932142183], [1231.8594068853079, 735.3593826557525], [1137.9310492088903, 725.5216073101152], [1109.6233643735366, 861.3568100690514], [1069.9476869072764, 992.6647089957355], [1156.3714890982426, 467.53297581199445], [1130.9475964146209, 461.66923607889623], [1178.3721171548589, 472.03802807797456], [1185.8417085583803, 470.7248406370389]], "kpt2d_body_mask": [true, true, true, true, true, true, true, true, true, true, true, true, true, true, true, true, true, true, true], "kpt3d_body_mask": [true, true, true, true, true, true, true, true, true, true, true, true, true, true, true, true, true, true, true], "kpt_list": ["Thorax", "Nose", "Pelvis", "L_Shoulder", "L_Elbow", "L_Wrist", "L_Hip", "L_Knee", "L_Ankle", "R_Shoulder", "R_Elbow", "R_Wrist", "R_Hip", "R_Knee", "R_Ankle", "L_Eye", "L_Ear", "R_Eye", "R_Ear"]}