{"id": 6, "class": "person", "kpt3d_body": [[302.03539493297905, 153.57489365355931, 2549.201000682009], [439.58377327025465, 25.270210096638834, 2384.138242945533], [150.91960640629108, 576.553785704328, 2800.882048164227], [410.118240378781, 119.3328072979962, 2670.6084170684203], [522.0207443765244, 369.34850927341245, 2831.1076101756253], [502.6061780677682, 652.2361559558835, 2828.8236777686757], [226.30158221179528, 550.6182587344333, 2873.1860035411178], [512.3697304473367, 915.8027047691695, 2849.075329687077], [352.4831219906617, 1302.2019169969744, 2967.46574655508], [188.8479898828889, 191.02276022475877, 2427.57256541525], [135.43847109511066, 496.22494243462893, 2398.554280742491], [208.5053845799789, 758.716227763425, 2503.466019381738], [75.53683953760945, 602.49044078763, 2728.577764185465], [243.5848435927662, 993.0715620194846, 2574.8233927433466], [228.14512480240566, 1324.911073935997, 2857.516547605437], [446.11131672143875, -16.445852100286515, 2413.933665732905], [410.6921600925733, -34.94723553030241, 2512.4689595558234], [404.11286928687423, -9.87261643386745, 2369.136722218186], [303.2574011101792, -14.27771390190145, 2403.3661000854754]], "kpt2d_body": [[1106.5760482885123, 637.3429883761204], [1197.4542709725001, 568.1153508427121], [1015.7539309875592, 837.9487062519947], [1155.1151545855987, 615.527035270254], [1196.2697173388833, 733.4723829714808], [1184.7610236530336, 868.7521459774803], [1050.3139086051115, 818.4868633304446], [1184.5426094792379, 987.3202028066448], [1099.210520176037, 1135.8192962851674], [1049.897131199719, 663.2056053820633], [1019.3204226014101, 839.3270776612692], [1054.8851420171077, 966.3595667476961], [979.3932663573572, 858.2660215527404], [1068.4682969235873, 1071.2138227967757], [1047.0306071628734, 1166.7287143243934], [1198.0437413101463, 543.9708677275994], [1168.8236812984026, 534.0916272510696], [1178.587858969045, 547.6315753728346], [1117.417359496615, 545.139043963285]], "kpt2d_body_mask": [true, true, true, true, true, true, true, true, true, true, true, true, true, true, true, true, true, true, true], "kpt3d_body_mask": [true, true, true, true, true, true, true, true, true, true, true, true, true, true, true, true, true, true, true], "kpt_list": ["Thorax", "Nose", "Pelvis", "L_Shoulder", "L_Elbow", "L_Wrist", "L_Hip", "L_Knee", "L_Ankle", "R_Shoulder", "R_Elbow", "R_Wrist", "R_Hip", "R_Knee", "R_Ankle", "L_Eye", "L_Ear", "R_Eye", "R_Ear"]}