{"id": 2, "class": "person", "kpt3d_body": [[-142.60247198065738, -58.03416309030936, 2732.0528759993886], [-262.83497112375295, -111.52222168441114, 2568.5041228637124], [-229.2721679638624, 308.3941714141471, 3116.232837130161], [-57.275283622041414, 49.70566525703603, 2641.8240686834733], [-102.37886374315181, 296.32045697438355, 2514.993937877819], [-214.39724343223736, 159.1553554468915, 2370.753693171908], [-177.26989587853717, 370.80355275307, 3062.643736462881], [-187.7549777053983, 624.6178170034325, 3329.8105446351155], [-187.43616666908125, 854.7526280099332, 3617.1488967567893], [-193.34373508685502, -164.62278080080978, 2820.61759822568], [-423.6569866399966, -281.73780254240637, 2971.1745258358405], [-494.97042080625204, -323.2549066324128, 2741.959472948313], [-281.2735155743307, 245.98529321348593, 3169.8228876385474], [-291.5246378841511, 477.1526201053947, 3450.684998014699], [-278.5862569320123, 721.3285611154934, 3731.8994365736244], [-232.68437392781522, -121.47070652493667, 2531.7124580161535], [-126.91094882239952, -112.72712588534034, 2543.56090076744], [-257.08981516814794, -160.03641633553983, 2568.8691474267484], [-194.5076474893537, -212.2321555561119, 2634.7878916506374]], "kpt2d_body": [[877.7408342342154, 518.5861810758303], [808.1970272056533, 487.89009372984367], [848.2920544297293, 685.3545453368745], [920.2882361235934, 574.3388643350683], [893.9867510576258, 711.4973098982846], [824.7617678703178, 641.28374251227], [870.1735489812534, 715.882450437937], [872.723774436765, 806.5652473252399], [879.4551758744157, 871.9109218474819], [855.0731955724568, 467.0498632347862], [753.157853324093, 417.1852754655738], [701.8565477592005, 386.0993383056235], [827.1698077113676, 655.772972152009], [833.507278114606, 739.2661277740366], [847.6339961278301, 814.0790681091262], [822.6343716696846, 481.5305131736112], [880.9773694736693, 486.49955129064693], [811.3898697160571, 461.72890170550966], [847.839867055014, 436.34511946190355]], "kpt2d_body_mask": [true, true, true, true, true, true, true, true, true, true, true, true, true, true, true, true, true, true, true], "kpt3d_body_mask": [true, true, true, true, true, true, true, true, true, true, true, true, true, true, true, true, true, true, true], "kpt_list": ["Thorax", "Nose", "Pelvis", "L_Shoulder", "L_Elbow", "L_Wrist", "L_Hip", "L_Knee", "L_Ankle", "R_Shoulder", "R_Elbow", "R_Wrist", "R_Hip", "R_Knee", "R_Ankle", "L_Eye", "L_Ear", "R_Eye", "R_Ear"]}