{"id": 3, "class": "person", "kpt3d_body": [[-111.99537643112225, 8.215911670680356, 2837.8237270707896], [-251.31296821171134, -40.45444350755403, 2688.680264742824], [-145.02952571004477, 334.5045399539364, 3207.973528564876], [-51.59172503794171, 119.69108327990128, 2737.2811306692574], [-54.76807062971746, 326.9587271172188, 2872.728647803182], [-127.76253612875036, 500.3989588055072, 3024.7054682660646], [-112.9662856714049, 408.5198886991017, 3146.9342634298955], [-94.43437611194241, 608.7509734600364, 3409.6015283127635], [-100.91585183989956, 828.6503436896389, 3685.7190100095727], [-180.10349854742074, -103.80346646348883, 2942.352285511725], [-224.57784176585722, 13.916020952580368, 3152.9109066997426], [-302.94480677207065, 176.33412872515535, 3303.0022465223883], [-177.0928597032089, 260.48921375078623, 3269.0127679238026], [-171.78721616504623, 481.6864044919661, 3513.304675495623], [-185.0212401898722, 728.7063687280591, 3766.168997013404], [-225.97161949294536, -52.51570398029827, 2649.2204036844378], [-131.2489406977735, -43.75372861997576, 2641.1620853635263], [-248.09697421244135, -87.44902273382493, 2689.7739269376925], [-190.08934362931348, -142.211414692798, 2739.830697863888]], "kpt2d_body": [[895.4729665595072, 552.171713237549], [820.3926220086836, 527.2414257219112], [887.6783903103019, 692.8180539347693], [924.2557048368898, 608.9990208612236], [924.0537115826997, 706.0484842143693], [892.100944003014, 776.6430594255406], [900.7140280531435, 727.9964152529893], [912.2838573963244, 794.5106898118511], [912.9438712895776, 856.8030477493303], [865.2124776615714, 499.08111764437496], [851.2502858898808, 554.278160114209], [822.9222975765458, 622.2405102936077], [875.1253077871584, 658.8137154573025], [882.7200511598724, 737.9264600599695], [882.7801694312864, 814.594406764204], [831.7278754661313, 520.596310116418], [881.2225914090476, 525.0891619618039], [822.1322653190942, 502.9898728746514], [853.895398790362, 476.0120853813512]], "kpt2d_body_mask": [true, true, true, true, true, true, true, true, true, true, true, true, true, true, true, true, true, true, true], "kpt3d_body_mask": [true, true, true, true, true, true, true, true, true, true, true, true, true, true, true, true, true, true, true], "kpt_list": ["Thorax", "Nose", "Pelvis", "L_Shoulder", "L_Elbow", "L_Wrist", "L_Hip", "L_Knee", "L_Ankle", "R_Shoulder", "R_Elbow", "R_Wrist", "R_Hip", "R_Knee", "R_Ankle", "L_Eye", "L_Ear", "R_Eye", "R_Ear"]}