{"id": 2, "class": "person", "kpt3d_body": [[-201.35929554011716, -61.29100303398829, 2726.7671043975633], [-339.04432139780215, -100.15467614925967, 2559.71536984296], [-249.58819954741023, 305.7496054179445, 3119.1141640311835], [-126.16437487444045, 40.09828895725278, 2636.742304414255], [-105.7920011318007, 319.0547858472365, 2604.377570961792], [-229.22396880232645, 288.55410604919064, 2402.0869047508795], [-209.54589111001297, 374.85622427528136, 3062.8428034146273], [-205.5075593513679, 620.4979660970262, 3327.9741743373465], [-189.36117994671872, 852.7915001803685, 3615.8048559811514], [-268.8128214416785, -171.82504471675784, 2814.139048723142], [-453.824675049332, -244.78689730093038, 3021.5444822945847], [-645.7552003635884, -341.1016891855685, 2878.893151366189], [-289.6296851818736, 236.64327376379907, 3175.3866562438066], [-294.3337658370091, 469.4209451428011, 3458.5117488360042], [-278.3499374370174, 717.7060750098199, 3735.2528815948876], [-308.6812213344087, -109.95098588684954, 2522.751635505462], [-203.03293307100768, -107.91049735869407, 2533.6633936721196], [-335.4317069057321, -150.27085344267704, 2559.7448116743267], [-273.8575664535708, -207.38771172255326, 2624.137984016873]], "kpt2d_body": [[847.6280513490848, 516.8924933495427], [766.6531989578904, 493.94955258298586], [839.3590639569493, 684.019498112051], [883.7928432687669, 569.3042754472762], [894.1266020789085, 717.9402503124745], [818.2380034895045, 714.2998456131583], [855.5879125938654, 717.6222892224581], [865.3181124340672, 804.984542685831], [878.6940732257209, 871.3014092630731], [817.6854365196527, 463.42432244588633], [742.6169038599629, 436.2527743048234], [643.0504714481926, 386.0780382145943], [823.7259764920626, 651.5040002239228], [832.6263012759832, 735.7743891185888], [847.8000613263465, 812.5393310138372], [780.5594285183357, 487.7396565643505], [838.9380443280261, 488.9692018211613], [768.6939322865135, 466.8692552526534], [805.5717425156432, 438.61942090133965]], "kpt2d_body_mask": [true, true, true, true, true, true, true, true, true, true, true, true, true, true, true, true, true, true, true], "kpt3d_body_mask": [true, true, true, true, true, true, true, true, true, true, true, true, true, true, true, true, true, true, true], "kpt_list": ["Thorax", "Nose", "Pelvis", "L_Shoulder", "L_Elbow", "L_Wrist", "L_Hip", "L_Knee", "L_Ankle", "R_Shoulder", "R_Elbow", "R_Wrist", "R_Hip", "R_Knee", "R_Ankle", "L_Eye", "L_Ear", "R_Eye", "R_Ear"]}