{"id": 2, "class": "person", "kpt3d_body": [[-142.64194567672513, -31.688346565577206, 2696.8844403028784], [-277.0819442576744, -85.40606527578134, 2547.173408769466], [-219.36768995978696, 319.04019094661135, 3093.890868042247], [-86.0595720336643, 73.57991213712609, 2609.931201614326], [-156.1700696835341, 307.4479061701214, 2458.222728852473], [-273.38892695897175, 140.67809887119466, 2356.7415000266183], [-194.1389228669653, 403.39889418600706, 3043.966947276172], [-188.17073936250338, 633.3604894417986, 3323.01121602327], [-186.75178606513188, 855.0529431816342, 3615.1962725747258], [-177.90891987311892, -146.36619208091886, 2787.4538546552894], [-304.625288815372, -341.89734963058953, 2963.850519919746], [-382.9160990637017, -402.73545772990843, 2762.3558351407605], [-244.59732881656922, 234.68185708408106, 3143.814409877815], [-287.75499581829393, 480.5263370560212, 3443.8366047994405], [-277.5068264576323, 720.0209690197714, 3729.5137673254367], [-249.7707551995542, -94.05465713146256, 2509.2092389036397], [-143.39628266258924, -81.39587445469999, 2514.838165419367], [-268.2424549004474, -133.5746918244307, 2548.3284370825086], [-199.96975048353715, -185.43715730563179, 2608.57373669724]], "kpt2d_body": [[876.7657874318666, 531.7918977488799], [799.2516933044192, 501.62127264061894], [852.0168559403668, 691.0988618330321], [904.5377603237223, 587.3823684854987], [862.3717092323466, 721.3356245253876], [789.4016531251239, 630.8535678895201], [862.0779699949695, 731.5586693132761], [872.4184872540038, 810.634249900385], [879.6784964751604, 872.1924983204835], [861.616455678373, 475.15843250527166], [808.0438383262814, 388.5762337207256], [759.2534291973709, 347.4026268295311], [842.298183909033, 651.745639984491], [834.7977923127652, 740.9902788061389], [847.9637028046443, 813.7759216460925], [812.0338407122771, 496.1108687995803], [871.0384452440389, 503.12272409182464], [804.180583341817, 475.43497342088006], [843.8627823863574, 449.45116402210647]], "kpt2d_body_mask": [true, true, true, true, true, true, true, true, true, true, true, true, true, true, true, true, true, true, true], "kpt3d_body_mask": [true, true, true, true, true, true, true, true, true, true, true, true, true, true, true, true, true, true, true], "kpt_list": ["Thorax", "Nose", "Pelvis", "L_Shoulder", "L_Elbow", "L_Wrist", "L_Hip", "L_Knee", "L_Ankle", "R_Shoulder", "R_Elbow", "R_Wrist", "R_Hip", "R_Knee", "R_Ankle", "L_Eye", "L_Ear", "R_Eye", "R_Ear"]}