{"id": 2, "class": "person", "kpt3d_body": [[-179.816661532549, -34.79096910789096, 2722.0975081162533], [-317.54371518740913, -97.80757648560268, 2539.4030719671327], [-233.35902872871674, 311.06508117263024, 3112.903652018485], [-120.12714539584911, 87.60586603657956, 2617.9066628740384], [-93.34812332291969, 304.9808658337224, 2784.12529323741], [-184.48846044568853, 474.1322130568307, 2947.275144508578], [-184.68410336449887, 377.12974113312475, 3055.4045898636673], [-187.3201202961893, 629.7782048179306, 3329.1304063558155], [-186.0658014501172, 854.0868379649386, 3616.8555911270278], [-249.93177342083953, -163.49430134440837, 2819.3932223462007], [-308.7995956975492, -23.130875790164964, 3065.329737349304], [-404.2004551808815, 175.5046161037312, 3207.530973791183], [-282.0321088930904, 244.99989839347512, 3170.4032902793547], [-290.4445104432945, 477.4314033799408, 3450.1613133793962], [-277.92060349684624, 720.4772392142326, 3731.1960060336087], [-283.8204846063351, -104.55597022320461, 2502.1913052623995], [-181.25585122924554, -86.10696224694138, 2518.3716909091536], [-306.527440518993, -145.60121132849133, 2541.7543361845396], [-242.93002677979274, -193.18423852642113, 2612.072235808246]], "kpt2d_body": [[858.4423052114935, 530.3655245786131], [776.838667529532, 494.76665064324635], [846.3700117834298, 686.6749467390608], [886.5443517526238, 594.7007229517217], [903.930587090351, 700.1250322470908], [863.9280928708666, 770.2869358890329], [866.6345098595177, 719.1052504140387], [872.9016824387031, 808.7116908518574], [879.9674839805413, 871.6953875322008], [827.1888636419359, 467.64423433337083], [810.3231816381142, 537.6624509678198], [775.5860666875801, 623.9179229113209], [826.8592931730082, 655.3224547098835], [833.9225618871824, 739.4081449476039], [847.8577485417353, 813.8225412115326], [792.8619782795505, 490.19414638143735], [850.2483646919969, 500.6125552995101], [783.052634544541, 468.77441976594326], [821.2370397173561, 445.5606165880342]], "kpt2d_body_mask": [true, true, true, true, true, true, true, true, true, true, true, true, true, true, true, true, true, true, true], "kpt3d_body_mask": [true, true, true, true, true, true, true, true, true, true, true, true, true, true, true, true, true, true, true], "kpt_list": ["Thorax", "Nose", "Pelvis", "L_Shoulder", "L_Elbow", "L_Wrist", "L_Hip", "L_Knee", "L_Ankle", "R_Shoulder", "R_Elbow", "R_Wrist", "R_Hip", "R_Knee", "R_Ankle", "L_Eye", "L_Ear", "R_Eye", "R_Ear"]}