{"id": 2, "class": "person", "kpt3d_body": [[-147.96260708674583, -63.89319727883418, 2715.3449071915284], [-271.13881597818585, -109.69832331693539, 2558.999104389174], [-225.60696675906757, 298.79761263464985, 3101.8750141661476], [-99.40833142214794, 37.948089006916774, 2628.4275646922474], [-205.1887860609318, 193.8204433546575, 2417.5081242989677], [-367.32913931381603, 46.21362886605198, 2359.9222990073454], [-181.36106419365137, 367.96824941826173, 3054.8252517593505], [-189.94001521168292, 621.6977906307293, 3325.584563319872], [-186.83222450668745, 853.4076932836916, 3616.642200194113], [-193.94500976820092, -173.7120469073517, 2806.146884097252], [-477.66320623845263, -273.97354775118544, 2810.356679143665], [-521.3262743540589, -205.6355554530971, 2581.055432427254], [-269.8528881447391, 229.62617531426753, 3148.9241450773575], [-292.93211553410976, 476.2587023459737, 3451.1035332033766], [-277.56833695223105, 720.8904748433874, 3730.304408256404], [-240.39822110975538, -117.63578667397354, 2527.2275845930417], [-139.29092760996625, -108.75893637279503, 2538.16465205185], [-263.3749918427686, -158.87161866762057, 2564.786973642474], [-200.62648464461688, -207.05132471211527, 2627.3460542011453]], "kpt2d_body": [[874.5471545209653, 515.4054105348796], [803.1848925063334, 488.66743808710885], [849.4420083203119, 681.7244032881543], [897.769919872842, 568.2385012636613], [832.5260704617582, 659.3487083047212], [734.7946021678974, 575.2128110581158], [868.108113555094, 715.0241500444549], [871.7136351581651, 805.6946807147795], [879.6709529260436, 871.4622394699034], [854.2967042002488, 462.14348249876], [715.8642217000267, 413.84802286592344], [672.3440114465249, 438.6565376116175], [831.3505735134977, 649.31778119623], [832.9560338034801, 738.8852349526977], [847.964914269972, 814.0349291689537], [818.1775707902775, 483.5277771526639], [874.0371629174464, 488.55023957638946], [807.7811856199269, 462.2333567068546], [844.3118280196737, 438.76905954751555]], "kpt2d_body_mask": [true, true, true, true, true, true, true, true, true, true, true, true, true, true, true, true, true, true, true], "kpt3d_body_mask": [true, true, true, true, true, true, true, true, true, true, true, true, true, true, true, true, true, true, true], "kpt_list": ["Thorax", "Nose", "Pelvis", "L_Shoulder", "L_Elbow", "L_Wrist", "L_Hip", "L_Knee", "L_Ankle", "R_Shoulder", "R_Elbow", "R_Wrist", "R_Hip", "R_Knee", "R_Ankle", "L_Eye", "L_Ear", "R_Eye", "R_Ear"]}