{"id": 2, "class": "person", "kpt3d_body": [[-146.06415492723164, -62.88523982787538, 2738.504124655531], [-277.40046082855304, -110.2492400547203, 2559.949253326068], [-215.88201913661328, 298.4415189794295, 3131.0831360059005], [-79.83555948384102, 62.98947190166842, 2635.478014025144], [-58.532285172133086, 272.70037377405777, 2815.293647026635], [-142.46017385231298, 437.4886802778655, 2978.4565378262982], [-160.68998100970765, 361.97551468302635, 3077.007464459964], [-167.56611880957308, 591.164221048015, 3358.389547457263], [-176.48134396623436, 805.912347615613, 3656.1807257199193], [-222.4735370696206, -184.7135530568201, 2833.458594120403], [-260.2973899763064, -47.521496891566244, 3082.666937098966], [-340.3985168400254, 152.32812449151453, 3236.2077615981634], [-271.0730009759677, 234.9067852323374, 3185.158191476836], [-256.29977488140645, 464.9296103454691, 3461.549092670429], [-228.0973188356984, 711.9314356662703, 3729.6301091551704], [-244.09988754195638, -119.00490305313994, 2524.6603050751955], [-139.2515430885491, -108.37100957782226, 2540.207024373663], [-270.31322214703044, -160.99370189202844, 2561.7625422451006], [-207.8813999117996, -212.26970935828788, 2631.9976277143473]], "kpt2d_body": [[876.1534496312483, 516.1929099660982], [799.861202528445, 488.4000626443536], [854.6827095333647, 680.3489091975011], [908.2742192776747, 581.4128136697965], [921.6184843714714, 682.6637093963866], [884.2532550686448, 751.3141509647036], [878.0019612816271, 711.1926645556603], [881.589358281481, 790.9736249273066], [884.1828097348756, 850.7756596096756], [841.260548885001, 457.62593938718175], [832.9132916383095, 526.718527978813], [804.2703455823016, 613.4343634427418], [832.1745141092916, 650.4665941604158], [847.893501700329, 733.9315853774876], [866.1772584992752, 810.9803474756341], [816.0166618226311, 482.7159738294548], [874.1197830558858, 488.8101548187575], [803.8772042983322, 461.0005945262182], [840.6871411411528, 436.23315711437687]], "kpt2d_body_mask": [true, true, true, true, true, true, true, true, true, true, true, true, true, true, true, true, true, true, true], "kpt3d_body_mask": [true, true, true, true, true, true, true, true, true, true, true, true, true, true, true, true, true, true, true], "kpt_list": ["Thorax", "Nose", "Pelvis", "L_Shoulder", "L_Elbow", "L_Wrist", "L_Hip", "L_Knee", "L_Ankle", "R_Shoulder", "R_Elbow", "R_Wrist", "R_Hip", "R_Knee", "R_Ankle", "L_Eye", "L_Ear", "R_Eye", "R_Ear"]}