{"id": 2, "class": "person", "kpt3d_body": [[208.8641350169922, -22.721247078162037, 2708.1968914507183], [370.4644364521679, -174.83804957992902, 2756.7419377108877], [230.14530065219168, 511.0128061489178, 2687.1995777244256], [198.90076113412604, -13.685519375871138, 2884.2837581355507], [193.18438667378723, 266.248348980992, 2917.060402919406], [261.6431892887616, 504.0621084389488, 2904.5067120546487], [198.12480083080396, 513.6007278240646, 2779.1258549374293], [185.13365096437226, 879.3400181818149, 2760.0118605127686], [152.8398027851536, 1244.6171880795898, 2718.0958593396367], [248.83418926037677, -32.922386847026246, 2545.3365557343186], [262.15723093974333, 251.30920560180897, 2478.9983670924144], [337.2192593322771, 495.1969981466988, 2490.6984304390608], [262.165814569036, 508.42587130046456, 2595.2730436566108], [239.61822309170142, 868.6286662682501, 2559.0717156551914], [198.11594688915113, 1235.2802547918523, 2542.4381218767176], [345.9301028927791, -208.06837681417136, 2784.308730626486], [245.01020838887513, -193.71621476197134, 2813.7920974812023], [354.1352298827875, -209.36296584335878, 2724.170009081076], [269.433093202293, -197.4598268870139, 2661.4387722686997]], "kpt2d_body": [[1059.3200751402846, 549.8236084429844], [1140.2137232969417, 471.85520427354464], [1070.2439747302012, 829.8125688778103], [1047.7019367994958, 555.0117561329374], [1043.5890392539923, 691.5012975180247], [1076.6920372045447, 806.730230922275], [1050.0760076808835, 822.5556747711673], [1042.5021475968158, 1003.6897195721676], [1025.5211060725546, 1181.433368623158], [1088.6366815748356, 543.3708375903896], [1099.5443321409396, 705.5146782434413], [1139.8098284396456, 840.9480890196575], [1091.770950579192, 837.5291096493788], [1078.859754251568, 1030.5209654635014], [1054.3009537663459, 1215.2329511562898], [1125.8512407451224, 455.79443097019464], [1073.3097129811797, 463.90524109604337], [1133.9421275151626, 452.8339874546024], [1093.352904372671, 456.402871566606]], "kpt2d_body_mask": [true, true, true, true, true, true, true, true, true, true, true, true, true, true, true, true, true, true, true], "kpt3d_body_mask": [true, true, true, true, true, true, true, true, true, true, true, true, true, true, true, true, true, true, true], "kpt_list": ["Thorax", "Nose", "Pelvis", "L_Shoulder", "L_Elbow", "L_Wrist", "L_Hip", "L_Knee", "L_Ankle", "R_Shoulder", "R_Elbow", "R_Wrist", "R_Hip", "R_Knee", "R_Ankle", "L_Eye", "L_Ear", "R_Eye", "R_Ear"]}