{"id": 2, "class": "person", "kpt3d_body": [[220.49541669340076, -73.97836576010548, 2727.6741798901326], [384.193562769909, -164.94953726357522, 2763.2714872606584], [233.10006411233866, 481.9287733937681, 2690.5543478522854], [190.6155007479719, -73.4305132286724, 2860.0160434342215], [138.56002620784864, -172.59396501155607, 3103.7609536982677], [71.69057598946213, -321.18539540546834, 3312.351379567056], [222.08756744350467, 490.2028812950955, 2786.159503975632], [187.23481194868552, 881.0370436666682, 2761.761903149789], [153.93962103499456, 1244.7087343607168, 2716.9581611834633], [198.56695413756432, -95.78622120667603, 2592.842578534039], [168.36351193292336, -231.96429463322545, 2349.0624878701547], [112.53504263937938, -398.6211850019697, 2137.7267704682386], [244.11256815661824, 473.6546539860284, 2594.9489921964714], [234.2546090186725, 868.5424622818127, 2560.5353013030663], [197.46824078095685, 1235.5600823319414, 2541.9149141309836], [363.44743317080776, -198.20086973452788, 2791.7888091318723], [261.77301639108623, -200.82766761027557, 2816.4620413434163], [373.1178785714974, -202.03647932824111, 2730.6567926225], [287.18351126612873, -203.9812297786483, 2671.360742480231]], "kpt2d_body": [[1064.5809786480754, 523.1630579554742], [1146.7796041666168, 477.1597957614659], [1071.772522389567, 814.5058408910603], [1044.3923790641943, 525.2003166299115], [1012.9723259891131, 482.5641128404857], [980.0925771611599, 423.83794159427083], [1062.0457855553923, 810.1754038176018], [1043.4925445635117, 1004.2226709875412], [1026.097993108067, 1181.704519581058], [1058.5123752501584, 509.1819505932815], [1051.290095582058, 421.49739722953854], [1023.7328879485133, 298.51052405502145], [1082.1983855196884, 819.1409751775889], [1075.9026741656767, 1030.2689873803247], [1053.975432771127, 1215.492977600058], [1134.2489593746704, 461.1172905295214], [1081.6220649519225, 460.4477965841658], [1143.3100901000898, 456.9340367473741], [1102.208613459548, 453.3758145963466]], "kpt2d_body_mask": [true, true, true, true, true, true, true, true, true, true, true, true, true, true, true, true, true, true, true], "kpt3d_body_mask": [true, true, true, true, true, true, true, true, true, true, true, true, true, true, true, true, true, true, true], "kpt_list": ["Thorax", "Nose", "Pelvis", "L_Shoulder", "L_Elbow", "L_Wrist", "L_Hip", "L_Knee", "L_Ankle", "R_Shoulder", "R_Elbow", "R_Wrist", "R_Hip", "R_Knee", "R_Ankle", "L_Eye", "L_Ear", "R_Eye", "R_Ear"]}