{"id": 2, "class": "person", "kpt3d_body": [[225.96666418289317, 13.226041795770414, 2778.0177917115325], [380.4775706458912, -119.75431145151333, 2839.418383369398], [256.5068549951519, 490.8697815065065, 2595.310482438963], [224.94630462294268, 68.59117084154093, 2937.22245112583], [161.39758468006076, 315.89717989698244, 3045.3256355694725], [221.51596348913762, 434.77336891882857, 2838.1120465258264], [251.89623959819556, 514.338652473914, 2693.156574743394], [267.8165027531691, 872.9219639455988, 2718.5842749120848], [153.24993456474763, 1238.307860036798, 2728.073557027423], [237.3737153270164, -48.79694150324639, 2626.367644689183], [196.96616793087458, 33.766282250435324, 2354.9911062576793], [199.4690373384338, 289.47777614083077, 2401.0825426052315], [261.11649256580154, 467.4018904497939, 2497.4638965448794], [277.3056065240448, 863.2827497264416, 2460.249069117522], [198.22017838177788, 1223.5838271392763, 2501.3157548504964], [357.50389501142206, -146.65885601691997, 2871.271914680753], [260.74353244301443, -125.47645891591515, 2903.8396262213782], [361.68644806555255, -156.47575642046007, 2811.7413796224428], [271.7251582082435, -150.0694998325804, 2754.0158484522412]], "kpt2d_body": [[1065.3210476610188, 568.5491536986023], [1139.7864140492416, 501.9384097426948], [1088.804664463646, 828.2183412209922], [1058.5396145021737, 595.0209083983315], [1024.725008262307, 709.1749517322196], [1059.9264465117683, 778.5069822622933], [1081.3273335461743, 830.8369402492293], [1085.9839684489796, 1006.4056061504373], [1025.5056780661582, 1176.519329684891], [1078.156284084912, 535.3314396259198], [1068.5803780133201, 582.1815607730368], [1067.312525241108, 732.7201051859973], [1096.8631864647439, 825.3907105584756], [1104.8308892925884, 1044.9745678512452], [1056.0089908130763, 1219.2218309915024], [1126.3727816379846, 489.2770848917302], [1077.2670720547346, 500.30516225192656], [1132.1629067685574, 482.82009608343253], [1089.8107687459906, 484.3181084985587]], "kpt2d_body_mask": [true, true, true, true, true, true, true, true, true, true, true, true, true, true, true, true, true, true, true], "kpt3d_body_mask": [true, true, true, true, true, true, true, true, true, true, true, true, true, true, true, true, true, true, true], "kpt_list": ["Thorax", "Nose", "Pelvis", "L_Shoulder", "L_Elbow", "L_Wrist", "L_Hip", "L_Knee", "L_Ankle", "R_Shoulder", "R_Elbow", "R_Wrist", "R_Hip", "R_Knee", "R_Ankle", "L_Eye", "L_Ear", "R_Eye", "R_Ear"]}