{"id": 5, "class": "person", "kpt3d_body": [[262.3611548635386, 8.303513917353484, 2661.806382787092], [369.4952527602444, -112.8237954740436, 2501.3038223105577], [280.09665338104014, 510.6696603887883, 2760.976315712905], [390.6381022592359, -18.656025372035288, 2763.468447591009], [460.42738426661174, 123.90979154208651, 3012.4311152654423], [410.77872382413625, 344.87051598897085, 2909.671575051467], [361.4800812084223, 505.6554128606366, 2821.799996013774], [351.0780959366297, 874.7472149766929, 2929.6030282805395], [324.72711635162716, 1262.2237074152874, 3043.1814268245425], [135.86927036309223, 36.79338875888078, 2558.276375265102], [-68.10923817247581, 255.38271937675887, 2549.6417198634763], [101.95146391126933, 442.9881336907016, 2609.9463231639384], [198.7134442684136, 515.6838893277313, 2700.1526780535296], [221.64322766684074, 936.244101503497, 2771.0638832643353], [195.2315790793475, 1302.3459920589958, 2886.72450869603], [379.60645300373506, -155.62501873691673, 2526.3582079477274], [351.8382371052519, -177.1046512194036, 2624.110486839443], [333.66864273741726, -144.3492138756099, 2487.789184659223], [238.3818804134879, -146.97841697346917, 2526.7513782587225]], "kpt2d_body": [[1079.061830875833, 557.7749083041077], [1147.0670613606148, 490.6918919742552], [1081.7208749702952, 809.137942695092], [1138.404831002207, 544.02035918094], [1154.1363039688715, 610.5999269654743], [1137.379999988617, 717.77293554945], [1118.4834327495944, 800.89716607247], [1104.6335941279028, 959.7669270277693], [1083.8952526024814, 1106.8601437978862], [1015.5558720026152, 573.5389506797103], [903.6622022675251, 693.2213076067585], [995.4317757595655, 789.0063890389206], [1043.1717070718705, 817.6536289672132], [1049.7711778354312, 1011.206774022551], [1031.0977948925424, 1151.9657998213024], [1150.4578986174736, 467.81432655205253], [1128.1110002160926, 459.52705553476176], [1128.233648901341, 472.67209057711966], [1073.0546914934662, 472.26135811084055]], "kpt2d_body_mask": [true, true, true, true, true, true, true, true, true, true, true, true, true, true, true, true, true, true, true], "kpt3d_body_mask": [true, true, true, true, true, true, true, true, true, true, true, true, true, true, true, true, true, true, true], "kpt_list": ["Thorax", "Nose", "Pelvis", "L_Shoulder", "L_Elbow", "L_Wrist", "L_Hip", "L_Knee", "L_Ankle", "R_Shoulder", "R_Elbow", "R_Wrist", "R_Hip", "R_Knee", "R_Ankle", "L_Eye", "L_Ear", "R_Eye", "R_Ear"]}