{"id": 5, "class": "person", "kpt3d_body": [[263.123868375804, -1.5307669702440307, 2694.9293266108625], [346.3475911303339, -136.04415897205342, 2534.324874039029], [294.14736218587854, 508.2424963009804, 2767.3436723381074], [393.1875452168392, -22.927775713044127, 2791.6651790966225], [640.5265245451841, 48.250377305890595, 2918.810376917055], [638.6694368516826, -135.88451174691016, 2770.9555782632724], [369.22692735890325, 505.0720333321061, 2831.9032038697533], [360.5857182848705, 875.1241365381327, 2930.415367912239], [326.0407096967896, 1262.554983834767, 3044.0663141939413], [131.41404208060675, 18.689869803022816, 2609.235989552648], [-69.7978228709363, 141.53502095207102, 2433.2256929470377], [19.86794681909103, -42.38854413883644, 2309.83272407622], [219.06746381659042, 511.4139872841807, 2702.784187355312], [228.58433777064414, 931.8036528160792, 2773.4400282493993], [194.9654706454063, 1303.4841323120572, 2887.14684306083], [358.97541852340476, -177.9761422959308, 2557.9176221060884], [342.41383764544616, -194.6291680144722, 2657.9214112949276], [311.79462876257196, -164.4604765273445, 2524.6297599534996], [219.73144550788442, -162.71378899565065, 2572.7199179837608]], "kpt2d_body": [[1077.76931630609, 552.6262497173093], [1131.767786152934, 478.71940568030857], [1088.4159961222142, 807.3005362262891], [1137.6933385243256, 541.9846529804215], [1245.0191895563812, 576.2487550099992], [1259.6943122035082, 485.8163062730307], [1121.6251879303193, 799.7105475856129], [1108.9816956748105, 959.7450992493152], [1084.4286883932136, 1106.8347180905532], [1011.7141828990726, 563.4413891851079], [900.8239887605033, 634.7594743416495], [953.1248151525533, 527.7291744053263], [1053.5065907006901, 815.1764637745374], [1053.1035714758393, 1008.7471839517165], [1030.9563125953975, 1152.362731603244], [1136.7343437785346, 456.67789768352463], [1120.8134980637421, 451.5326932264525], [1113.500481887147, 462.7172122307926], [1060.5863472997992, 465.1533385492329]], "kpt2d_body_mask": [true, true, true, true, true, true, true, true, true, true, true, true, true, true, true, true, true, true, true], "kpt3d_body_mask": [true, true, true, true, true, true, true, true, true, true, true, true, true, true, true, true, true, true, true], "kpt_list": ["Thorax", "Nose", "Pelvis", "L_Shoulder", "L_Elbow", "L_Wrist", "L_Hip", "L_Knee", "L_Ankle", "R_Shoulder", "R_Elbow", "R_Wrist", "R_Hip", "R_Knee", "R_Ankle", "L_Eye", "L_Ear", "R_Eye", "R_Ear"]}