{"id": 5, "class": "person", "kpt3d_body": [[255.96938730456964, 19.63557789245357, 2674.284087951098], [360.62079950186785, -118.33669160136424, 2510.5397440377715], [278.0145780833718, 522.9625773767008, 2768.7435434708095], [382.20922084897563, -6.685538558124335, 2783.8488926709847], [440.7813802124293, 248.79556054928344, 2920.314234957948], [513.3954587536756, 491.4699142987264, 2866.9158670559823], [354.27253051430085, 508.1586093890266, 2836.822690522793], [355.7591686600093, 888.3031941712079, 2931.292116711825], [325.0983987685986, 1262.3700649458742, 3043.574159963211], [127.58500055621404, 48.9518636502882, 2567.801334232935], [22.730481275734284, 322.86965079560036, 2576.981724474461], [154.92242631307656, 553.2698839130189, 2548.520693536585], [201.75599864011133, 537.7666751355291, 2700.6639168200527], [220.01986082220049, 936.1056913555003, 2775.984474212583], [195.13753681926943, 1302.3254633523434, 2886.7251376025415], [370.7883264365012, -161.3963526937411, 2535.881604752527], [343.3486145888406, -182.21143828622246, 2633.4275756229526], [324.1092903153865, -149.30687265942993, 2497.4866046725097], [228.5447492659148, -151.80226120509246, 2536.740575404887]], "kpt2d_body": [[1075.0905908067955, 563.6725178598653], [1141.4356361623777, 487.8505099164478], [1080.235566016618, 814.4680260865953], [1132.7960878584354, 550.0743475235442], [1151.183693056297, 671.6861347144786], [1188.2146018036558, 789.3380628508864], [1114.0645035357736, 800.8620976340429], [1106.5896405751764, 965.5022086934382], [1084.0394559467381, 1106.8505054165482], [1010.7572958646007, 580.0895559775353], [953.3824171847097, 728.0402407069405], [1025.2003422379078, 853.0369628426721], [1044.620664672252, 828.6615740677913], [1048.7988158091202, 1010.3917651213109], [1031.0546491372113, 1151.9577118408881], [1144.8790798217547, 464.9497790862809], [1122.989623036239, 457.1413069715523], [1122.2129347585621, 470.2011417983171], [1067.1299209209815, 469.9139619877023]], "kpt2d_body_mask": [true, true, true, true, true, true, true, true, true, true, true, true, true, true, true, true, true, true, true], "kpt3d_body_mask": [true, true, true, true, true, true, true, true, true, true, true, true, true, true, true, true, true, true, true], "kpt_list": ["Thorax", "Nose", "Pelvis", "L_Shoulder", "L_Elbow", "L_Wrist", "L_Hip", "L_Knee", "L_Ankle", "R_Shoulder", "R_Elbow", "R_Wrist", "R_Hip", "R_Knee", "R_Ankle", "L_Eye", "L_Ear", "R_Eye", "R_Ear"]}