{"id": 1, "class": "person", "kpt3d_body": [[352.80256384324474, -120.51472719126622, 2736.227829039548], [507.1524185649614, -322.44740166716923, 2763.985915669148], [351.8182454566627, 437.51177555065823, 2713.7883600461364], [339.9917425104802, -115.62602302637117, 2913.7234698045186], [346.9064106195432, 161.39197031914208, 2947.6142732530298], [433.9151300810562, 398.78994561353875, 2916.787857290492], [344.4184094117587, 442.15154604348595, 2819.075565395752], [329.81238131802115, 874.1485344776805, 2781.895344088368], [328.7838132279785, 1271.2950770391992, 2756.6526457478467], [376.62252555436766, -128.84405321694203, 2560.6353699215833], [393.4654348399147, 154.0111393279713, 2501.616280974021], [476.58239363957557, 409.403472367821, 2532.200653127258], [359.21810297246884, 432.8729803781123, 2608.500698309242], [342.53852349479575, 877.4787707297276, 2612.0698582823306], [339.9605532357248, 1270.9177001338771, 2600.5976196447186], [483.9687086794181, -356.637744903679, 2791.7386822844774], [386.4702739864543, -343.4372021153217, 2829.653187308407], [489.39250251647184, -357.60079473783094, 2733.2100826768046], [402.04640175868656, -348.53015260501166, 2675.61571145156]], "kpt2d_body": [[1132.6482043263975, 499.26778413609736], [1208.2346755957906, 397.4936960073442], [1132.442967946236, 789.0538584033119], [1115.3741194307315, 505.4041980239225], [1116.7266332639406, 639.5060787520146], [1159.5802687601745, 754.6220155577597], [1122.041592624193, 783.0789674687067], [1113.8075792333766, 996.8989789870641], [1110.5556649052382, 1183.999670858797], [1158.1392608228934, 490.4745621864081], [1172.364826551453, 648.8977425370512], [1213.9010410098529, 788.5784739738555], [1143.6555152850192, 795.490134781216], [1130.511877355854, 1025.0136272670252], [1124.9942086578367, 1217.2040829449134], [1193.996422822272, 381.8380470914508], [1142.7383299764965, 390.2256753455789], [1201.851875147123, 377.62553352197585], [1161.775175918576, 377.96337735542676]], "kpt2d_body_mask": [true, true, true, true, true, true, true, true, true, true, true, true, true, true, true, true, true, true, true], "kpt3d_body_mask": [true, true, true, true, true, true, true, true, true, true, true, true, true, true, true, true, true, true, true], "kpt_list": ["Thorax", "Nose", "Pelvis", "L_Shoulder", "L_Elbow", "L_Wrist", "L_Hip", "L_Knee", "L_Ankle", "R_Shoulder", "R_Elbow", "R_Wrist", "R_Hip", "R_Knee", "R_Ankle", "L_Eye", "L_Ear", "R_Eye", "R_Ear"]}