{"id": 6, "class": "person", "kpt3d_body": [[-220.72791544818534, -128.4985348338654, 2624.9274741172467], [-370.54626865061937, -188.8088806843652, 2434.568438861642], [-247.81571491460866, 262.4862136609818, 3050.6251301510906], [-159.76108711241574, -4.901627849758654, 2517.8596476071893], [21.008347285088558, 234.33279970123976, 2578.2637704951953], [-113.69651883652469, 287.6069142766582, 2804.4146655121394], [-209.91466444808464, 332.8546896367155, 2990.5760645959263], [-194.87497842722948, 587.5959619652143, 3318.2691757888315], [-221.5299705236835, 858.8518593568341, 3645.185464260163], [-307.30619773925645, -231.93110682842914, 2715.4627741803392], [-328.4970497451775, -283.6414760983328, 3013.635671862419], [-328.49776999233006, -15.398526516112128, 3069.3270649712417], [-285.71651307625996, 192.1175129753317, 3110.673079530774], [-296.75458147183434, 459.1251832614454, 3427.9197636459094], [-289.8726818091676, 737.4577918282837, 3742.16850457918], [-334.554248084479, -195.7005331416248, 2397.74880263355], [-228.7473413620469, -182.85142270607736, 2408.8213766287336], [-362.1328991265409, -240.7585755227872, 2432.297922862429], [-296.175966517956, -291.72808826720643, 2497.0476433666995]], "kpt2d_body": [[833.47190666005, 480.1536084225507], [739.8440809314708, 441.0341369136534], [837.6028249394782, 667.4790231309039], [862.0643901334117, 545.4331720711239], [961.9205640404113, 674.4259146842334], [894.1577125888712, 690.4665230238296], [853.0536475366217, 702.3699430529325], [869.4040897129278, 792.3316687326944], [867.170704861378, 870.8958699308839], [793.4703349981557, 429.87671124907166], [799.2793194695014, 417.84080923412176], [801.6287325429464, 541.1761894357583], [822.7754994539846, 633.8405919814223], [830.5868366878133, 733.3081834131639], [843.8147832125741, 819.136857114454], [757.2197684801826, 435.3225344209557], [818.537825563628, 442.8745352978581], [744.5965607783445, 411.5405329809501], [786.2754764735138, 386.71495190904346]], "kpt2d_body_mask": [true, true, true, true, true, true, true, true, true, true, true, true, true, true, true, true, true, true, true], "kpt3d_body_mask": [true, true, true, true, true, true, true, true, true, true, true, true, true, true, true, true, true, true, true], "kpt_list": ["Thorax", "Nose", "Pelvis", "L_Shoulder", "L_Elbow", "L_Wrist", "L_Hip", "L_Knee", "L_Ankle", "R_Shoulder", "R_Elbow", "R_Wrist", "R_Hip", "R_Knee", "R_Ankle", "L_Eye", "L_Ear", "R_Eye", "R_Ear"]}