{"id": 6, "class": "person", "kpt3d_body": [[-204.07686302212528, -173.30000465049181, 2648.2725095901123], [-314.7202296489216, -216.73788967365894, 2462.6299466369196], [-229.3787368220839, 231.04884793136, 3045.2015270841684], [-96.97213684263643, -73.84378483612807, 2577.992938094304], [-27.056004671761098, 156.8963156619445, 2421.4875938955524], [-137.49630790561554, 122.04986863714794, 2194.018984573083], [-174.6079795452045, 290.17884379194214, 2993.3684878730255], [-198.8443850725218, 581.7456947299734, 3315.9983432719155], [-224.66624819535795, 862.2085461327631, 3645.0548764214045], [-292.1589381803823, -274.39788714465067, 2724.888562713233], [-556.2937882796062, -172.76789184691154, 2690.1978011348447], [-485.0851295747508, -143.07766200119232, 2452.791477517499], [-284.14860726461706, 171.9177541354989, 3097.0342531452425], [-301.5105137175099, 456.08734287701134, 3425.986275536091], [-290.5141758277003, 736.1621107559574, 3742.4309187995937], [-276.69006607765846, -224.3892079459478, 2432.4514685229], [-172.38595031600153, -224.1962310532739, 2453.6031361895775], [-309.3468766849248, -268.27873009648965, 2458.7819863534633], [-256.54385571527075, -328.7904392527919, 2524.9814700741463]], "kpt2d_body": [[843.2813918845928, 457.27534622174744], [773.3677215589655, 426.4149398211388], [845.7402339159755, 653.4512681671563], [898.0651960981522, 508.27566434562266], [934.9779662548771, 638.2679163955142], [863.2357956383529, 625.4512485701525], [869.4210636329138, 682.645217904027], [867.6829202654352, 790.0941877818807], [865.9992387735784, 872.1208772998896], [801.7945043214029, 408.76356670099193], [665.7098926870119, 459.8811109511888], [677.7979583970418, 467.8774072200801], [822.888676751274, 625.1840360444821], [828.5962869108439, 732.1844836000414], [843.5823819556571, 818.6502281336909], [792.7255442687348, 420.4576712970867], [852.838370458629, 421.36831724566264], [776.3011248892788, 397.38339276864724], [809.814811872105, 368.1906002985171]], "kpt2d_body_mask": [true, true, true, true, true, true, true, true, true, true, true, true, true, true, true, true, true, true, true], "kpt3d_body_mask": [true, true, true, true, true, true, true, true, true, true, true, true, true, true, true, true, true, true, true], "kpt_list": ["Thorax", "Nose", "Pelvis", "L_Shoulder", "L_Elbow", "L_Wrist", "L_Hip", "L_Knee", "L_Ankle", "R_Shoulder", "R_Elbow", "R_Wrist", "R_Hip", "R_Knee", "R_Ankle", "L_Eye", "L_Ear", "R_Eye", "R_Ear"]}