{"id": 6, "class": "person", "kpt3d_body": [[-226.49234118326837, -178.0171709297055, 2639.702584442407], [-332.377740031832, -229.9169256192488, 2468.9389404054327], [-241.64098702856919, 232.82473941553476, 3039.3405079024797], [-93.0215693286448, -114.81299911813764, 2600.72945451066], [-56.81823259639192, 128.30630934947962, 2426.927511633757], [-222.13236447058662, -33.61152753774576, 2324.9008864841812], [-176.62154812856997, 286.6331459431399, 2991.780064074128], [-197.53235692123474, 582.1180654254, 3315.0254637288685], [-223.62302978820912, 859.1025896011563, 3643.125581506511], [-340.89199622374804, -257.1326857774118, 2705.753892290928], [-495.4582300820217, -60.22107055194027, 2576.0203611294605], [-336.98937593444884, -57.00652843801535, 2371.5048174172302], [-306.66141818470743, 179.01568579295443, 3086.9001230596987], [-302.85484244338033, 456.2335558232696, 3419.771270544308], [-292.12826347113395, 737.7684076635289, 3741.998734945448], [-295.2671818397368, -241.2025105284289, 2435.081752952851], [-190.87831790535495, -241.35077937856877, 2457.4533575400865], [-327.9193914051958, -280.11091559845227, 2469.941587744068], [-273.1632178310257, -336.9242976187607, 2540.7213003123725]], "kpt2d_body": [[831.1718912053709, 454.5448121025793], [764.050005694003, 419.44142159491275], [839.9488868877811, 654.4415242079901], [900.6590758447044, 486.716065004327], [917.8988372641535, 621.6984231565], [817.5192671174734, 528.0616714167559], [868.4383691942684, 681.0771583070364], [868.206147197442, 790.3194946504548], [866.3385619871995, 871.1574668776814], [775.9187500785953, 416.7336123092291], [684.9253232246451, 515.9262912761801], [753.3601849185534, 514.8629171752366], [812.392387196686, 628.5873830594342], [827.8359701749246, 732.5689280300359], [842.9829477077293, 819.2532773778973], [782.4589624260316, 411.1568727611583], [842.6010084640865, 411.9747828848815], [766.8181569276996, 391.56632152428233], [801.704848552519, 364.9775529357048]], "kpt2d_body_mask": [true, true, true, true, true, true, true, true, true, true, true, true, true, true, true, true, true, true, true], "kpt3d_body_mask": [true, true, true, true, true, true, true, true, true, true, true, true, true, true, true, true, true, true, true], "kpt_list": ["Thorax", "Nose", "Pelvis", "L_Shoulder", "L_Elbow", "L_Wrist", "L_Hip", "L_Knee", "L_Ankle", "R_Shoulder", "R_Elbow", "R_Wrist", "R_Hip", "R_Knee", "R_Ankle", "L_Eye", "L_Ear", "R_Eye", "R_Ear"]}