{"id": 6, "class": "person", "kpt3d_body": [[-216.8956896477673, -130.8121395327791, 2628.6166244623564], [-363.9058474768546, -197.0301056794615, 2437.787683023069], [-237.51417413313965, 252.7781548137652, 3056.1567926293715], [-156.16051227906397, -6.992557409623288, 2520.582172186124], [24.80743676634198, 232.8390766149431, 2581.7537084519445], [-102.49984941241209, 283.32840220473764, 2806.0586707564], [-190.37436331515, 315.7033517234814, 2999.2730742184776], [-193.61803094642457, 586.1435016143257, 3319.6604948461686], [-221.74044127665348, 859.0057950971438, 3644.919508154784], [-301.9238628247104, -235.57629888319212, 2718.381580571229], [-324.2166487565911, -286.5049863079479, 3017.07637203145], [-324.87555106861305, -17.758850358108305, 3072.286000831862], [-284.65297762460466, 189.85287644061046, 3113.040647630824], [-296.69453435893223, 458.5986214437117, 3428.8892114249556], [-291.08057908462, 737.876612726353, 3741.963992312738], [-327.7032172020151, -203.47399933499162, 2400.3785713959364], [-222.92291588686965, -188.7324819305472, 2412.138329310211], [-353.1723141139727, -248.81960384351913, 2434.412314641791], [-287.3436487319035, -297.0704724971172, 2501.312674815059]], "kpt2d_body": [[835.6597958123714, 479.02288930117805], [743.8713545473134, 436.50629170319235], [842.4583519939725, 662.8945506383197], [864.1472009048181, 544.2820559839408], [963.9556319225271, 673.4553364337861], [899.7328300157764, 688.293423536731], [862.3293670563957, 694.0914594425808], [869.9561856723406, 791.6415129910597], [867.0861631812065, 870.9741408792559], [796.3756950657198, 428.13790023193945], [801.4131119795294, 416.6686406669329], [803.4011372723478, 540.1160491317931], [823.3415374731868, 632.7701395990775], [830.642987205016, 733.0465582213496], [843.3669704464082, 819.2980486256122], [761.3692445225067, 430.9591774451046], [822.0715777285966, 439.6340873920395], [749.8397782111654, 407.07018655496705], [791.4272353500799, 384.01892085337477]], "kpt2d_body_mask": [true, true, true, true, true, true, true, true, true, true, true, true, true, true, true, true, true, true, true], "kpt3d_body_mask": [true, true, true, true, true, true, true, true, true, true, true, true, true, true, true, true, true, true, true], "kpt_list": ["Thorax", "Nose", "Pelvis", "L_Shoulder", "L_Elbow", "L_Wrist", "L_Hip", "L_Knee", "L_Ankle", "R_Shoulder", "R_Elbow", "R_Wrist", "R_Hip", "R_Knee", "R_Ankle", "L_Eye", "L_Ear", "R_Eye", "R_Ear"]}