{"id": 6, "class": "person", "kpt3d_body": [[-168.8992168624918, -131.6362759330694, 2612.222979620726], [-288.5233808324933, -194.5654463222239, 2451.635210153442], [-232.48923061059642, 243.9040608579885, 3035.092429767224], [-117.40356958667142, -15.584108932032166, 2521.0453541212933], [-388.18311652296836, 91.1317071913723, 2489.6966084716732], [-485.57870996848465, -159.51721342852366, 2516.3385798202476], [-198.7021922154559, 311.0446241892181, 2978.8285205424336], [-203.03883435237637, 587.5924769155814, 3310.0232524007142], [-223.64219606887724, 859.7001943037195, 3644.0943866536345], [-186.94642214835704, -246.75649614677894, 2713.319714975949], [-456.1897383267823, -293.0592958501119, 2830.4621355241834], [-508.14297346474416, -264.43141365660864, 2582.3703004391646], [-266.2762351150959, 176.76356950511575, 3091.3562784070273], [-302.1517950694408, 461.8035614668663, 3422.044879684174], [-289.7662245881627, 737.1968405938895, 3741.1604175773327], [-255.6937821929395, -194.27722685321783, 2415.454641105928], [-151.5177992278893, -177.1413320196723, 2422.5221576076115], [-276.16184744479494, -245.413894887388, 2444.6617419165477], [-204.30474633869602, -298.12294642371864, 2497.6811858267915]], "kpt2d_body": [[860.4536430113304, 478.09814960519867], [787.2032739651715, 438.25597226705224], [843.9933993296542, 659.6522491137566], [885.5708267463069, 539.5382559299583], [734.4955044521787, 598.732153782544], [684.3204662565063, 460.88509309642996], [857.8441317928929, 692.9136496989413], [865.8035544812462, 792.90542091125], [866.3548749495025, 871.2922008093333], [854.7206800562553, 421.957379905299], [727.8990938541449, 405.44476141309804], [679.6686032180505, 407.5022807977099], [830.6699814324728, 627.5203954010534], [828.2152975584252, 734.6775954127114], [843.8250003297856, 819.1145375629457], [803.5157700395057, 436.6960959793705], [863.4620510003466, 446.57527726316283], [793.8758980486673, 409.24458247413486], [837.042377668382, 382.89587500370294]], "kpt2d_body_mask": [true, true, true, true, true, true, true, true, true, true, true, true, true, true, true, true, true, true, true], "kpt3d_body_mask": [true, true, true, true, true, true, true, true, true, true, true, true, true, true, true, true, true, true, true], "kpt_list": ["Thorax", "Nose", "Pelvis", "L_Shoulder", "L_Elbow", "L_Wrist", "L_Hip", "L_Knee", "L_Ankle", "R_Shoulder", "R_Elbow", "R_Wrist", "R_Hip", "R_Knee", "R_Ankle", "L_Eye", "L_Ear", "R_Eye", "R_Ear"]}