{"id": 6, "class": "person", "kpt3d_body": [[-213.26548252384305, -118.88927300092305, 2621.0162000322475], [-359.55571116349773, -188.23391714410846, 2432.6693209931504], [-233.45289567397882, 254.29696244002918, 3054.033174228992], [-148.49756125900052, -3.6604095957233085, 2517.961305822382], [32.701076277396965, 236.51054703607372, 2579.6490106346264], [-99.42165333170269, 287.8716590841703, 2804.2354171215725], [-185.03770265261016, 316.5905359725763, 2997.627962280443], [-192.238274058939, 588.9171754866942, 3318.267333408453], [-221.71069654504402, 858.6554783216068, 3644.729739064257], [-285.4894617215163, -242.618126560385, 2720.425209038808], [-317.96225429203855, -283.57320844061246, 3012.202061986343], [-318.31406383056867, -16.187053764027013, 3069.242480224334], [-281.86720186100126, 192.002290972203, 3110.4380730274725], [-294.05875345522634, 458.7829928528239, 3426.6279095409827], [-290.52237184486944, 737.670756571636, 3741.4407738010095], [-322.4390650165468, -194.94987800339302, 2396.101731933747], [-217.03003268581676, -181.22063794889854, 2407.5631162069253], [-348.080101916465, -239.93528585664706, 2430.1422294427457], [-280.39917984033394, -290.89348127571543, 2495.9773956036242]], "kpt2d_body": [[837.2349876540726, 485.1297135049702], [745.855259631976, 441.23645379858095], [844.2295909996856, 663.6680538043739], [868.2924753292655, 546.1187518440278], [968.2288646497132, 675.5237324903056], [901.2315822905088, 690.6229968169876], [864.7521316915592, 694.5884317927818], [870.5037931291438, 792.8780263990191], [867.0920572497391, 870.862771218531], [804.8400314878289, 424.61187497619756], [804.0297383369689, 417.78267281180456], [806.2117472595004, 540.8181034178157], [824.47894239679, 633.8014484765158], [831.6270531267359, 733.2476257321687], [843.5566651963287, 819.2627836535409], [764.0176680173006, 435.63344531317773], [825.1983877404574, 443.7290750121231], [752.3171535553678, 411.8217516736921], [794.892198133824, 387.0384075396754]], "kpt2d_body_mask": [true, true, true, true, true, true, true, true, true, true, true, true, true, true, true, true, true, true, true], "kpt3d_body_mask": [true, true, true, true, true, true, true, true, true, true, true, true, true, true, true, true, true, true, true], "kpt_list": ["Thorax", "Nose", "Pelvis", "L_Shoulder", "L_Elbow", "L_Wrist", "L_Hip", "L_Knee", "L_Ankle", "R_Shoulder", "R_Elbow", "R_Wrist", "R_Hip", "R_Knee", "R_Ankle", "L_Eye", "L_Ear", "R_Eye", "R_Ear"]}