{"id": 2, "class": "person", "kpt3d_body": [[228.43406435042374, -114.9697572871763, 2834.243764553249], [262.71042017796725, -332.37026595236284, 2913.120525526557], [248.9060572308837, 356.5080171067527, 3069.0023523801638], [71.88256915316634, -137.52955464518934, 2881.608299995888], [-17.452069168747286, 92.64699219698059, 3007.2067659737036], [-83.75330167801367, 279.5392949560315, 3156.9980143990306], [153.021436055508, 347.24907712514664, 3087.983328165449], [143.56681294963664, 700.5032457371834, 3202.6907586897923], [155.4433859022604, 1051.7375668510078, 3314.3980477907135], [384.7823059628802, -97.0910457083248, 2786.0569974478635], [472.7035735363615, 161.31004739669592, 2872.357306787014], [562.3013232340546, 378.8227012410549, 2980.112448575781], [344.7907936959388, 365.76470914184017, 3050.0215297116283], [345.6196179664506, 715.4946123082256, 3166.425276344464], [332.9304434934278, 1064.09126635162, 3283.660429856939], [227.33038326604745, -357.1907020350237, 2889.6817458681007], [156.78728385275636, -310.9574001247232, 2825.8385765760568], [285.3887719020038, -349.79101430041067, 2871.5327796689007], [304.2449398231814, -294.03661591110006, 2782.5421515157364]], "kpt2d_body": [[1070.249086599637, 492.000354603119], [1084.5704994887392, 379.6889644189821], [1070.676420868994, 732.0628759762538], [984.6385843255032, 480.9154773440167], [937.2496404224722, 601.6351594498625], [905.3787038001237, 690.1566932892091], [1022.3445513921305, 726.5824571084916], [1014.5421967641003, 886.681490152398], [1016.900798228577, 1030.879521921007], [1158.1584722714078, 500.92990049635756], [1198.1797796158976, 640.0202119590841], [1233.6704428383941, 747.3987083477571], [1119.4119394895793, 737.508492050407], [1112.0829348880527, 896.6738125829718], [1098.5793514506704, 1039.7428449364068], [1066.8978800955806, 365.14703466792946], [1031.4513256200926, 385.65290376698454], [1098.5641482298415, 368.036524340286], [1113.8895401366838, 392.6499507318206]], "kpt2d_body_mask": [true, true, true, true, true, true, true, true, true, true, true, true, true, true, true, true, true, true, true], "kpt3d_body_mask": [true, true, true, true, true, true, true, true, true, true, true, true, true, true, true, true, true, true, true], "kpt_list": ["Thorax", "Nose", "Pelvis", "L_Shoulder", "L_Elbow", "L_Wrist", "L_Hip", "L_Knee", "L_Ankle", "R_Shoulder", "R_Elbow", "R_Wrist", "R_Hip", "R_Knee", "R_Ankle", "L_Eye", "L_Ear", "R_Eye", "R_Ear"]}