{"id": 1, "class": "person", "kpt3d_body": [[448.35913641723334, -229.48252203785202, 2811.188328302327], [640.771229312812, -374.9606936504732, 2866.3809603499835], [205.91689469946783, 238.23651478033824, 2852.341226902679], [368.1645661709541, -284.5831514537657, 2957.4223420100493], [360.20544488040025, -12.182628629962835, 3075.8516291293763], [424.1450457986201, 239.837053126124, 3133.5390103562913], [146.69028344411257, 199.0629300243944, 2922.223699699106], [189.971893331765, 624.204031200096, 3076.9669142190583], [197.05744450410708, 1029.3563446704056, 3192.499464951503], [525.7964975600039, -180.42946907397763, 2665.212041712764], [545.2953569802236, 110.29273343442256, 2757.6217725669057], [564.454319212708, 334.53620713246653, 2897.333355335659], [265.1445629076962, 277.41003946276777, 2782.4590691329126], [274.3871892416208, 698.1486243594579, 2929.374650416833], [270.8084552145041, 1067.570605157563, 3086.7839623454024], [615.3927475480925, -416.3894978991822, 2871.3581433944], [508.5559958591014, -422.77512198487204, 2869.8571998835887], [640.3856475654529, -396.61652026656, 2821.9909717255896], [576.159497274072, -370.56446647069026, 2740.3653802531085]], "kpt2d_body": [[1186.6970982859248, 438.6398231639448], [1280.1921572043013, 366.5616840831773], [1056.034367259837, 686.7178454014314], [1134.432559895592, 416.51639159223544], [1123.7916801413141, 555.0027602635889], [1150.8068527552375, 675.8617762103339], [1022.9207558774249, 663.6578551383977], [1039.5326276885135, 863.8786147816375], [1038.2444305369454, 1035.3821688351995], [1242.6746888539897, 459.7931979297006], [1243.5491615656179, 620.7590591230024], [1238.4186115342789, 733.1484990102872], [1090.6692581705177, 710.8156531726719], [1086.6744448961676, 915.0836533624126], [1076.092108876427, 1067.6890536429678], [1266.4521445230614, 345.4543899773215], [1211.9916774469216, 341.32868455096025], [1284.9055631886813, 352.30175980199726], [1260.70768387866, 359.7936252813495]], "kpt2d_body_mask": [true, true, true, true, true, true, true, true, true, true, true, true, true, true, true, true, true, true, true], "kpt3d_body_mask": [true, true, true, true, true, true, true, true, true, true, true, true, true, true, true, true, true, true, true], "kpt_list": ["Thorax", "Nose", "Pelvis", "L_Shoulder", "L_Elbow", "L_Wrist", "L_Hip", "L_Knee", "L_Ankle", "R_Shoulder", "R_Elbow", "R_Wrist", "R_Hip", "R_Knee", "R_Ankle", "L_Eye", "L_Ear", "R_Eye", "R_Ear"]}