{"id": 1, "class": "person", "kpt3d_body": [[1100.5151172207547, -373.1056707118422, 3130.3399198111133], [1044.322699617399, -611.3221399502384, 3238.8831831387924], [1080.670169943052, 157.31268528435749, 3275.3696569009], [948.3364543473015, -399.9290447455253, 3204.8995954305565], [902.5705021248514, -132.87875643325407, 3306.5532267921826], [934.5105630939959, 86.5128664004483, 3453.6261333048087], [995.809966892562, 136.68611603797132, 3332.3345972741713], [988.6733575995211, 541.2145416336613, 3461.475139860737], [957.7325866399337, 932.0101064430046, 3588.0283644696337], [1265.5932650614805, -352.0188292127933, 3059.467578559974], [1302.1932877411825, -68.23391961476375, 3126.1995740926277], [1336.2799139270508, 145.73289080993462, 3281.306956725767], [1165.521104545596, 177.9400497885439, 3218.4010472718865], [1143.3744040417496, 598.1836166956289, 3354.496089503345], [1141.4371692529407, 994.6716333937982, 3451.590806428651], [1029.300811642878, -634.860756172264, 3195.6347173638205], [1034.6883337656916, -588.8279379484247, 3103.4563481437203], [1079.2860181951241, -643.3119570238865, 3223.349828745935], [1167.6001897670385, -612.2832895074747, 3173.377974746616]], "kpt2d_body": [[1462.909866568002, 386.5538910227991], [1419.9936699050832, 284.90742445640075], [1433.891227505289, 631.5934975104808], [1384.4600779728705, 377.01258490312944], [1352.9887774737126, 501.35142797389517], [1349.6536410104286, 598.1089975358432], [1389.9558679743043, 621.5564781504768], [1368.937707609443, 791.1993867295996], [1338.5546373737386, 940.7372313125243], [1548.4136872734439, 394.1508752120426], [1553.7963077279048, 529.2138772867048], [1540.9469507997014, 625.4871761213753], [1478.7958609640552, 641.864881089504], [1446.0620987605596, 821.2005223619717], [1426.949202661314, 977.7771388388178], [1419.146270172336, 270.6193334431517], [1435.317911401026, 283.8939880618881], [1436.9416536166104, 269.8042069311518], [1483.1617180212356, 280.6378667083633]], "kpt2d_body_mask": [true, true, true, true, true, true, true, true, true, true, true, true, true, true, true, true, true, true, true], "kpt3d_body_mask": [true, true, true, true, true, true, true, true, true, true, true, true, true, true, true, true, true, true, true], "kpt_list": ["Thorax", "Nose", "Pelvis", "L_Shoulder", "L_Elbow", "L_Wrist", "L_Hip", "L_Knee", "L_Ankle", "R_Shoulder", "R_Elbow", "R_Wrist", "R_Hip", "R_Knee", "R_Ankle", "L_Eye", "L_Ear", "R_Eye", "R_Ear"]}