{"id": 1, "class": "person", "kpt3d_body": [[268.0795999605467, -287.9189755419834, 2731.790606672093], [417.48874703096476, -498.54383831526843, 2759.1907226003354], [266.71141328247745, 258.8341454621792, 2900.29634584326], [184.66592550625023, -336.777330779875, 2876.721990276981], [113.8349793597084, -135.13864499012186, 3054.3105043194505], [94.93637298541053, 59.326259895029665, 3232.638352731083], [210.53409901464715, 230.6327778471848, 2980.489490208028], [191.71223487346117, 648.4111857842021, 3114.10269135385], [149.06389220507648, 1023.0583011983339, 3212.3801105524813], [355.2912241039459, -244.63100908628448, 2584.8967013384654], [386.5183914844358, 34.86131080632305, 2538.972148847543], [472.3048853273147, 286.4994101318476, 2559.7037396438513], [322.8895421243051, 287.03535133686245, 2820.1038341784806], [309.71001061801803, 703.0177970817078, 2931.5616106374137], [262.14542511037365, 1089.0674465978366, 3026.5097157116325], [386.20132488765563, -537.6626546990992, 2764.302467588041], [279.7580153453133, -525.9595269565478, 2764.264660828378], [412.91835037602436, -521.2037332491986, 2715.5279239460333], [353.5459564176223, -484.7776444941393, 2634.971553203241]], "kpt2d_body": [[1094.9043582919342, 402.6009767363639], [1173.1440369436368, 291.74594917875146], [1085.7364091082018, 695.1894683498593], [1043.834864827086, 384.940967973149], [1003.4321960142537, 494.20099504361457], [991.4960320803317, 588.6767545557159], [1053.7185995740574, 677.5063536531161], [1039.2207230883441, 871.7073948893146], [1015.6950449789526, 1029.9888380831464], [1153.7876864704315, 419.00608652653483], [1176.2699760780563, 581.5789438935019], [1223.3168756620673, 728.0637096206243], [1119.4287075767063, 713.7774214316632], [1104.4142000509821, 917.0330399054893], [1074.2024682306712, 1087.0928424670178], [1155.7268170415152, 271.28833054034243], [1098.6046800782842, 276.86559593696427], [1174.0312593449864, 275.2837329555065], [1147.71584389179, 286.6041274523656]], "kpt2d_body_mask": [true, true, true, true, true, true, true, true, true, true, true, true, true, true, true, true, true, true, true], "kpt3d_body_mask": [true, true, true, true, true, true, true, true, true, true, true, true, true, true, true, true, true, true, true], "kpt_list": ["Thorax", "Nose", "Pelvis", "L_Shoulder", "L_Elbow", "L_Wrist", "L_Hip", "L_Knee", "L_Ankle", "R_Shoulder", "R_Elbow", "R_Wrist", "R_Hip", "R_Knee", "R_Ankle", "L_Eye", "L_Ear", "R_Eye", "R_Ear"]}