{"id": 3, "class": "person", "kpt3d_body": [[-264.6856477480106, -55.94260099017582, 2721.2470469293967], [-216.2079254844852, -9.634718062535867, 2540.6265710555767], [-215.86656047604458, 256.3039640696854, 3124.049982479723], [-124.57619983205558, -121.06412625591197, 2747.0278429702466], [92.31352840248141, -142.630240680837, 2801.460582924866], [85.73547689957918, -150.2580517072497, 2571.1102554263844], [-123.43087928601278, 212.65623494973306, 3147.0234694709507], [-126.36323086647728, 386.07961773421977, 3426.6318889257545], [-126.99334078188542, 560.2346202302135, 3736.6726001147326], [-417.4865502290494, -16.65077627280354, 2706.9570341036033], [-589.2408917911297, 131.70018081032646, 2710.3112857369206], [-598.0112485140372, 102.41719877508231, 2489.165567486299], [-308.30301596188775, 299.9496241946689, 3101.076855663196], [-281.44086472768174, 456.8344887720127, 3388.5777444060614], [-251.26737188045377, 627.3395784653575, 3696.33306844673], [-202.06081205230282, -50.734516289297034, 2522.632233702874], [-192.16156487267716, -133.4385362190685, 2571.49581694526], [-253.9070566103905, -25.45462912546853, 2520.1207284913894], [-330.29469163683933, -70.30527752609181, 2555.032420609014]], "kpt2d_body": [[784.5892667890369, 529.0744061949249], [803.8097079986046, 555.6124581865689], [829.3281677308448, 691.4652592261689], [866.8719823055843, 491.7493217185025], [991.3256216417034, 480.88578244655673], [991.9423565370698, 468.966462771871], [876.6422309867842, 668.702625604827], [880.4825060024394, 739.8469804112208], [885.194825225827, 798.2785210411296], [694.9986698529135, 551.9151927215078], [597.0544776237047, 637.8673825791146], [561.9448970476969, 626.0474467763231], [781.5174348874351, 714.4289663500494], [807.6049246592859, 774.3377577156103], [831.6600106481746, 828.9249141979262], [811.7374245549017, 529.7569391275653], [820.3094081037273, 479.4357634375582], [779.0720780004239, 545.6310208960797], [734.1678553525378, 518.1357049029106]], "kpt2d_body_mask": [true, true, true, true, true, true, true, true, true, true, true, true, true, true, true, true, true, true, true], "kpt3d_body_mask": [true, true, true, true, true, true, true, true, true, true, true, true, true, true, true, true, true, true, true], "kpt_list": ["Thorax", "Nose", "Pelvis", "L_Shoulder", "L_Elbow", "L_Wrist", "L_Hip", "L_Knee", "L_Ankle", "R_Shoulder", "R_Elbow", "R_Wrist", "R_Hip", "R_Knee", "R_Ankle", "L_Eye", "L_Ear", "R_Eye", "R_Ear"]}