{"id": 3, "class": "person", "kpt3d_body": [[-293.7634357393594, -118.28854157858707, 2760.536294919889], [-244.13915429560427, -92.3130850684705, 2591.3648130925503], [-229.61307748198496, 220.04149310133286, 3153.1565783592314], [-144.43137753720865, -178.03560617105296, 2781.894766494316], [33.07798911678019, -53.59917751687462, 2685.5509755496837], [-128.27926539305648, -51.994726728447844, 2492.528879707137], [-132.55896386700212, 180.28417052971713, 3175.1004107349745], [-134.91558045328276, 361.3825875442532, 3444.300398985878], [-126.6823609240889, 558.3921021051449, 3741.4125489929047], [-418.7340621625461, -58.06432672224595, 2735.2617128679285], [-463.596950371973, 130.012250444019, 2613.7499732132146], [-302.795931497021, 20.03182646688977, 2477.149072721113], [-326.66703553734817, 259.7989373701279, 3131.2126411455124], [-293.0758439508949, 429.31632923701954, 3409.5116153029926], [-252.42955046807228, 627.5921744344321, 3702.3972083486306], [-236.7735815052057, -129.80165145011603, 2576.0224998899635], [-221.95775474949372, -205.09938326368479, 2624.886060426019], [-283.062286724109, -109.46807703549375, 2573.301494231656], [-355.2466994907599, -145.8945288232834, 2606.2727885374115]], "kpt2d_body": [[770.2024662533587, 493.8348105933467], [789.444423841931, 505.2265745682173], [823.3876645835911, 672.0978542938683], [856.4896567911015, 460.22352708912064], [958.5334934776329, 529.9488165716963], [857.1339729665845, 528.5408078921189], [872.6078590715847, 651.6216648073427], [876.8221452890959, 727.6460090655521], [885.3916478827292, 797.2125267222016], [696.805385170308, 528.1236287991487], [659.0395389882804, 639.9399140611436], [745.2013200683576, 574.4078124341348], [773.6898357418063, 692.7423794353244], [802.9570294203718, 760.3765643816657], [831.3391588831607, 828.5970023328782], [793.1202384264054, 481.86793391488084], [804.8614048392518, 438.0123621898581], [764.5499944563642, 494.33694897158273], [723.2415703415713, 473.24218723274083]], "kpt2d_body_mask": [true, true, true, true, true, true, true, true, true, true, true, true, true, true, true, true, true, true, true], "kpt3d_body_mask": [true, true, true, true, true, true, true, true, true, true, true, true, true, true, true, true, true, true, true], "kpt_list": ["Thorax", "Nose", "Pelvis", "L_Shoulder", "L_Elbow", "L_Wrist", "L_Hip", "L_Knee", "L_Ankle", "R_Shoulder", "R_Elbow", "R_Wrist", "R_Hip", "R_Knee", "R_Ankle", "L_Eye", "L_Ear", "R_Eye", "R_Ear"]}