{"id": 3, "class": "person", "kpt3d_body": [[-268.35218808193014, -94.39218893850757, 2749.8831202761726], [-234.25016269906908, -45.501918160895514, 2563.547266826714], [-233.12737703388865, 220.06127917155646, 3152.8853484736874], [-115.20205685942557, -136.81916442567007, 2768.1584912573726], [80.48613861499382, -167.59872995251504, 2839.95752039235], [53.723782366507805, -177.3241157148595, 2612.2681399371468], [-131.140309819067, 192.45842128630835, 3166.0298165532677], [-134.30951124285863, 370.5837149691811, 3436.485589143486], [-126.60106154025534, 559.4901049381094, 3740.181160755218], [-423.7541423241878, -72.20274859996344, 2742.087981394505], [-621.1511540459877, 38.51037194945896, 2783.0509085863764], [-645.0122014487896, 4.7579200485447615, 2576.779724095891], [-335.11446537262816, 247.66476060901326, 3139.7416682623857], [-293.8630893931358, 436.32392094527427, 3405.701550753275], [-251.92930144605702, 628.428921448201, 3701.607497369237], [-216.86273020378252, -87.75438101824157, 2545.186046838589], [-201.78786028908524, -166.72763617227127, 2593.821911575958], [-270.8792694693876, -65.02989602774001, 2543.5002399835344], [-340.9421534403458, -114.76120345860174, 2584.2052853410732]], "kpt2d_body": [[784.1109660676535, 507.287741207027], [793.8918631743385, 533.5118307103119], [821.6136701572239, 672.1129358641059], [872.8066889281804, 483.2620810577451], [983.9895545828675, 468.05265896758044], [971.6276475847121, 454.0144880461103], [873.1369915799697, 657.9649824376345], [876.9699874785273, 732.2368217114906], [885.4097487436275, 797.7481804918893], [694.551375703159, 520.0772221858186], [587.9918586959719, 583.3342629235495], [546.4190684771572, 564.5155501251783], [769.8712534689505, 686.2823905325567], [802.4586483757402, 763.8190964658156], [831.5313441279944, 829.0057998283143], [803.6822526113535, 507.016716088315], [815.495400130086, 459.8621035244705], [770.0239069169861, 521.164142897292], [730.0460677911594, 491.47082227948823]], "kpt2d_body_mask": [true, true, true, true, true, true, true, true, true, true, true, true, true, true, true, true, true, true, true], "kpt3d_body_mask": [true, true, true, true, true, true, true, true, true, true, true, true, true, true, true, true, true, true, true], "kpt_list": ["Thorax", "Nose", "Pelvis", "L_Shoulder", "L_Elbow", "L_Wrist", "L_Hip", "L_Knee", "L_Ankle", "R_Shoulder", "R_Elbow", "R_Wrist", "R_Hip", "R_Knee", "R_Ankle", "L_Eye", "L_Ear", "R_Eye", "R_Ear"]}