{"id": 3, "class": "person", "kpt3d_body": [[-314.44869744195967, -129.2179561757016, 2760.738126681382], [-243.5985944737824, -129.231096618798, 2616.149738356229], [-227.8807762839307, 188.83452523525102, 3138.407497069593], [-253.1331976442658, -252.51216478411828, 2824.8596468593278], [-19.926204282814926, -240.0385713289932, 2721.670134506192], [-170.68340612537853, -244.37703198135063, 2559.151437359576], [-154.67862647794962, 118.82002626535652, 3184.821894881909], [-138.62283586200076, 342.8175042015445, 3457.428871416041], [-121.4778519306933, 551.8688503411463, 3745.242097345702], [-374.6658890162432, -17.763307349969537, 2689.9734354006687], [-136.6877588186215, 44.28892987123092, 2625.0413984810875], [97.93460535613099, 41.19666301142317, 2548.6621923070156], [-301.08299931995793, 258.8489896154108, 3091.99438122487], [-283.5161022859925, 437.1030283732857, 3405.0640771220874], [-252.02538883835885, 627.6010517617555, 3699.880673470944], [-243.71831213840113, -170.01530028917097, 2602.2368814237184], [-269.2239984163165, -238.30482905060086, 2650.075673171442], [-276.4056078528511, -128.85522877825002, 2589.0492109200577], [-365.0837127366683, -141.71792509644854, 2612.1977297918093]], "kpt2d_body": [[758.4195997119082, 487.6117815113845], [791.2224386159041, 483.43872060077916], [823.6854207621336, 656.9025985949746], [796.9465392224292, 420.3009512513801], [927.3242452211713, 421.9094378935726], [833.1951567908111, 410.56423472814873], [861.7524163655268, 620.7717471505174], [875.3399932494498, 718.5575706686004], [887.6369067903258, 794.2566588632117], [718.4129771220188, 551.1902646663107], [856.1697664282051, 588.3738970801938], [1000.0529040200263, 587.2628196256217], [784.6538414522369, 693.9593856897486], [807.2262442232568, 764.2392373850635], [831.4391768738983, 828.780566899999], [790.4276134434936, 458.26114546881604], [778.0500729838193, 419.5353339646339], [769.6852632826004, 482.90154451724413], [717.8107664476979, 475.9821663240414]], "kpt2d_body_mask": [true, true, true, true, true, true, true, true, true, true, true, true, true, true, true, true, true, true, true], "kpt3d_body_mask": [true, true, true, true, true, true, true, true, true, true, true, true, true, true, true, true, true, true, true], "kpt_list": ["Thorax", "Nose", "Pelvis", "L_Shoulder", "L_Elbow", "L_Wrist", "L_Hip", "L_Knee", "L_Ankle", "R_Shoulder", "R_Elbow", "R_Wrist", "R_Hip", "R_Knee", "R_Ankle", "L_Eye", "L_Ear", "R_Eye", "R_Ear"]}