{"id": 3, "class": "person", "kpt3d_body": [[-286.20001724674876, -96.28008411122359, 2783.9844743808794], [-242.7571920218947, -63.89455158067115, 2578.956169235557], [-231.69676956375199, 224.42974873571268, 3154.7909096340663], [-139.58934043882306, -152.86880011187571, 2797.973336540922], [-45.410560657287164, -12.027211810825733, 2983.9232160959873], [0.8361902352615402, 176.8044334925611, 3126.9534995316985], [-138.01125096856748, 194.52391095435786, 3164.1690717026877], [-132.75882030827998, 364.8721439352114, 3444.460779385681], [-124.18764121470096, 559.5057403912024, 3739.3768008812117], [-438.8939944853695, -39.64091747513379, 2760.3614487978853], [-469.81670376072003, 139.8135293369615, 2928.8614104272096], [-428.179340990613, 328.69380868536734, 3060.572169452591], [-325.382487347916, 254.33494495457595, 3145.411993429303], [-299.5595192141696, 427.28341641755236, 3413.6483050860006], [-253.2596047461685, 628.751384474076, 3700.2282392111356], [-225.7099604632071, -106.769132106512, 2559.6019742127687], [-212.03269042415934, -184.87140275994426, 2609.1437821466934], [-281.3053140307939, -82.21985439560761, 2557.8548572681034], [-352.00935650852847, -128.5327816074817, 2593.366353868013]], "kpt2d_body": [[775.877503324592, 506.8936978071984], [789.5515032026624, 522.3933928394671], [822.4072764994941, 674.235447647319], [859.6860791010417, 475.0304112017866], [914.7316801578417, 555.2229274917355], [939.3693568460252, 651.2859680033574], [869.6531153044331, 659.0498899694024], [877.8206841731823, 729.2353752471183], [886.4190270411898, 797.8075004843715], [687.5481807893763, 538.9688014421741], [685.461005330055, 636.8823418471959], [718.0174790125571, 730.8321533730689], [775.0625373482054, 689.420479715751], [800.1209196678387, 759.1896441556946], [830.9263401705756, 829.2364802025246], [798.9929525851751, 495.57592757515636], [810.0341376427253, 449.488684549011], [764.5537250206542, 510.77052616697137], [724.1021645587706, 483.3572176069767]], "kpt2d_body_mask": [true, true, true, true, true, true, true, true, true, true, true, true, true, true, true, true, true, true, true], "kpt3d_body_mask": [true, true, true, true, true, true, true, true, true, true, true, true, true, true, true, true, true, true, true], "kpt_list": ["Thorax", "Nose", "Pelvis", "L_Shoulder", "L_Elbow", "L_Wrist", "L_Hip", "L_Knee", "L_Ankle", "R_Shoulder", "R_Elbow", "R_Wrist", "R_Hip", "R_Knee", "R_Ankle", "L_Eye", "L_Ear", "R_Eye", "R_Ear"]}