{"id": 3, "class": "person", "kpt3d_body": [[-326.6615618556026, 394.8466763263869, 2847.9057653984432], [-358.8283776721696, 590.8183614486059, 2887.3174724241812], [-147.97090657817537, 108.54589196591668, 3138.5549508116515], [-177.40637077118538, 461.58206384551676, 2840.9825981110066], [-167.37955800807975, 566.1653526885937, 3097.5275949476018], [-169.82409351205933, 692.8175747885468, 3308.0710242202795], [-26.940664850773768, 134.62603491503288, 3106.0789156964747], [-53.8080782648775, 453.4123413584152, 3341.1364814468943], [-83.93120729323904, 638.2316980685749, 3681.4148134869556], [-450.7721952391755, 348.3560599253649, 2924.4297547715632], [-422.8636612876546, 475.61612804551856, 3181.525828759795], [-406.65074175658395, 615.29060839169, 3380.777726700835], [-269.0006042262912, 82.46524859260184, 3171.0313077238948], [-238.65487880494305, 461.30129058371756, 3350.437642396518], [-209.498907177582, 673.4583519541677, 3667.546087054165], [-137.8629705, 583.2974875, 3817.355695], [-137.8629705, 583.2974875, 3817.355695], [-137.8629705, 583.2974875, 3817.355695], [-137.8629705, 583.2974875, 3817.355695]], "kpt2d_body": [[757.8617492588908, 780.0151493986191], [743.8288868499027, 882.2207057391753], [864.0050378396224, 616.4577965933021], [840.3212826668479, 817.6894045086651], [853.7262142195759, 849.3191557897801], [858.1779226844785, 890.548898935994], [925.1503605952665, 630.3723030519346], [913.4528358713958, 776.0713694841672], [902.9602668179045, 834.8595060674118], [695.9081225139273, 749.01826281075], [729.4735441524931, 796.7053349099065], [749.6967695259236, 847.3586199151523], [804.2569049596242, 602.8108615861294], [826.2782599583886, 778.9174319040452], [848.8713367939091, 850.6092024571742], [881.8403631301273, 802.7576722323345], [881.8403631301273, 802.7576722323345], [881.8403631301273, 802.7576722323345], [881.8403631301273, 802.7576722323345]], "kpt2d_body_mask": [true, true, true, true, true, true, true, true, true, true, true, true, true, true, true, false, false, false, false], "kpt3d_body_mask": [true, true, true, true, true, true, true, true, true, true, true, true, true, true, true, false, false, false, false], "kpt_list": ["Thorax", "Nose", "Pelvis", "L_Shoulder", "L_Elbow", "L_Wrist", "L_Hip", "L_Knee", "L_Ankle", "R_Shoulder", "R_Elbow", "R_Wrist", "R_Hip", "R_Knee", "R_Ankle", "L_Eye", "L_Ear", "R_Eye", "R_Ear"]}