{"id": 4, "class": "person", "kpt3d_body": [[236.3926693010547, -119.10699271026402, 2823.3336893661317], [386.90107318517664, -221.3674064575912, 2858.2495960763167], [247.50200284718426, 419.51497830871205, 2752.4503377830642], [305.44135453835827, -111.9064484602356, 2941.6566509335985], [454.2562274329341, -174.07841493494857, 2658.027381672237], [282.32177046574515, -283.1743167521853, 2553.540171192471], [283.22472771121295, 433.7545910045226, 2841.8732996477793], [190.568864748726, 853.9781662694219, 2825.3083571249526], [142.30731544478573, 1275.3021336754373, 2817.488489073452], [169.9261008344451, -121.32847536223892, 2693.115085397212], [60.77732285575428, -66.59098363092397, 2400.2584192303684], [185.2243822052987, -272.64664714849545, 2474.4719750867184], [211.77926995227517, 405.27638695883127, 2663.0277176609384], [209.70897528876287, 836.0415514569386, 2603.682835243443], [191.10299851749434, 1264.1676398377326, 2575.141001435898], [378.2386907892859, -241.25409939920416, 2890.6670550292547], [278.2314160359807, -230.21648337774025, 2925.682501586743], [376.0871667622324, -264.8714794232825, 2843.3474518660223], [287.418443138439, -289.5414915397802, 2795.290370310262]], "kpt2d_body": [[1068.6572692013406, 501.74271943005783], [1141.4865027283981, 452.0362245910447], [1076.7008711841345, 777.3067980263597], [1097.1936122370635, 507.69149186640806], [1191.3573927653845, 469.2074570599359], [1106.2518528093867, 404.6561751445272], [1090.4363026708183, 777.4991127711771], [1043.256727087566, 982.0791295010858], [1017.8385019961949, 1175.025656221011], [1039.298200067541, 497.6172007017693], [985.4213599369562, 522.2137169753709], [1055.736975050623, 405.37466281952186], [1062.021051603768, 777.0898444497607], [1061.1273030082507, 1006.7634029251398], [1049.2054939495447, 1221.4289873947919], [1135.08617594067, 443.5118303602026], [1084.6364606750535, 450.00292956831754], [1136.9980184832887, 429.84904763023417], [1095.3894960024393, 414.88825079169715]], "kpt2d_body_mask": [true, true, true, true, true, true, true, true, true, true, true, true, true, true, true, true, true, true, true], "kpt3d_body_mask": [true, true, true, true, true, true, true, true, true, true, true, true, true, true, true, true, true, true, true], "kpt_list": ["Thorax", "Nose", "Pelvis", "L_Shoulder", "L_Elbow", "L_Wrist", "L_Hip", "L_Knee", "L_Ankle", "R_Shoulder", "R_Elbow", "R_Wrist", "R_Hip", "R_Knee", "R_Ankle", "L_Eye", "L_Ear", "R_Eye", "R_Ear"]}