{"id": 4, "class": "person", "kpt3d_body": [[341.98122664622764, 223.6931393376301, 2484.517766478817], [434.6734191212363, 286.8070250327845, 2298.2304481933393], [95.08914517835821, 409.33964330247693, 2851.8777100527777], [475.66817103843215, 248.67022900856014, 2525.231963213717], [386.47398247708, 556.3337220839328, 2532.5112308208654], [306.01577634316106, 813.2228547210827, 2500.5210118282066], [155.6125492036531, 420.156299597175, 2915.5587058278325], [200.46810585147563, 875.0646873685043, 2807.2856315897457], [132.70587209527218, 1270.7175273892071, 2749.6635241691465], [202.37980920437022, 226.7550238884597, 2445.417092310325], [89.64049963589056, 558.1360742523033, 2507.5056871102315], [92.67017784112386, 850.0007409449069, 2493.802805050964], [34.56552654273033, 398.52301093868505, 2788.197105902182], [79.78818732095877, 842.8880585001161, 2676.4297811338], [110.5613216688897, 1259.7289393960652, 2601.3865685997825], [459.6878686196498, 241.28998313002938, 2312.48191610147], [456.2359813950227, 178.59718431033428, 2397.414008798433], [415.80672391773356, 252.941847305476, 2288.3649679971863], [336.45837826026275, 202.43075986232327, 2327.0913572234786]], "kpt2d_body": [[1144.5804572363108, 689.240260860948], [1215.9161560206608, 737.3065263760395], [996.6201530227382, 765.2768817266183], [1215.267890414811, 700.5107423233419], [1163.2778935809017, 869.1414494125199], [1118.7873771220045, 1011.2503520634552], [1025.0498388829778, 765.9861851143722], [1048.61860340934, 994.5366226487772], [1014.6692090389556, 1186.7537074927561], [1067.0569438910816, 693.4683525963751], [999.6453919021496, 874.8992271639061], [1000.758555811373, 1033.2060214831492], [966.8561068530018, 764.4868518852345], [990.7469365833718, 999.2415859542411], [1006.6116956533117, 1213.8507039592018], [1229.5953544973408, 708.5749388707412], [1218.248793473268, 666.8229859763729], [1205.855673161701, 717.4992950989338], [1154.3487045379666, 684.8802461733302]], "kpt2d_body_mask": [true, true, true, true, true, true, true, true, true, true, true, true, true, true, true, true, true, true, true], "kpt3d_body_mask": [true, true, true, true, true, true, true, true, true, true, true, true, true, true, true, true, true, true, true], "kpt_list": ["Thorax", "Nose", "Pelvis", "L_Shoulder", "L_Elbow", "L_Wrist", "L_Hip", "L_Knee", "L_Ankle", "R_Shoulder", "R_Elbow", "R_Wrist", "R_Hip", "R_Knee", "R_Ankle", "L_Eye", "L_Ear", "R_Eye", "R_Ear"]}