{"id": 4, "class": "person", "kpt3d_body": [[220.2945861541522, -63.36816524746297, 2777.7622362852185], [401.6826247631122, -225.06634596807658, 2804.109424684271], [232.5937772471221, 474.0575478942752, 2743.4219119307068], [192.1918864692659, -57.16066878343469, 2943.1130916717266], [198.98902645005276, 252.65973186277108, 2968.053447794993], [281.46579085530965, 494.4473180729898, 2946.4178475943477], [232.1202912977131, 483.1100120439079, 2839.96703444615], [169.74454711053852, 875.3902866640876, 2828.7187028739986], [143.6292217258153, 1275.6587253086566, 2819.984556835129], [239.600411908419, -67.94357405647844, 2612.0668738650857], [229.44028143655066, 232.83952558040454, 2551.4177477562553], [306.9100992474098, 483.96321430443976, 2549.8422739166094], [233.06727360426487, 465.00607632454194, 2646.876632326684], [210.35227302247898, 861.4092481755492, 2603.2420720814575], [191.7038537579012, 1264.9825364662888, 2574.557913565361], [380.7777912890451, -257.2275899021409, 2834.148055269707], [279.35630556574466, -251.34990412202114, 2876.650412960669], [386.63698087115404, -262.3615754510499, 2776.4732703064656], [296.48915690315096, -263.2908708752842, 2723.9014373178215]], "kpt2d_body": [[1062.4122363865904, 529.2924773218534], [1152.5395721257214, 448.13000836853763], [1069.2317116662796, 805.7534863959693], [1042.482171409456, 534.1034130950133], [1044.7801254425337, 682.7977694647863], [1084.4326053847217, 798.7000369540941], [1064.9606684186483, 802.0521622707904], [1032.8094543491457, 991.7264385436449], [1018.4174999745192, 1174.6814020689428], [1080.0573317701796, 524.7617305011045], [1077.2279610756311, 691.3494136881982], [1118.985058290976, 828.8019538856183], [1073.809536304049, 809.7198931192214], [1061.313127673651, 1019.6211600815938], [1049.5331299459547, 1221.9418383709403], [1139.950978514471, 433.2443102489064], [1087.431845680673, 437.725219228739], [1146.7995284259744, 428.02963738517974], [1103.958289334732, 424.7002888808471]], "kpt2d_body_mask": [true, true, true, true, true, true, true, true, true, true, true, true, true, true, true, true, true, true, true], "kpt3d_body_mask": [true, true, true, true, true, true, true, true, true, true, true, true, true, true, true, true, true, true, true], "kpt_list": ["Thorax", "Nose", "Pelvis", "L_Shoulder", "L_Elbow", "L_Wrist", "L_Hip", "L_Knee", "L_Ankle", "R_Shoulder", "R_Elbow", "R_Wrist", "R_Hip", "R_Knee", "R_Ankle", "L_Eye", "L_Ear", "R_Eye", "R_Ear"]}