{"id": 4, "class": "person", "kpt3d_body": [[207.16524586238066, -67.68398280873498, 2773.281385748709], [390.4114558389954, -225.33054243215162, 2800.4546814133946], [237.6128752067194, 478.60423906142717, 2743.349352223111], [185.27593848190233, -56.40534569349086, 2940.977603327978], [192.20262958370967, 252.24872078532613, 2966.379918450391], [273.447223163445, 495.58407419800915, 2945.2660526108207], [229.51061772999256, 484.5595624951444, 2839.872780962365], [169.2810715224532, 876.9206792720215, 2829.5513108997848], [142.79473451396981, 1274.6179788336976, 2819.356190637738], [241.7212434086054, -59.38622554146093, 2609.054720958353], [215.2320333467682, 230.28760588620415, 2549.792805573873], [301.8617164068007, 485.7349821281906, 2549.1425343411256], [245.71415920029708, 472.6488799456803, 2646.8251879178497], [208.58441153492979, 861.6836125691738, 2603.0506460111474], [191.53718581433466, 1264.278365005594, 2574.2976713887533], [369.2276690039153, -257.4615314066389, 2830.813081857159], [268.5652422654553, -251.78700151594398, 2872.308565781423], [375.8871543220471, -262.29093435376484, 2772.77984838494], [287.53161306592773, -263.0888965552805, 2719.7397593174996]], "kpt2d_body": [[1055.8574237070193, 527.018342189473], [1147.149166877811, 447.8156078166089], [1071.7951497631966, 808.0411343879844], [1039.1994289515856, 534.4468828244308], [1041.581471734472, 682.679483796498], [1080.644732267421, 799.3601634693906], [1063.6625153597158, 802.7793506267017], [1032.55141483618, 992.3238052954496], [1018.03493767281, 1174.3538678844734], [1081.367309280489, 529.3856735963058], [1069.415517283894, 690.0508772657988], [1116.2465589614899, 829.865889692433], [1080.5057541567446, 813.6726605654608], [1060.3799706675743, 1019.8031572382096], [1049.4607457642824, 1221.6719367200858], [1134.4342225855935, 432.9407714536719], [1082.3174964422476, 437.29989199729425], [1141.6141706405517, 427.85145990720036], [1099.5402022795547, 424.5712738709171]], "kpt2d_body_mask": [true, true, true, true, true, true, true, true, true, true, true, true, true, true, true, true, true, true, true], "kpt3d_body_mask": [true, true, true, true, true, true, true, true, true, true, true, true, true, true, true, true, true, true, true], "kpt_list": ["Thorax", "Nose", "Pelvis", "L_Shoulder", "L_Elbow", "L_Wrist", "L_Hip", "L_Knee", "L_Ankle", "R_Shoulder", "R_Elbow", "R_Wrist", "R_Hip", "R_Knee", "R_Ankle", "L_Eye", "L_Ear", "R_Eye", "R_Ear"]}