{"id": 2, "class": "person", "kpt3d_body": [[264.6695461292976, 127.22308588926523, 2838.066991670975], [302.9747476790519, -5.304394073503715, 2998.9103540578703], [237.39103560169775, 664.3050259365448, 2837.0637306298427], [115.80995725526347, 119.0330030615118, 2880.127500248823], [-92.25109091736715, 185.79897055128725, 3047.3285070032985], [3.0860162769598887, 4.701016653750116, 3152.5486922145465], [142.25227114693254, 656.6036701042051, 2852.3645690099197], [95.69454598161634, 1018.3579278697614, 2814.783792094277], [66.57449443072254, 1379.6185012778674, 2751.2476966355284], [404.7783600374197, 132.29801683518502, 2788.092119512835], [689.2683584709537, 202.87572552567894, 2852.441435279946], [653.3893669284738, 12.539428226165512, 3001.674075418096], [332.52987196709137, 672.0062769618984, 2821.76182274317], [308.41987748149, 1032.5795443040074, 2776.8437619161286], [259.820443805571, 1395.4426328782622, 2713.607309870276], [275.1277194176709, -44.744934652700294, 2988.8361636255736], [211.4680850986716, -50.03967041456917, 2906.0649872706026], [331.812639511924, -37.67229371815489, 2973.7919048717663], [357.2118962001628, -34.53755380910593, 2871.8746781631285]], "kpt2d_body": [[1076.7126808196126, 603.4809152484036], [1087.5644836909355, 538.7495995801434], [1061.7678405297281, 861.8647387631866], [1002.9224030035209, 598.7413286395264], [904.5608934007169, 626.0410202735583], [948.1596564202324, 543.2906424513044], [1015.4518443867415, 856.974975673774], [992.7651628676779, 1027.646903465385], [978.7697025213014, 1196.794018489978], [1148.3568902692084, 606.8903252397272], [1278.6889180777785, 638.5779453116744], [1247.0634180866887, 546.9320605300323], [1108.332857085442, 866.5889085352594], [1096.0439610336766, 1038.9441474617545], [1072.0479904173421, 1210.4821939634494], [1075.1106483827914, 520.3981014639164], [1048.3145863569232, 517.2540643109251], [1102.1655749374063, 523.6155901257416], [1119.8531713521602, 524.5191130714779]], "kpt2d_body_mask": [true, true, true, true, true, true, true, true, true, true, true, true, true, true, true, true, true, true, true], "kpt3d_body_mask": [true, true, true, true, true, true, true, true, true, true, true, true, true, true, true, true, true, true, true], "kpt_list": ["Thorax", "Nose", "Pelvis", "L_Shoulder", "L_Elbow", "L_Wrist", "L_Hip", "L_Knee", "L_Ankle", "R_Shoulder", "R_Elbow", "R_Wrist", "R_Hip", "R_Knee", "R_Ankle", "L_Eye", "L_Ear", "R_Eye", "R_Ear"]}