{"id": 4, "class": "person", "kpt3d_body": [[-72.13356531856245, -419.0286262454599, 2802.0911239416473], [-155.05675012932844, -581.8904981303201, 2919.127746977429], [-70.1149592201389, 103.91806394581167, 2927.2074157705993], [-181.45293033024785, -404.9076064437538, 2698.1679897019276], [-443.4631022228483, -279.9932859867233, 2767.862792963415], [-383.779789861056, -488.8380149646134, 2877.678736972967], [-144.09574862379924, 117.40316774211976, 2866.7134710745504], [-121.7612571530272, 529.6326382292785, 2892.3426768782633], [-118.94151349513145, 945.8306935006101, 2941.0423427596515], [55.331612452829404, -436.6070587713698, 2882.019210292381], [136.8907898869912, -331.564905812407, 3171.149833121635], [-16.884632628485427, -537.2501528354003, 3121.4419103620226], [3.8661827915044853, 90.43390272482256, 2987.7017441584235], [44.0936722287891, 493.3933073939588, 3042.268138653912], [67.81783878781863, 917.1138798050731, 3102.4107253619077], [-169.94573971449398, -609.6066301766915, 2883.582337165906], [-163.39469292494354, -592.4473339999951, 2776.206357162939], [-121.10243242440127, -613.7113415511111, 2912.7834310288163], [-35.924103354495955, -604.7643424846983, 2858.5901941269863]], "kpt2d_body": [[902.4987431165838, 327.12680425266865], [860.0634316919983, 250.84742402899013], [905.0957826531189, 615.9825633675068], [837.6735038908121, 326.5324647387835], [692.9285133039552, 403.06834458404074], [735.3060191245884, 296.860910424703], [863.7819892847441, 624.4898022506018], [877.1199074174015, 845.0651040871592], [880.7088363090548, 1052.887887653781], [972.8015426601206, 324.08620560491175], [1010.4522478704727, 396.8860394798586], [934.3253543169541, 292.3194289928033], [944.7835441192125, 607.7950945615911], [965.4245064140347, 813.0394377667877], [976.532976372318, 1014.7421290661309], [851.1228650972245, 232.5200888353595], [851.2654354908672, 229.48663641488747], [878.0910416360986, 233.46646783380032], [923.2261499026102, 232.02619867862643]], "kpt2d_body_mask": [true, true, true, true, true, true, true, true, true, true, true, true, true, true, true, true, true, true, true], "kpt3d_body_mask": [true, true, true, true, true, true, true, true, true, true, true, true, true, true, true, true, true, true, true], "kpt_list": ["Thorax", "Nose", "Pelvis", "L_Shoulder", "L_Elbow", "L_Wrist", "L_Hip", "L_Knee", "L_Ankle", "R_Shoulder", "R_Elbow", "R_Wrist", "R_Hip", "R_Knee", "R_Ankle", "L_Eye", "L_Ear", "R_Eye", "R_Ear"]}