{"id": 4, "class": "person", "kpt3d_body": [[-73.71871298277217, -399.4585182914052, 2818.1591956754255], [-153.61781719277496, -574.9061792130179, 2923.9465474996864], [-81.99362305304462, 111.38155475440101, 2937.003845363149], [-201.25110875391118, -384.2677417863665, 2733.3899298194483], [-329.59220649860663, -225.3332673555353, 2925.969462060376], [-364.0429252602039, -446.31991959065476, 2954.9942244196345], [-164.97293937309001, 124.10349155554371, 2886.8646047538555], [-130.75483040344935, 547.8690694993045, 2907.2346189701925], [-119.69275164129854, 947.1717649787784, 2940.281658463713], [61.273352250219084, -409.535994246496, 2896.218049528193], [-13.36769061559669, -235.99794089462264, 3121.4007275471226], [-68.00444805087325, -482.54029297437637, 3142.697230198656], [0.9854528900540316, 98.66063375749732, 2987.143104963796], [44.4301757200963, 499.9183176538469, 3044.219268713078], [68.1762337463539, 917.5631525816159, 3102.7780870174174], [-168.81620117726553, -603.353308262039, 2890.591006537589], [-163.13731057583948, -586.873469900055, 2782.30723903115], [-120.9577628190223, -608.8592232749186, 2918.8389723710434], [-35.028224372355325, -601.5063227086607, 2863.498657139669]], "kpt2d_body": [[901.8252806073763, 339.17262595063676], [860.9442583137727, 254.9884634550766], [898.868036921392, 619.7736386481283], [827.6587170905088, 341.2190775081607], [766.3965294100454, 440.1327450937848], [750.7441956261925, 325.61676143641967], [852.992558013088, 627.6619079640241], [872.669180692616, 853.2097152961032], [880.3052789320652, 1053.6765404740197], [975.8829398827919, 339.6755567537979], [936.0266805446116, 441.958159985722], [908.9271732788897, 320.9401568209739], [943.2676811886503, 612.1188343103108], [965.579830304705, 816.1775451915115], [976.7066616255764, 1014.9042764139583], [851.9278512173261, 236.5842750334944], [851.587264034617, 233.24021379380298], [878.2887819731014, 236.65946234793574], [923.7433821862116, 234.3080704453928]], "kpt2d_body_mask": [true, true, true, true, true, true, true, true, true, true, true, true, true, true, true, true, true, true, true], "kpt3d_body_mask": [true, true, true, true, true, true, true, true, true, true, true, true, true, true, true, true, true, true, true], "kpt_list": ["Thorax", "Nose", "Pelvis", "L_Shoulder", "L_Elbow", "L_Wrist", "L_Hip", "L_Knee", "L_Ankle", "R_Shoulder", "R_Elbow", "R_Wrist", "R_Hip", "R_Knee", "R_Ankle", "L_Eye", "L_Ear", "R_Eye", "R_Ear"]}