{"id": 4, "class": "person", "kpt3d_body": [[-93.36826859741802, -406.70749165378584, 2843.5820120158987], [-198.86904443117854, -570.0405079831983, 2975.4765087816213], [-80.36799970890834, 119.72407175762072, 2940.723866739685], [-222.1760926369851, -387.5015351801359, 2749.6561377313906], [-319.1860977794696, -170.83589051335494, 2579.9658005634456], [-257.31991879304996, 13.414453556785588, 2767.304881407843], [-161.2225001023546, 139.1852897630949, 2891.465887689923], [-132.13001010269485, 548.8279191697908, 2902.921863791319], [-120.12730702409213, 945.4763865715005, 2938.428998320788], [36.310503848713, -423.9554487791288, 2932.889988988166], [297.0587631984473, -263.4279893632016, 2961.9030188924753], [130.5160422617239, -42.474473899060996, 3015.1878791611352], [0.48620984012524127, 100.261696623393, 2989.982662161038], [45.58861276645662, 502.6076105474788, 3046.0657110602665], [67.22733304402308, 919.0761182807032, 3103.3272409216693], [-214.2813141542863, -596.895395892666, 2939.64228716916], [-200.97135108018796, -577.5400454245353, 2832.7521283366827], [-166.80423856644407, -607.2677016875285, 2971.745668970256], [-78.48861480912825, -598.8702416612291, 2920.7916643426984]], "kpt2d_body": [[891.3861487835644, 337.21288930197244], [838.66708566131, 262.8047925760019], [899.7945517908429, 624.1410434207586], [816.4789241581161, 340.7445411959707], [749.1111132483409, 457.0102151417334], [796.8283565721159, 567.9284750344362], [855.1795136133069, 635.7167659865949], [871.8313287814204, 854.1392549688367], [880.035567462179, 1053.1267091750442], [962.1434295546024, 334.7958475191782], [1099.857385865117, 421.4601888989701], [1010.7983750735746, 538.2688806404193], [943.0046828041027, 612.9085774834549], [966.1591090233497, 817.3819798775844], [976.2276888534939, 1015.5496888709145], [829.3722765055527, 245.36911554296478], [832.4044836056539, 244.08621361873122], [855.4201463171319, 243.23600994620682], [900.9370650775729, 242.0023925641762]], "kpt2d_body_mask": [true, true, true, true, true, true, true, true, true, true, true, true, true, true, true, true, true, true, true], "kpt3d_body_mask": [true, true, true, true, true, true, true, true, true, true, true, true, true, true, true, true, true, true, true], "kpt_list": ["Thorax", "Nose", "Pelvis", "L_Shoulder", "L_Elbow", "L_Wrist", "L_Hip", "L_Knee", "L_Ankle", "R_Shoulder", "R_Elbow", "R_Wrist", "R_Hip", "R_Knee", "R_Ankle", "L_Eye", "L_Ear", "R_Eye", "R_Ear"]}