{"id": 4, "class": "person", "kpt3d_body": [[-64.82020834840644, -455.85069488756164, 2839.3876675038528], [-148.07922509366722, -576.7996255531649, 2964.9510333557714], [-68.13159069841015, 96.77463398191051, 2949.671981710838], [-196.9373591431223, -451.10826043339205, 2752.8992367313094], [-448.3732152788109, -483.66549835040087, 2546.72629802816], [-632.4981041615629, -501.20735059366825, 2401.265850771162], [-153.388587414858, 111.59444988313524, 2902.7738823178424], [-88.21410144397682, 520.1918039142002, 2938.7976274939438], [-60.86224191633075, 936.6668249151894, 2998.208596823381], [76.73411587480338, -465.8935455436314, 2906.525406748185], [357.0803742227708, -532.763535675371, 3043.3875363130064], [550.1495440597128, -632.7669458082839, 3150.745103499179], [17.125932669056056, 81.953194656529, 2996.5677471945132], [48.158325143023305, 499.7325846683855, 3029.7036906626463], [66.6493128945742, 927.7981942718716, 3068.16047456105], [-166.996754795415, -605.9197476237385, 2931.673542233886], [-159.6270256131656, -598.3154202227571, 2823.583561500243], [-116.93382803840856, -613.27272254651, 2960.9366793577456], [-32.63020944980151, -615.30759019406, 2903.6218389740384]], "kpt2d_body": [[907.0864521503247, 310.1515823386791], [864.9659473823186, 258.14577737299794], [906.437360729743, 611.7663987709968], [831.1030354414903, 305.3197281428226], [670.1408290580869, 267.0980182286003], [538.8358782197806, 241.14155808751275], [859.7349896141673, 620.5576609214144], [895.9259008016371, 835.7668821985523], [911.6025041759935, 1039.5204310633053], [984.0411573109649, 310.5375442921923], [1125.4696221038462, 288.60804218344396], [1213.1252113564472, 250.3717818403885], [951.7355436907839, 603.2199673010766], [967.6107498627349, 817.2915751150225], [976.2972111486365, 1024.7726538562172], [854.1455634116112, 239.69044303644944], [854.8574806397298, 231.74919499389483], [881.3096355002557, 238.89269570957833], [925.2958935628727, 231.4910238581141]], "kpt2d_body_mask": [true, true, true, true, true, true, true, true, true, true, true, true, true, true, true, true, true, true, true], "kpt3d_body_mask": [true, true, true, true, true, true, true, true, true, true, true, true, true, true, true, true, true, true, true], "kpt_list": ["Thorax", "Nose", "Pelvis", "L_Shoulder", "L_Elbow", "L_Wrist", "L_Hip", "L_Knee", "L_Ankle", "R_Shoulder", "R_Elbow", "R_Wrist", "R_Hip", "R_Knee", "R_Ankle", "L_Eye", "L_Ear", "R_Eye", "R_Ear"]}