{"id": 4, "class": "person", "kpt3d_body": [[-94.15909268671203, -415.0001770064954, 2836.1336778237937], [-173.1731434920831, -581.9885928038052, 2951.050783411504], [-74.38240978714644, 109.25512028779082, 2940.6582111192656], [-206.53608116017182, -413.17964587036965, 2730.3332332548694], [-409.32848958152596, -248.08845606803715, 2641.5164775416065], [-420.2355885235761, -454.45303525135205, 2742.1464403762097], [-155.18455747372852, 120.66118610415685, 2890.749521378627], [-135.65424601291753, 548.0841369547636, 2922.2307594715803], [-119.353631100241, 946.6619258257714, 2941.061673076807], [38.13719433905178, -427.4656024419256, 2923.9924267874717], [272.0399419712597, -297.9699128156442, 3077.128320484141], [140.0841703174254, -515.5014831785327, 3076.2050475174005], [6.41900973490705, 97.8469652286266, 2990.5672814396594], [46.1137595149738, 498.325912195175, 3046.6976043360687], [67.88075930689052, 915.7878821433661, 3101.761939997254], [-191.0341666705962, -608.8637317607116, 2916.8916515318438], [-183.66984148382397, -592.7053883654831, 2807.5998236674964], [-142.11578034302056, -617.9276390985449, 2947.4670314254017], [-56.40043987427623, -613.1538406086121, 2891.3387031573307]], "kpt2d_body": [[890.827467024771, 332.1166274490708], [851.3937090910159, 254.13082423344412], [902.9887589901144, 618.5696276539205], [824.5998203135936, 324.65372166828456], [700.9572595981649, 414.22218451956894], [704.6060036945603, 303.5386754136017], [858.4211945803602, 625.7147842424366], [870.4119070337238, 851.8342717291084], [880.4965843703704, 1053.298109691475], [963.1782824649492, 332.26205471053254], [1081.2625360858349, 409.106324475349], [1013.9004134242664, 299.40264388567675], [946.1238423304379, 611.633382570318], [966.4257402104838, 815.1670986748301], [976.5726387419068, 1014.2006017430524], [840.9181982411094, 236.63926204308007], [841.055744910459, 233.034777141228], [867.7615667197633, 235.10741971466206], [912.4274827700476, 231.2764975737707]], "kpt2d_body_mask": [true, true, true, true, true, true, true, true, true, true, true, true, true, true, true, true, true, true, true], "kpt3d_body_mask": [true, true, true, true, true, true, true, true, true, true, true, true, true, true, true, true, true, true, true], "kpt_list": ["Thorax", "Nose", "Pelvis", "L_Shoulder", "L_Elbow", "L_Wrist", "L_Hip", "L_Knee", "L_Ankle", "R_Shoulder", "R_Elbow", "R_Wrist", "R_Hip", "R_Knee", "R_Ankle", "L_Eye", "L_Ear", "R_Eye", "R_Ear"]}