{"id": 6, "class": "person", "kpt3d_body": [[-2.6149218354560144, -167.5427015175154, 2745.3063007707196], [-133.44159153963503, -389.5242411159623, 2767.023275492345], [20.02262371769202, 342.2078251804979, 2949.748041409444], [-110.80481985556628, -115.03722848541742, 2615.184910883802], [-146.52446903811517, 189.72515748183142, 2694.409024528931], [-213.91058281252833, 382.657342870968, 2844.3602799356786], [-33.28897397819733, 371.894058807208, 2861.057239160894], [-26.346168583674057, 740.5576615300834, 3048.587514942613], [-3.0686599880603094, 1128.2423136706557, 3221.6064351957125], [103.91262527587678, -220.4502835161685, 2872.7760677982496], [128.35174542598847, 42.33800984969335, 3057.7496616857115], [45.565100956369434, 235.08581866361425, 3195.9502202673752], [73.33436439562828, 312.5205372074412, 3038.438756998228], [74.1301576990765, 676.1016113330692, 3198.1184738379716], [102.36790444594001, 1069.9321811656348, 3346.3177924346905], [-138.542875998544, -409.45949084070577, 2718.500522868385], [-96.07122102401192, -372.0115154412389, 2626.902261094061], [-97.90764984386814, -427.2055120644478, 2762.9792083473476], [4.054158862715687, -415.61913894108585, 2737.1743143654526]], "kpt2d_body": [[948.2813660304593, 460.0084247814067], [881.2225927687422, 347.60274510863667], [959.3009061791452, 711.3211094374647], [889.216101516198, 484.246157387503], [872.1864957806573, 646.808149211654], [843.0087096717428, 737.0275750767335], [933.118866561218, 730.9510965465404], [937.5414815135708, 887.0550310213246], [948.4129736554825, 1029.4841339291697], [1001.1825516605093, 437.7660862838288], [1009.5332212369464, 566.5020638131356], [969.9625171970121, 651.3471789137374], [983.9938313049549, 692.7614046140841], [982.3537313875815, 844.018589782431], [992.2074865156633, 989.6241649650628], [877.4023016950082, 333.8510431062073], [897.746973089039, 346.36771172051533], [899.4139460760869, 328.18742336640446], [951.7557393876289, 331.9813520077221]], "kpt2d_body_mask": [true, true, true, true, true, true, true, true, true, true, true, true, true, true, true, true, true, true, true], "kpt3d_body_mask": [true, true, true, true, true, true, true, true, true, true, true, true, true, true, true, true, true, true, true], "kpt_list": ["Thorax", "Nose", "Pelvis", "L_Shoulder", "L_Elbow", "L_Wrist", "L_Hip", "L_Knee", "L_Ankle", "R_Shoulder", "R_Elbow", "R_Wrist", "R_Hip", "R_Knee", "R_Ankle", "L_Eye", "L_Ear", "R_Eye", "R_Ear"]}