{"id": 6, "class": "person", "kpt3d_body": [[-1.1671612387506691, -168.04435115349406, 2748.13164691344], [-134.12228118546832, -388.235844272202, 2767.4818261848254], [10.409840749950598, 335.26112642298256, 2973.538161977047], [-106.3648124879791, -115.07147004560579, 2618.1181498962887], [-137.22222808966663, 189.1320293811829, 2700.1460109343675], [-181.28317519098786, 410.46811977827576, 2825.879760177055], [-51.238209450743774, 361.3745057114169, 2906.889280364017], [-24.937886343293194, 741.0596274905238, 3051.526630906112], [-3.6451076382189918, 1127.8581799625663, 3221.3367864965376], [104.82451591182439, -224.37761256158268, 2878.0315519135765], [128.12619046184534, 43.49476004773962, 3055.779131823623], [73.98513034830495, 256.69972611632375, 3183.665737579908], [72.0582059705047, 309.1475899510971, 3040.1873986335254], [74.71985218010191, 674.7365920796083, 3199.7582057967893], [100.66955572675936, 1068.9970304591006, 3347.334635192353], [-139.7292858127637, -407.3927807554503, 2718.6589408804543], [-95.83425906783827, -369.45019990533694, 2627.7301842529787], [-99.62881458118673, -426.7235107812556, 2763.051491611272], [2.5561007595874585, -417.1449647473733, 2737.9176979933045]], "kpt2d_body": [[949.0341118538114, 459.83832827825313], [880.8827291158005, 348.28845926573126], [954.6265186051401, 706.7261657004537], [891.6996984974323, 484.2950263603281], [877.2488653851037, 646.2959879702919], [858.7209157415916, 752.1070373725855], [924.5970371980738, 722.9817382183912], [938.2013148927513, 886.961623105934], [948.1654297099889, 1029.3674847178847], [1001.5371322014497, 436.03247022113595], [1009.4663946456868, 567.0533315171849], [982.7528527359835, 661.3545032817507], [983.378918446927, 691.1134879181996], [982.5985933817841, 843.2838837467782], [991.492423283916, 989.1326011426281], [876.7840382908605, 334.9277283031429], [897.8869549048655, 347.794586903722], [898.5319376372809, 328.43931735906335], [950.9789803955526, 331.260389878299]], "kpt2d_body_mask": [true, true, true, true, true, true, true, true, true, true, true, true, true, true, true, true, true, true, true], "kpt3d_body_mask": [true, true, true, true, true, true, true, true, true, true, true, true, true, true, true, true, true, true, true], "kpt_list": ["Thorax", "Nose", "Pelvis", "L_Shoulder", "L_Elbow", "L_Wrist", "L_Hip", "L_Knee", "L_Ankle", "R_Shoulder", "R_Elbow", "R_Wrist", "R_Hip", "R_Knee", "R_Ankle", "L_Eye", "L_Ear", "R_Eye", "R_Ear"]}