{"id": 5, "class": "person", "kpt3d_body": [[5.25243064599902, -35.98280218858321, 2657.263192814898], [-90.5312230907932, -35.591209436697255, 2451.682841286555], [43.827318108544766, 344.9386471838261, 2995.4750272672245], [150.13359916235444, 6.80562601477277, 2588.2808400870645], [388.62558705079243, 125.58917153875512, 2718.7630083854137], [250.66258198844682, 277.43732222788907, 2850.747764102082], [130.3856212704294, 383.69161707530293, 2957.100081953347], [173.87369239468725, 666.5791047156649, 3233.784017637009], [232.32397365124942, 907.37328569286, 3537.435843607466], [-140.3903228629017, -77.23175907958023, 2726.293033831934], [-250.06547463706312, -32.417764058878475, 3000.2966155370323], [-152.55423975372238, 209.1341415328597, 3020.7039889755674], [-42.73104219526097, 306.1850170213852, 3033.8492104938], [-21.34478564954147, 642.966247147903, 3302.512236833429], [34.29709005884401, 884.6742616730666, 3595.3477586178315], [-61.101483911715135, -67.09373249933321, 2425.646390441247], [21.086932400150964, -115.42152516652394, 2464.128428116517], [-113.97271088454843, -79.97135039928722, 2452.044794701103], [-112.89774167998239, -147.77978315433685, 2528.95894002243]], "kpt2d_body": [[917.6338438771278, 544.2824871029308], [863.460332725965, 542.9351042101661], [935.1971880438814, 722.5884694148706], [995.6231585862374, 566.7586002218447], [1112.8148261032638, 626.9298771190206], [1036.8161234480374, 697.7610233266586], [976.0035975219739, 742.5479394241468], [988.8899013696359, 846.1023602669475], [1004.695107390289, 912.9434534321293], [843.2137193188812, 523.766411370662], [799.0075342739257, 548.118116407115], [844.6726840458792, 659.1497339318418], [895.321616536438, 702.9968080584247], [905.9965758863838, 830.9219334640957], [927.9930847566625, 899.5251145288852], [879.8014336933127, 524.6707584752683], [926.7963566310685, 498.03246386144815], [850.1877490641457, 517.8116764040075], [852.7871982317785, 482.00229264559607]], "kpt2d_body_mask": [true, true, true, true, true, true, true, true, true, true, true, true, true, true, true, true, true, true, true], "kpt3d_body_mask": [true, true, true, true, true, true, true, true, true, true, true, true, true, true, true, true, true, true, true], "kpt_list": ["Thorax", "Nose", "Pelvis", "L_Shoulder", "L_Elbow", "L_Wrist", "L_Hip", "L_Knee", "L_Ankle", "R_Shoulder", "R_Elbow", "R_Wrist", "R_Hip", "R_Knee", "R_Ankle", "L_Eye", "L_Ear", "R_Eye", "R_Ear"]}