{"id": 5, "class": "person", "kpt3d_body": [[36.969752895831256, -74.25443407134324, 2679.8808883407046], [-38.63704028092563, -110.03807075916555, 2484.3614563736705], [54.28944186869568, 342.6089977094099, 2990.0564407896723], [175.9126512283226, -47.04082814733525, 2627.534320071709], [243.3625112799358, 151.04830812292704, 2399.084440119304], [43.395872787562304, 35.26646710098859, 2326.146426030363], [143.71433346760733, 376.21194587787244, 2959.1820763487594], [187.58826225150978, 644.9876676780823, 3232.991407759214], [233.61329435591142, 908.2958322840109, 3537.6680178092847], [-93.97712993011905, -107.504058681737, 2732.524605228622], [-352.51383099610877, 0.25185574434246405, 2675.3932534477644], [-248.28499048895708, -21.98717303535119, 2441.6846601347597], [-35.13579619963753, 309.00594409529447, 3020.930975054476], [-15.526030402412658, 633.1719130886921, 3303.096670580569], [34.81820939895119, 885.6471480074938, 3597.045626617169], [-12.605278130997704, -140.746216445269, 2465.0303076758114], [71.12194172433007, -176.4684883033722, 2512.1079188773037], [-60.85715435272885, -152.5719072146957, 2488.715153380453], [-57.72756644076388, -208.6599857573995, 2576.7544880986597]], "kpt2d_body": [[934.0953163715859, 524.5976884167977], [893.228349816229, 501.57320872162427], [940.0906656769439, 721.7996565319985], [1008.03720784105, 538.251102233033], [1055.6656834332223, 650.2927272573646], [940.8680216059602, 584.179189529319], [982.2081731270692, 738.9394966934212], [994.7913835335273, 837.1685154488808], [1005.1833813862768, 913.260290417325], [867.0058555973902, 508.459105399424], [732.2418252632522, 563.2392748908757], [773.6494893542387, 550.6277329035661], [898.7316088055765, 704.8812175144542], [908.4237472652625, 826.8810171199258], [928.185196623396, 899.7290832725698], [907.7647179811338, 483.8079967917254], [954.2644113707233, 465.6099137833028], [880.8580247997492, 477.99106044811725], [883.7363238288102, 450.7649915185158]], "kpt2d_body_mask": [true, true, true, true, true, true, true, true, true, true, true, true, true, true, true, true, true, true, true], "kpt3d_body_mask": [true, true, true, true, true, true, true, true, true, true, true, true, true, true, true, true, true, true, true], "kpt_list": ["Thorax", "Nose", "Pelvis", "L_Shoulder", "L_Elbow", "L_Wrist", "L_Hip", "L_Knee", "L_Ankle", "R_Shoulder", "R_Elbow", "R_Wrist", "R_Hip", "R_Knee", "R_Ankle", "L_Eye", "L_Ear", "R_Eye", "R_Ear"]}