{"id": 5, "class": "person", "kpt3d_body": [[18.172191989152893, -68.26885405893862, 2682.85510671917], [-69.78334747847074, -89.01512094016397, 2479.2694498471465], [43.679843561538654, 335.1260642827095, 3006.5003921218436], [159.49859780376022, -22.609969394784457, 2619.502236213573], [361.28184889689703, 152.26285746061137, 2522.129044936057], [256.54286145671495, 36.40484084923344, 2330.5518746522807], [133.99275138517004, 365.4939963231232, 2977.097623208156], [184.23933620581835, 637.3741820197744, 3238.6653477057835], [233.37912699564077, 907.696426205028, 3537.9284252481957], [-117.34916864278198, -112.54423576270625, 2747.2059229079173], [-397.1000187809459, -97.4560104334627, 2846.084074773793], [-468.61143386524316, -176.83934579579216, 2616.0743519331945], [-46.633109883275665, 304.75732368976253, 3035.9025659208287], [-18.07644047618485, 626.7795991296455, 3311.7239559560185], [34.19912247934125, 883.2617085305623, 3597.8085998850706], [-38.569075620821565, -120.84407624479354, 2455.811535741219], [45.66720418876095, -164.887170881628, 2497.8575764400302], [-90.55369791119244, -133.06161734707402, 2483.050526322897], [-88.2393060307179, -196.7828494244958, 2563.002639960102]], "kpt2d_body": [[924.3154719203535, 527.7385933437746], [875.6917982876759, 513.2257603860296], [935.0587718138952, 717.5195247991044], [999.6276578669028, 551.1198090691856], [1113.1478311666206, 646.4804417124133], [1067.7332406053092, 584.750174426095], [977.3004798691379, 732.9688271521765], [993.252521645233, 833.5469418599321], [1005.0887273720376, 913.0132498908016], [855.4326887036545, 506.21586975454164], [721.6623776350316, 515.7905299959325], [667.93562955573, 470.11750394656417], [893.5489360565729, 702.2529189102655], [907.3760888080235, 823.6029890317927], [927.9476031300143, 898.7829865265473], [893.0183912912119, 494.75408564802774], [940.3208759939561, 471.46231637599044], [864.137469922418, 488.70344156963796], [867.0181666038548, 456.59297040883143]], "kpt2d_body_mask": [true, true, true, true, true, true, true, true, true, true, true, true, true, true, true, true, true, true, true], "kpt3d_body_mask": [true, true, true, true, true, true, true, true, true, true, true, true, true, true, true, true, true, true, true], "kpt_list": ["Thorax", "Nose", "Pelvis", "L_Shoulder", "L_Elbow", "L_Wrist", "L_Hip", "L_Knee", "L_Ankle", "R_Shoulder", "R_Elbow", "R_Wrist", "R_Hip", "R_Knee", "R_Ankle", "L_Eye", "L_Ear", "R_Eye", "R_Ear"]}