{"id": 5, "class": "person", "kpt3d_body": [[91.48887509877895, -51.60946484033147, 2634.4247536219546], [12.865842055964869, -80.71680616414625, 2453.074537889945], [63.70130477901442, 333.90231628757533, 2981.9664188450733], [133.7921252695283, 31.466340400715893, 2541.0492297757764], [-182.94439085227665, 32.547818074096, 2602.1155467532144], [-378.8763736191713, -143.99235271585425, 2604.128017829975], [121.77968931451241, 382.8957795902031, 2927.983979260144], [175.69902106127034, 657.9561638716227, 3219.7031304442116], [231.35309227079173, 911.3674886519232, 3537.9926005412], [55.465300662816134, -135.4911332453348, 2733.3037484015895], [-194.3290969937371, -51.42878126961904, 2656.617772545706], [-375.54721794983215, -147.8200019950745, 2604.8525428647563], [5.622655304670197, 284.90858483586464, 3035.9476803368493], [-4.645614446283091, 621.9248082804274, 3317.406630662256], [34.673889518016736, 883.6779540947134, 3595.8276274195687], [48.78156651173718, -96.97410589782592, 2432.9230664017346], [133.05372186080535, -122.33473693225733, 2480.125592116178], [3.3699938338775937, -122.95600022785948, 2446.0722225412705], [16.76773078663956, -192.43661663408545, 2529.821552858204]], "kpt2d_body": [[963.2444119500951, 535.8839593769059], [922.1855345387943, 517.3784687891601], [944.5435028622787, 718.206979460826], [988.1809811754711, 580.3078251496066], [817.0807738203252, 580.4690041267346], [713.6061912790988, 486.776891235863], [972.5367448793534, 743.9534271896772], [990.006153762619, 843.7122210970807], [1004.2938950208589, 914.3794966393149], [943.1307864906574, 494.25122184270384], [813.1454004803256, 536.2410422340131], [715.4179265883637, 484.7646887233797], [917.460083435585, 693.2453845425237], [912.9726518741494, 821.1930993060612], [928.1353455619325, 899.1149343163247], [942.8005779386006, 507.72661250265895], [989.5171982470822, 494.6362693037349], [916.7998235108398, 493.2786511502774], [924.1029561053889, 457.5374064110902]], "kpt2d_body_mask": [true, true, true, true, true, true, true, true, true, true, true, true, true, true, true, true, true, true, true], "kpt3d_body_mask": [true, true, true, true, true, true, true, true, true, true, true, true, true, true, true, true, true, true, true], "kpt_list": ["Thorax", "Nose", "Pelvis", "L_Shoulder", "L_Elbow", "L_Wrist", "L_Hip", "L_Knee", "L_Ankle", "R_Shoulder", "R_Elbow", "R_Wrist", "R_Hip", "R_Knee", "R_Ankle", "L_Eye", "L_Ear", "R_Eye", "R_Ear"]}