{"id": 5, "class": "person", "kpt3d_body": [[16.748113166891727, -70.96360999287839, 2684.8318011148713], [-70.45977794946853, -91.42891944870726, 2482.233655654341], [43.13273886578674, 335.24703761706377, 3006.3670838164635], [161.33601522056938, -34.60927151055046, 2624.4257760841538], [364.89953634232364, 145.1610694044922, 2524.299324944351], [254.42277663021753, 31.99441059041959, 2339.5847305271145], [133.85736780410116, 364.78764290407696, 2977.150688953676], [184.09705255596526, 637.8331546975462, 3239.224160361339], [233.07431542899252, 906.8675515734253, 3538.2258562250286], [-119.62627988432935, -113.45521732173907, 2748.615568733272], [-399.44741634959547, -98.07187101131916, 2845.1145922297155], [-465.2081728803096, -179.7461849945931, 2623.7729878212303], [-47.59206330723842, 305.7063796072241, 3035.583563591197], [-18.188167786531615, 627.3581306561385, 3311.5278324210476], [34.62975665716108, 884.7702857318684, 3598.3001354507714], [-40.39852636016054, -123.99313209370362, 2458.956540868717], [43.41013544984062, -168.5005246800671, 2500.7555329276647], [-92.48907331312208, -135.06850449027198, 2486.509133193812], [-90.03948719590099, -198.58083030608867, 2567.116919746547]], "kpt2d_body": [[923.5696045620725, 526.3701061179844], [875.360159917565, 511.93555975159876], [934.806993116766, 717.5818777541292], [1000.4390236809651, 544.7936326698526], [1114.9588223654368, 642.5227732213233], [1065.8991458802855, 582.0565811657774], [977.2373584320558, 732.640488155573], [993.177762055645, 833.6923113101852], [1004.9667103749938, 912.6775604858628], [854.31192521766, 505.7863973307939], [720.4683373914061, 515.4788189262107], [670.4125653999355, 468.85237724385587], [893.1083679329621, 702.697941712978], [907.329301066307, 823.8538172544964], [928.1092745678585, 899.2931928916057], [892.0116917612665, 493.06557407468927], [939.0346719320817, 469.5666457341931], [863.1270814591758, 487.6892407111145], [866.1218877595039, 455.79619896500907]], "kpt2d_body_mask": [true, true, true, true, true, true, true, true, true, true, true, true, true, true, true, true, true, true, true], "kpt3d_body_mask": [true, true, true, true, true, true, true, true, true, true, true, true, true, true, true, true, true, true, true], "kpt_list": ["Thorax", "Nose", "Pelvis", "L_Shoulder", "L_Elbow", "L_Wrist", "L_Hip", "L_Knee", "L_Ankle", "R_Shoulder", "R_Elbow", "R_Wrist", "R_Hip", "R_Knee", "R_Ankle", "L_Eye", "L_Ear", "R_Eye", "R_Ear"]}