{"id": 5, "class": "person", "kpt3d_body": [[31.998129007469558, -75.17285950825652, 2688.8063720423083], [-48.94522908713313, -113.9136761855886, 2493.0680171963095], [51.23231928510485, 345.0708094499296, 2993.55528802321], [169.50947267349414, -47.0790302494504, 2629.9148224881624], [191.44880136886312, 201.61487852907243, 2461.244786890633], [22.51986829060268, 45.486882634564694, 2394.1839740703163], [141.58820583372363, 381.32124285888557, 2961.7934577099663], [187.86782545261306, 644.4424647389224, 3234.473241782158], [233.43696720192116, 909.3588746813882, 3537.5179872866647], [-113.11918307624481, -100.88615134059083, 2752.6730863822777], [-327.14399214090867, 69.97930652957947, 2712.784517504273], [-202.25666448709484, -0.7344002220344237, 2489.8052155640144], [-39.123443097849915, 308.82048972387804, 3025.3169711661944], [-15.471314766878095, 632.0820120116948, 3305.0447590414256], [34.92616359446444, 883.3508312646717, 3597.217959313133], [-20.236116937165463, -144.6253213154057, 2471.4080495586927], [64.99475827932525, -182.77686290427653, 2515.7531516564263], [-70.2324068697564, -156.37435618330173, 2500.444303791852], [-66.19233664473111, -213.10914549374218, 2584.007127275955]], "kpt2d_body": [[931.4562678865469, 524.2504875487542], [887.5495708368154, 499.63362190467524], [938.6430041953474, 722.74755813234], [1004.5730521351694, 538.2511300636621], [1022.8808321096005, 676.5855771455383], [927.9834627591732, 589.5146048160166], [981.1477644863947, 741.1534130433738], [994.8758193426434, 836.8186080988355], [1005.1155166791698, 913.6706935238681], [857.6813181514603, 512.2032631227696], [747.6179164097427, 598.8116554120828], [801.9295332263341, 562.6979192771122], [896.9240864996975, 704.5909536648892], [908.4499788945079, 826.283979784908], [928.2265915432654, 898.8688293013078], [903.4862873619454, 481.8377766262313], [950.8175350990314, 462.2772492365486], [875.8047461240469, 476.28784780377276], [879.2735681541175, 448.70497253993005]], "kpt2d_body_mask": [true, true, true, true, true, true, true, true, true, true, true, true, true, true, true, true, true, true, true], "kpt3d_body_mask": [true, true, true, true, true, true, true, true, true, true, true, true, true, true, true, true, true, true, true], "kpt_list": ["Thorax", "Nose", "Pelvis", "L_Shoulder", "L_Elbow", "L_Wrist", "L_Hip", "L_Knee", "L_Ankle", "R_Shoulder", "R_Elbow", "R_Wrist", "R_Hip", "R_Knee", "R_Ankle", "L_Eye", "L_Ear", "R_Eye", "R_Ear"]}