{"id": 5, "class": "person", "kpt3d_body": [[6.514614844062514, -43.41807516659131, 2662.4034060410677], [-82.8689810815973, -52.280246896915514, 2453.996685933323], [43.112357510461585, 344.65952364165753, 2996.116018648924], [152.53962780042397, -1.045660253012528, 2594.7942424807165], [388.9865632891306, 114.64028911525915, 2724.92559929482], [248.70883354667794, 272.6709054797026, 2857.590664528491], [130.1797391798795, 381.44592865816975, 2959.7733811280386], [181.36094462550471, 644.2206919229841, 3233.9087734106633], [232.14917299477602, 908.2750830716953, 3538.0249687901332], [-140.0140007242139, -81.65265918421682, 2729.60834718089], [-254.48959165236417, -35.2280289404537, 3001.498145658477], [-156.3801123702425, 205.2207738117272, 3021.8781730711903], [-43.9543277722494, 307.87246000384044, 3032.4577836656367], [-21.914091569832586, 641.4066934262987, 3303.1782488141043], [34.6668419856692, 883.3055986516746, 3595.6197354853516], [-51.51539050480654, -83.65188117809836, 2430.409344749868], [30.359129579048663, -129.69983685594258, 2473.7065085395266], [-104.53021415739951, -95.79614160263716, 2455.538066054533], [-104.45787227282409, -161.81123736733866, 2536.794120368998]], "kpt2d_body": [[918.2889566482223, 540.4373184706161], [867.856996743893, 533.5047251559089], [934.8617936566561, 722.4268037854669], [996.709281661073, 562.5469144123613], [1112.5731150765778, 621.2409219216263], [1035.5932380535448, 695.1498176532723], [975.8558293491353, 741.3482467567123], [992.1244194422213, 836.7896390782222], [1004.6102998373681, 913.2234585477011], [843.4941602090648, 521.5658822143276], [797.0138066569078, 546.8265279948466], [842.9387905480075, 657.3172180320336], [894.7531217451378, 703.8269913932456], [905.7601437998907, 830.2327582695957], [928.1335481407253, 898.9967108643616], [885.3650179826748, 515.2822410003724], [931.9664322769585, 490.27858373653885], [855.6338057990349, 508.9274596249177], [857.6126998859371, 474.58462581133654]], "kpt2d_body_mask": [true, true, true, true, true, true, true, true, true, true, true, true, true, true, true, true, true, true, true], "kpt3d_body_mask": [true, true, true, true, true, true, true, true, true, true, true, true, true, true, true, true, true, true, true], "kpt_list": ["Thorax", "Nose", "Pelvis", "L_Shoulder", "L_Elbow", "L_Wrist", "L_Hip", "L_Knee", "L_Ankle", "R_Shoulder", "R_Elbow", "R_Wrist", "R_Hip", "R_Knee", "R_Ankle", "L_Eye", "L_Ear", "R_Eye", "R_Ear"]}