{"id": 5, "class": "person", "kpt3d_body": [[7.404395332153797, -37.38297489170151, 2664.8281344859297], [-87.0702496126615, -46.18152722559813, 2453.85743815807], [40.81108634469601, 357.0744649871277, 3002.201743678883], [152.55906826193774, 7.941877725767625, 2596.2076616095364], [353.4324023931863, 165.17146697308988, 2746.6178562198593], [307.8397988988823, 383.5440670894411, 2869.7571758053546], [132.25361486811835, 385.82736018863807, 2961.153266000492], [183.75697723604446, 643.0590098782205, 3236.629578511333], [231.92360471500075, 907.7138638900278, 3536.8104716278553], [-138.8263366578532, -78.18370306748761, 2735.106252192868], [-236.1417551079741, -3.241840798032456, 3001.71112400438], [-212.04969254264753, 248.7071207117033, 3075.7977889630824], [-50.63148317489876, 328.3223519767371, 3043.2508589279487], [-20.070089169208494, 638.0353929186155, 3306.246141418665], [34.53737512659366, 882.6820068312795, 3594.078071636244], [-56.13495615465489, -77.06390551770056, 2428.785163135214], [25.781746596610482, -124.97476465115668, 2469.266115010519], [-109.78466793721694, -90.43614167758165, 2454.838995576842], [-109.03769745903148, -157.4868202031007, 2533.296506545999]], "kpt2d_body": [[918.7510385442001, 543.6056212044525], [865.470511673672, 536.9565657644293], [933.7532888376456, 727.7900302364253], [996.6750845340198, 567.3552288642189], [1093.1813436533953, 646.2470063850345], [1063.1461966390445, 747.4089525142072], [976.7911219013978, 743.290269584448], [993.0815131336354, 836.0763904218486], [1004.5548812226461, 913.1311133534196], [844.2391816962756, 523.4091161630483], [805.4827828619975, 561.6084755892107], [819.1491302039323, 675.1515394486325], [891.7868425696984, 712.5831369600442], [906.5361384730143, 828.6165073475983], [928.089951231781, 898.9066040651094], [882.6958200046579, 519.0180195946879], [929.4173943459452, 492.8010612313041], [852.6383453321129, 511.9447550598134], [855.0184316053263, 476.8304149968969]], "kpt2d_body_mask": [true, true, true, true, true, true, true, true, true, true, true, true, true, true, true, true, true, true, true], "kpt3d_body_mask": [true, true, true, true, true, true, true, true, true, true, true, true, true, true, true, true, true, true, true], "kpt_list": ["Thorax", "Nose", "Pelvis", "L_Shoulder", "L_Elbow", "L_Wrist", "L_Hip", "L_Knee", "L_Ankle", "R_Shoulder", "R_Elbow", "R_Wrist", "R_Hip", "R_Knee", "R_Ankle", "L_Eye", "L_Ear", "R_Eye", "R_Ear"]}