{"id": 6, "class": "person", "kpt3d_body": [[-0.09900661490253704, -61.58065589281421, 2705.3311717393995], [156.3308042854946, -222.19321058123057, 2643.2328728277316], [-18.41927445887088, 519.3848191602939, 2715.399134518652], [33.2257159239051, -65.86917694799467, 2872.4104925826505], [-5.479059099297592, -41.140812873658206, 3158.987483242071], [71.39358758594992, -140.4725390733273, 3418.221859591817], [-3.253078106865317, 516.2730110441212, 2812.059940668435], [18.536412763009924, 933.6719794219814, 2805.43799882838], [-1.1608942821920287, 1355.461406975789, 2802.038141741737], [-48.0296923329596, -56.82430440189279, 2555.5597905435643], [-196.14673625657906, -28.226683063275004, 2278.2399647127363], [-243.8524737884157, -123.2523777651187, 2029.072180348574], [-33.585550869696505, 522.4966424111576, 2618.737825018566], [-8.543749885900764, 940.2328459210809, 2625.1605119672918], [-77.90675411156084, 1357.7936648184932, 2654.7178685035706], [147.7294776914084, -258.41378968411505, 2678.272932821398], [73.38133530576103, -255.08889083460105, 2756.6463751735464], [125.73956239226143, -256.7719294080621, 2620.6061068192603], [20.031212028635004, -249.05691143958933, 2613.3206243834775]], "kpt2d_body": [[934.2748264502902, 528.4281669538279], [1016.6879182129235, 443.378220704711], [924.9454937469701, 823.7949962160429], [950.4795177067867, 528.1941252376919], [931.9035068701089, 541.9917992932177], [963.4813228477148, 502.91938314843947], [932.7215455125987, 813.4135574359996], [943.2655364357719, 1009.8506024289511], [933.7521339629761, 1194.7377930392463], [908.081057113769, 529.1650914977672], [814.3284151928686, 542.907715628151], [767.3185149365403, 475.93998818768074], [916.6103727412242, 834.9091884027022], [929.9197194478257, 1041.958158552051], [895.925569622837, 1226.9337440063036], [1011.0994113760199, 426.18895362384444], [971.4094277385414, 431.5596495909869], [1001.1179506226149, 424.0938701653241], [945.0036508277809, 427.7097970913409]], "kpt2d_body_mask": [true, true, true, true, true, true, true, true, true, true, true, true, true, true, true, true, true, true, true], "kpt3d_body_mask": [true, true, true, true, true, true, true, true, true, true, true, true, true, true, true, true, true, true, true], "kpt_list": ["Thorax", "Nose", "Pelvis", "L_Shoulder", "L_Elbow", "L_Wrist", "L_Hip", "L_Knee", "L_Ankle", "R_Shoulder", "R_Elbow", "R_Wrist", "R_Hip", "R_Knee", "R_Ankle", "L_Eye", "L_Ear", "R_Eye", "R_Ear"]}