{"id": 6, "class": "person", "kpt3d_body": [[1194.7891385610294, 230.74641190679372, 2365.121094478208], [1453.8896754709986, 231.87581885004022, 2283.449562979618], [771.7652165595745, 529.9242692759093, 2446.2295400133935], [1174.3332607002062, 182.51709624601318, 2508.625900907654], [931.7427028264848, 352.7136260292238, 2639.780855014541], [838.7479566236962, 586.5285422928059, 2702.9157455539194], [758.6008769083164, 511.88255089451957, 2545.3599378127165], [628.1841610767138, 922.231792314255, 2660.746314313984], [310.2966416531169, 1231.3157392700398, 2708.9225838556868], [1235.0384251043508, 273.3708721496787, 2208.444418130399], [1176.5278072706317, 607.6394752068319, 2157.1408691267557], [1329.7751755133977, 816.1545080144715, 2226.739133045858], [784.9304242506894, 547.966014296568, 2347.0986076140744], [1048.315976173931, 944.3483309677952, 2355.135629633622], [1010.094273917552, 1367.6522571342834, 2399.934070231529], [1451.0537955874556, 192.0493561698001, 2308.358907295123], [1371.4614833776193, 150.31770948886532, 2378.335563473207], [-68.6900582, 1435.434839, 2831.1994700000005], [-68.6900582, 1435.434839, 2831.1994700000005]], "kpt2d_body": [[1594.550380137762, 687.196112480109], [1742.3317942845279, 688.4905055824648], [1358.0071542175965, 850.2239073771514], [1551.57469491046, 655.7215872593064], [1408.8223745435334, 739.2226010800416], [1351.368719189471, 850.9411657591402], [1336.2821854018907, 830.5945387121891], [1249.101711365131, 1020.9774558550937], [1085.4767528368113, 1158.3418409104147], [1655.7193559949703, 719.2570568920215], [1631.275317359784, 918.9934712639467], [1682.5774724030277, 1017.9857983030222], [1381.2577946638287, 871.251807663137], [1504.9919852830762, 1072.7229606437036], [1460.7023046491024, 1270.8147779173519], [1733.998097013483, 665.5276740785794], [1676.9744971723153, 641.1772789236272], [902.5410332975687, 1221.8090787507508], [902.5410332975687, 1221.8090787507508]], "kpt2d_body_mask": [true, true, true, true, true, true, true, true, true, true, true, true, true, true, true, true, true, false, false], "kpt3d_body_mask": [true, true, true, true, true, true, true, true, true, true, true, true, true, true, true, true, true, false, false], "kpt_list": ["Thorax", "Nose", "Pelvis", "L_Shoulder", "L_Elbow", "L_Wrist", "L_Hip", "L_Knee", "L_Ankle", "R_Shoulder", "R_Elbow", "R_Wrist", "R_Hip", "R_Knee", "R_Ankle", "L_Eye", "L_Ear", "R_Eye", "R_Ear"]}