{"id": 5, "class": "person", "kpt3d_body": [[-10.780662243839263, -177.49045450250406, 2570.3641827068645], [67.38403390988614, -144.62095533207943, 2345.4138030983095], [-114.72756805818383, 165.81432997907967, 2924.153584654967], [116.80092589747552, -209.3776520132853, 2644.917517583006], [225.8186787091766, -201.76650427941738, 2935.0779503917474], [104.47737417789537, 19.80667295503693, 2952.284296314194], [-30.203015271932653, 144.92782466336934, 2964.136171620852], [-49.55627760082468, 554.3502683787302, 3134.2909066125053], [-103.07771469923907, 870.2640554143543, 3306.9282498646353], [-154.666499891712, -160.3984869376866, 2510.8702574046592], [-439.8278119884675, -139.70521604050774, 2634.81090081465], [-320.81087403223216, 49.012828983768486, 2794.0829634498086], [-199.25219199115156, 186.70080150922288, 2884.1710555914146], [-209.7357805807219, 565.4662689748254, 3075.3611772303766], [-224.1215464460782, 891.831130618514, 3257.9328363163413], [97.32904817982617, -184.82309396115554, 2345.614855495086], [121.83663981807449, -241.7980930723114, 2428.062967077308], [36.8046990383361, -182.83287871925808, 2334.4255108719617], [-26.14576408380199, -239.9669827498363, 2395.1951544407293]], "kpt2d_body": [[926.32106359349, 467.36133455718755], [972.2647754469219, 477.64283294040536], [877.4283895680423, 642.3583732802332], [993.7346111746313, 453.39949024120176], [1039.35326770888, 467.9496861536487], [981.6024173194223, 572.7978856435412], [917.9462409490034, 631.53380498988], [910.2820057415721, 807.6981165623685], [889.4724680132854, 923.0365536234108], [846.2975015707683, 474.63607556967236], [700.9539248797421, 490.20374852653515], [772.3644347477587, 587.7993716389266], [835.8943690318781, 653.4195918412289], [837.9200932039168, 816.8779634949083], [838.1618024689876, 936.5458076342652], [990.0221609152544, 453.90099046776754], [1002.0407546738558, 425.1726397530598], [954.163371133414, 454.51378187094735], [916.9656578030965, 424.248225229587]], "kpt2d_body_mask": [true, true, true, true, true, true, true, true, true, true, true, true, true, true, true, true, true, true, true], "kpt3d_body_mask": [true, true, true, true, true, true, true, true, true, true, true, true, true, true, true, true, true, true, true], "kpt_list": ["Thorax", "Nose", "Pelvis", "L_Shoulder", "L_Elbow", "L_Wrist", "L_Hip", "L_Knee", "L_Ankle", "R_Shoulder", "R_Elbow", "R_Wrist", "R_Hip", "R_Knee", "R_Ankle", "L_Eye", "L_Ear", "R_Eye", "R_Ear"]}