{"id": 5, "class": "person", "kpt3d_body": [[-13.624870883358007, -239.9679814278484, 2696.7416051153537], [37.844868257510925, -313.2782689275207, 2460.6002220554738], [-20.249359362313342, 218.1692985765065, 2879.1138007630866], [151.71948127814522, -250.84432781461842, 2730.4048880151886], [204.6238999832383, -19.35670495587516, 2914.100529459476], [252.16699306181255, 228.06926979439808, 2962.657876920154], [63.883491445428334, 215.12087033945235, 2925.1873950232493], [24.68890715667196, 567.8842864308774, 3072.0267861788225], [-73.86223160069834, 888.0089432638761, 3287.1894022802285], [-181.20832728836604, -219.24012658939262, 2665.6256171731025], [-252.6456800403216, -7.97914036408244, 2861.5586785840464], [-263.16175787558285, 241.90633977429073, 2941.945811520919], [-104.38221017005503, 221.21772681356077, 2833.0402065029234], [-49.83104421582594, 603.099639395344, 2865.8393095592623], [-135.9148015288751, 927.0772258871744, 3129.2985145110997], [61.856341312058525, -357.37744724306526, 2466.368266524295], [79.19317789737266, -404.05161579047456, 2559.356216256874], [2.895569469214969, -348.9472341938416, 2452.4718957033265], [-68.98164044161825, -382.35233558675884, 2519.514686809831]], "kpt2d_body": [[925.1303543874019, 439.7357620811523], [953.5654787547045, 386.8641686419218], [922.3629356617431, 668.8652872698384], [1009.562714373607, 435.8513033275706], [1030.1490973224518, 554.2093316342448], [1050.6556265647898, 670.3164634722159], [962.6368687054651, 665.7530392421658], [943.2976773387652, 818.540516628175], [901.4208768810995, 932.2505164169258], [837.4966167488769, 449.2156035578152], [809.0870900581729, 559.5748998692173], [807.717337774772, 677.5427126342568], [880.8033206311899, 672.0239327306597], [908.1869505514759, 853.0153591025764], [872.9786860896764, 966.1707300579287], [967.0052422571624, 362.7694160675865], [975.0963546499141, 345.0633983855838], [933.8156675180242, 366.3175494825876], [894.1766592279617, 353.4025708923002]], "kpt2d_body_mask": [true, true, true, true, true, true, true, true, true, true, true, true, true, true, true, true, true, true, true], "kpt3d_body_mask": [true, true, true, true, true, true, true, true, true, true, true, true, true, true, true, true, true, true, true], "kpt_list": ["Thorax", "Nose", "Pelvis", "L_Shoulder", "L_Elbow", "L_Wrist", "L_Hip", "L_Knee", "L_Ankle", "R_Shoulder", "R_Elbow", "R_Wrist", "R_Hip", "R_Knee", "R_Ankle", "L_Eye", "L_Ear", "R_Eye", "R_Ear"]}