{"id": 5, "class": "person", "kpt3d_body": [[29.118738519207568, -238.80272753336357, 2684.402451684943], [110.17123637787324, -314.46415281081397, 2459.7187524255423], [-25.678623231856278, 214.47207994294928, 2883.445551507327], [183.18303100810851, -245.9328730307726, 2756.698317832933], [165.01021029945827, -12.093417010009802, 2940.611659857128], [173.49608273572468, 234.8655050932119, 2997.250640112547], [80.9062160937853, 236.65891006814036, 2897.360859148688], [60.0774418219327, 584.6393445003467, 3078.863266765627], [11.127721283815353, 905.8320033652601, 3290.713253251474], [-127.74891773645165, -229.1282562316792, 2622.094959561414], [-246.53385590364036, 18.32786753315503, 2727.3740030583913], [-248.57841960093214, 277.53646291763755, 2733.544284861439], [-132.26433442844407, 192.2861147737244, 2869.5306582235758], [-124.3594078821333, 609.5629822204799, 3000.1222976714025], [-172.2452035695582, 902.443597544187, 3247.5822398189325], [135.03294994236637, -356.4057729128881, 2469.845319827145], [148.3819275246481, -397.59154445323065, 2563.955970938977], [77.41529216406848, -351.3514162073342, 2451.6738524756156], [2.2053006510606465, -385.16856505583337, 2515.9949739063504]], "kpt2d_body": [[947.296164103295, 439.7733500069834], [994.4348510923854, 386.22645386621565], [919.7505052864896, 666.9285781111023], [1024.6982120352422, 439.5724297481782], [1010.5096302168428, 557.7269664750415], [1012.8347416028982, 672.3449076041807], [971.1074762663851, 677.0250929108784], [959.1614630259833, 825.3233711708983], [936.8083841171101, 939.0202213372138], [864.2929287322739, 442.0334736387861], [806.1707007590203, 572.7933196685703], [805.7892716212424, 704.1731865030392], [867.8935792875152, 656.6470264076864], [874.9598627638796, 843.1408046865574], [859.7009155637081, 942.1529163120541], [1008.0559705799769, 363.7183910842565], [1012.4167252465389, 349.03044329352974], [976.0284811567597, 364.9655685055126], [933.3923862990944, 351.5380211869441]], "kpt2d_body_mask": [true, true, true, true, true, true, true, true, true, true, true, true, true, true, true, true, true, true, true], "kpt3d_body_mask": [true, true, true, true, true, true, true, true, true, true, true, true, true, true, true, true, true, true, true], "kpt_list": ["Thorax", "Nose", "Pelvis", "L_Shoulder", "L_Elbow", "L_Wrist", "L_Hip", "L_Knee", "L_Ankle", "R_Shoulder", "R_Elbow", "R_Wrist", "R_Hip", "R_Knee", "R_Ankle", "L_Eye", "L_Ear", "R_Eye", "R_Ear"]}