{"id": 1, "class": "person", "kpt3d_body": [[751.8225146239655, -82.6289648319036, 2871.498450414162], [928.0989275127326, -73.53578040256707, 3002.382950552689], [649.9336029651278, 426.51375930052126, 2777.753899703158], [670.0484391387898, -77.5080305180947, 3024.717506291763], [485.04353561258375, 145.2245653138533, 3014.914857938593], [473.6762900141816, 408.7743607266556, 3035.990370379187], [623.8337471698434, 443.52174443498427, 2881.365210613427], [682.8132752317362, 867.8702034251404, 2866.3354366527437], [660.6831130798664, 1272.2758225986431, 2828.0851329452894], [827.0782363288904, -101.70637424841829, 2713.6212713387135], [818.6246173527381, 149.55696621743925, 2546.107235894766], [986.5784749903149, 351.2200381261424, 2574.5703539953247], [676.0334448862191, 409.50478699417204, 2674.142839661727], [756.6183876833461, 828.9513535328324, 2638.7452162443356], [515.2912329433327, 1183.7996115518472, 2571.8261541082143], [921.2283873789286, -114.88941040044665, 3029.582326649742], [857.3532909753413, -197.69125533056638, 3027.7843477593105], [949.3776641198767, -102.12668246808448, 2982.491044223689], [949.4068854986091, -184.54683915569603, 2910.2229845997044]], "kpt2d_body": [[1316.6805476051954, 521.4813305604127], [1380.1202147931065, 527.7090184997897], [1276.845525615139, 776.2396846147245], [1261.724405301827, 525.7086146833253], [1177.4879283395085, 629.9455352068435], [1169.7427116069873, 751.6053814625366], [1252.9851917917053, 777.2009265157224], [1277.1088166098714, 977.4873023130906], [1263.262979993799, 1165.0037831506347], [1374.2777292307114, 509.6253563406422], [1396.2160074244678, 643.2287189071369], [1474.5935954797376, 748.3362238253401], [1302.393669107603, 775.1742843406903], [1340.960438276445, 989.8941701456479], [1218.8312373471617, 1179.5980097351796], [1373.3300282483242, 509.0043914810248], [1345.101665161365, 470.707664718941], [1392.2394784430044, 514.2266793600861], [1402.3657632668533, 473.89912983070855]], "kpt2d_body_mask": [true, true, true, true, true, true, true, true, true, true, true, true, true, true, true, true, true, true, true], "kpt3d_body_mask": [true, true, true, true, true, true, true, true, true, true, true, true, true, true, true, true, true, true, true], "kpt_list": ["Thorax", "Nose", "Pelvis", "L_Shoulder", "L_Elbow", "L_Wrist", "L_Hip", "L_Knee", "L_Ankle", "R_Shoulder", "R_Elbow", "R_Wrist", "R_Hip", "R_Knee", "R_Ankle", "L_Eye", "L_Ear", "R_Eye", "R_Ear"]}