{"id": 1, "class": "person", "kpt3d_body": [[230.33704092457475, -164.30705880530553, 2711.2409921650815], [384.1398452053472, -318.28293377520026, 2743.590384578988], [254.68412925194804, 439.84238519017, 2690.8476104953115], [192.2293470237649, -165.70702187259087, 2861.728317942148], [146.72442661897264, -104.95915261426546, 3144.0059434435316], [146.0621678111453, -61.755251910100526, 3390.9852670043065], [224.71167734662947, 443.1664606479893, 2789.380204959914], [227.51855825034696, 888.7992017258009, 2767.1162999036414], [211.0464477901724, 1272.664935768526, 2753.3708354921228], [247.67242822714599, -171.33018542042322, 2557.9861695133236], [322.1259372944295, -130.84790759869435, 2263.7750122403963], [415.21120889610444, -110.24398113853863, 2020.503665497104], [284.6565761586743, 436.52033516459187, 2592.315400217186], [256.321835436597, 872.9862617748278, 2566.8972907159277], [248.39875881213388, 1267.4616994190578, 2533.7626674926187], [360.84550910734214, -352.1040231351708, 2769.387455907342], [259.78801190626774, -344.2871207490879, 2799.825236405826], [369.90817159037226, -351.99099876434786, 2711.70902633724], [285.59100353857286, -346.93197153171866, 2649.6735684439836]], "kpt2d_body": [[1070.3387808476762, 475.58901897133916], [1147.622141628733, 397.7888022476854], [1083.2452591310318, 792.6521768397965], [1045.0673057226193, 479.35647204374084], [1015.8973413713982, 514.1959598627614], [1010.7815707717368, 535.809844397963], [1063.4181733538258, 786.4184401539958], [1063.4504025774252, 1006.8662829219762], [1053.073857292971, 1186.3866080529879], [1087.14257444597, 466.5991205791108], [1151.3735195029112, 479.85816987848455], [1239.46608756758, 484.89454849570325], [1104.512871498828, 799.3158952881122], [1087.4179876132555, 1031.2490204996247], [1080.9418120073326, 1232.1313904971018], [1133.851737362221, 382.05772980329004], [1081.0376207461916, 387.5145463964808], [1142.393790258071, 378.4082686674915], [1102.131398951038, 376.47837219917005]], "kpt2d_body_mask": [true, true, true, true, true, true, true, true, true, true, true, true, true, true, true, true, true, true, true], "kpt3d_body_mask": [true, true, true, true, true, true, true, true, true, true, true, true, true, true, true, true, true, true, true], "kpt_list": ["Thorax", "Nose", "Pelvis", "L_Shoulder", "L_Elbow", "L_Wrist", "L_Hip", "L_Knee", "L_Ankle", "R_Shoulder", "R_Elbow", "R_Wrist", "R_Hip", "R_Knee", "R_Ankle", "L_Eye", "L_Ear", "R_Eye", "R_Ear"]}