{"id": 1, "class": "person", "kpt3d_body": [[275.34040059562494, -98.70424203451307, 2604.7534939264697], [440.3040758275342, -293.0549557514405, 2649.6191748628135], [300.86804255871266, 402.8617511736803, 2620.846377728234], [225.75655350145774, -102.11138468732088, 2772.8438381417072], [136.8687089195775, 161.7777319033759, 2846.495990558493], [204.61967084099814, 390.4268516432404, 2936.2737739221275], [272.5273465307446, 369.07865204256905, 2721.3964151185833], [417.6784811799648, 336.40895594009703, 3078.467955613209], [430.14965433730316, 737.8133049366068, 2916.3332220482253], [323.97592811746574, -100.72181583900516, 2435.231827471444], [261.00747960196395, 157.4193034288905, 2300.863226404198], [316.943544754144, 417.9021862844857, 2300.9430633037746], [329.2097563225036, 436.64481694834933, 2520.2958787090915], [401.4656574727684, 817.5082179784308, 2580.0823810208003], [276.73143501137054, 1242.0678538512059, 2609.0715052224677], [413.6594440196373, -328.76636777261865, 2674.37501668111], [311.9035230788554, -318.95649995260186, 2698.4444247124197], [427.8783686095685, -327.30959012846625, 2616.2807547943057], [345.67412206722173, -319.18843897714765, 2548.5096372355515]], "kpt2d_body": [[1099.8479418402344, 507.90766326079336], [1184.2650957899957, 405.7157762036243], [1111.726562952363, 778.8229898520132], [1065.3864618920707, 509.3595056932948], [1017.8757342940922, 642.7128011918105], [1048.2533912623871, 750.2533550721013], [1091.3025246020356, 753.7083744497072], [1141.6159480347922, 716.3460290275503], [1155.3632789051558, 914.4739540539736], [1138.4360008707295, 503.0899487821597], [1110.6445491155814, 658.8867383198786], [1143.4236281846643, 817.1973875444107], [1133.621422171436, 805.7401166100852], [1164.612764573, 999.277430101402], [1092.3683314245588, 1202.6084403208133], [1168.0457402748998, 388.2821994142961], [1113.2640223494134, 394.4337583313094], [1180.3854580858629, 385.3740027049985], [1141.3690797175707, 384.78299839546355]], "kpt2d_body_mask": [true, true, true, true, true, true, true, true, true, true, true, true, true, true, true, true, true, true, true], "kpt3d_body_mask": [true, true, true, true, true, true, true, true, true, true, true, true, true, true, true, true, true, true, true], "kpt_list": ["Thorax", "Nose", "Pelvis", "L_Shoulder", "L_Elbow", "L_Wrist", "L_Hip", "L_Knee", "L_Ankle", "R_Shoulder", "R_Elbow", "R_Wrist", "R_Hip", "R_Knee", "R_Ankle", "L_Eye", "L_Ear", "R_Eye", "R_Ear"]}