{"id": 1, "class": "person", "kpt3d_body": [[311.8091032013059, -351.46432421356934, 2593.5434473311643], [459.9133930769551, -492.22504168573636, 2530.558550114542], [362.39641172759764, 187.76657801471316, 2876.9962578922823], [287.236283401175, -429.13195465376134, 2722.9094127000353], [271.97393035607075, -597.8433695995773, 2963.923678261399], [278.22871658127184, -743.7722044430357, 3162.5306672892357], [340.18817467063576, 139.0425764404955, 2966.7598979650793], [362.0584137462498, 535.8258882655532, 3172.8677882613338], [359.285104374605, 874.6478958460962, 3358.184546956973], [314.20465282574236, -278.0658384200502, 2456.734126692159], [339.35125608752, -146.59339644890593, 2181.4557877184], [391.5442174233706, -46.30381875187908, 1943.3312519903602], [384.60363784191725, 236.49067571023537, 2787.2325242477527], [369.68582100696017, 624.8869529330402, 2991.0356772322675], [372.86670886938293, 981.3435728422653, 3163.7051340141506], [437.4346074770816, -534.3131887678398, 2539.231632169936], [341.4462506164083, -542.2175647083006, 2580.347491686584], [440.8960520064764, -504.9549630891826, 2487.9955287633898], [351.0552820982511, -471.16387707088563, 2446.7427770535833]], "kpt2d_body": [[1131.8352463318533, 376.43282371693795], [1214.3755607684209, 297.7921661925957], [1140.3744414135322, 653.7452902701444], [1111.3250321626492, 346.15697414794204], [1091.9051856722076, 286.37076230156833], [1086.246556415644, 241.6189747432649], [1124.9048456873004, 628.3633371755943], [1122.984559213609, 795.7731383924099], [1111.6782378213336, 918.1051820818706], [1142.6227420340583, 407.07944746014516], [1180.9610775625745, 470.5716724362313], [1243.6050436889889, 530.5879676647598], [1156.7408250769986, 680.6534159475827], [1135.276111204846, 849.4995476624777], [1125.2543672803847, 982.4384163475576], [1201.2127628771975, 276.30684397847045], [1147.15600342191, 275.7680759132257], [1208.0563339239063, 286.39155352583873], [1162.6732681683557, 299.52256644579904]], "kpt2d_body_mask": [true, true, true, true, true, true, true, true, true, true, true, true, true, true, true, true, true, true, true], "kpt3d_body_mask": [true, true, true, true, true, true, true, true, true, true, true, true, true, true, true, true, true, true, true], "kpt_list": ["Thorax", "Nose", "Pelvis", "L_Shoulder", "L_Elbow", "L_Wrist", "L_Hip", "L_Knee", "L_Ankle", "R_Shoulder", "R_Elbow", "R_Wrist", "R_Hip", "R_Knee", "R_Ankle", "L_Eye", "L_Ear", "R_Eye", "R_Ear"]}