{"id": 1, "class": "person", "kpt3d_body": [[352.50543196624534, -322.77958299085157, 2629.849931632104], [503.7055802102599, -513.9922824680639, 2566.641830659232], [390.8988838439996, 198.63327712950252, 2861.905341551394], [341.1429816479571, -386.750201589669, 2785.5707454964363], [213.65020510853606, -263.6669172325038, 3009.0592907527443], [357.8537394846221, -39.9626533993478, 3020.605978743279], [388.09042874436733, 153.10706398691437, 2957.2429808909983], [384.6454495972558, 536.5515935014299, 3162.594792877222], [361.7147437192577, 871.0763476058679, 3361.2172161167464], [359.522276385319, -264.38398911337913, 2465.867217261918], [301.51729910221883, 11.08882328394401, 2364.1646117680425], [380.07084599234537, 175.42574855022607, 2564.1325829337893], [393.7073178580988, 244.15846317094875, 2766.567516150929], [398.5136159504285, 629.1464862786107, 2979.9424200309822], [372.3071949145765, 979.8032488903966, 3163.6044472840213], [478.7503193010087, -553.7405179933779, 2580.756169745307], [386.6981239460545, -548.4307706718931, 2628.6812358437305], [481.0214802829205, -533.4239872878991, 2525.9284995886974], [389.5371466861758, -493.08666712499786, 2485.4253458810153]], "kpt2d_body": [[1150.9355035687995, 394.0692534366319], [1233.6908738431234, 290.50546271375055], [1154.9460128422436, 659.3877780694446], [1134.8703665209516, 371.92200552809766], [1064.2855021222706, 441.82714048347833], [1130.2490567731961, 545.0442314560902], [1147.7034587456094, 635.0729393892059], [1133.2582534189157, 796.7138624429925], [1112.5543281824578, 916.3892638449397], [1167.2175180603988, 415.4657468014083], [1142.7518705434093, 569.8918525626599], [1170.9080097390245, 657.9332814075677], [1162.6311931557407, 685.2980741556659], [1149.0201634807902, 852.247252887347], [1125.033381195724, 981.8302600335387], [1218.8899832970355, 271.15622059307833], [1167.2559538654589, 278.08608133471853], [1225.5893288920354, 275.7972780504144], [1180.520031351796, 291.9981173743334]], "kpt2d_body_mask": [true, true, true, true, true, true, true, true, true, true, true, true, true, true, true, true, true, true, true], "kpt3d_body_mask": [true, true, true, true, true, true, true, true, true, true, true, true, true, true, true, true, true, true, true], "kpt_list": ["Thorax", "Nose", "Pelvis", "L_Shoulder", "L_Elbow", "L_Wrist", "L_Hip", "L_Knee", "L_Ankle", "R_Shoulder", "R_Elbow", "R_Wrist", "R_Hip", "R_Knee", "R_Ankle", "L_Eye", "L_Ear", "R_Eye", "R_Ear"]}