{"id": 1, "class": "person", "kpt3d_body": [[1257.4621209606846, -348.224041435071, 2612.4855547801185], [1265.3239735226546, -606.2177803318889, 2683.391555341321], [1274.5402534392476, 146.4795329303429, 2852.9134497415516], [1152.79637269032, -403.7222508921599, 2733.8756540487684], [1143.5092598485517, -163.79371831122384, 2894.423948136046], [1238.4515046934807, 31.787903342419526, 3048.0429573596575], [1226.4426442696986, 107.34958911338595, 2936.584048756914], [1250.9495066291013, 480.36621181509463, 3132.605986258851], [1258.5837251944488, 837.9218850060618, 3333.726135089056], [1374.989736253158, -295.1233088893926, 2483.1046828212943], [1419.3552785482736, -19.706829942879693, 2576.8570640275475], [1505.6531236758567, 172.7733974168433, 2734.3990766869056], [1322.6279560481314, 185.60916562435608, 2769.2444009707806], [1339.3915559924421, 573.7718881847336, 2982.7055480389035], [1359.1319850776295, 945.2775883205409, 3148.2310830162055], [1235.621088196391, -624.3482662188774, 2647.7652768261623], [1197.295293479784, -564.1125517838037, 2572.5784203164167], [1292.8281711324148, -630.2391294157877, 2648.7771525868743], [1348.3156499398929, -582.0536076467952, 2572.323472768028]], "kpt2d_body": [[1596.9063427572266, 389.0081586796004], [1580.9334420351302, 269.3754220243308], [1557.6968862328563, 631.2047450895267], [1524.8202024271768, 368.04784470930747], [1494.5187355285652, 487.8018005291398], [1508.7832377419754, 577.2591771308776], [1522.5305652478633, 611.9663153851026], [1497.1752724337093, 766.911778973506], [1465.490121082304, 895.2176430158385], [1681.2772785206948, 410.1573072560954], [1679.9271438685228, 553.4326491300969], [1679.142787557636, 644.9612229533859], [1594.2978619336723, 651.3169715691831], [1555.8731273538417, 815.480384320523], [1528.4643150614634, 953.6580818974478], [1574.5745977566446, 256.5107982484759], [1574.043240176199, 277.48592889520665], [1599.7116604211974, 255.10447449438368], [1642.3698184893092, 272.0244215415535]], "kpt2d_body_mask": [true, true, true, true, true, true, true, true, true, true, true, true, true, true, true, true, true, true, true], "kpt3d_body_mask": [true, true, true, true, true, true, true, true, true, true, true, true, true, true, true, true, true, true, true], "kpt_list": ["Thorax", "Nose", "Pelvis", "L_Shoulder", "L_Elbow", "L_Wrist", "L_Hip", "L_Knee", "L_Ankle", "R_Shoulder", "R_Elbow", "R_Wrist", "R_Hip", "R_Knee", "R_Ankle", "L_Eye", "L_Ear", "R_Eye", "R_Ear"]}