{"id": 4, "class": "person", "kpt3d_body": [[190.22202041478508, -206.22761550029153, 2855.597657016415], [277.03697843302996, -393.8798014087497, 2942.015402076391], [203.29223694736982, 285.9169731619909, 3063.5771799615704], [49.09772320218668, -233.49331499972166, 2918.3551390180724], [-148.51341082848154, -124.01854362647484, 3060.018643617891], [-46.05515567320994, -338.6692227409917, 3051.1846902840693], [113.54087942185366, 269.51392996414927, 3105.473950646997], [93.63931079479258, 679.6794399754417, 3229.570665929987], [60.15433156376982, 1058.6376103514053, 3350.803596315197], [329.5196780058242, -171.66539822047454, 2775.5784217769396], [533.584319561266, 30.525126860161294, 2676.527468219842], [521.9044248300089, -219.4150177346411, 2717.5627787753797], [293.04385640707636, 302.31871028402213, 3021.680904408911], [303.45185795622945, 687.6513042531991, 3150.092903335584], [301.6503882457537, 1083.3512714782678, 3297.57157287929], [245.61718041940156, -425.67832003536626, 2929.725036695704], [154.92873298316846, -400.57772951650566, 2869.7196951399706], [296.3670875030866, -418.93559322896647, 2905.632889656763], [293.83809793837463, -386.35443023020275, 2807.7300695308995]], "kpt2d_body": [[1048.6875927361425, 443.4551546581152], [1090.491407699049, 349.6906387004666], [1048.2123956957905, 697.3487588182381], [972.1016869867009, 431.4188421381212], [871.4347197433473, 491.9991434006408], [923.0013244510793, 384.09106824566294], [1002.4624425922296, 687.4542844417083], [990.4599823288993, 874.4607782845976], [973.3202573615079, 1029.0610734101226], [1128.5022790491248, 459.55387006441356], [1250.7602356152136, 571.6443371498888], [1239.3505910375038, 431.3666279730793], [1095.0674868162394, 707.4252450918639], [1092.7998577416488, 885.5070319221306], [1083.6587178505902, 1046.3366802199675], [1074.6232827723193, 332.32153969104314], [1029.0130887502676, 340.7532459027616], [1102.3309761187425, 334.1826757010371], [1106.4451895181935, 344.1555809488234]], "kpt2d_body_mask": [true, true, true, true, true, true, true, true, true, true, true, true, true, true, true, true, true, true, true], "kpt3d_body_mask": [true, true, true, true, true, true, true, true, true, true, true, true, true, true, true, true, true, true, true], "kpt_list": ["Thorax", "Nose", "Pelvis", "L_Shoulder", "L_Elbow", "L_Wrist", "L_Hip", "L_Knee", "L_Ankle", "R_Shoulder", "R_Elbow", "R_Wrist", "R_Hip", "R_Knee", "R_Ankle", "L_Eye", "L_Ear", "R_Eye", "R_Ear"]}