{"id": 4, "class": "person", "kpt3d_body": [[171.1282497448768, -242.6136968647144, 2853.4383946729054], [208.81249699359893, -397.3762997378036, 2948.8783177239493], [212.32070650991875, 255.5562822035074, 3057.1659094571346], [93.36281752694703, -286.2766956463462, 2956.892886771372], [415.9622647295737, -333.4418362030884, 2951.711217635363], [445.2275120004217, -349.5714549897276, 2724.133886645317], [147.61153919075724, 233.46478389552246, 3123.6320695227955], [96.35628104755074, 657.7010862277141, 3219.0821829988163], [59.45386554621678, 1059.2140328899238, 3350.829220822545], [260.82362357553006, -192.29508115459893, 2748.9463398078815], [476.7052573473321, -40.64931627232667, 2573.069990323166], [474.343264975729, -289.08598137024103, 2618.28305102262], [277.02994336316834, 277.6491428653368, 2990.699125566968], [305.8194845727001, 682.9352010850515, 3146.903111161803], [300.2219686128555, 1085.2577044299935, 3298.49140273478], [176.160877296328, -419.08706611280127, 2945.305443271789], [101.63848803822862, -380.3622728488143, 2879.311922558876], [219.1995253629486, -429.37390952767555, 2916.224720441989], [226.4098685524238, -409.0545030223568, 2814.5115570906773]], "kpt2d_body": [[1038.4439912135265, 423.8440385958628], [1054.7973780067985, 348.1803576470753], [1052.999208915739, 682.4642506251217], [994.7705326453224, 405.74411663969227], [1161.8443843167568, 381.8824863726185], [1195.6868565681527, 358.92966504558365], [1018.9379645795517, 668.9992317679107], [991.9164196919545, 865.2973157397103], [973.004556945398, 1029.3057131749904], [1092.0329090642592, 447.0413884993446], [1229.5819816671933, 530.1706583417914], [1222.6332453959942, 386.26700921381837], [1088.4646294581403, 696.4597933150922], [1094.106188908781, 883.5985214383842], [1082.963432783223, 1047.040635828079], [1037.9144431895995, 336.6936763368203], [1000.3962660609603, 352.02618247894054], [1061.3635956007258, 329.31650975574166], [1069.442452579955, 332.23016151385633]], "kpt2d_body_mask": [true, true, true, true, true, true, true, true, true, true, true, true, true, true, true, true, true, true, true], "kpt3d_body_mask": [true, true, true, true, true, true, true, true, true, true, true, true, true, true, true, true, true, true, true], "kpt_list": ["Thorax", "Nose", "Pelvis", "L_Shoulder", "L_Elbow", "L_Wrist", "L_Hip", "L_Knee", "L_Ankle", "R_Shoulder", "R_Elbow", "R_Wrist", "R_Hip", "R_Knee", "R_Ankle", "L_Eye", "L_Ear", "R_Eye", "R_Ear"]}