{"id": 4, "class": "person", "kpt3d_body": [[187.95470044887296, -188.68205833277884, 2805.0523297535174], [253.6949155300789, -374.9999408752701, 2871.0859690161387], [206.39916610275685, 286.833846334452, 3056.005905052868], [48.22465590272044, -214.1407882577532, 2858.7274417629856], [-17.845811053091136, -219.2084093937659, 3128.7384076853195], [168.76450738580164, -364.18957612489737, 3068.5526162626948], [118.7611133882079, 276.4870925971418, 3091.85994414228], [83.80026096860625, 683.4074742193598, 3209.6245954075293], [59.26451786249545, 1058.6414794706723, 3350.8883937619025], [320.85218937492783, -161.12038999622555, 2753.725074702721], [550.6514707683053, -100.54397891424756, 2947.870044962094], [420.36943098230944, -332.20257733833887, 2987.248066834176], [294.0379991448998, 297.1798654084431, 3020.153554560108], [304.3726905491588, 687.6215046278584, 3148.194022528894], [301.5951702544613, 1084.628077829709, 3297.517747659392], [222.40119458118002, -403.3256739980193, 2854.226689396388], [135.9125151835411, -376.91197714798886, 2792.214649657817], [273.8969186612694, -394.75520473529696, 2834.0791159459322], [276.62918101368854, -355.25013200403623, 2741.8006362685555]], "kpt2d_body": [[1049.3065071106014, 451.0396028530897], [1081.6595854223467, 354.59366563609814], [1050.0217542890812, 698.1543840333255], [972.17622618935, 439.2282468986538], [937.4147806082383, 446.64544900440035], [1030.6674352189148, 372.49364854954933], [1005.3000314819878, 691.4819733127366], [986.0507862251372, 878.1501231494904], [972.9195054505943, 1029.052078732349], [1125.1549028993898, 464.64646650206305], [1231.821592909313, 502.2603597531576], [1161.5593959201817, 384.54805587770863], [1095.6570291405378, 704.9072314942936], [1093.3293320739385, 885.6833887042246], [1083.62867290402, 1046.8983933787326], [1065.6194587988139, 338.3059936525848], [1020.8971255382833, 347.70166367713057], [1094.2212907563012, 341.5263276121991], [1100.7936924302621, 356.2877377292429]], "kpt2d_body_mask": [true, true, true, true, true, true, true, true, true, true, true, true, true, true, true, true, true, true, true], "kpt3d_body_mask": [true, true, true, true, true, true, true, true, true, true, true, true, true, true, true, true, true, true, true], "kpt_list": ["Thorax", "Nose", "Pelvis", "L_Shoulder", "L_Elbow", "L_Wrist", "L_Hip", "L_Knee", "L_Ankle", "R_Shoulder", "R_Elbow", "R_Wrist", "R_Hip", "R_Knee", "R_Ankle", "L_Eye", "L_Ear", "R_Eye", "R_Ear"]}