{"id": 4, "class": "person", "kpt3d_body": [[278.37062968628794, 271.03031122398295, 3144.9213978221924], [352.70663458612523, 62.59099383947003, 3243.965087885168], [201.8628793044071, 749.1110039853393, 3098.0344501740874], [133.02527224406217, 248.15338645262457, 3178.7626088173993], [-55.99747138877342, 424.91876101238915, 3337.9828104545663], [140.42799695565716, 576.9797329119489, 3401.8615378023246], [112.32268796854262, 739.0719081838868, 3122.4575748890397], [296.13570446716074, 621.316588567468, 3534.3760968224456], [142.1604341786998, 980.6568150331326, 3351.776679710283], [418.52737992823336, 289.78050916701505, 3095.434685328559], [659.1409684113859, 521.6563818743566, 3111.621662580082], [531.2726922841653, 661.3613366744586, 3279.091644005286], [291.40323137948735, 759.1501530922656, 3073.611203305826], [497.2623948423775, 671.0320224881615, 3470.6423445588707], [337.93692035872476, 1016.0181535377085, 3276.0669973859854], [319.4858014266315, 38.05459751899775, 3221.6561146387953], [236.5547636251892, 81.8977549561427, 3160.1502108392037], [371.3990145797011, 43.91401812093065, 3203.8279309278805], [380.2661658311712, 104.33707417063985, 3116.09668989505]], "kpt2d_body": [[1082.205145947857, 686.3246175205709], [1113.385235068668, 583.8546618593786], [1045.243207741562, 920.6819338186577], [1010.6129831940823, 674.1013765582027], [920.4429555089587, 749.2549085336592], [1009.4089340452344, 813.2069664022447], [1000.9602642584194, 913.3752556410482], [1074.2635417856197, 822.1886654818835], [1010.3477113679909, 995.1839201669949], [1153.3763722465224, 697.3185519457238], [1267.4031605780037, 807.7596008236924], [1192.2010757917176, 859.6345050305454], [1090.065407835742, 927.9387890958649], [1164.1859352978456, 847.5944424458808], [1101.4987054712115, 1019.7149635094393], [1098.767008839905, 572.3896565911476], [1061.462995832653, 594.0640920125425], [1124.3906086147288, 575.2785802324205], [1133.675697930328, 605.5665046693463]], "kpt2d_body_mask": [true, true, true, true, true, true, true, true, true, true, true, true, true, true, true, true, true, true, true], "kpt3d_body_mask": [true, true, true, true, true, true, true, true, true, true, true, true, true, true, true, true, true, true, true], "kpt_list": ["Thorax", "Nose", "Pelvis", "L_Shoulder", "L_Elbow", "L_Wrist", "L_Hip", "L_Knee", "L_Ankle", "R_Shoulder", "R_Elbow", "R_Wrist", "R_Hip", "R_Knee", "R_Ankle", "L_Eye", "L_Ear", "R_Eye", "R_Ear"]}