{"id": 4, "class": "person", "kpt3d_body": [[436.9164486644078, -145.17248739847062, 2727.8149172406643], [477.67239321941395, -371.81998449640173, 2833.3755963923754], [327.0519864335678, 282.13529593573327, 2929.3773360977866], [275.533042933734, -166.36487790268077, 2707.0528559250224], [166.556086796998, 107.42412369736783, 2775.213989836621], [59.144699414332784, 325.7717808567646, 2880.6708398741393], [232.4554661197772, 228.3964651831768, 2928.290354996245], [35.92500483491273, 248.15531555074614, 3262.19368460879], [-167.38006521696292, 622.5395787898254, 3227.546773264785], [610.0170285221049, -125.7994326407119, 2734.9400727264724], [585.9820041620475, 174.56344179718585, 2821.0937309721076], [528.3194404125792, 364.410772222204, 2975.6656111795346], [421.6479899429878, 335.8785804496438, 2930.4666121771156], [387.091800607294, 681.2411731919385, 3071.5172155375967], [362.2243170063055, 1087.3200696320391, 3227.9939283285826], [448.48786691187445, -403.250470711149, 2805.7151518141377], [380.4473572426298, -372.3322275258347, 2724.3460377307556], [506.46129449578666, -391.86289698343717, 2799.398526383915], [532.8935980210055, -345.53150485827825, 2711.3965270279614]], "kpt2d_body": [[1191.5410468141865, 472.9729729501064], [1203.4017329251042, 354.6222083704009], [1117.4852197976572, 701.6233624409144], [1102.6332136245876, 460.0694506819041], [1038.6371728186107, 613.7258568731609], [977.7652694209775, 727.63353723915], [1068.2569159931954, 673.8664998806155], [963.1580190889084, 671.0894235214811], [867.0224244300199, 848.062865120993], [1286.0103532395203, 484.3881931693042], [1263.0107326050952, 648.3860948182225], [1217.0251800945964, 740.5526108710225], [1166.3210174140288, 729.1284763373421], [1137.6352998027676, 890.2003898301052], [1114.471066956346, 1057.7758744364673], [1190.0354713434458, 335.6421411210451], [1159.6156639792027, 345.987324637776], [1221.7911098341367, 341.63483654224683], [1245.4144225187038, 360.8005382196003]], "kpt2d_body_mask": [true, true, true, true, true, true, true, true, true, true, true, true, true, true, true, true, true, true, true], "kpt3d_body_mask": [true, true, true, true, true, true, true, true, true, true, true, true, true, true, true, true, true, true, true], "kpt_list": ["Thorax", "Nose", "Pelvis", "L_Shoulder", "L_Elbow", "L_Wrist", "L_Hip", "L_Knee", "L_Ankle", "R_Shoulder", "R_Elbow", "R_Wrist", "R_Hip", "R_Knee", "R_Ankle", "L_Eye", "L_Ear", "R_Eye", "R_Ear"]}