{"id": 4, "class": "person", "kpt3d_body": [[204.42350768867374, -196.7246511931019, 2820.946200720741], [301.07828377873784, -372.93214208346353, 2887.633784708254], [205.37217651022627, 287.5910767570636, 3047.434111281549], [58.24555653472255, -205.44846696050556, 2817.3137296305795], [-218.5048724008093, -147.88121064240457, 2874.2564979337485], [-109.41166679827576, -339.31501705777475, 2899.910194299381], [109.7243699440904, 282.39181555323444, 3067.915566240621], [83.30828138130101, 685.0344711513172, 3208.737705228874], [59.680634650025596, 1059.2739933102805, 3349.859004835511], [355.7639820020745, -178.11708816625256, 2799.808616360151], [369.6542785525223, -178.3186030452221, 3108.727251250641], [170.70231759818967, -342.34806875982986, 3030.241529714527], [301.02007515088394, 292.7903535936799, 3026.952620574773], [310.2258392223696, 687.2752006345572, 3147.9146246857663], [303.22438597082254, 1085.0224665817027, 3297.5310255308846], [272.6889524912824, -410.2124199306588, 2874.186242906458], [182.53265583067156, -398.36860179049086, 2819.954621001393], [321.94900787684554, -389.48041276984543, 2848.5981693695685], [307.6666393444117, -347.6232837079182, 2756.0241516736123]], "kpt2d_body": [[1057.6800902432622, 447.27438740177195], [1105.9377601427977, 356.9566990281477], [1049.7938673219303, 698.9373350133009], [978.0362946361291, 442.2708254269685], [829.2245899009682, 475.3084955495027], [888.2443579391226, 374.98877357439187], [1001.225690862633, 695.4962523402513], [985.8259581490315, 878.993249406637], [973.1139435163398, 1029.4629169486757], [1141.2135635468724, 456.89777959539316], [1128.8116200782938, 466.4159002386858], [1032.7412392450772, 381.18504047564306], [1098.8592671331112, 702.3460576010411], [1096.1605706348835, 885.5218106901905], [1084.3653977676008, 1047.05844601627], [1091.4906925705232, 336.3142918127529], [1045.4479841068442, 338.27231430113665], [1119.1926404694873, 345.57140217317], [1117.1953644798543, 361.60073609669945]], "kpt2d_body_mask": [true, true, true, true, true, true, true, true, true, true, true, true, true, true, true, true, true, true, true], "kpt3d_body_mask": [true, true, true, true, true, true, true, true, true, true, true, true, true, true, true, true, true, true, true], "kpt_list": ["Thorax", "Nose", "Pelvis", "L_Shoulder", "L_Elbow", "L_Wrist", "L_Hip", "L_Knee", "L_Ankle", "R_Shoulder", "R_Elbow", "R_Wrist", "R_Hip", "R_Knee", "R_Ankle", "L_Eye", "L_Ear", "R_Eye", "R_Ear"]}