{"id": 4, "class": "person", "kpt3d_body": [[200.2894260925142, -198.76139335821577, 2847.5100448007324], [275.1719248076511, -389.4176542539391, 2960.971692556622], [205.85758008488716, 294.74737796125964, 3047.57191694931], [49.09665853036168, -215.496505143348, 2886.9920701186384], [-184.11207505259043, -42.7002071972197, 2909.368475784861], [-14.358535407435031, 134.05559327747795, 3035.302765378064], [112.87183278758096, 284.91045459601963, 3074.615981993754], [82.7519617603835, 685.6298732439675, 3208.4088710039878], [60.06571789896163, 1059.3889464373867, 3351.024209538478], [348.19284040669504, -176.95300077296494, 2801.430781729796], [512.1765836549209, 47.4940761679062, 2661.6667918720223], [403.52204959090125, 187.79064309482436, 2879.43216059085], [298.84314390787375, 304.5833532026762, 3020.527524187931], [305.9692838631929, 690.894711033991, 3145.085428697018], [301.9361997963849, 1086.4510461242958, 3298.527552560409], [242.64732177458924, -419.4916531981737, 2942.714864557285], [160.8815898751719, -394.97896827031025, 2874.330639980642], [297.3886825441931, -413.26665911310454, 2924.50274771714], [304.2660068232806, -375.3825270553084, 2827.9382522852534]], "kpt2d_body": [[1054.4141425339324, 447.16757052951687], [1088.6311825322312, 353.2618959689104], [1050.0225409611123, 702.5137488767464], [972.3872165287568, 439.63233021525684], [848.7209282280716, 531.7182095176959], [938.9062204585584, 622.1564253240257], [1002.6783361663464, 696.4391512920346], [985.5648957864818, 879.3027204524105], [973.2779843708915, 1029.3537586969358], [1136.986872646845, 457.57268450278764], [1240.3454920230672, 581.4699018405893], [1161.0924131470686, 654.0003424389965], [1098.0521377463072, 708.6116204416646], [1094.2250120329238, 887.5394273728516], [1083.7331870074643, 1047.543292477397], [1072.5406015660346, 336.4597638944492], [1032.0644550941083, 344.0552949747183], [1101.8903811629414, 338.51627436879187], [1110.9730264840389, 351.54711945819497]], "kpt2d_body_mask": [true, true, true, true, true, true, true, true, true, true, true, true, true, true, true, true, true, true, true], "kpt3d_body_mask": [true, true, true, true, true, true, true, true, true, true, true, true, true, true, true, true, true, true, true], "kpt_list": ["Thorax", "Nose", "Pelvis", "L_Shoulder", "L_Elbow", "L_Wrist", "L_Hip", "L_Knee", "L_Ankle", "R_Shoulder", "R_Elbow", "R_Wrist", "R_Hip", "R_Knee", "R_Ankle", "L_Eye", "L_Ear", "R_Eye", "R_Ear"]}