{"id": 4, "class": "person", "kpt3d_body": [[194.28800692120987, -181.81784550886093, 2823.164903605779], [262.8090475038363, -375.32252997733724, 2889.476978439245], [209.29580376610636, 286.96238422553745, 3061.7574892228376], [51.75045931280611, -205.98831247618094, 2875.3294190220377], [124.32750602828676, -110.58117681195696, 3131.0934287859322], [204.24836245475475, -328.47107081190825, 3099.0004110816494], [121.3666451036991, 273.9280412812939, 3097.185544285003], [94.93808157801897, 683.4617475372302, 3226.0513269296152], [59.205300479953095, 1059.9526325077275, 3351.59458075902], [334.70669525749827, -151.19639461821166, 2770.0082658959163], [422.1341775586032, -26.32380415778698, 3033.0475382999725], [425.399353328996, -287.04533391058544, 3038.4754472747295], [297.2253532670345, 299.9954429798734, 3026.3298792466544], [305.28476837297205, 687.1775519276755, 3149.5182728991613], [301.44563079022527, 1084.1347338082671, 3297.4539360998933], [232.55928766762338, -405.0358062470342, 2872.7752209151668], [144.62638926353836, -384.0565904935228, 2811.2182632255244], [283.07676867458264, -395.42056171917625, 2850.351738728663], [284.09800789449014, -356.9076611761262, 2755.589685521474]], "kpt2d_body": [[1052.1004338453542, 455.4297433500004], [1085.6237695822742, 355.7066079232721], [1051.2789043024202, 697.9455494517897], [973.9171463079017, 444.23460789999376], [1007.3888663575049, 499.98550218623376], [1047.4589435196863, 391.86960674721536], [1006.4943698251626, 689.982064500083], [991.1164005367584, 876.5476934965179], [972.8862492917635, 1029.5191094220718], [1131.759716075494, 470.6723192195246], [1159.841667996454, 540.9808261464598], [1160.6456850734908, 409.96530321717], [1096.9577447970187, 706.0128514908059], [1093.7098706578493, 885.3342804239654], [1083.5660782996065, 1046.6943331545122], [1070.2560421357398, 338.8102565376574], [1025.1353085513074, 345.24477996613746], [1098.295843998286, 342.4023667261088], [1104.1569290618604, 356.37967051854315]], "kpt2d_body_mask": [true, true, true, true, true, true, true, true, true, true, true, true, true, true, true, true, true, true, true], "kpt3d_body_mask": [true, true, true, true, true, true, true, true, true, true, true, true, true, true, true, true, true, true, true], "kpt_list": ["Thorax", "Nose", "Pelvis", "L_Shoulder", "L_Elbow", "L_Wrist", "L_Hip", "L_Knee", "L_Ankle", "R_Shoulder", "R_Elbow", "R_Wrist", "R_Hip", "R_Knee", "R_Ankle", "L_Eye", "L_Ear", "R_Eye", "R_Ear"]}