{"id": 2, "class": "person", "kpt3d_body": [[247.38512391115086, 105.23899945561936, 2938.5914573143136], [425.27567283546216, 146.8960779816733, 3033.3741624704708], [-180.14614054606835, 265.7122644237464, 2815.5252309419], [223.20097407633838, 88.70328154788126, 3089.7540160188582], [193.54072161346272, 392.8450057631296, 3119.9434695668174], [262.18655299227913, 633.3671072679754, 3085.009760890726], [-217.42111041342454, 263.8423914340072, 2893.072258180474], [-185.08427422519645, 702.2130673970512, 2939.2599982397023], [-102.27730808911141, 1063.9064158395313, 2976.7494216134764], [267.57860910790697, 130.45061468119258, 2785.9536527033974], [198.65581169205967, 444.22937254011276, 2738.7370592785237], [217.08247594351448, 702.6091418007808, 2805.089491129852], [-142.87098775051527, 267.5821532260656, 2737.9781148932075], [-38.63491588190003, 704.1461289846399, 2806.659113442225], [2.5751964785694526, 1072.064444498769, 2890.194791649012], [420.5076565191626, 101.67197574716454, 3042.7790100343955], [340.643112676555, 32.06966163522097, 3035.5191482972923], [436.6947841948624, 129.5227460185511, 2996.511248407657], [394.1954928788274, 83.86696492686454, 2904.410769364825]], "kpt2d_body": [[1066.9740910257885, 615.4798849016493], [1144.2612473860706, 632.7454688225492], [860.6769036258547, 696.666677016451], [1050.3982572192788, 605.6365196038896], [1035.8368571913961, 740.1008584175145], [1066.7470658511302, 847.7133351458992], [845.1665569660659, 692.2251140740024], [863.2517134576634, 892.8188180298655], [903.3663956553542, 1046.4650340170515], [1083.3821874313057, 630.7227092616602], [1050.0876975672738, 789.6094861895807], [1055.726866863065, 907.9567637723064], [877.0812422948956, 701.351217049222], [930.8125005013117, 909.0242719105389], [950.9082945514883, 1063.579595743844], [1141.5817344983013, 611.9908848340524], [1105.8392276858285, 580.3820375603158], [1151.8811747484465, 625.5268282399193], [1138.1954452367693, 605.7171667355157]], "kpt2d_body_mask": [true, true, true, true, true, true, true, true, true, true, true, true, true, true, true, true, true, true, true], "kpt3d_body_mask": [true, true, true, true, true, true, true, true, true, true, true, true, true, true, true, true, true, true, true], "kpt_list": ["Thorax", "Nose", "Pelvis", "L_Shoulder", "L_Elbow", "L_Wrist", "L_Hip", "L_Knee", "L_Ankle", "R_Shoulder", "R_Elbow", "R_Wrist", "R_Hip", "R_Knee", "R_Ankle", "L_Eye", "L_Ear", "R_Eye", "R_Ear"]}