{"id": 2, "class": "person", "kpt3d_body": [[12.640156234663458, -188.38881857879684, 2850.371699620292], [93.57197735602423, -374.392619569751, 2964.341281754204], [18.089650035595746, 329.2702242927952, 2925.4743050074794], [-126.2729192517584, -205.64194230440776, 2949.894877311659], [-191.5222590039628, 55.31483052444571, 3009.7476955185816], [-142.7902563505974, 286.8716845507374, 3096.312704981835], [-62.376431099165615, 321.20729564618244, 2984.358014067006], [-103.11822852908892, 686.4052295899957, 3013.392297220478], [-122.61934294955061, 1052.2665414741641, 3024.956381357162], [160.52750440512483, -178.02887683980956, 2764.0858483706998], [219.40728104014988, 103.69458532837953, 2765.4310356571877], [247.8035149769699, 336.05602676426304, 2886.094154214189], [98.55745263755611, 337.33206350187925, 2866.591695800923], [87.3980248785405, 703.718547027546, 2907.2201936530632], [48.52042932978719, 1072.6463816357373, 2928.257127274348], [57.80803362311332, -408.3085113162816, 2958.2562600001847], [-30.764679271604916, -387.3689606410626, 2905.818334840356], [109.38786993280718, -400.9404145725251, 2926.1341889428713], [100.0129739348144, -368.5801744256112, 2824.0006246051407]], "kpt2d_body": [[955.8775493044799, 473.78869189221496], [993.5638703645111, 390.66391697439053], [958.2971773350499, 721.9045158929615], [890.030013866866, 468.8190365519486], [860.9430775074718, 591.2859001856783], [885.4921098828667, 694.3581591489952], [920.606535413874, 715.1023840262123], [902.6175960206782, 878.2683851645465], [894.9475931872679, 1034.3685135349792], [1030.6216817005661, 476.2110605573124], [1060.2442566185389, 617.8295491923031], [1068.8849386123245, 726.9247373931195], [997.5002533942459, 728.9081949790503], [990.9884674405218, 897.2767078660614], [972.0265237303231, 1057.7613095765744], [976.8335581951613, 374.54650179957144], [934.9841700825157, 380.9984122362617], [1001.601937164779, 375.97437647631057], [998.8954708108406, 384.8851064192862]], "kpt2d_body_mask": [true, true, true, true, true, true, true, true, true, true, true, true, true, true, true, true, true, true, true], "kpt3d_body_mask": [true, true, true, true, true, true, true, true, true, true, true, true, true, true, true, true, true, true, true], "kpt_list": ["Thorax", "Nose", "Pelvis", "L_Shoulder", "L_Elbow", "L_Wrist", "L_Hip", "L_Knee", "L_Ankle", "R_Shoulder", "R_Elbow", "R_Wrist", "R_Hip", "R_Knee", "R_Ankle", "L_Eye", "L_Ear", "R_Eye", "R_Ear"]}