{"id": 5, "class": "person", "kpt3d_body": [[-50.55763451200338, -193.1878385418061, 2710.0168949775775], [21.510096152273128, -417.3649321388591, 2817.803326474509], [-37.46685327368663, 304.62820919604525, 2790.5211594090356], [-191.3265384919992, -202.9787415852131, 2805.9958999730816], [-216.16561854664366, 74.7575937639806, 2873.545500194378], [-164.18485572033438, 322.9041421717948, 2959.5162498383233], [-96.85942033759301, 300.4050100081926, 2879.8892323520436], [-130.14392635690348, 700.0937198263756, 2863.871318245015], [-143.37831497327116, 1078.7566106324655, 2854.572811603182], [93.74979386501064, -176.11061447206012, 2618.4166187981364], [119.53755982159528, 109.40418929072976, 2631.0746279776], [158.68131710469663, 353.7970406548611, 2755.149257611602], [21.925196403154708, 308.8523576452707, 2701.153450901853], [11.535858657891751, 715.6873489062107, 2780.8915741410656], [-35.04020573081354, 1086.2291604813204, 2783.486686992491], [-16.846900842497075, -445.99698138607675, 2807.5089715825807], [-99.90578105976101, -407.551106076575, 2751.6068424281993], [34.22093290518102, -446.61323224813157, 2778.7715053741135], [35.14861949395787, -412.6758084552084, 2677.0319073914975]], "kpt2d_body": [[923.6807100824377, 466.59378734051074], [960.2887927951759, 360.7133396402986], [931.0089960484974, 717.2297853756012], [854.7438109393972, 465.2601042669145], [844.834669931149, 601.8883424252947], [872.5548238259245, 717.0237583954274], [902.8881723182195, 710.4960895079354], [887.3258515811578, 900.346250129965], [882.2419009798238, 1071.9606396043707], [999.6095899688868, 472.2043135451961], [1013.0689345375836, 623.5706689734325], [1029.6702842818618, 743.5561245976008], [960.9860557279127, 724.3662944679666], [955.3872528092892, 917.5895156316622], [932.8307923377986, 1087.5746499827944], [941.3750082838591, 346.0475780515999], [899.3242056600665, 360.791700615942], [966.7672919608012, 343.5124380913377], [967.9066595972722, 352.47274118510103]], "kpt2d_body_mask": [true, true, true, true, true, true, true, true, true, true, true, true, true, true, true, true, true, true, true], "kpt3d_body_mask": [true, true, true, true, true, true, true, true, true, true, true, true, true, true, true, true, true, true, true], "kpt_list": ["Thorax", "Nose", "Pelvis", "L_Shoulder", "L_Elbow", "L_Wrist", "L_Hip", "L_Knee", "L_Ankle", "R_Shoulder", "R_Elbow", "R_Wrist", "R_Hip", "R_Knee", "R_Ankle", "L_Eye", "L_Ear", "R_Eye", "R_Ear"]}