{"id": 5, "class": "person", "kpt3d_body": [[-31.60209465167826, -222.82331707455555, 2712.4901868389197], [113.57357571072946, -369.65348455506626, 2817.3226088189217], [-69.26425667032689, 289.0290211127234, 2796.2407657765193], [-158.36002140529177, -258.94433673993876, 2810.5961534939197], [-416.3240898602543, -118.67826745441718, 2882.6212190823953], [-259.9099037840437, 91.14635099148359, 2887.682552861566], [-146.06249197495333, 287.01067335171683, 2851.045399585703], [-138.93818630107472, 704.3965720884623, 2876.3093050950956], [-143.4013558364504, 1077.9160795444486, 2854.7674539643826], [91.73701724106562, -183.1682430567794, 2617.5556705322488], [162.42035168727014, 25.748933241618488, 2408.558071800866], [91.70176120933611, 171.41282616449487, 2621.5502188862815], [7.53369399119272, 291.0483160014577, 2741.4365700624962], [7.958917781625097, 712.0332960563555, 2792.3466726293336], [-36.132653819643146, 1086.1372179167975, 2785.39056681087], [88.01760512535779, -413.3066703988043, 2811.8658305305057], [-7.236388940411409, -421.7187333645138, 2765.378134300397], [130.635640712005, -389.6500054415434, 2777.1949310482314], [105.91504314356669, -363.5183504929604, 2680.784683926383]], "kpt2d_body": [[933.4550447221752, 451.5382636141942], [1005.6904445993118, 383.9566050614924], [915.2145735582912, 709.2099384259263], [871.2721077675078, 437.8341269258289], [749.3004054646824, 508.74844204020127], [824.331746199346, 609.5659898403393], [878.4130844859844, 705.4102929825633], [883.4077246240629, 900.9030771058658], [882.2316058449012, 1071.561887456567], [998.5495656763101, 468.4333751722478], [1043.7377884267873, 580.5915657064292], [998.4637086380437, 656.6423072553467], [953.5185848396362, 713.1023713160437], [953.6089095339031, 914.4714036279956], [932.315434883106, 1087.2024208567436], [993.1293833782239, 362.31072275040475], [946.0645909384821, 354.72277647719864], [1014.9777592441479, 371.5216789868558], [1004.5572385279653, 377.9276774199488]], "kpt2d_body_mask": [true, true, true, true, true, true, true, true, true, true, true, true, true, true, true, true, true, true, true], "kpt3d_body_mask": [true, true, true, true, true, true, true, true, true, true, true, true, true, true, true, true, true, true, true], "kpt_list": ["Thorax", "Nose", "Pelvis", "L_Shoulder", "L_Elbow", "L_Wrist", "L_Hip", "L_Knee", "L_Ankle", "R_Shoulder", "R_Elbow", "R_Wrist", "R_Hip", "R_Knee", "R_Ankle", "L_Eye", "L_Ear", "R_Eye", "R_Ear"]}