{"id": 2, "class": "person", "kpt3d_body": [[2.962327361255639, -188.0032502410289, 2836.706016260196], [92.74329720854826, -372.71853294274354, 2957.199107545581], [9.779980072868959, 330.4915576194634, 2917.7177506293983], [-133.6932257656002, -205.1611620747896, 2938.92922459047], [-204.82928742129377, 54.543989905500894, 2993.757403857176], [-156.00709657344748, 286.02561112226954, 3081.701854552902], [-77.95758214172083, 320.32141649866, 2964.266610792749], [-108.06286020726937, 689.1937579744222, 3007.31620207848], [-122.95671750330298, 1053.8524148547367, 3023.0494075578054], [149.4033906122769, -179.82476225416448, 2739.7234029298734], [209.2072734552783, 102.18924981689227, 2750.177005362007], [242.7227234412362, 333.2734470588821, 2869.681386972365], [97.51783381337913, 340.6615842159937, 2871.1699209498306], [83.88126802661112, 703.128302539501, 2901.804512561435], [48.36630021155191, 1072.8780547870138, 2927.1219952265974], [56.95658941750246, -407.3325542009245, 2951.4715291049306], [-33.52472146669241, -384.9746023010947, 2900.3690845965066], [105.46052391008561, -398.27786690572236, 2917.0570635705017], [94.67793891035018, -367.10635627864076, 2815.34594105505]], "kpt2d_body": [[951.1490345109383, 473.53506834958773], [993.2813261610977, 391.0219212866871], [954.3572267330057, 722.8944393766031], [886.2928782711938, 468.6918113764285], [854.2869839480989, 591.0596608522928], [879.2264535065756, 694.569621799573], [913.0981322445873, 715.685102728541], [900.2705895591665, 880.1073970881273], [894.7697180167169, 1035.3079120851514], [1025.6884367087362, 474.49797232356167], [1055.7055000828202, 617.3658149890631], [1067.1183319191773, 726.5173613665233], [996.9178757079214, 730.2466711920499], [989.4004560076163, 897.6121200157056], [971.963383451331, 1058.0386608239621], [976.4953945618761, 374.5643441075592], [933.6337386688397, 381.78853482150487], [999.8971435975702, 376.6361169771888], [996.4161003154178, 385.0466967392328]], "kpt2d_body_mask": [true, true, true, true, true, true, true, true, true, true, true, true, true, true, true, true, true, true, true], "kpt3d_body_mask": [true, true, true, true, true, true, true, true, true, true, true, true, true, true, true, true, true, true, true], "kpt_list": ["Thorax", "Nose", "Pelvis", "L_Shoulder", "L_Elbow", "L_Wrist", "L_Hip", "L_Knee", "L_Ankle", "R_Shoulder", "R_Elbow", "R_Wrist", "R_Hip", "R_Knee", "R_Ankle", "L_Eye", "L_Ear", "R_Eye", "R_Ear"]}