{"id": 5, "class": "person", "kpt3d_body": [[-49.53739606320609, -193.1548062773355, 2710.2377786507673], [20.728440031035014, -418.3480112392051, 2818.087393633292], [-38.15971719877405, 304.79204166165545, 2789.580931694884], [-190.5091021564769, -203.2604897571052, 2805.8507925128706], [-215.6717691374175, 74.13769335668988, 2873.116998985431], [-163.8592593783611, 322.6299858110913, 2960.051612623704], [-97.01594829851635, 300.68614844386343, 2880.138642519318], [-130.33555797378486, 699.2134280716436, 2863.8571024075636], [-142.85407180089072, 1078.8362280742365, 2855.67680535275], [95.16360582055486, -176.0443241309683, 2619.4669303494893], [120.89338452792435, 110.02555311158005, 2632.356553239725], [159.50654328769076, 353.7524417675387, 2756.194317746741], [20.69694583003507, 308.896009344501, 2699.022574146047], [11.46944085128272, 715.3692321343335, 2782.048244861009], [-34.81487330374964, 1086.1898534169927, 2783.287273998916], [-17.750556885169235, -446.7401411532619, 2807.3570131770402], [-99.61347294700158, -406.8639984590782, 2750.645852156797], [33.682201078476446, -447.3894582583507, 2778.8998310925676], [36.2729535235124, -413.26392406765524, 2677.501952608884]], "kpt2d_body": [[924.2075773603898, 466.618343002374], [959.9025261613668, 360.2566271208271], [930.6572088862532, 717.3611564816574], [855.1439329526168, 465.11476177570324], [845.0575649106408, 601.5941629142493], [872.7208919922557, 716.8695827961355], [902.8168888509603, 710.6181217162668], [887.2312600351866, 899.9401169939651], [882.512740649926, 1071.816012658064], [1000.3416163851556, 472.27780885911136], [1013.755409265885, 623.869834431472], [1030.055377467766, 743.4655250003668], [960.3618186367685, 724.513189387813], [955.352318163119, 917.29767784348], [932.9381788200327, 1087.592036153263], [940.9284816238495, 345.67521507711], [899.453107065836, 361.06198232398174], [966.4973767180287, 343.14164846918493], [968.4855548271256, 352.21051390941216]], "kpt2d_body_mask": [true, true, true, true, true, true, true, true, true, true, true, true, true, true, true, true, true, true, true], "kpt3d_body_mask": [true, true, true, true, true, true, true, true, true, true, true, true, true, true, true, true, true, true, true], "kpt_list": ["Thorax", "Nose", "Pelvis", "L_Shoulder", "L_Elbow", "L_Wrist", "L_Hip", "L_Knee", "L_Ankle", "R_Shoulder", "R_Elbow", "R_Wrist", "R_Hip", "R_Knee", "R_Ankle", "L_Eye", "L_Ear", "R_Eye", "R_Ear"]}