{"id": 2, "class": "person", "kpt3d_body": [[307.5606266450367, 61.89371563276069, 2599.3580082310564], [413.8116073018896, -86.60000696351062, 2453.699927699191], [345.31489331214885, 579.6667347537067, 2679.5051926738633], [440.82511318724005, 32.93634315978437, 2703.6553807196415], [491.5637443830817, 281.82926413545897, 2808.687705365642], [544.3740267640455, 527.9734421454691, 2793.283403530975], [420.25790297045876, 563.3856848638081, 2742.503598443268], [428.8430384231027, 917.274299524619, 2851.3331262221636], [416.7542493348976, 1272.8953239848688, 2942.3109454006812], [177.32260046912742, 84.94612123637651, 2481.6746083281446], [150.91454043672317, 372.1622112282291, 2480.580657877517], [239.54561897035902, 616.6419643038485, 2472.875968612277], [270.37200430195537, 595.9487454045395, 2616.507055944342], [278.0053358653412, 953.766364102717, 2696.2374771409923], [281.4570406796357, 1309.1342609781059, 2804.1715323898093], [420.0446599556648, -127.97815170194269, 2481.7846482396503], [389.97945429263757, -130.46756655871974, 2583.525593212019], [374.1838168504938, -114.43587664020868, 2444.518628895522], [276.0217390019589, -100.05731759240177, 2483.3625052815105]], "kpt2d_body": [[1106.4976684111296, 586.6189827019966], [1175.8686763127218, 504.4173391466018], [1118.8297547734528, 850.9719321478351], [1168.2580360405757, 570.3455867168324], [1183.9861856834825, 692.2997353068731], [1209.1542906045684, 812.684980919857], [1152.3125772373446, 835.8007692378659], [1145.175111025546, 988.7071856546241], [1129.6146341367191, 1127.514320639415], [1041.196346406974, 601.2584246618159], [1025.8406155023708, 761.9067265840727], [1074.3925565668476, 895.6415624201046], [1083.6327370158185, 866.7640000469227], [1080.6640759324587, 1030.8937598585223], [1074.0709891352724, 1170.0425195404089], [1176.602145289621, 481.8561812882991], [1151.4808769232648, 483.22014486580684], [1154.4219152398698, 488.34992391228207], [1096.4939267278621, 497.23154562926663]], "kpt2d_body_mask": [true, true, true, true, true, true, true, true, true, true, true, true, true, true, true, true, true, true, true], "kpt3d_body_mask": [true, true, true, true, true, true, true, true, true, true, true, true, true, true, true, true, true, true, true], "kpt_list": ["Thorax", "Nose", "Pelvis", "L_Shoulder", "L_Elbow", "L_Wrist", "L_Hip", "L_Knee", "L_Ankle", "R_Shoulder", "R_Elbow", "R_Wrist", "R_Hip", "R_Knee", "R_Ankle", "L_Eye", "L_Ear", "R_Eye", "R_Ear"]}