{"id": 2, "class": "person", "kpt3d_body": [[299.518963738721, 50.23439926036019, 2613.853580878611], [384.3619652895026, -113.23767110912456, 2494.205970131538], [326.0679836472704, 550.4611248249615, 2699.568138046672], [423.7446186308378, 23.34421391307643, 2717.5889005638646], [582.399465319872, 244.19874836081306, 2635.3393209507844], [390.94676863630366, 265.48463129811535, 2491.3203857990015], [401.6113697731332, 532.3190752974101, 2761.154639624586], [423.94543966594756, 909.5248292663377, 2857.3024432296525], [417.09733153311623, 1272.0249246730875, 2943.635074115403], [181.72115148526171, 73.06202129094117, 2505.514204117799], [280.1312234477211, 303.2441149427882, 2395.160851188126], [450.78977191126216, 278.22833008336215, 2547.1813615896276], [250.5238572565633, 568.6020750557834, 2637.9821400108726], [276.1788599363663, 953.9831905062562, 2700.2853622669354], [280.6805228406396, 1308.3495162657582, 2804.1069972660307], [387.1803859762463, -150.62310029577276, 2525.798889079989], [358.7401558012998, -138.0112062868733, 2625.806599028194], [342.179743489578, -140.0209688508869, 2485.5968442456688], [246.50340446724647, -108.04342596418138, 2524.923898563268]], "kpt2d_body": [[1101.3267657369693, 580.2236870952745], [1155.8483679096266, 490.31718026343657], [1108.0000607876857, 834.4326434746661], [1158.477754237826, 565.3623215787197], [1246.410827321035, 681.0839524033169], [1159.1573743329714, 701.104383542495], [1141.9741271350929, 818.9564402326073], [1142.5625413518364, 984.4288707922425], [1129.702393813863, 1126.917146110245], [1042.7089134887278, 594.1762034088458], [1103.8917661076366, 729.1879380148041], [1186.5342451586432, 704.4942016172305], [1072.3416704244873, 850.5227544753682], [1079.5558774056396, 1030.3442397464803], [1073.7161326851106, 1169.7288692731395], [1154.64252627478, 470.56316886438447], [1131.7165527027012, 480.27675556903864], [1133.1359879309307, 475.0411107967302], [1077.6865626749734, 493.70137695053893]], "kpt2d_body_mask": [true, true, true, true, true, true, true, true, true, true, true, true, true, true, true, true, true, true, true], "kpt3d_body_mask": [true, true, true, true, true, true, true, true, true, true, true, true, true, true, true, true, true, true, true], "kpt_list": ["Thorax", "Nose", "Pelvis", "L_Shoulder", "L_Elbow", "L_Wrist", "L_Hip", "L_Knee", "L_Ankle", "R_Shoulder", "R_Elbow", "R_Wrist", "R_Hip", "R_Knee", "R_Ankle", "L_Eye", "L_Ear", "R_Eye", "R_Ear"]}