{"id": 2, "class": "person", "kpt3d_body": [[301.88518599950396, 59.85350323889122, 2603.1035777618954], [411.76429536065314, -84.98092065619375, 2454.392090710957], [341.4048501516934, 576.9568288683429, 2686.4104181348903], [435.2934517879086, 30.506557517425392, 2709.909574824326], [490.017660181119, 273.0543639130992, 2826.996936772676], [549.8087564186216, 516.4369759079411, 2806.948277818881], [405.33339924275924, 556.7892013446135, 2760.0870766740036], [425.61420156418626, 915.2142365273444, 2854.117252969745], [416.2958607032684, 1273.0416717446135, 2942.331977652656], [171.3451357882915, 83.941372173079, 2484.3734405409646], [130.49542631852847, 368.46985018621666, 2483.8831567197662], [212.21103451248962, 616.4067941626836, 2468.697065576896], [277.4767651532675, 597.1223888776557, 2612.733761064631], [277.4199782463561, 953.5942372222097, 2697.3848723627816], [280.4413867528241, 1309.9237906069998, 2804.0499426450997], [418.9890131353113, -125.13130153153952, 2482.661311460007], [389.5016624963516, -127.2131114171566, 2583.1461004718776], [372.27068175266317, -111.53237278021379, 2442.338703272721], [275.7551499157296, -97.12691184323887, 2481.4413927384676]], "kpt2d_body": [[1103.2380415851685, 585.4838230562958], [1174.6634286186738, 505.3424229419613], [1116.418501938745, 848.9101123959765], [1164.93960282339, 569.0642254422611], [1181.7418823209732, 687.1533719986038], [1210.6199158841246, 805.8863081793448], [1143.6987496629274, 830.972945789463], [1143.4938895714834, 987.4202714461405], [1129.4061131256478, 1127.5767071522419], [1037.7257182496598, 600.6463689859279], [1014.3009167546707, 759.647312099665], [1059.4362335197432, 896.2571411147653], [1087.5528291130045, 867.7534063987547], [1080.317981996057, 1030.628849725746], [1073.590844632177, 1170.4122916944211], [1175.9457008014283, 483.46725420668486], [1151.2641948319122, 484.95780770714344], [1153.538538548916, 489.9388539344133], [1096.468248724144, 498.8334106780312]], "kpt2d_body_mask": [true, true, true, true, true, true, true, true, true, true, true, true, true, true, true, true, true, true, true], "kpt3d_body_mask": [true, true, true, true, true, true, true, true, true, true, true, true, true, true, true, true, true, true, true], "kpt_list": ["Thorax", "Nose", "Pelvis", "L_Shoulder", "L_Elbow", "L_Wrist", "L_Hip", "L_Knee", "L_Ankle", "R_Shoulder", "R_Elbow", "R_Wrist", "R_Hip", "R_Knee", "R_Ankle", "L_Eye", "L_Ear", "R_Eye", "R_Ear"]}