{"id": 2, "class": "person", "kpt3d_body": [[321.23659531076817, 51.78431558212367, 2578.881664164574], [424.38882254229145, -74.6897769373038, 2447.3715543599587], [364.8837609223716, 584.3104394535999, 2658.0932480527026], [421.5809406792377, 24.103496372148925, 2690.1827957129103], [695.1687771628372, 87.18169067856607, 2746.42043503873], [719.0677080951092, -77.12495932985775, 2590.049751757342], [428.48567195773444, 564.8807935898134, 2730.1142201661805], [452.8803511332346, 916.9403880962489, 2824.0488538927884], [424.95178497767023, 1268.2503580500477, 2934.522563261226], [207.3231289991673, 75.22719373323639, 2480.417020097068], [110.6552316799046, 183.646108438693, 2227.382201654677], [257.82264755694706, 6.6762430870988965, 2146.8687177315705], [301.28154377644665, 603.7398818960149, 2586.0732883206106], [287.4690511458095, 950.8501124501129, 2684.8456391678346], [283.035797558228, 1307.9726542710343, 2802.4504206628103], [431.9633570579234, -115.62829428661615, 2471.552622893213], [393.9544175230651, -127.13129984763953, 2572.2027123421954], [389.2060399660031, -103.93125478506846, 2432.8115050551405], [288.3450543065965, -98.13277055657352, 2467.4785614816883]], "kpt2d_body": [[1115.1599863166034, 581.4060052578344], [1182.4049425328876, 511.062684751456], [1130.226154168365, 855.4657022085821], [1159.5558301953768, 565.8755396697672], [1290.0770076825352, 597.0612134512567], [1322.5601067203459, 512.6136488680049], [1157.323798466857, 837.7002582288801], [1158.4249394001256, 992.2003554881092], [1133.8096976742306, 1126.8688650820393], [1058.1450890235096, 595.7867559081926], [1010.6197567393035, 668.5494033664859], [1108.9803996569062, 557.7551773039487], [1101.563550130829, 874.1189270512637], [1085.9877420765338, 1031.320526430668], [1074.8986944425312, 1169.8730247728795], [1184.1918516332253, 488.52001564108787], [1154.527712732369, 484.7249785293783], [1163.943833699197, 494.0683310199549], [1104.4209544877767, 497.97731009042604]], "kpt2d_body_mask": [true, true, true, true, true, true, true, true, true, true, true, true, true, true, true, true, true, true, true], "kpt3d_body_mask": [true, true, true, true, true, true, true, true, true, true, true, true, true, true, true, true, true, true, true], "kpt_list": ["Thorax", "Nose", "Pelvis", "L_Shoulder", "L_Elbow", "L_Wrist", "L_Hip", "L_Knee", "L_Ankle", "R_Shoulder", "R_Elbow", "R_Wrist", "R_Hip", "R_Knee", "R_Ankle", "L_Eye", "L_Ear", "R_Eye", "R_Ear"]}