{"id": 2, "class": "person", "kpt3d_body": [[274.8298154241456, 39.026698047454715, 2622.3828022802873], [373.614626642688, -87.40105560095742, 2488.2869417974434], [339.01065058904953, 575.8887290985394, 2684.816469335003], [385.58386568149376, 14.834700193107153, 2707.0516202049453], [662.4073439204105, -22.25981253714764, 2657.0679807444676], [580.7591557914894, -107.69234661773169, 2456.9985415213832], [401.0952637198718, 555.4804088454493, 2758.058380332609], [424.0363174574928, 910.4733532032301, 2846.3763718217247], [416.6667148314738, 1271.457272265533, 2940.759706201394], [158.4007993884128, 62.46561384762856, 2540.0844349451218], [171.4791653633948, 66.5539974634251, 2227.7447238126], [373.0793724997734, -76.86377947449813, 2264.78463024801], [276.9252249834504, 596.2979364623461, 2611.5753601598917], [276.6266244969024, 954.2081021331755, 2694.4330394238586], [281.1263687404504, 1309.0382944314135, 2803.7972230383816], [377.355061986089, -124.21622006108521, 2513.2984205504185], [344.5088071217804, -134.2702114927576, 2610.1037739063236], [334.4813525252962, -112.02685088020729, 2475.915199514149], [241.7654505096311, -101.67265855243784, 2511.514142418157]], "kpt2d_body": [[1087.7324093169027, 574.1893739229627], [1150.458113519841, 504.5708776432558], [1115.3072772022797, 848.5639452992107], [1139.8946566159677, 561.0470485052025], [1285.0782601364735, 541.8883958032669], [1267.6257962136433, 493.03256213261267], [1141.7571375875475, 830.5653357805363], [1143.3199095255495, 986.4066070658857], [1129.6835320224877, 1127.1960628206066], [1028.4970860182964, 587.8069363235486], [1048.9187624451722, 595.1664434100858], [1170.5039776735325, 506.28015103666917], [1087.3317167357204, 867.4699148883527], [1080.0582712625685, 1031.4117932449237], [1073.9323595951648, 1170.0788821096585], [1150.3789262032478, 484.70943409835024], [1125.3248684091175, 481.8038434778905], [1129.64560040066, 490.4333312312326], [1075.7933000181, 496.9152466661974]], "kpt2d_body_mask": [true, true, true, true, true, true, true, true, true, true, true, true, true, true, true, true, true, true, true], "kpt3d_body_mask": [true, true, true, true, true, true, true, true, true, true, true, true, true, true, true, true, true, true, true], "kpt_list": ["Thorax", "Nose", "Pelvis", "L_Shoulder", "L_Elbow", "L_Wrist", "L_Hip", "L_Knee", "L_Ankle", "R_Shoulder", "R_Elbow", "R_Wrist", "R_Hip", "R_Knee", "R_Ankle", "L_Eye", "L_Ear", "R_Eye", "R_Ear"]}