{"id": 2, "class": "person", "kpt3d_body": [[447.1292935652007, 45.14306974675833, 2767.827525930893], [528.1265658825776, -67.70163131312955, 2603.5604762269422], [438.81615164584076, 524.2621520564206, 2723.4855415524953], [594.1842659299051, 52.41460910631332, 2828.134508692916], [768.6663358879883, 270.7900218775062, 2830.3605774082275], [880.5532787586292, 183.38343697598035, 2660.649246347991], [524.4388144094085, 542.4113435812665, 2776.028244955315], [577.9290561422796, 882.565422324533, 2869.7981805317713], [558.142633110351, 1202.5360328049535, 3079.0657851316782], [292.3604679264184, 27.064953558165428, 2730.83065109741], [82.5487196158084, 202.06494642306254, 2670.7473124782996], [185.43253315282107, 399.40331146296626, 2580.809233396175], [353.1931466667446, 506.11375031392595, 2670.943999671251], [447.5212102103592, 723.1021655876182, 2357.6567474906983], [389.098981124487, 881.1560832862497, 2699.202027163441], [548.1908758228213, -107.70779198074877, 2624.112206446243], [551.1516755011065, -121.50626045573176, 2727.9225196294456], [491.43791468143274, -102.12263002433644, 2602.554185089775], [410.8546752250289, -109.54988128564992, 2671.5803037591204]], "kpt2d_body": [[1166.1873819515793, 576.0835788571028], [1222.5373486853805, 517.4364467618258], [1163.3416639614584, 818.2183032374676], [1232.3829549608715, 579.0425216697286], [1313.7559166591323, 684.3330297796754], [1391.56996398426, 646.9645107500228], [1200.9304045739682, 821.4182325370069], [1213.7489522180906, 968.6122059256663], [1183.5699393981654, 1074.3218611014415], [1090.877213583954, 567.2498719807207], [984.3651868205515, 659.1451313610273], [1041.1064146149622, 768.3027240299009], [1123.9639317909262, 814.7619735941732], [1198.4083471686263, 968.0081020396301], [1136.636326376374, 994.9959681969381], [1230.664013338083, 496.67763538287], [1221.3419546887694, 491.80189343218234], [1203.41945521778, 499.0526464571532], [1155.4381950156967, 496.41760565847744]], "kpt2d_body_mask": [true, true, true, true, true, true, true, true, true, true, true, true, true, true, true, true, true, true, true], "kpt3d_body_mask": [true, true, true, true, true, true, true, true, true, true, true, true, true, true, true, true, true, true, true], "kpt_list": ["Thorax", "Nose", "Pelvis", "L_Shoulder", "L_Elbow", "L_Wrist", "L_Hip", "L_Knee", "L_Ankle", "R_Shoulder", "R_Elbow", "R_Wrist", "R_Hip", "R_Knee", "R_Ankle", "L_Eye", "L_Ear", "R_Eye", "R_Ear"]}