{"id": 2, "class": "person", "kpt3d_body": [[300.8020156952916, 53.02620131779321, 2607.818965733623], [384.8643110114264, -115.36689324834981, 2491.2836762212382], [342.29300960425604, 555.0906502704229, 2693.485485937499], [435.1134890202851, 23.944598926474896, 2705.263370152372], [562.7168015013685, 251.9873507556835, 2635.017403632897], [376.81172817278735, 288.36674583287504, 2488.508625237357], [412.9593343960121, 538.4308000104169, 2762.3610893593004], [425.6544189468574, 910.1338464240441, 2854.57041325918], [416.4866146025068, 1270.8009653866632, 2942.5905602639114], [181.0487809338759, 78.24853475718726, 2498.729041783643], [278.080988638658, 324.0363912293853, 2412.2012621298927], [453.95085859790333, 276.2684401830056, 2558.7130142847627], [271.6258723377231, 571.7513876411454, 2624.610684338194], [276.59918823110337, 953.186463441678, 2698.5044085590966], [281.35392031419946, 1308.9474103742173, 2803.9271821451507], [386.8984533841418, -152.3248310515254, 2523.907257154709], [358.4253879321351, -138.05027087787323, 2622.8484052234253], [342.5015098929734, -141.11131915218664, 2482.543859960947], [246.92396955862608, -106.40891395607156, 2520.8363422640896]], "kpt2d_body": [[1102.3758262296005, 581.7770590961868], [1156.3692491798772, 489.0589018322696], [1116.5860955661249, 837.2465942924393], [1165.2302756981524, 565.7198170627009], [1236.3412423883253, 685.267945998835], [1151.4867374102357, 713.9973529463359], [1147.4483741634688, 821.7408175369167], [1143.540428368482, 985.0703964950043], [1129.504654806342, 1126.6041085166016], [1042.6043026902596, 597.1864217383508], [1101.4850550335, 739.827354163353], [1187.1496156089893, 702.7588512359346], [1084.0208238330906, 853.4711569956326], [1079.8580861706257, 1030.260257868839], [1074.0347293787427, 1170.0123142003104], [1154.6417481769695, 469.56632951121065], [1131.763194132132, 480.1738888940322], [1133.5454859100757, 474.3367598980543], [1078.1410596264918, 494.5096748467984]], "kpt2d_body_mask": [true, true, true, true, true, true, true, true, true, true, true, true, true, true, true, true, true, true, true], "kpt3d_body_mask": [true, true, true, true, true, true, true, true, true, true, true, true, true, true, true, true, true, true, true], "kpt_list": ["Thorax", "Nose", "Pelvis", "L_Shoulder", "L_Elbow", "L_Wrist", "L_Hip", "L_Knee", "L_Ankle", "R_Shoulder", "R_Elbow", "R_Wrist", "R_Hip", "R_Knee", "R_Ankle", "L_Eye", "L_Ear", "R_Eye", "R_Ear"]}