{"id": 2, "class": "person", "kpt3d_body": [[292.89046789054316, 16.47086236813891, 2575.7196541376616], [405.7309919211373, -123.53087966339473, 2429.893869180239], [318.93882672596504, 503.49971307666306, 2688.7729326134704], [400.2551814349853, -24.354532620985765, 2700.8198948106874], [370.6080793988749, 173.29412247788198, 2891.857148454189], [368.4647372271723, 412.6268808430507, 2943.2834479696958], [388.5943356025439, 482.621550811043, 2751.086506804741], [524.9843654672034, 840.5082974833198, 2714.8129058837767], [417.5826904213903, 1172.6982449181846, 2912.4040020823672], [185.2737621330758, 53.112223602265374, 2448.5073049301677], [142.39112450374455, 327.85336931307813, 2446.1899889534416], [345.8016563507038, 461.18424128003426, 2366.174749565039], [249.28284759013766, 524.3779726706484, 2626.45899872312], [286.8510248776081, 891.5605587793885, 2658.1679986055124], [220.44846370440635, 1228.3047493368779, 2849.615750095617], [409.0855891130137, -164.90155828959246, 2457.7125922850105], [376.2958413258332, -167.47317062511797, 2558.3318968743374], [364.9296196219819, -151.03406881375065, 2416.956227633386], [265.2208330858394, -131.45380741986202, 2455.1946736472955]], "kpt2d_body": [[1100.1242507365441, 562.339314087486], [1173.4886255494887, 482.85134312046466], [1105.3199493855882, 811.9888620424817], [1147.8366710081998, 540.8720463850235], [1119.971766288677, 636.8423802327571], [1115.0794213840459, 747.7428414307822], [1136.5771468906678, 795.5496409715504], [1203.031620862152, 971.5952731698919], [1133.0069087761062, 1090.7966003666552], [1047.1070432973017, 583.7366101732439], [1022.2870131467263, 739.92351205051], [1142.8757864084919, 821.7995825427284], [1072.5006370718336, 829.1170668384084], [1087.5902620792187, 1007.4663462704222], [1044.4258524484587, 1127.441727066566], [1172.64527787911, 460.3300189872068], [1146.0632810966836, 462.43688408387925], [1151.4542993860769, 466.5871781807334], [1092.100992826668, 478.76574628192594]], "kpt2d_body_mask": [true, true, true, true, true, true, true, true, true, true, true, true, true, true, true, true, true, true, true], "kpt3d_body_mask": [true, true, true, true, true, true, true, true, true, true, true, true, true, true, true, true, true, true, true], "kpt_list": ["Thorax", "Nose", "Pelvis", "L_Shoulder", "L_Elbow", "L_Wrist", "L_Hip", "L_Knee", "L_Ankle", "R_Shoulder", "R_Elbow", "R_Wrist", "R_Hip", "R_Knee", "R_Ankle", "L_Eye", "L_Ear", "R_Eye", "R_Ear"]}