{"id": 2, "class": "person", "kpt3d_body": [[312.48113182772795, 45.271851523797864, 2623.7076619943405], [398.4742512949569, -107.60920273909392, 2478.827606138811], [334.77546044320366, 560.1009840185945, 2712.4570790984085], [459.3985270548917, 21.47970827733417, 2709.9579400778684], [538.5750146200468, 259.2215892255929, 2803.1879619190727], [538.5089028857649, 300.71280600299576, 2568.583809060185], [419.0731100279319, 555.730380161977, 2773.821113999406], [428.0134876289891, 912.0985857057894, 2856.1092856867945], [420.30702461855293, 1269.5856455658359, 2942.7094145157052], [163.01098449513518, 62.015764206504684, 2544.6978320214052], [74.62694469285, 316.04776272892224, 2575.7435920245894], [192.25479949458992, 356.3341477753072, 2361.3316493518164], [250.47793150659197, 564.4725486361463, 2651.0933132372948], [274.4590400539844, 953.5617505888533, 2703.840954196412], [280.66199903196895, 1307.8925826597501, 2804.9783878490507], [406.5538584092696, -145.4891980494162, 2508.9894847638375], [388.3763241933009, -137.5312973128385, 2612.8857054940313], [358.0465090969186, -137.2247415188832, 2473.962727662947], [263.88975008079876, -114.64368991464852, 2523.074900994987]], "kpt2d_body": [[1107.5887031826721, 577.4782170505505], [1164.9961944751908, 493.11394278605167], [1111.564919878944, 837.8630370298047], [1177.1438666058607, 564.4253616069568], [1207.3925042895446, 681.2413545502379], [1230.7166246173974, 714.7039742845028], [1149.4909474759856, 829.021382202434], [1144.524675630476, 985.709023459865], [1131.2253706973684, 1126.033690431891], [1030.873870044124, 587.495405298766], [981.5482463752074, 724.428576785884], [1054.419993370502, 762.9339161317782], [1071.711563120702, 847.0040347993007], [1078.5328120644886, 1029.5770776512331], [1073.674764903673, 1169.3625092699563], [1166.670871085305, 472.9087875998466], [1148.2884342694101, 480.24133081728525], [1142.8805314868678, 476.28621413542186], [1087.3629173066038, 490.03636354781327]], "kpt2d_body_mask": [true, true, true, true, true, true, true, true, true, true, true, true, true, true, true, true, true, true, true], "kpt3d_body_mask": [true, true, true, true, true, true, true, true, true, true, true, true, true, true, true, true, true, true, true], "kpt_list": ["Thorax", "Nose", "Pelvis", "L_Shoulder", "L_Elbow", "L_Wrist", "L_Hip", "L_Knee", "L_Ankle", "R_Shoulder", "R_Elbow", "R_Wrist", "R_Hip", "R_Knee", "R_Ankle", "L_Eye", "L_Ear", "R_Eye", "R_Ear"]}