{"id": 2, "class": "person", "kpt3d_body": [[0.22613432119596766, -116.06307978978407, 2844.667803192155], [-126.22823710102904, -282.75191083271096, 2854.9733378810615], [-43.01790015026747, 361.6840084056638, 3091.4083532428526], [-91.14063899696828, -65.71367529123194, 2728.393418055547], [-329.22861696220417, 44.42047776634837, 2641.977255773631], [-368.0920098742777, -181.3987851839778, 2666.914173995675], [-92.77680325413819, 395.2504341689497, 3015.131292619171], [-95.2195470399185, 734.8160114674149, 3148.0202456586867], [-66.9874156666829, 1076.8811924039264, 3285.39133028786], [94.67287408848316, -163.7999963369586, 2948.5912753920725], [136.76785111405337, -245.3499888297307, 3233.188659977057], [-7.83594107130134, -423.7751273030233, 3148.3401355441238], [6.74119814393813, 328.1184047297174, 3167.686027114559], [16.62065970085049, 661.1335912559213, 3317.0923883499977], [35.120134543875984, 1011.3230755055122, 3440.1415248154117], [-124.44459833662296, -302.16619093161995, 2808.999288123854], [-71.21064317045335, -258.6957521954099, 2731.779388469976], [-91.8624594447017, -318.01920890696664, 2854.240080901305], [12.705347493225245, -303.24576909266625, 2847.6327329280693]], "kpt2d_body": [[949.7516946780491, 488.7447451968467], [886.7307911735326, 406.26546441246205], [929.8597650990129, 712.6954356297831], [901.9731687726493, 512.5312948911402], [772.5494095907729, 570.6222069696389], [753.9145966105947, 450.6020136385825], [905.9469558910445, 732.4551076538778], [907.1477959424943, 874.0641836981097], [921.4312687077658, 1000.2097621313467], [995.428242915335, 467.80320607221427], [1009.9114623861977, 438.9875727429113], [946.1149515266122, 356.1187875728674], [952.6740129369811, 693.8076513142], [956.742180191814, 827.4218672082197], [963.942354675366, 955.659156922447], [886.636347644432, 394.23111557792106], [912.5283694114651, 412.3436935428428], [903.8693196321523, 388.76593380949845], [955.9956123764439, 395.6661419873856]], "kpt2d_body_mask": [true, true, true, true, true, true, true, true, true, true, true, true, true, true, true, true, true, true, true], "kpt3d_body_mask": [true, true, true, true, true, true, true, true, true, true, true, true, true, true, true, true, true, true, true], "kpt_list": ["Thorax", "Nose", "Pelvis", "L_Shoulder", "L_Elbow", "L_Wrist", "L_Hip", "L_Knee", "L_Ankle", "R_Shoulder", "R_Elbow", "R_Wrist", "R_Hip", "R_Knee", "R_Ankle", "L_Eye", "L_Ear", "R_Eye", "R_Ear"]}