{"id": 5, "class": "person", "kpt3d_body": [[-1087.384557681482, -260.30358630245615, 3557.650531820492], [-1315.7600828872396, -248.30881577155537, 3666.762544622479], [-759.0707419390167, 43.57257410318738, 3608.5028473911143], [-1047.3202345646935, -227.54413864808356, 3404.4650144649095], [-846.0949733951487, -37.53614546876136, 3362.548056312262], [-839.7885548604738, 196.03847928627061, 3459.041650810612], [-744.8514061791388, 70.32722348950827, 3512.234404377804], [-807.7593051575758, 474.96341189969814, 3678.614872270651], [-802.1689504365423, 842.3054516212777, 3840.4230032244527], [-1107.2340371934038, -309.24092794288214, 3700.4430270818502], [-1225.15484486608, -115.42427588976153, 3931.755889908061], [-1436.2657389463702, -5.508997328507803, 4067.793541714836], [-773.2979059641951, 16.814558927341068, 3704.776619365229], [-829.1694775063662, 412.78787544937245, 3861.1755258605513], [-823.7586317904855, 781.9021988922348, 3974.028303656612], [-1319.1818613212072, -268.9526998975691, 3646.8214675053105], [-1249.6287607483125, -290.50534537018535, 3538.659136087994], [64.6210901, 1193.370208, 3277.40485], [64.6210901, 1193.370208, 3277.40485]], "kpt2d_body": [[524.7383581247634, 445.3132286461034], [455.0540504583879, 453.64997219454824], [653.0421493642457, 563.7615101952453], [522.017308430141, 454.0981717158101], [596.6493405786014, 531.1562189479973], [608.9519106441154, 626.0896422590246], [650.7013543647224, 574.9302765809489], [641.7372790933189, 727.3359589791291], [658.7943486550694, 851.3665587084975], [533.4360762881497, 430.8257988673934], [516.3800322137547, 506.04901672204204], [461.9738200360337, 544.8814558389594], [655.2695611448175, 553.16611812718], [647.9317554799427, 696.5725282008154], [660.2587478039504, 820.7229698419067], [451.4091946102357, 445.42913409639027], [462.67750184895516, 433.83481558413234], [976.9254567044342, 1047.4079387305305], [976.9254567044342, 1047.4079387305305]], "kpt2d_body_mask": [true, true, true, true, true, true, true, true, true, true, true, true, true, true, true, true, true, false, false], "kpt3d_body_mask": [true, true, true, true, true, true, true, true, true, true, true, true, true, true, true, true, true, false, false], "kpt_list": ["Thorax", "Nose", "Pelvis", "L_Shoulder", "L_Elbow", "L_Wrist", "L_Hip", "L_Knee", "L_Ankle", "R_Shoulder", "R_Elbow", "R_Wrist", "R_Hip", "R_Knee", "R_Ankle", "L_Eye", "L_Ear", "R_Eye", "R_Ear"]}