{"id": 5, "class": "person", "kpt3d_body": [[26.68797754072135, -60.11011441407831, 2705.798247697869], [-115.27049326060325, -267.314516164123, 2729.5567048077955], [24.563088261295867, 335.4192316779033, 2962.4359925718413], [-93.89984309691013, 4.28722693640367, 2605.257749338404], [-108.93519024443577, 295.2494377318524, 2681.5551082690545], [-179.2394588680657, 502.8323999248363, 2815.4580078372637], [-20.36913495171116, 402.8444821454829, 2903.097131829654], [-14.293527671522357, 731.1293436899269, 3080.481366942882], [63.657707661223284, 1089.833586019946, 3257.659917356672], [155.2504748636602, -113.7102712759733, 2805.104973658139], [263.6814583673982, 139.4578343359646, 2914.7378186660335], [264.3558328251451, 353.069750059948, 3067.224273457261], [69.49532612416401, 267.99403742386545, 3021.7747243744334], [-182.3552548267978, 423.2535074644713, 3285.042795726215], [-180.10658178434485, 794.6549462944017, 3476.725908148517], [-120.90224381581045, -284.42860166694373, 2682.5030616297718], [-78.44384217843864, -240.699614360326, 2597.3366779852113], [-81.64422173050752, -303.91972054855074, 2724.5273887961193], [20.56582954591068, -291.6364952951861, 2705.918183937375]], "kpt2d_body": [[963.7163500839478, 515.181149225392], [889.5457153361895, 407.818588592868], [961.4408948332847, 707.394677733028], [898.2041099814544, 549.1431199122188], [891.8794528626944, 702.922633526088], [859.6843724646831, 798.4982927681267], [939.6891386022047, 743.2652669566857], [943.156680034435, 879.4863843169251], [976.8031666613795, 1009.0780240998536], [1028.5558867866996, 489.16345805253405], [1078.4275746298194, 614.7161593331853], [1071.99727700969, 709.7321031051066], [982.3983651423388, 672.7536605668947], [870.8443243080717, 729.1910791290013], [876.8297156358398, 867.2873194380951], [885.5385406093757, 396.40448202216544], [906.6403873198042, 415.21699953436394], [907.0228942171661, 388.57704794638437], [960.4618777309246, 393.85236129879263]], "kpt2d_body_mask": [true, true, true, true, true, true, true, true, true, true, true, true, true, true, true, true, true, true, true], "kpt3d_body_mask": [true, true, true, true, true, true, true, true, true, true, true, true, true, true, true, true, true, true, true], "kpt_list": ["Thorax", "Nose", "Pelvis", "L_Shoulder", "L_Elbow", "L_Wrist", "L_Hip", "L_Knee", "L_Ankle", "R_Shoulder", "R_Elbow", "R_Wrist", "R_Hip", "R_Knee", "R_Ankle", "L_Eye", "L_Ear", "R_Eye", "R_Ear"]}