{"id": 2, "class": "person", "kpt3d_body": [[-134.41423862042316, -6.626166855503186, 2700.4332395439064], [-247.43004545901883, -184.18679988634096, 2754.1143609672117], [-137.58457904227856, 357.567581722418, 3016.393866085273], [-271.1036658878443, 45.28594538061384, 2632.177112278933], [-452.1430790045136, 228.18024747797637, 2739.1794193952815], [-577.1442018297116, 44.54788561349247, 2773.3917609974537], [-207.45146626151435, 417.63299972815986, 2966.3463202499797], [-245.0979225353893, 749.3475343655209, 3089.343708118131], [-172.33965327147487, 1124.171527146348, 3112.195359332669], [11.09864865384484, -55.411907834181164, 2748.8765767654395], [190.62674462380667, 66.63657934875033, 2926.417767968689], [83.18263432531104, 206.21121570823817, 3094.686896168615], [-67.71846218295441, 297.50283234557344, 3066.442391451579], [-224.02495416375018, 297.4644953504203, 3412.300126948344], [-104.87412434538012, 600.0748814207678, 3220.3602868824005], [-262.19553473583204, -203.5757499091099, 2710.9613334416617], [-243.24838933730464, -156.9104020326546, 2618.210131437635], [-212.03778814693808, -217.24205941850016, 2741.853879256312], [-118.52995268518889, -194.6677664533567, 2696.916928643061]], "kpt2d_body": [[878.6322512568356, 543.3104246526382], [821.8414718838187, 451.9276879832626], [884.8303279567642, 714.7754876740398], [803.0685087235718, 571.2125165794806], [716.263048728268, 664.2422236480543], [656.1573433903179, 569.3740279073717], [850.5085357461523, 745.8254200848318], [838.4204746742382, 885.9882678916931], [873.3971002558205, 1043.3060568820174], [955.4007432592172, 518.1083610787052], [1042.5171025559296, 579.1744655586691], [987.9583511837515, 641.5205433972567], [918.2066164473244, 684.5205901165434], [856.2406009416553, 670.4712229231602], [903.6324278087285, 809.4273128645184], [812.153586473692, 440.3427892057923], [817.468625750784, 461.775055092726], [839.6217134875459, 434.39056564753037], [887.0231443929434, 444.2470966448224]], "kpt2d_body_mask": [true, true, true, true, true, true, true, true, true, true, true, true, true, true, true, true, true, true, true], "kpt3d_body_mask": [true, true, true, true, true, true, true, true, true, true, true, true, true, true, true, true, true, true, true], "kpt_list": ["Thorax", "Nose", "Pelvis", "L_Shoulder", "L_Elbow", "L_Wrist", "L_Hip", "L_Knee", "L_Ankle", "R_Shoulder", "R_Elbow", "R_Wrist", "R_Hip", "R_Knee", "R_Ankle", "L_Eye", "L_Ear", "R_Eye", "R_Ear"]}