{"id": 2, "class": "person", "kpt3d_body": [[-0.9860840118811698, -121.75622852230731, 2839.4323991212023], [-125.82633099748509, -288.75008940515073, 2854.1843560956363], [-48.98805987751513, 356.8711127470841, 3093.223374280637], [-90.06635142791251, -78.75774851120298, 2738.4801148910656], [-370.9987585226655, -99.04124159574707, 2707.780796217084], [-337.62133336472965, -295.32408865524246, 2827.0817803666], [-92.82238463957765, 390.1587694616933, 3011.913752924306], [-94.35562454569225, 732.4176465794277, 3146.3624597863454], [-65.95975395487001, 1077.1420265126899, 3284.905657214967], [95.40262920298652, -165.52984394364358, 2939.1732991374392], [11.62848850210004, -336.4890375898773, 3186.671351077912], [-174.23640606723768, -408.81874652362, 3036.9322122688977], [-5.153924127368477, 323.5835503425457, 3174.5327826108987], [15.080918530441263, 660.9634586004747, 3318.755021504805], [34.64832004552082, 1011.5809568548208, 3439.3984203214927], [-124.22112401661778, -303.8024206194396, 2811.5180303351135], [-71.59428261616264, -260.43165105901295, 2734.810565282769], [-90.36912750486931, -321.1380052041645, 2855.636382163388], [7.636323974204107, -303.5930537015639, 2850.804895906718]], "kpt2d_body": [[949.142846930036, 485.7874783976884], [886.9211606954402, 403.26062266786414], [927.124583290661, 710.4061511854154], [902.7112795018253, 505.8822280352292], [755.1583841226006, 495.01826571011827], [780.3524600715211, 399.1166701385924], [905.8736262412248, 730.2796610461418], [907.5077314316236, 873.1950929868053], [921.8616466038889, 1000.3787290968378], [995.9277635980841, 466.7154320326888], [954.8391970527198, 396.93251630462123], [868.2278268965662, 356.2811676548878], [947.3339157156072, 691.4765083892655], [956.0835806924839, 827.2138556509309], [963.753861464299, 955.8434920636447], [886.8075193323457, 393.54625322186115], [912.370938637749, 411.59540095502996], [904.6380551868915, 387.3025649642194], [953.4579054793214, 395.6612125768812]], "kpt2d_body_mask": [true, true, true, true, true, true, true, true, true, true, true, true, true, true, true, true, true, true, true], "kpt3d_body_mask": [true, true, true, true, true, true, true, true, true, true, true, true, true, true, true, true, true, true, true], "kpt_list": ["Thorax", "Nose", "Pelvis", "L_Shoulder", "L_Elbow", "L_Wrist", "L_Hip", "L_Knee", "L_Ankle", "R_Shoulder", "R_Elbow", "R_Wrist", "R_Hip", "R_Knee", "R_Ankle", "L_Eye", "L_Ear", "R_Eye", "R_Ear"]}